address_id,street_address,postal_city,original_state,original_zip,legal_state,legal_city,county,incorporation_status,jurisdiction_key,jurisdiction_status,jurisdiction_evidence_ref,jurisdiction_retrieved_at,jurisdiction_notes,resolved_year_built,year_built_validation_status,year_built_source,year_built_explanation,year_built_conflict_log,resolved_units,resolved_units_min,resolved_units_max,unit_value_type,unit_validation_status,unit_source,unit_validation_explanation,resolved_property_use,property_use_validation_status,property_use_source,property_use_explanation,original_use_code,official_use_code_definition,use_code_verification_status,original_use_description,use_description_interpretation,use_description_interpretation_status,additional_information,original_source_dataset,original_source_retrieved_at,public_parcel_match_status,public_parcel_overall_fact_status,public_parcel_processed_at,legal_query_date,record_status,processed_at
A0001,6238 DE LONGPRE AVE,Los Angeles,CA,90028,CA,Los Angeles,,incorporated,"Los Angeles, CA",verified,"Census Geocoder/TIGER-Line; matched_address=6238 DE LONGPRE AVE, LOS ANGELES, CA, 90028; place_geoid=0644000; benchmark=Public_AR_Current",2026-10-04T00:49:15+00:00,Existing legal city/state match Census/TIGERweb incorporated-place boundaries.,1927,verified,original:LA County eGIS parcels; public_parcel:LA County eGIS parcels,Original and public parcel values agree.,,32,32,32,exact,verified,original units; official use-code mapping; use-description interpretation; current public parcel lookup,Compatible evidence supports an exact unit count of 32. Evidence: reported_units=32; use_code_range=5..; use_description_range=5..; public_parcel_units=32.,multifamily_residential,verified,official use-code mapping; use-description interpretation,Use code and use description agree on multifamily_residential.,0500,Multi-Family Residence; five or more apartments or units; 4 stories or less; final character unused or unknown,verified_official_codebook,Five or more apartments,Five or more apartments,interpreted_explicit_range,"{""use_code"": ""4 stories or less"", ""use_description"": """"}",LA County eGIS parcels,2026-10-01T22:50Z,unique,resolved,2026-10-04T02:11:41+00:00,2026-10-01,processed,2026-10-04T02:41:38+00:00
A0002,1031-1035 CLINTON ST,Hoboken,NJ,07030,NJ,Hoboken,,incorporated,"Hoboken, NJ",verified,"Census Geocoder/TIGER-Line; matched_address=1035 CLINTON ST, HOBOKEN, NJ, 07030; place_geoid=3432250; benchmark=Public_AR_Current",2026-10-04T00:49:15+00:00,Existing legal city/state match Census/TIGERweb incorporated-place boundaries.,2001,verified,original:NJOGIS Parcels & MOD-IV Composite; public_parcel:NJOGIS Parcels & MOD-IV Composite,Original and public parcel values agree.,,20,20,20,exact,verified,official use-code mapping; use-description interpretation; current public parcel lookup,Compatible evidence supports an exact unit count of 20. Evidence: use_code_range=5..; use_description_range=20..20; public_parcel_units=20.,multifamily_residential,verified,official use-code mapping; use-description interpretation,Use code and use description agree on multifamily_residential.,4C,Apartments; class 4C; 5 units or more,verified_official_codebook,6B-20U-G,Building description explicitly indicates 20 units,parsed_explicit_unit_count,"{""use_code"": ""New Jersey property tax class 4C"", ""use_description"": ""Garage indicated""}",NJOGIS Parcels & MOD-IV Composite,2026-10-01T22:50Z,unique,resolved,2026-10-04T02:11:41+00:00,2026-10-01,processed,2026-10-04T02:41:38+00:00
A0003,876-878 S 14TH ST,Newark,NJ,11219,NJ,Newark,,incorporated,"Newark, NJ",verified,"Census Geocoder/TIGER-Line; matched_address=878 S 14TH ST, NEWARK, NJ, 07108; place_geoid=3451000; benchmark=Public_AR_Current",2026-10-04T00:49:15+00:00,Existing legal city/state match Census/TIGERweb incorporated-place boundaries.,unknown,unknown,none,No usable year-built value was available from either source.,,5..,5,,range,verified,official use-code mapping,Compatible evidence supports a unit-count range of 5... Evidence: use_code_range=5...,multifamily_residential,verified,official use-code mapping; use-description interpretation,One property-use source is available: use code=multifamily_residential.,4C,Apartments; class 4C; 5 units or more,verified_official_codebook,4SB,Building-description shorthand; no reliable unit count can be extracted from the description alone,insufficient_description_for_unit_count,"{""use_code"": ""New Jersey property tax class 4C"", ""use_description"": ""Stories indicated: 4""}",NJOGIS Parcels & MOD-IV Composite,2026-10-01T22:50Z,unresolved_candidates,unknown,2026-10-04T02:11:41+00:00,2026-10-01,processed,2026-10-04T02:41:38+00:00
A0004,10050 MOUNTAIR AVE,Los Angeles,CA,91042,CA,Los Angeles,,incorporated,"Los Angeles, CA",verified,"Census Geocoder/TIGER-Line; matched_address=10050 MOUNTAIR AVE, TUJUNGA, CA, 91042; place_geoid=0644000; benchmark=Public_AR_Current",2026-10-04T00:49:15+00:00,Existing legal city/state match Census/TIGERweb incorporated-place boundaries.,1964,verified,original:LA County eGIS parcels; public_parcel:LA County eGIS parcels,Original and public parcel values agree.,,39,39,39,exact,verified,original units; official use-code mapping; use-description interpretation; current public parcel lookup,Compatible evidence supports an exact unit count of 39. Evidence: reported_units=39; use_code_range=5..; use_description_range=5..; public_parcel_units=39.,multifamily_residential,verified,official use-code mapping; use-description interpretation,Use code and use description agree on multifamily_residential.,0500,Multi-Family Residence; five or more apartments or units; 4 stories or less; final character unused or unknown,verified_official_codebook,Five or more apartments,Five or more apartments,interpreted_explicit_range,"{""use_code"": ""4 stories or less"", ""use_description"": """"}",LA County eGIS parcels,2026-10-01T22:50Z,unique,resolved,2026-10-04T02:11:41+00:00,2026-10-01,processed,2026-10-04T02:41:38+00:00
A0005,1609 ADDISON ST,Berkeley,CA,94703,CA,Berkeley,,incorporated,"Berkeley, CA",verified,"Census Geocoder/TIGER-Line; matched_address=1609 ADDISON ST, BERKELEY, CA, 94703; place_geoid=0606000; benchmark=Public_AR_Current",2026-10-04T00:49:15+00:00,Existing legal city/state match Census/TIGERweb incorporated-place boundaries.,unknown,unknown,none,No usable year-built value was available from either source.,,6,6,6,exact,verified,official use-code mapping; use-description interpretation; current public parcel lookup,Compatible evidence supports an exact unit count of 6. Evidence: use_code_range=5..; use_description_range=5..; public_parcel_units=6.,multifamily_residential,verified,official use-code mapping; use-description interpretation,Use code and use description agree on multifamily_residential.,7700,Multiple residential building of 5 or more units,verified_official_codebook,Alameda County use code (5+ units),Five or more residential units,interpreted_explicit_range,"{""use_code"": """", ""use_description"": """"}",Alameda County parcels,2026-10-01T22:50Z,unique,resolved,2026-10-04T02:11:41+00:00,2026-10-01,processed,2026-10-04T02:41:38+00:00
A0006,69-71 WESTLAND AV,Boston,MA,02115,MA,Boston,,incorporated,"Boston, MA",verified,"Census Geocoder/TIGER-Line; matched_address=71 WESTLAND AVE, BOSTON, MA, 02115; place_geoid=2507000; benchmark=Public_AR_Current",2026-10-04T00:49:15+00:00,Existing legal city/state match Census/TIGERweb incorporated-place boundaries.,1900,verified,original:Boston Property Assessment FY2026; public_parcel:Boston Property Assessment FY2026,Original and public parcel values agree.,,unknown,,,unknown,missing,none,No usable unit-count evidence was available. Public parcel status: missing.,subsidized_multifamily,verified,official use-code mapping; use-description interpretation,Use code and use description agree on subsidized_multifamily.,A/125,SUBSD HOUSING S-8,verified_official_dataset,SUBSD HOUSING S- 8,Subsidized Section 8 housing classification,interpreted_use_only,"{""use_code"": ""Section 8 subsidized housing indicator"", ""use_description"": ""Section 8 subsidized housing indicator""}",Boston Property Assessment FY2026,2026-10-01T22:50Z,unique,resolved,2026-10-04T02:11:41+00:00,2026-10-01,processed,2026-10-04T02:41:38+00:00
A0007,4257 SAN PEDRO PL,Los Angeles,CA,90011,CA,Los Angeles,,incorporated,"Los Angeles, CA",verified,"Census Geocoder/TIGER-Line; matched_address=4257 SAN PEDRO PL, LOS ANGELES, CA, 90011; place_geoid=0644000; benchmark=Public_AR_Current",2026-10-04T00:49:15+00:00,Existing legal city/state match Census/TIGERweb incorporated-place boundaries.,1913,verified,original:LA County eGIS parcels; public_parcel:LA County eGIS parcels,Original and public parcel values agree.,,unknown,,,unknown,conflict,original units; official use-code mapping; use-description interpretation; current public parcel lookup,Unit evidence conflicts; final value is unknown. Evidence: reported_units=6; use_code_range=5..; use_description_range=5..; public_parcel_units=4.,multifamily_residential,verified,official use-code mapping; use-description interpretation,Use code and use description agree on multifamily_residential.,0500,Multi-Family Residence; five or more apartments or units; 4 stories or less; final character unused or unknown,verified_official_codebook,Five or more apartments,Five or more apartments,interpreted_explicit_range,"{""use_code"": ""4 stories or less"", ""use_description"": """"}",LA County eGIS parcels,2026-10-01T22:50Z,unique,resolved,2026-10-04T02:11:41+00:00,2026-10-01,processed,2026-10-04T02:41:38+00:00
A0008,1065 SUMMIT AVENUE,Jersey City,NJ,78746,NJ,Jersey City,,incorporated,"Jersey City, NJ",verified,"Census Geocoder/TIGER-Line; matched_address=1065 SUMMIT AVE, JERSEY CITY, NJ, 07307; place_geoid=3436000; benchmark=Public_AR_Current",2026-10-04T00:49:15+00:00,Existing legal city/state match Census/TIGERweb incorporated-place boundaries.,unknown,unknown,none,No usable year-built value was available from either source.,,151,151,151,exact,verified,official use-code mapping; use-description interpretation,Compatible evidence supports an exact unit count of 151. Evidence: use_code_range=5..; use_description_range=151..151.,multifamily_residential,verified,official use-code mapping; use-description interpretation,Use code and use description agree on multifamily_residential.,4C,Apartments; class 4C; 5 units or more,verified_official_codebook,10S-B-A-151U-HE,Building description explicitly indicates 151 units,parsed_explicit_unit_count,"{""use_code"": ""New Jersey property tax class 4C"", ""use_description"": ""Stories indicated: 10""}",NJOGIS Parcels & MOD-IV Composite,2026-10-01T22:50Z,unique,unknown,2026-10-04T02:11:41+00:00,2026-10-01,processed,2026-10-04T02:41:38+00:00
A0009,322-322.5 Western Ave,Cambridge,MA,,MA,Cambridge,,unknown,"Cambridge, MA",partial,Existing legal-city mapping retained; Census lookup did not independently verify the boundary.,2026-10-04T00:49:15+00:00,Census Geocoder did not return coordinates; jurisdiction was not independently verified.,1915,verified,original:Cambridge Property Database FY2026 (waa7-ibdu); public_parcel:Cambridge Property Database FY2026 (waa7-ibdu),Original and public parcel values agree.,,6,6,6,exact,verified,original units; official use-code mapping; use-description interpretation; current public parcel lookup,Compatible evidence supports an exact unit count of 6. Evidence: reported_units=6; use_code_range=4..8; use_description_range=4..8; public_parcel_units=6.,multifamily_residential,verified,official use-code mapping; use-description interpretation,Use code and use description agree on multifamily_residential.,111,4-8-UNIT-APT; Residential,verified_official_codebook,4-8-UNIT-APT,Apartment property with 4 to 8 units,interpreted_explicit_range,"{""use_code"": """", ""use_description"": """"}",Cambridge Property Database FY2026 (waa7-ibdu),2026-10-01T22:50Z,unique,resolved,2026-10-04T02:11:41+00:00,2026-10-01,processed,2026-10-04T02:41:38+00:00
A0010,134 Oxford St,Cambridge,MA,,MA,Cambridge,,incorporated,"Cambridge, MA",verified,"Census Geocoder/TIGER-Line; matched_address=134 OXFORD ST, CAMBRIDGE, MA, 02140; place_geoid=2511000; benchmark=Public_AR_Current",2026-10-04T00:49:15+00:00,Existing legal city/state match Census/TIGERweb incorporated-place boundaries.,1915,verified,original:Cambridge Property Database FY2026 (waa7-ibdu); public_parcel:Cambridge Property Database FY2026 (waa7-ibdu),Original and public parcel values agree.,,6,6,6,exact,verified,original units; official use-code mapping; use-description interpretation; current public parcel lookup,Compatible evidence supports an exact unit count of 6. Evidence: reported_units=6; use_code_range=4..8; use_description_range=4..8; public_parcel_units=6.,multifamily_residential,verified,official use-code mapping; use-description interpretation,Use code and use description agree on multifamily_residential.,111,4-8-UNIT-APT; Residential,verified_official_codebook,4-8-UNIT-APT,Apartment property with 4 to 8 units,interpreted_explicit_range,"{""use_code"": """", ""use_description"": """"}",Cambridge Property Database FY2026 (waa7-ibdu),2026-10-01T22:50Z,unique,resolved,2026-10-04T02:11:41+00:00,2026-10-01,processed,2026-10-04T02:41:38+00:00
A0011,834-836 RAYMOND BLVD,Newark,NJ,08805,NJ,Newark,,incorporated,"Newark, NJ",verified,"Census Geocoder/TIGER-Line; matched_address=836 RAYMOND BLVD, NEWARK, NJ, 07105; place_geoid=3451000; benchmark=Public_AR_Current",2026-10-04T00:49:15+00:00,Existing legal city/state match Census/TIGERweb incorporated-place boundaries.,unknown,unknown,none,No usable year-built value was available from either source.,,unknown,,,unknown,conflict,official use-code mapping; current public parcel lookup,Unit evidence conflicts; final value is unknown. Evidence: use_code_range=5..; public_parcel_units=1.,multifamily_residential,verified,official use-code mapping; use-description interpretation,One property-use source is available: use code=multifamily_residential.,4C,Apartments; class 4C; 5 units or more,verified_official_codebook,3S.F.,Building-description shorthand; no reliable unit count can be extracted from the description alone,insufficient_description_for_unit_count,"{""use_code"": ""New Jersey property tax class 4C"", ""use_description"": ""Stories indicated: 3""}",NJOGIS Parcels & MOD-IV Composite,2026-10-01T22:50Z,unique,resolved,2026-10-04T02:11:41+00:00,2026-10-01,processed,2026-10-04T02:41:38+00:00
A0012,1064 SUMMIT AVE.,Jersey City,NJ,07728,NJ,Jersey City,,incorporated,"Jersey City, NJ",verified,"Census Geocoder/TIGER-Line; matched_address=1064 SUMMIT AVE, JERSEY CITY, NJ, 07307; place_geoid=3436000; benchmark=Public_AR_Current",2026-10-04T00:49:15+00:00,Existing legal city/state match Census/TIGERweb incorporated-place boundaries.,1900,verified,original:NJOGIS Parcels & MOD-IV Composite; public_parcel:NJOGIS Parcels & MOD-IV Composite,Original and public parcel values agree.,,6,6,6,exact,verified,official use-code mapping; use-description interpretation,Compatible evidence supports an exact unit count of 6. Evidence: use_code_range=5..; use_description_range=6..6.,multifamily_residential,verified,official use-code mapping; use-description interpretation,Use code and use description agree on multifamily_residential.,4C,Apartments; class 4C; 5 units or more,verified_official_codebook,3S-F-D-6U,Building description explicitly indicates 6 units,parsed_explicit_unit_count,"{""use_code"": ""New Jersey property tax class 4C"", ""use_description"": ""Stories indicated: 3""}",NJOGIS Parcels & MOD-IV Composite,2026-10-01T22:50Z,unique,resolved,2026-10-04T02:11:41+00:00,2026-10-01,processed,2026-10-04T02:41:38+00:00
A0013,137 N 11TH ST,Newark,NJ,07107,NJ,Newark,,incorporated,"Newark, NJ",verified,"Census Geocoder/TIGER-Line; matched_address=137 N 11TH ST, NEWARK, NJ, 07107; place_geoid=3451000; benchmark=Public_AR_Current",2026-10-04T00:49:15+00:00,Existing legal city/state match Census/TIGERweb incorporated-place boundaries.,unknown,unknown,none,No usable year-built value was available from either source.,,unknown,,,unknown,conflict,official use-code mapping; current public parcel lookup,Unit evidence conflicts; final value is unknown. Evidence: use_code_range=5..; public_parcel_units=1.,multifamily_residential,verified,official use-code mapping; use-description interpretation,One property-use source is available: use code=multifamily_residential.,4C,Apartments; class 4C; 5 units or more,verified_official_codebook,3SF,Building-description shorthand; no reliable unit count can be extracted from the description alone,insufficient_description_for_unit_count,"{""use_code"": ""New Jersey property tax class 4C"", ""use_description"": ""Stories indicated: 3""}",NJOGIS Parcels & MOD-IV Composite,2026-10-01T22:50Z,unique,resolved,2026-10-04T02:11:41+00:00,2026-10-01,processed,2026-10-04T02:41:38+00:00
A0014,5907 CAHUENGA BLVD,Los Angeles,CA,91601,CA,Los Angeles,,incorporated,"Los Angeles, CA",verified,"Census Geocoder/TIGER-Line; matched_address=5907 CAHUENGA BLVD, NORTH HOLLYWOOD, CA, 91601; place_geoid=0644000; benchmark=Public_AR_Current",2026-10-04T00:49:15+00:00,Existing legal city/state match Census/TIGERweb incorporated-place boundaries.,1947,verified,original:LA County eGIS parcels; public_parcel:LA County eGIS parcels,Original and public parcel values agree.,,7,7,7,exact,verified,original units; official use-code mapping; use-description interpretation; current public parcel lookup,Compatible evidence supports an exact unit count of 7. Evidence: reported_units=7; use_code_range=5..; use_description_range=5..; public_parcel_units=7.,multifamily_residential,verified,official use-code mapping; use-description interpretation,Use code and use description agree on multifamily_residential.,0500,Multi-Family Residence; five or more apartments or units; 4 stories or less; final character unused or unknown,verified_official_codebook,Five or more apartments,Five or more apartments,interpreted_explicit_range,"{""use_code"": ""4 stories or less"", ""use_description"": """"}",LA County eGIS parcels,2026-10-01T22:50Z,unique,resolved,2026-10-04T02:11:41+00:00,2026-10-01,processed,2026-10-04T02:41:38+00:00
A0015,15 Everett St,Cambridge,MA,,MA,Cambridge,,incorporated,"Cambridge, MA",verified,"Census Geocoder/TIGER-Line; matched_address=15 EVERETT ST, CAMBRIDGE, MA, 02138; place_geoid=2511000; benchmark=Public_AR_Current",2026-10-04T00:49:15+00:00,Existing legal city/state match Census/TIGERweb incorporated-place boundaries.,1930,verified,original:Cambridge Property Database FY2026 (waa7-ibdu); public_parcel:Cambridge Property Database FY2026 (waa7-ibdu),Original and public parcel values agree.,,83,83,83,exact,verified,original units; official use-code mapping; use-description interpretation; current public parcel lookup,Compatible evidence supports an exact unit count of 83. Evidence: reported_units=83; use_code_range=9..; use_description_range=9..; public_parcel_units=83.,multifamily_residential,verified,official use-code mapping; use-description interpretation,Use code and use description agree on multifamily_residential.,112,>8-UNIT-APT; Residential,verified_official_codebook,>8-UNIT-APT,Apartment property with more than 8 units,interpreted_explicit_range,"{""use_code"": """", ""use_description"": """"}",Cambridge Property Database FY2026 (waa7-ibdu),2026-10-01T22:50Z,unique,resolved,2026-10-04T02:11:41+00:00,2026-10-01,processed,2026-10-04T02:41:38+00:00
A0016,3515 FILLMORE ST,San Francisco,CA,,CA,San Francisco,,incorporated,"San Francisco, CA",verified,"Census Geocoder/TIGER-Line; matched_address=3515 FILLMORE ST, SAN FRANCISCO, CA, 94123; place_geoid=0667000; benchmark=Public_AR_Current",2026-10-04T00:49:15+00:00,Existing legal city/state match Census/TIGERweb incorporated-place boundaries.,1926,verified,original:DataSF wv5m-vpq2 (2025 roll); public_parcel:DataSF wv5m-vpq2 (2025 roll),Original and public parcel values agree.,,21,21,21,exact,verified,original units; official use-code mapping; use-description interpretation; current public parcel lookup,Compatible evidence supports an exact unit count of 21. Evidence: reported_units=21; use_code_range=15..; use_description_range=15..; public_parcel_units=21.,multifamily_residential,verified,official use-code mapping; use-description interpretation,Use code and use description agree on multifamily_residential.,A15,Apartment 15 units or more,verified_government_published_codebook,Apartment 15 Units or more,Apartment property with 15 or more units,interpreted_explicit_range,"{""use_code"": """", ""use_description"": """"}",DataSF wv5m-vpq2 (2025 roll),2026-10-01T22:50Z,multiple_candidates,resolved,2026-10-04T02:11:41+00:00,2026-10-01,processed,2026-10-04T02:41:38+00:00
A0017,225 DUNCAN AVE.,Jersey City,NJ,10949,NJ,Jersey City,,incorporated,"Jersey City, NJ",verified,"Census Geocoder/TIGER-Line; matched_address=225 DUNCAN AVE, JERSEY CITY, NJ, 07306; place_geoid=3436000; benchmark=Public_AR_Current",2026-10-04T00:49:15+00:00,Existing legal city/state match Census/TIGERweb incorporated-place boundaries.,unknown,unknown,none,No usable year-built value was available from either source.,,6,6,6,exact,verified,official use-code mapping; use-description interpretation,Compatible evidence supports an exact unit count of 6. Evidence: use_code_range=5..; use_description_range=6..6.,multifamily_residential,verified,official use-code mapping; use-description interpretation,Use code and use description agree on multifamily_residential.,4C,Apartments; class 4C; 5 units or more,verified_official_codebook,3S-F-D-6U-NH,Building description explicitly indicates 6 units,parsed_explicit_unit_count,"{""use_code"": ""New Jersey property tax class 4C"", ""use_description"": ""Stories indicated: 3; No heat indicated""}",NJOGIS Parcels & MOD-IV Composite,2026-10-01T22:50Z,unique,resolved,2026-10-04T02:11:41+00:00,2026-10-01,processed,2026-10-04T02:41:38+00:00
A0018,1906 BONITA AVE,Berkeley,CA,94704,CA,Berkeley,,incorporated,"Berkeley, CA",verified,"Census Geocoder/TIGER-Line; matched_address=1906 BONITA AVE, BERKELEY, CA, 94704; place_geoid=0606000; benchmark=Public_AR_Current",2026-10-04T00:49:15+00:00,Existing legal city/state match Census/TIGERweb incorporated-place boundaries.,unknown,unknown,none,No usable year-built value was available from either source.,,5,5,5,exact,verified,official use-code mapping; use-description interpretation; current public parcel lookup,Compatible evidence supports an exact unit count of 5. Evidence: use_code_range=5..; use_description_range=5..; public_parcel_units=5.,multifamily_residential,verified,official use-code mapping; use-description interpretation,Use code and use description agree on multifamily_residential.,7200,Residential property converted to 5 or more units,verified_official_codebook,Alameda County use code (5+ units),Five or more residential units,interpreted_explicit_range,"{""use_code"": """", ""use_description"": """"}",Alameda County parcels,2026-10-01T22:50Z,unique,resolved,2026-10-04T02:11:41+00:00,2026-10-01,processed,2026-10-04T02:41:38+00:00
A0019,3820 HAINES ST,San Diego,CA,92109,CA,San Diego,,incorporated,"San Diego, CA",verified,"Census Geocoder/TIGER-Line; matched_address=3820 HAINES ST, SAN DIEGO, CA, 92109; place_geoid=0666000; benchmark=Public_AR_Current",2026-10-04T00:49:15+00:00,Existing legal city/state match Census/TIGERweb incorporated-place boundaries.,unknown,unknown,none,No usable year-built value was available from either source. Public parcel reported an unusable year value (62); it was not inferred or expanded.,,16,16,16,exact,verified,original units; official use-code mapping; use-description interpretation; current public parcel lookup,Compatible evidence supports an exact unit count of 16. Evidence: reported_units=16; use_code_range=16..60; use_description_range=5..; public_parcel_units=16.,multifamily_residential,verified,official use-code mapping; use-description interpretation,Use code and use description agree on multifamily_residential.,15,MULTIPLE 16 TO 60 UNITS-GENERIC,verified_government_dataset_documentation,SANDAG asr_landuse 14-16 (5+ units),Multiple-residential property in an ASR_LANDUSE category representing 5 or more units,interpreted_explicit_range,"{""use_code"": ""Generic multiple-residential classification"", ""use_description"": ""ASR_LANDUSE family 14-16""}",SANDAG/SanGIS parcels,2026-10-01T22:50Z,unique,resolved,2026-10-04T02:11:41+00:00,2026-10-01,processed,2026-10-04T02:41:38+00:00
A0020,646-648 N 6TH ST,Newark,NJ,07083,NJ,Newark,,incorporated,"Newark, NJ",verified,"Census Geocoder/TIGER-Line; matched_address=648 N 6TH ST, NEWARK, NJ, 07107; place_geoid=3451000; benchmark=Public_AR_Current",2026-10-04T00:49:15+00:00,Existing legal city/state match Census/TIGERweb incorporated-place boundaries.,unknown,unknown,none,No usable year-built value was available from either source.,,unknown,,,unknown,conflict,official use-code mapping; current public parcel lookup,Unit evidence conflicts; final value is unknown. Evidence: use_code_range=5..; public_parcel_units=1.,multifamily_residential,verified,official use-code mapping; use-description interpretation,Use code and use description agree on multifamily_residential.,4C,Apartments; class 4C; 5 units or more,verified_official_codebook,Apartments (class 4C),Apartments; New Jersey property tax class 4C,interpreted_use_only,"{""use_code"": ""New Jersey property tax class 4C"", ""use_description"": ""Class 4C""}",NJOGIS Parcels & MOD-IV Composite,2026-10-01T22:50Z,unique,resolved,2026-10-04T02:11:41+00:00,2026-10-01,processed,2026-10-04T02:41:38+00:00
A0021,22 PRECITA AV,San Francisco,CA,,CA,San Francisco,,incorporated,"San Francisco, CA",verified,"Census Geocoder/TIGER-Line; matched_address=22 PRECITA AVE, SAN FRANCISCO, CA, 94110; place_geoid=0667000; benchmark=Public_AR_Current",2026-10-04T00:49:15+00:00,Existing legal city/state match Census/TIGERweb incorporated-place boundaries.,1963,verified,original:DataSF wv5m-vpq2 (2025 roll),Original value retained because no usable public parcel value was available.,,6,6,6,exact,verified,original units; official use-code mapping; use-description interpretation,Compatible evidence supports an exact unit count of 6. Evidence: reported_units=6; use_code_range=5..14; use_description_range=5..14.,multifamily_residential,verified,official use-code mapping; use-description interpretation,Use code and use description agree on multifamily_residential.,A5,Apartment 5 to 14 units,verified_government_published_codebook,Apartment 5 to 14 Units,Apartment property with 5 to 14 units,interpreted_explicit_range,"{""use_code"": """", ""use_description"": """"}",DataSF wv5m-vpq2 (2025 roll),2026-10-01T22:50Z,unresolved_candidates,unknown,2026-10-04T02:11:41+00:00,2026-10-01,processed,2026-10-04T02:41:38+00:00
A0022,10908 HARTSOOK ST,Los Angeles,CA,91601,CA,Los Angeles,,incorporated,"Los Angeles, CA",verified,"Census Geocoder/TIGER-Line; matched_address=10908 HARTSOOK ST, NORTH HOLLYWOOD, CA, 91601; place_geoid=0644000; benchmark=Public_AR_Current",2026-10-04T00:49:15+00:00,Existing legal city/state match Census/TIGERweb incorporated-place boundaries.,2012,verified,original:LA County eGIS parcels; public_parcel:LA County eGIS parcels,Original and public parcel values agree.,,5,5,5,exact,verified,original units; official use-code mapping; use-description interpretation; current public parcel lookup,Compatible evidence supports an exact unit count of 5. Evidence: reported_units=5; use_code_range=5..; use_description_range=5..; public_parcel_units=5.,multifamily_residential,verified,official use-code mapping; use-description interpretation,Use code and use description agree on multifamily_residential.,0500,Multi-Family Residence; five or more apartments or units; 4 stories or less; final character unused or unknown,verified_official_codebook,Five or more apartments,Five or more apartments,interpreted_explicit_range,"{""use_code"": ""4 stories or less"", ""use_description"": """"}",LA County eGIS parcels,2026-10-01T22:50Z,unique,resolved,2026-10-04T02:11:41+00:00,2026-10-01,processed,2026-10-04T02:41:38+00:00
A0023,843 IROLO ST,Los Angeles,CA,90005,CA,Los Angeles,,incorporated,"Los Angeles, CA",verified,"Census Geocoder/TIGER-Line; matched_address=843 IROLO ST, LOS ANGELES, CA, 90005; place_geoid=0644000; benchmark=Public_AR_Current",2026-10-04T00:49:15+00:00,Existing legal city/state match Census/TIGERweb incorporated-place boundaries.,1987,verified,original:LA County eGIS parcels; public_parcel:LA County eGIS parcels,Original and public parcel values agree.,,33,33,33,exact,verified,original units; official use-code mapping; use-description interpretation; current public parcel lookup,Compatible evidence supports an exact unit count of 33. Evidence: reported_units=33; use_code_range=5..; use_description_range=5..; public_parcel_units=33.,multifamily_residential,verified,official use-code mapping; use-description interpretation,Use code and use description agree on multifamily_residential.,0500,Multi-Family Residence; five or more apartments or units; 4 stories or less; final character unused or unknown,verified_official_codebook,Five or more apartments,Five or more apartments,interpreted_explicit_range,"{""use_code"": ""4 stories or less"", ""use_description"": """"}",LA County eGIS parcels,2026-10-01T22:50Z,unique,resolved,2026-10-04T02:11:41+00:00,2026-10-01,processed,2026-10-04T02:41:38+00:00
A0024,227 Charles St,Cambridge,MA,,MA,Cambridge,,incorporated,"Cambridge, MA",verified,"Census Geocoder/TIGER-Line; matched_address=227 CHARLES ST, CAMBRIDGE, MA, 02141; place_geoid=2511000; benchmark=Public_AR_Current",2026-10-04T00:49:15+00:00,Existing legal city/state match Census/TIGERweb incorporated-place boundaries.,1920,verified,original:Cambridge Property Database FY2026 (waa7-ibdu); public_parcel:Cambridge Property Database FY2026 (waa7-ibdu),Original and public parcel values agree.,,6,6,6,exact,verified,original units; official use-code mapping; use-description interpretation; current public parcel lookup,Compatible evidence supports an exact unit count of 6. Evidence: reported_units=6; use_code_range=4..8; use_description_range=4..8; public_parcel_units=6.,multifamily_residential,verified,official use-code mapping; use-description interpretation,Use code and use description agree on multifamily_residential.,111,4-8-UNIT-APT; Residential,verified_official_codebook,4-8-UNIT-APT,Apartment property with 4 to 8 units,interpreted_explicit_range,"{""use_code"": """", ""use_description"": """"}",Cambridge Property Database FY2026 (waa7-ibdu),2026-10-01T22:50Z,unique,resolved,2026-10-04T02:11:41+00:00,2026-10-01,processed,2026-10-04T02:41:38+00:00
A0025,2341 8TH ST,Berkeley,CA,94710,CA,Berkeley,,incorporated,"Berkeley, CA",verified,"Census Geocoder/TIGER-Line; matched_address=2341 8TH ST, BERKELEY, CA, 94710; place_geoid=0606000; benchmark=Public_AR_Current",2026-10-04T00:49:15+00:00,Existing legal city/state match Census/TIGERweb incorporated-place boundaries.,unknown,unknown,none,No usable year-built value was available from either source.,,10,10,10,exact,verified,official use-code mapping; use-description interpretation; current public parcel lookup,Compatible evidence supports an exact unit count of 10. Evidence: use_code_range=5..; use_description_range=5..; public_parcel_units=10.,multifamily_residential,verified,official use-code mapping; use-description interpretation,Use code and use description agree on multifamily_residential.,7700,Multiple residential building of 5 or more units,verified_official_codebook,Alameda County use code (5+ units),Five or more residential units,interpreted_explicit_range,"{""use_code"": """", ""use_description"": """"}",Alameda County parcels,2026-10-01T22:50Z,unique,resolved,2026-10-04T02:11:41+00:00,2026-10-01,processed,2026-10-04T02:41:38+00:00
A0026,59 OAK ST.,Jersey City,NJ,07306,NJ,Jersey City,,incorporated,"Jersey City, NJ",verified,"Census Geocoder/TIGER-Line; matched_address=59 OAK ST, JERSEY CITY, NJ, 07304; place_geoid=3436000; benchmark=Public_AR_Current",2026-10-04T00:49:15+00:00,Existing legal city/state match Census/TIGERweb incorporated-place boundaries.,1901,verified,original:NJOGIS Parcels & MOD-IV Composite; public_parcel:NJOGIS Parcels & MOD-IV Composite,Original and public parcel values agree.,,8,8,8,exact,verified,official use-code mapping; use-description interpretation,Compatible evidence supports an exact unit count of 8. Evidence: use_code_range=5..; use_description_range=8..8.,multifamily_residential,verified,official use-code mapping; use-description interpretation,Use code and use description agree on multifamily_residential.,4C,Apartments; class 4C; 5 units or more,verified_official_codebook,4S-B-D-8U-NH,Building description explicitly indicates 8 units,parsed_explicit_unit_count,"{""use_code"": ""New Jersey property tax class 4C"", ""use_description"": ""Stories indicated: 4; No heat indicated""}",NJOGIS Parcels & MOD-IV Composite,2026-10-01T22:50Z,unique,resolved,2026-10-04T02:11:41+00:00,2026-10-01,processed,2026-10-04T02:41:38+00:00
A0027,3918 FULTON ST,San Francisco,CA,,CA,San Francisco,,incorporated,"San Francisco, CA",verified,"Census Geocoder/TIGER-Line; matched_address=3918 FULTON ST, SAN FRANCISCO, CA, 94118; place_geoid=0667000; benchmark=Public_AR_Current",2026-10-04T00:49:15+00:00,Existing legal city/state match Census/TIGERweb incorporated-place boundaries.,1923,verified,original:DataSF wv5m-vpq2 (2025 roll); public_parcel:DataSF wv5m-vpq2 (2025 roll),Original and public parcel values agree.,,6,6,6,exact,verified,original units; official use-code mapping; use-description interpretation,Compatible evidence supports an exact unit count of 6. Evidence: reported_units=6; use_code_range=5..14; use_description_range=5..14.,multifamily_residential,verified,official use-code mapping; use-description interpretation,Use code and use description agree on multifamily_residential.,A5,Apartment 5 to 14 units,verified_government_published_codebook,Apartment 5 to 14 Units,Apartment property with 5 to 14 units,interpreted_explicit_range,"{""use_code"": """", ""use_description"": """"}",DataSF wv5m-vpq2 (2025 roll),2026-10-01T22:50Z,multiple_candidates,conflicting_facts,2026-10-04T02:11:41+00:00,2026-10-01,processed,2026-10-04T02:41:38+00:00
A0028,585 5TH ST,Newark,NJ,07107,NJ,Newark,,incorporated,"Newark, NJ",verified,"Census Geocoder/TIGER-Line; matched_address=585 N 5TH ST, NEWARK, NJ, 07107; place_geoid=3451000; benchmark=Public_AR_Current",2026-10-04T00:49:15+00:00,Existing legal city/state match Census/TIGERweb incorporated-place boundaries.,unknown,unknown,none,No usable year-built value was available from either source.,,5..,5,,range,verified,official use-code mapping,Compatible evidence supports a unit-count range of 5... Evidence: use_code_range=5...,multifamily_residential,verified,official use-code mapping; use-description interpretation,One property-use source is available: use code=multifamily_residential.,4C,Apartments; class 4C; 5 units or more,verified_official_codebook,3SF3UG,Building-description shorthand; no reliable unit count can be extracted from the description alone,insufficient_description_for_unit_count,"{""use_code"": ""New Jersey property tax class 4C"", ""use_description"": """"}",NJOGIS Parcels & MOD-IV Composite,2026-10-01T22:50Z,unresolved_candidates,unknown,2026-10-04T02:11:41+00:00,2026-10-01,processed,2026-10-04T02:41:38+00:00
A0029,280-284 VERONA AVE,Newark,NJ,07653,NJ,Newark,,incorporated,"Newark, NJ",verified,"Census Geocoder/TIGER-Line; matched_address=284 VERONA AVE, NEWARK, NJ, 07104; place_geoid=3451000; benchmark=Public_AR_Current",2026-10-04T00:49:15+00:00,Existing legal city/state match Census/TIGERweb incorporated-place boundaries.,unknown,unknown,none,No usable year-built value was available from either source.,,unknown,,,unknown,conflict,official use-code mapping; current public parcel lookup,Unit evidence conflicts; final value is unknown. Evidence: use_code_range=5..; public_parcel_units=1.,multifamily_residential,verified,official use-code mapping; use-description interpretation,One property-use source is available: use code=multifamily_residential.,4C,Apartments; class 4C; 5 units or more,verified_official_codebook,4SB,Building-description shorthand; no reliable unit count can be extracted from the description alone,insufficient_description_for_unit_count,"{""use_code"": ""New Jersey property tax class 4C"", ""use_description"": ""Stories indicated: 4""}",NJOGIS Parcels & MOD-IV Composite,2026-10-01T22:50Z,unique,resolved,2026-10-04T02:11:41+00:00,2026-10-01,processed,2026-10-04T02:41:38+00:00
A0030,2051 DIVISADERO ST,San Francisco,CA,,CA,San Francisco,,incorporated,"San Francisco, CA",verified,"Census Geocoder/TIGER-Line; matched_address=2051 DIVISADERO ST, SAN FRANCISCO, CA, 94115; place_geoid=0667000; benchmark=Public_AR_Current",2026-10-04T00:49:15+00:00,Existing legal city/state match Census/TIGERweb incorporated-place boundaries.,1908,verified,original:DataSF wv5m-vpq2 (2025 roll); public_parcel:DataSF wv5m-vpq2 (2025 roll),Original and public parcel values agree.,,5,5,5,exact,verified,original units; official use-code mapping; use-description interpretation; current public parcel lookup,Compatible evidence supports an exact unit count of 5. Evidence: reported_units=5; use_code_range=5..14; use_description_range=5..14; public_parcel_units=5.,mixed_use_multifamily,verified,official use-code mapping; use-description interpretation,Use code and use description agree on mixed_use_multifamily.,FS5,"Flat and store, 5 to 14 units",verified_government_published_codebook,Flat & Store 5 to 14 units,Flat-and-store property with 5 to 14 units,interpreted_explicit_range,"{""use_code"": ""Ground-floor or associated store use"", ""use_description"": ""Store component""}",DataSF wv5m-vpq2 (2025 roll),2026-10-01T22:50Z,multiple_candidates,resolved,2026-10-04T02:11:41+00:00,2026-10-01,processed,2026-10-04T02:41:38+00:00
A0031,5624 S SAN PEDRO ST,Los Angeles,CA,90011,CA,Los Angeles,,incorporated,"Los Angeles, CA",verified,"Census Geocoder/TIGER-Line; matched_address=5624 S SAN PEDRO ST, LOS ANGELES, CA, 90011; place_geoid=0644000; benchmark=Public_AR_Current",2026-10-04T00:49:15+00:00,Existing legal city/state match Census/TIGERweb incorporated-place boundaries.,1911,verified,original:LA County eGIS parcels; public_parcel:LA County eGIS parcels,Original and public parcel values agree.,,unknown,,,unknown,conflict,original units; official use-code mapping; use-description interpretation; current public parcel lookup,Unit evidence conflicts; final value is unknown. Evidence: reported_units=5; use_code_range=5..; use_description_range=5..; public_parcel_units=1.,multifamily_residential,verified,official use-code mapping; use-description interpretation,Use code and use description agree on multifamily_residential.,0500,Multi-Family Residence; five or more apartments or units; 4 stories or less; final character unused or unknown,verified_official_codebook,Five or more apartments,Five or more apartments,interpreted_explicit_range,"{""use_code"": ""4 stories or less"", ""use_description"": """"}",LA County eGIS parcels,2026-10-01T22:50Z,unique,resolved,2026-10-04T02:11:41+00:00,2026-10-01,processed,2026-10-04T02:41:38+00:00
A0032,63 OAK ST.,Jersey City,NJ,08820,NJ,Jersey City,,incorporated,"Jersey City, NJ",verified,"Census Geocoder/TIGER-Line; matched_address=63 OAK ST, JERSEY CITY, NJ, 07304; place_geoid=3436000; benchmark=Public_AR_Current",2026-10-04T00:49:15+00:00,Existing legal city/state match Census/TIGERweb incorporated-place boundaries.,unknown,unknown,none,No usable year-built value was available from either source.,,8,8,8,exact,verified,official use-code mapping; use-description interpretation,Compatible evidence supports an exact unit count of 8. Evidence: use_code_range=5..; use_description_range=8..8.,multifamily_residential,verified,official use-code mapping; use-description interpretation,Use code and use description agree on multifamily_residential.,4C,Apartments; class 4C; 5 units or more,verified_official_codebook,4S-B-D-8U-NH,Building description explicitly indicates 8 units,parsed_explicit_unit_count,"{""use_code"": ""New Jersey property tax class 4C"", ""use_description"": ""Stories indicated: 4; No heat indicated""}",NJOGIS Parcels & MOD-IV Composite,2026-10-01T22:50Z,unique,resolved,2026-10-04T02:11:41+00:00,2026-10-01,processed,2026-10-04T02:41:38+00:00
A0033,1260 KEARNY ST,San Francisco,CA,,CA,San Francisco,,incorporated,"San Francisco, CA",verified,"Census Geocoder/TIGER-Line; matched_address=1260 KEARNY ST, SAN FRANCISCO, CA, 94133; place_geoid=0667000; benchmark=Public_AR_Current",2026-10-04T00:49:15+00:00,Existing legal city/state match Census/TIGERweb incorporated-place boundaries.,1910,verified,original:DataSF wv5m-vpq2 (2025 roll); public_parcel:DataSF wv5m-vpq2 (2025 roll),Original and public parcel values agree.,,5,5,5,exact,verified,original units; official use-code mapping; use-description interpretation; current public parcel lookup,Compatible evidence supports an exact unit count of 5. Evidence: reported_units=5; use_code_range=5..14; use_description_range=5..14; public_parcel_units=5.,multifamily_residential,verified,official use-code mapping; use-description interpretation,Use code and use description agree on multifamily_residential.,A5,Apartment 5 to 14 units,verified_government_published_codebook,Apartment 5 to 14 Units,Apartment property with 5 to 14 units,interpreted_explicit_range,"{""use_code"": """", ""use_description"": """"}",DataSF wv5m-vpq2 (2025 roll),2026-10-01T22:50Z,multiple_candidates,resolved,2026-10-04T02:11:41+00:00,2026-10-01,processed,2026-10-04T02:41:38+00:00
A0034,25 Gore St,Cambridge,MA,,MA,Cambridge,,incorporated,"Cambridge, MA",verified,"Census Geocoder/TIGER-Line; matched_address=25 GORE ST, CAMBRIDGE, MA, 02141; place_geoid=2511000; benchmark=Public_AR_Current",2026-10-04T00:49:15+00:00,Existing legal city/state match Census/TIGERweb incorporated-place boundaries.,1886,verified,original:Cambridge Property Database FY2026 (waa7-ibdu); public_parcel:Cambridge Property Database FY2026 (waa7-ibdu),Original and public parcel values agree.,,6,6,6,exact,verified,original units; official use-code mapping; use-description interpretation; current public parcel lookup,Compatible evidence supports an exact unit count of 6. Evidence: reported_units=6; use_code_range=4..8; use_description_range=4..8; public_parcel_units=6.,multifamily_residential,verified,official use-code mapping; use-description interpretation,Use code and use description agree on multifamily_residential.,111,4-8-UNIT-APT; Residential,verified_official_codebook,4-8-UNIT-APT,Apartment property with 4 to 8 units,interpreted_explicit_range,"{""use_code"": """", ""use_description"": """"}",Cambridge Property Database FY2026 (waa7-ibdu),2026-10-01T22:50Z,unique,resolved,2026-10-04T02:11:41+00:00,2026-10-01,processed,2026-10-04T02:41:38+00:00
A0035,5239 HARMONY AVE,Los Angeles,CA,91601,CA,Los Angeles,,incorporated,"Los Angeles, CA",verified,"Census Geocoder/TIGER-Line; matched_address=5239 HARMONY AVE, NORTH HOLLYWOOD, CA, 91601; place_geoid=0644000; benchmark=Public_AR_Current",2026-10-04T00:49:15+00:00,Existing legal city/state match Census/TIGERweb incorporated-place boundaries.,1997,verified,original:LA County eGIS parcels; public_parcel:LA County eGIS parcels,Original and public parcel values agree.,,14,14,14,exact,verified,original units; official use-code mapping; use-description interpretation; current public parcel lookup,Compatible evidence supports an exact unit count of 14. Evidence: reported_units=14; use_code_range=5..; use_description_range=5..; public_parcel_units=14.,multifamily_residential,verified,official use-code mapping; use-description interpretation,Use code and use description agree on multifamily_residential.,0500,Multi-Family Residence; five or more apartments or units; 4 stories or less; final character unused or unknown,verified_official_codebook,Five or more apartments,Five or more apartments,interpreted_explicit_range,"{""use_code"": ""4 stories or less"", ""use_description"": """"}",LA County eGIS parcels,2026-10-01T22:50Z,unique,resolved,2026-10-04T02:11:41+00:00,2026-10-01,processed,2026-10-04T02:41:38+00:00
A0036,33 WARD ST,South Boston,MA,02127,MA,Boston,,incorporated,"Boston, MA",verified,"Census Geocoder/TIGER-Line; matched_address=33 WARD ST, SOUTH BOSTON, MA, 02127; place_geoid=2507000; benchmark=Public_AR_Current",2026-10-04T00:49:15+00:00,Existing legal city/state match Census/TIGERweb incorporated-place boundaries.,2019,verified,original:Boston Property Assessment FY2026; public_parcel:Boston Property Assessment FY2026,Original and public parcel values agree.,,7..30,7,30,range,verified,official use-code mapping; use-description interpretation,Compatible evidence supports a unit-count range of 7..30. Evidence: use_code_range=7..30; use_description_range=7..30.,multifamily_residential,verified,official use-code mapping; use-description interpretation,Use code and use description agree on multifamily_residential.,A/112,APT 7-30 UNITS,verified_official_dataset,APT 7-30 UNITS,Apartment property with 7 to 30 units,interpreted_explicit_range,"{""use_code"": """", ""use_description"": """"}",Boston Property Assessment FY2026,2026-10-01T22:50Z,unique,resolved,2026-10-04T02:11:41+00:00,2026-10-01,processed,2026-10-04T02:41:38+00:00
A0037,770 IROLO ST,Los Angeles,CA,90005,CA,Los Angeles,,incorporated,"Los Angeles, CA",verified,"Census Geocoder/TIGER-Line; matched_address=770 IROLO ST, LOS ANGELES, CA, 90005; place_geoid=0644000; benchmark=Public_AR_Current",2026-10-04T00:49:15+00:00,Existing legal city/state match Census/TIGERweb incorporated-place boundaries.,2001,verified,original:LA County eGIS parcels; public_parcel:LA County eGIS parcels,Original and public parcel values agree.,,47,47,47,exact,verified,original units; official use-code mapping; use-description interpretation; current public parcel lookup,Compatible evidence supports an exact unit count of 47. Evidence: reported_units=47; use_code_range=5..; use_description_range=5..; public_parcel_units=47.,multifamily_residential,verified,official use-code mapping; use-description interpretation,Use code and use description agree on multifamily_residential.,0500,Multi-Family Residence; five or more apartments or units; 4 stories or less; final character unused or unknown,verified_official_codebook,Five or more apartments,Five or more apartments,interpreted_explicit_range,"{""use_code"": ""4 stories or less"", ""use_description"": """"}",LA County eGIS parcels,2026-10-01T22:50Z,unique,resolved,2026-10-04T02:11:41+00:00,2026-10-01,processed,2026-10-04T02:41:38+00:00
A0038,154 YUKON ST,San Francisco,CA,,CA,San Francisco,,incorporated,"San Francisco, CA",verified,"Census Geocoder/TIGER-Line; matched_address=154 YUKON ST, SAN FRANCISCO, CA, 94114; place_geoid=0667000; benchmark=Public_AR_Current",2026-10-04T00:49:15+00:00,Existing legal city/state match Census/TIGERweb incorporated-place boundaries.,1908,verified,original:DataSF wv5m-vpq2 (2025 roll); public_parcel:DataSF wv5m-vpq2 (2025 roll),Original and public parcel values agree.,,5,5,5,exact,verified,original units; official use-code mapping; use-description interpretation; current public parcel lookup,Compatible evidence supports an exact unit count of 5. Evidence: reported_units=5; use_code_range=5..14; use_description_range=5..14; public_parcel_units=5.,multifamily_residential,verified,official use-code mapping; use-description interpretation,Use code and use description agree on multifamily_residential.,A5,Apartment 5 to 14 units,verified_government_published_codebook,Apartment 5 to 14 Units,Apartment property with 5 to 14 units,interpreted_explicit_range,"{""use_code"": """", ""use_description"": """"}",DataSF wv5m-vpq2 (2025 roll),2026-10-01T22:50Z,multiple_candidates,resolved,2026-10-04T02:11:41+00:00,2026-10-01,processed,2026-10-04T02:41:38+00:00
A0039,1 Craigie St,Cambridge,MA,,MA,Cambridge,,incorporated,"Cambridge, MA",verified,"Census Geocoder/TIGER-Line; matched_address=1 CRAIGIE ST, CAMBRIDGE, MA, 02138; place_geoid=2511000; benchmark=Public_AR_Current",2026-10-04T00:49:15+00:00,Existing legal city/state match Census/TIGERweb incorporated-place boundaries.,1910,verified,original:Cambridge Property Database FY2026 (waa7-ibdu); public_parcel:Cambridge Property Database FY2026 (waa7-ibdu),Original and public parcel values agree.,,32,32,32,exact,verified,original units; official use-code mapping; use-description interpretation; current public parcel lookup,Compatible evidence supports an exact unit count of 32. Evidence: reported_units=32; use_code_range=9..; use_description_range=9..; public_parcel_units=32.,multifamily_residential,verified,official use-code mapping; use-description interpretation,Use code and use description agree on multifamily_residential.,112,>8-UNIT-APT; Residential,verified_official_codebook,>8-UNIT-APT,Apartment property with more than 8 units,interpreted_explicit_range,"{""use_code"": """", ""use_description"": """"}",Cambridge Property Database FY2026 (waa7-ibdu),2026-10-01T22:50Z,unique,resolved,2026-10-04T02:11:41+00:00,2026-10-01,processed,2026-10-04T02:41:38+00:00
A0040,69-75 JACKSON ST,Hoboken,NJ,07030,NJ,Hoboken,,incorporated,"Hoboken, NJ",verified,"Census Geocoder/TIGER-Line; matched_address=75 JACKSON ST, HOBOKEN, NJ, 07030; place_geoid=3432250; benchmark=Public_AR_Current",2026-10-04T00:49:15+00:00,Existing legal city/state match Census/TIGERweb incorporated-place boundaries.,unknown,unknown,none,No usable year-built value was available from either source.,,31,31,31,exact,verified,official use-code mapping; use-description interpretation; current public parcel lookup,Compatible evidence supports an exact unit count of 31. Evidence: use_code_range=5..; use_description_range=31..31; public_parcel_units=31.,multifamily_residential,verified,official use-code mapping; use-description interpretation,Use code and use description agree on multifamily_residential.,4C,Apartments; class 4C; 5 units or more,verified_official_codebook,3B-7U/4B-24U-G,"Building description contains multiple structures with unit counts 7, 24; combined total 31 units",parsed_explicit_unit_count,"{""use_code"": ""New Jersey property tax class 4C"", ""use_description"": ""Garage indicated""}",NJOGIS Parcels & MOD-IV Composite,2026-10-01T22:50Z,unique,resolved,2026-10-04T02:11:41+00:00,2026-10-01,processed,2026-10-04T02:41:38+00:00
A0041,122 TIFFANY AV,San Francisco,CA,,CA,San Francisco,,incorporated,"San Francisco, CA",verified,"Census Geocoder/TIGER-Line; matched_address=122 TIFFANY AVE, SAN FRANCISCO, CA, 94110; place_geoid=0667000; benchmark=Public_AR_Current",2026-10-04T00:49:15+00:00,Existing legal city/state match Census/TIGERweb incorporated-place boundaries.,1900,verified,original:DataSF wv5m-vpq2 (2025 roll); public_parcel:DataSF wv5m-vpq2 (2025 roll),Original and public parcel values agree.,,unknown,,,unknown,conflict,original units; official use-code mapping; use-description interpretation,Unit evidence conflicts; final value is unknown. Evidence: reported_units=15; use_code_range=5..14; use_description_range=5..14.,multifamily_residential,verified,official use-code mapping; use-description interpretation,Use code and use description agree on multifamily_residential.,A5,Apartment 5 to 14 units,verified_government_published_codebook,Apartment 5 to 14 Units,Apartment property with 5 to 14 units,interpreted_explicit_range,"{""use_code"": """", ""use_description"": """"}",DataSF wv5m-vpq2 (2025 roll),2026-10-01T22:50Z,multiple_candidates,conflicting_facts,2026-10-04T02:11:41+00:00,2026-10-01,processed,2026-10-04T02:41:38+00:00
A0042,320 FORREST ST.,Jersey City,NJ,07304,NJ,Jersey City,,incorporated,"Jersey City, NJ",verified,"Census Geocoder/TIGER-Line; matched_address=320 FORREST ST, JERSEY CITY, NJ, 07304; place_geoid=3436000; benchmark=Public_AR_Current",2026-10-04T00:49:15+00:00,Existing legal city/state match Census/TIGERweb incorporated-place boundaries.,1912,verified,original:NJOGIS Parcels & MOD-IV Composite; public_parcel:NJOGIS Parcels & MOD-IV Composite,Original and public parcel values agree.,,6,6,6,exact,verified,official use-code mapping; use-description interpretation,Compatible evidence supports an exact unit count of 6. Evidence: use_code_range=5..; use_description_range=6..6.,multifamily_residential,verified,official use-code mapping; use-description interpretation,Use code and use description agree on multifamily_residential.,4C,Apartments; class 4C; 5 units or more,verified_official_codebook,2S-B-A-6U,Building description explicitly indicates 6 units,parsed_explicit_unit_count,"{""use_code"": ""New Jersey property tax class 4C"", ""use_description"": ""Stories indicated: 2""}",NJOGIS Parcels & MOD-IV Composite,2026-10-01T22:50Z,unique,resolved,2026-10-04T02:11:41+00:00,2026-10-01,processed,2026-10-04T02:41:38+00:00
A0043,4 Orchard St,Cambridge,MA,,MA,Cambridge,,incorporated,"Cambridge, MA",verified,"Census Geocoder/TIGER-Line; matched_address=4 ORCHARD ST, CAMBRIDGE, MA, 02140; place_geoid=2511000; benchmark=Public_AR_Current",2026-10-04T00:49:15+00:00,Existing legal city/state match Census/TIGERweb incorporated-place boundaries.,1920,verified,original:Cambridge Property Database FY2026 (waa7-ibdu); public_parcel:Cambridge Property Database FY2026 (waa7-ibdu),Original and public parcel values agree.,,6,6,6,exact,verified,original units; official use-code mapping; use-description interpretation; current public parcel lookup,Compatible evidence supports an exact unit count of 6. Evidence: reported_units=6; use_code_range=4..8; use_description_range=4..8; public_parcel_units=6.,multifamily_residential,verified,official use-code mapping; use-description interpretation,Use code and use description agree on multifamily_residential.,111,4-8-UNIT-APT; Residential,verified_official_codebook,4-8-UNIT-APT,Apartment property with 4 to 8 units,interpreted_explicit_range,"{""use_code"": """", ""use_description"": """"}",Cambridge Property Database FY2026 (waa7-ibdu),2026-10-01T22:50Z,unique,resolved,2026-10-04T02:11:41+00:00,2026-10-01,processed,2026-10-04T02:41:38+00:00
A0044,773-775 SANDFORD AVE,Newark,NJ,11211,NJ,Newark,,incorporated,"Newark, NJ",verified,"Census Geocoder/TIGER-Line; matched_address=775 SANDFORD AVE, NEWARK, NJ, 07106; place_geoid=3451000; benchmark=Public_AR_Current",2026-10-04T00:49:15+00:00,Existing legal city/state match Census/TIGERweb incorporated-place boundaries.,unknown,unknown,none,No usable year-built value was available from either source.,,unknown,,,unknown,conflict,official use-code mapping; current public parcel lookup,Unit evidence conflicts; final value is unknown. Evidence: use_code_range=5..; public_parcel_units=1.,multifamily_residential,verified,official use-code mapping; use-description interpretation,One property-use source is available: use code=multifamily_residential.,4C,Apartments; class 4C; 5 units or more,verified_official_codebook,3SB,Building-description shorthand; no reliable unit count can be extracted from the description alone,insufficient_description_for_unit_count,"{""use_code"": ""New Jersey property tax class 4C"", ""use_description"": ""Stories indicated: 3""}",NJOGIS Parcels & MOD-IV Composite,2026-10-01T22:50Z,unique,resolved,2026-10-04T02:11:41+00:00,2026-10-01,processed,2026-10-04T02:41:38+00:00
A0045,12829 BRANFORD ST,Los Angeles,CA,91331,CA,Los Angeles,,incorporated,"Los Angeles, CA",verified,"Census Geocoder/TIGER-Line; matched_address=12829 BRANFORD ST, PACOIMA, CA, 91331; place_geoid=0644000; benchmark=Public_AR_Current",2026-10-04T00:49:15+00:00,Existing legal city/state match Census/TIGERweb incorporated-place boundaries.,1987,verified,original:LA County eGIS parcels; public_parcel:LA County eGIS parcels,Original and public parcel values agree.,,65,65,65,exact,verified,original units; official use-code mapping; use-description interpretation; current public parcel lookup,Compatible evidence supports an exact unit count of 65. Evidence: reported_units=65; use_code_range=5..; use_description_range=5..; public_parcel_units=65.,multifamily_residential,verified,official use-code mapping; use-description interpretation,Use code and use description agree on multifamily_residential.,0501,Multi-Family Residence; five or more apartments or units; 4 stories or less; pool,verified_official_codebook,Five or more apartments,Five or more apartments,interpreted_explicit_range,"{""use_code"": ""4 stories or less; pool"", ""use_description"": """"}",LA County eGIS parcels,2026-10-01T22:50Z,unique,resolved,2026-10-04T02:11:41+00:00,2026-10-01,processed,2026-10-04T02:41:38+00:00
A0046,8-12 Soden St,Cambridge,MA,,MA,Cambridge,,incorporated,"Cambridge, MA",verified,"Census Geocoder/TIGER-Line; matched_address=12 SODEN ST, CAMBRIDGE, MA, 02139; place_geoid=2511000; benchmark=Public_AR_Current",2026-10-04T00:49:15+00:00,Existing legal city/state match Census/TIGERweb incorporated-place boundaries.,1975,verified,original:Cambridge Property Database FY2026 (waa7-ibdu); public_parcel:Cambridge Property Database FY2026 (waa7-ibdu),Original and public parcel values agree.,,44,44,44,exact,verified,original units; official use-code mapping; use-description interpretation; current public parcel lookup,Compatible evidence supports an exact unit count of 44. Evidence: reported_units=44; use_code_range=9..; use_description_range=9..; public_parcel_units=44.,multifamily_residential,verified,official use-code mapping; use-description interpretation,Use code and use description agree on multifamily_residential.,112,>8-UNIT-APT; Residential,verified_official_codebook,>8-UNIT-APT,Apartment property with more than 8 units,interpreted_explicit_range,"{""use_code"": """", ""use_description"": """"}",Cambridge Property Database FY2026 (waa7-ibdu),2026-10-01T22:50Z,unique,resolved,2026-10-04T02:11:41+00:00,2026-10-01,processed,2026-10-04T02:41:38+00:00
A0047,14 RUTGERS AVE.,Jersey City,NJ,07304,NJ,Jersey City,,incorporated,"Jersey City, NJ",verified,"Census Geocoder/TIGER-Line; matched_address=14 RUTGERS AVE, JERSEY CITY, NJ, 07305; place_geoid=3436000; benchmark=Public_AR_Current",2026-10-04T00:49:15+00:00,Existing legal city/state match Census/TIGERweb incorporated-place boundaries.,1913,verified,original:NJOGIS Parcels & MOD-IV Composite; public_parcel:NJOGIS Parcels & MOD-IV Composite,Original and public parcel values agree.,,6,6,6,exact,verified,official use-code mapping; use-description interpretation,Compatible evidence supports an exact unit count of 6. Evidence: use_code_range=5..; use_description_range=6..6.,multifamily_residential,verified,official use-code mapping; use-description interpretation,Use code and use description agree on multifamily_residential.,4C,Apartments; class 4C; 5 units or more,verified_official_codebook,3S-B-D-6U-H,Building description explicitly indicates 6 units,parsed_explicit_unit_count,"{""use_code"": ""New Jersey property tax class 4C"", ""use_description"": ""Stories indicated: 3; Heat indicated""}",NJOGIS Parcels & MOD-IV Composite,2026-10-01T22:50Z,unique,resolved,2026-10-04T02:11:41+00:00,2026-10-01,processed,2026-10-04T02:41:38+00:00
A0048,1619 COMMONWEALTH AV,Brighton,MA,02135,MA,Boston,,incorporated,"Boston, MA",verified,"Census Geocoder/TIGER-Line; matched_address=1619 COMMONWEALTH AVE, BRIGHTON, MA, 02135; place_geoid=2507000; benchmark=Public_AR_Current",2026-10-04T00:49:15+00:00,Existing legal city/state match Census/TIGERweb incorporated-place boundaries.,1899,verified,original:Boston Property Assessment FY2026; public_parcel:Boston Property Assessment FY2026,Original and public parcel values agree.,,7..30,7,30,range,verified,official use-code mapping; use-description interpretation,Compatible evidence supports a unit-count range of 7..30. Evidence: use_code_range=7..30; use_description_range=7..30.,multifamily_residential,verified,official use-code mapping; use-description interpretation,Use code and use description agree on multifamily_residential.,A/112,APT 7-30 UNITS,verified_official_dataset,APT 7-30 UNITS,Apartment property with 7 to 30 units,interpreted_explicit_range,"{""use_code"": """", ""use_description"": """"}",Boston Property Assessment FY2026,2026-10-01T22:50Z,unique,resolved,2026-10-04T02:11:41+00:00,2026-10-01,processed,2026-10-04T02:41:38+00:00
A0049,721 CLINTON ST,Hoboken,NJ,07856,NJ,Hoboken,,incorporated,"Hoboken, NJ",verified,"Census Geocoder/TIGER-Line; matched_address=721 CLINTON ST, HOBOKEN, NJ, 07030; place_geoid=3432250; benchmark=Public_AR_Current",2026-10-04T00:49:15+00:00,Existing legal city/state match Census/TIGERweb incorporated-place boundaries.,unknown,unknown,none,No usable year-built value was available from either source.,,6,6,6,exact,verified,official use-code mapping; use-description interpretation,Compatible evidence supports an exact unit count of 6. Evidence: use_code_range=5..; use_description_range=6..6.,multifamily_residential,verified,official use-code mapping; use-description interpretation,Use code and use description agree on multifamily_residential.,4C,Apartments; class 4C; 5 units or more,verified_official_codebook,3S-6U-AFFORDABL,Building description explicitly indicates 6 units,parsed_explicit_unit_count,"{""use_code"": ""New Jersey property tax class 4C"", ""use_description"": ""Stories indicated: 3; Affordable housing indicated""}",NJOGIS Parcels & MOD-IV Composite,2026-10-01T22:50Z,unique,resolved,2026-10-04T02:11:41+00:00,2026-10-01,processed,2026-10-04T02:41:38+00:00
A0050,36 HOFF ST,San Francisco,CA,,CA,San Francisco,,incorporated,"San Francisco, CA",verified,"Census Geocoder/TIGER-Line; matched_address=36 HOFF ST, SAN FRANCISCO, CA, 94110; place_geoid=0667000; benchmark=Public_AR_Current",2026-10-04T00:49:15+00:00,Existing legal city/state match Census/TIGERweb incorporated-place boundaries.,1986,verified,original:DataSF wv5m-vpq2 (2025 roll),Original value retained because no usable public parcel value was available.,,49,49,49,exact,verified,original units; official use-code mapping; use-description interpretation,Compatible evidence supports an exact unit count of 49. Evidence: reported_units=49; use_code_range=15..; use_description_range=15...,multifamily_residential,verified,official use-code mapping; use-description interpretation,Use code and use description agree on multifamily_residential.,A15,Apartment 15 units or more,verified_government_published_codebook,Apartment 15 Units or more,Apartment property with 15 or more units,interpreted_explicit_range,"{""use_code"": """", ""use_description"": """"}",DataSF wv5m-vpq2 (2025 roll),2026-10-01T22:50Z,unresolved_candidates,unknown,2026-10-04T02:11:41+00:00,2026-10-01,processed,2026-10-04T02:41:38+00:00
A0051,65 OAKLAND AVE.,Jersey City,NJ,07423,NJ,Jersey City,,incorporated,"Jersey City, NJ",verified,"Census Geocoder/TIGER-Line; matched_address=65 OAKLAND AVE, JERSEY CITY, NJ, 07306; place_geoid=3436000; benchmark=Public_AR_Current",2026-10-04T00:49:15+00:00,Existing legal city/state match Census/TIGERweb incorporated-place boundaries.,unknown,unknown,none,No usable year-built value was available from either source. Public parcel reported an unusable year value (1); it was not inferred or expanded.,,6,6,6,exact,verified,official use-code mapping; use-description interpretation,Compatible evidence supports an exact unit count of 6. Evidence: use_code_range=5..; use_description_range=6..6.,multifamily_residential,verified,official use-code mapping; use-description interpretation,Use code and use description agree on multifamily_residential.,4C,Apartments; class 4C; 5 units or more,verified_official_codebook,3S+BT-F-6U,Building description explicitly indicates 6 units,parsed_explicit_unit_count,"{""use_code"": ""New Jersey property tax class 4C"", ""use_description"": ""Stories indicated: 3""}",NJOGIS Parcels & MOD-IV Composite,2026-10-01T22:50Z,unique,resolved,2026-10-04T02:11:41+00:00,2026-10-01,processed,2026-10-04T02:41:38+00:00
A0052,88 Gardner ST,Allston,MA,02134,MA,Boston,,incorporated,"Boston, MA",verified,"Census Geocoder/TIGER-Line; matched_address=88 GARDNER ST, ALLSTON, MA, 02134; place_geoid=2507000; benchmark=Public_AR_Current",2026-10-04T00:49:15+00:00,Existing legal city/state match Census/TIGERweb incorporated-place boundaries.,1965,verified,original:Boston Property Assessment FY2026; public_parcel:Boston Property Assessment FY2026,Original and public parcel values agree.,,7..30,7,30,range,verified,official use-code mapping; use-description interpretation,Compatible evidence supports a unit-count range of 7..30. Evidence: use_code_range=7..30; use_description_range=7..30.,multifamily_residential,verified,official use-code mapping; use-description interpretation,Use code and use description agree on multifamily_residential.,A/112,APT 7-30 UNITS,verified_official_dataset,APT 7-30 UNITS,Apartment property with 7 to 30 units,interpreted_explicit_range,"{""use_code"": """", ""use_description"": """"}",Boston Property Assessment FY2026,2026-10-01T22:50Z,unique,resolved,2026-10-04T02:11:41+00:00,2026-10-01,processed,2026-10-04T02:41:38+00:00
A0053,32 Garrison ST,Boston,MA,02116,MA,Boston,,incorporated,"Boston, MA",verified,"Census Geocoder/TIGER-Line; matched_address=32 GARRISON ST, BOSTON, MA, 02116; place_geoid=2507000; benchmark=Public_AR_Current",2026-10-04T00:49:15+00:00,Existing legal city/state match Census/TIGERweb incorporated-place boundaries.,1990,verified,original:Boston Property Assessment FY2026; public_parcel:Boston Property Assessment FY2026,Original and public parcel values agree.,,unknown,,,unknown,missing,none,No usable unit-count evidence was available. Public parcel status: missing.,multifamily_residential,verified,official use-code mapping; use-description interpretation,Use code and use description agree on multifamily_residential.,A/120,LUXURY APARTMENT,verified_official_dataset,LUXURY APARTMENT,Luxury apartment property,interpreted_use_only,"{""use_code"": ""Luxury apartment"", ""use_description"": ""Luxury apartment classification""}",Boston Property Assessment FY2026,2026-10-01T22:50Z,unique,resolved,2026-10-04T02:11:41+00:00,2026-10-01,processed,2026-10-04T02:41:38+00:00
A0054,13 Shetland ST,Roxbury,MA,02119,MA,Boston,,incorporated,"Boston, MA",verified,"Census Geocoder/TIGER-Line; matched_address=13 SHETLAND ST, ROXBURY, MA, 02119; place_geoid=2507000; benchmark=Public_AR_Current",2026-10-04T00:49:15+00:00,Existing legal city/state match Census/TIGERweb incorporated-place boundaries.,2020,verified,original:Boston Property Assessment FY2026; public_parcel:Boston Property Assessment FY2026,Original and public parcel values agree.,,7..30,7,30,range,verified,official use-code mapping; use-description interpretation,Compatible evidence supports a unit-count range of 7..30. Evidence: use_code_range=7..30; use_description_range=7..30.,multifamily_residential,verified,official use-code mapping; use-description interpretation,Use code and use description agree on multifamily_residential.,A/112,APT 7-30 UNITS,verified_official_dataset,APT 7-30 UNITS,Apartment property with 7 to 30 units,interpreted_explicit_range,"{""use_code"": """", ""use_description"": """"}",Boston Property Assessment FY2026,2026-10-01T22:50Z,unique,resolved,2026-10-04T02:11:41+00:00,2026-10-01,processed,2026-10-04T02:41:38+00:00
A0055,305 10TH AV,San Francisco,CA,,CA,San Francisco,,incorporated,"San Francisco, CA",verified,"Census Geocoder/TIGER-Line; matched_address=305 10TH AVE, SAN FRANCISCO, CA, 94118; place_geoid=0667000; benchmark=Public_AR_Current",2026-10-04T00:49:15+00:00,Existing legal city/state match Census/TIGERweb incorporated-place boundaries.,1963,verified,original:DataSF wv5m-vpq2 (2025 roll); public_parcel:DataSF wv5m-vpq2 (2025 roll),Original and public parcel values agree.,,6,6,6,exact,verified,original units; official use-code mapping; use-description interpretation; current public parcel lookup,Compatible evidence supports an exact unit count of 6. Evidence: reported_units=6; use_code_range=5..14; use_description_range=5..14; public_parcel_units=6.,multifamily_residential,verified,official use-code mapping; use-description interpretation,Use code and use description agree on multifamily_residential.,A5,Apartment 5 to 14 units,verified_government_published_codebook,Apartment 5 to 14 Units,Apartment property with 5 to 14 units,interpreted_explicit_range,"{""use_code"": """", ""use_description"": """"}",DataSF wv5m-vpq2 (2025 roll),2026-10-01T22:50Z,multiple_candidates,resolved,2026-10-04T02:11:41+00:00,2026-10-01,processed,2026-10-04T02:41:38+00:00
A0056,41-43 Edgerly RD,Boston,MA,02115,MA,Boston,,incorporated,"Boston, MA",verified,"Census Geocoder/TIGER-Line; matched_address=43 EDGERLY RD, BOSTON, MA, 02115; place_geoid=2507000; benchmark=Public_AR_Current",2026-10-04T00:49:15+00:00,Existing legal city/state match Census/TIGERweb incorporated-place boundaries.,1920,verified,original:Boston Property Assessment FY2026; public_parcel:Boston Property Assessment FY2026,Original and public parcel values agree.,,7..30,7,30,range,verified,official use-code mapping; use-description interpretation,Compatible evidence supports a unit-count range of 7..30. Evidence: use_code_range=7..30; use_description_range=7..30.,multifamily_residential,verified,official use-code mapping; use-description interpretation,Use code and use description agree on multifamily_residential.,A/112,APT 7-30 UNITS,verified_official_dataset,APT 7-30 UNITS,Apartment property with 7 to 30 units,interpreted_explicit_range,"{""use_code"": """", ""use_description"": """"}",Boston Property Assessment FY2026,2026-10-01T22:50Z,unique,resolved,2026-10-04T02:11:41+00:00,2026-10-01,processed,2026-10-04T02:41:38+00:00
A0057,57 STONE ST,Newark,NJ,07012,NJ,Newark,,incorporated,"Newark, NJ",verified,"Census Geocoder/TIGER-Line; matched_address=57 STONE ST, NEWARK, NJ, 07104; place_geoid=3451000; benchmark=Public_AR_Current",2026-10-04T00:49:15+00:00,Existing legal city/state match Census/TIGERweb incorporated-place boundaries.,unknown,unknown,none,No usable year-built value was available from either source.,,unknown,,,unknown,conflict,official use-code mapping; current public parcel lookup,Unit evidence conflicts; final value is unknown. Evidence: use_code_range=5..; public_parcel_units=1.,multifamily_residential,verified,official use-code mapping; use-description interpretation,One property-use source is available: use code=multifamily_residential.,4C,Apartments; class 4C; 5 units or more,verified_official_codebook,4SB,Building-description shorthand; no reliable unit count can be extracted from the description alone,insufficient_description_for_unit_count,"{""use_code"": ""New Jersey property tax class 4C"", ""use_description"": ""Stories indicated: 4""}",NJOGIS Parcels & MOD-IV Composite,2026-10-01T22:50Z,unique,resolved,2026-10-04T02:11:41+00:00,2026-10-01,processed,2026-10-04T02:41:38+00:00
A0058,3137 BOSTON AVE,San Diego,CA,92113,CA,San Diego,,incorporated,"San Diego, CA",verified,"Census Geocoder/TIGER-Line; matched_address=3137 BOSTON AVE, SAN DIEGO, CA, 92113; place_geoid=0666000; benchmark=Public_AR_Current",2026-10-04T00:49:15+00:00,Existing legal city/state match Census/TIGERweb incorporated-place boundaries.,unknown,unknown,none,No usable year-built value was available from either source. Public parcel reported an unusable year value (69); it was not inferred or expanded.,,7,7,7,exact,verified,original units; official use-code mapping; use-description interpretation; current public parcel lookup,Compatible evidence supports an exact unit count of 7. Evidence: reported_units=7; use_code_range=5..15; use_description_range=5..; public_parcel_units=7.,multifamily_residential,verified,official use-code mapping; use-description interpretation,Use code and use description agree on multifamily_residential.,14,MULTIPLE 5 TO 15 UNITS-GENERIC,verified_government_dataset_documentation,SANDAG asr_landuse 14-16 (5+ units),Multiple-residential property in an ASR_LANDUSE category representing 5 or more units,interpreted_explicit_range,"{""use_code"": ""Generic multiple-residential classification"", ""use_description"": ""ASR_LANDUSE family 14-16""}",SANDAG/SanGIS parcels,2026-10-01T22:50Z,unique,resolved,2026-10-04T02:11:41+00:00,2026-10-01,processed,2026-10-04T02:41:38+00:00
A0059,84-86 WALNUT ST,Newark,NJ,07078,NJ,Newark,,incorporated,"Newark, NJ",verified,"Census Geocoder/TIGER-Line; matched_address=86 WALNUT ST, NEWARK, NJ, 07102; place_geoid=3451000; benchmark=Public_AR_Current",2026-10-04T00:49:15+00:00,Existing legal city/state match Census/TIGERweb incorporated-place boundaries.,unknown,unknown,none,No usable year-built value was available from either source.,,unknown,,,unknown,conflict,official use-code mapping; current public parcel lookup,Unit evidence conflicts; final value is unknown. Evidence: use_code_range=5..; public_parcel_units=1.,multifamily_residential,verified,official use-code mapping; use-description interpretation,One property-use source is available: use code=multifamily_residential.,4C,Apartments; class 4C; 5 units or more,verified_official_codebook,1SCB,Building-description shorthand; no reliable unit count can be extracted from the description alone,insufficient_description_for_unit_count,"{""use_code"": ""New Jersey property tax class 4C"", ""use_description"": """"}",NJOGIS Parcels & MOD-IV Composite,2026-10-01T22:50Z,unique,resolved,2026-10-04T02:11:41+00:00,2026-10-01,processed,2026-10-04T02:41:38+00:00
A0060,5737 WILLOWCREST AVE,Los Angeles,CA,91601,CA,Los Angeles,,incorporated,"Los Angeles, CA",verified,"Census Geocoder/TIGER-Line; matched_address=5737 WILLOWCREST AVE, NORTH HOLLYWOOD, CA, 91601; place_geoid=0644000; benchmark=Public_AR_Current",2026-10-04T00:49:15+00:00,Existing legal city/state match Census/TIGERweb incorporated-place boundaries.,1962,verified,original:LA County eGIS parcels; public_parcel:LA County eGIS parcels,Original and public parcel values agree.,,8,8,8,exact,verified,original units; official use-code mapping; use-description interpretation; current public parcel lookup,Compatible evidence supports an exact unit count of 8. Evidence: reported_units=8; use_code_range=5..; use_description_range=5..; public_parcel_units=8.,multifamily_residential,verified,official use-code mapping; use-description interpretation,Use code and use description agree on multifamily_residential.,0500,Multi-Family Residence; five or more apartments or units; 4 stories or less; final character unused or unknown,verified_official_codebook,Five or more apartments,Five or more apartments,interpreted_explicit_range,"{""use_code"": ""4 stories or less"", ""use_description"": """"}",LA County eGIS parcels,2026-10-01T22:50Z,unique,resolved,2026-10-04T02:11:41+00:00,2026-10-01,processed,2026-10-04T02:41:38+00:00
A0061,106 18TH AV,San Francisco,CA,,CA,San Francisco,,incorporated,"San Francisco, CA",verified,"Census Geocoder/TIGER-Line; matched_address=106 18TH AVE, SAN FRANCISCO, CA, 94121; place_geoid=0667000; benchmark=Public_AR_Current",2026-10-04T00:49:15+00:00,Existing legal city/state match Census/TIGERweb incorporated-place boundaries.,1915,verified,original:DataSF wv5m-vpq2 (2025 roll); public_parcel:DataSF wv5m-vpq2 (2025 roll),Original and public parcel values agree.,,5,5,5,exact,verified,original units; official use-code mapping; use-description interpretation; current public parcel lookup,Compatible evidence supports an exact unit count of 5. Evidence: reported_units=5; use_code_range=5..14; use_description_range=5..14; public_parcel_units=5.,multifamily_residential,verified,official use-code mapping; use-description interpretation,Use code and use description agree on multifamily_residential.,A5,Apartment 5 to 14 units,verified_government_published_codebook,Apartment 5 to 14 Units,Apartment property with 5 to 14 units,interpreted_explicit_range,"{""use_code"": """", ""use_description"": """"}",DataSF wv5m-vpq2 (2025 roll),2026-10-01T22:50Z,multiple_candidates,resolved,2026-10-04T02:11:41+00:00,2026-10-01,processed,2026-10-04T02:41:38+00:00
A0062,77 HOFF ST,San Francisco,CA,,CA,San Francisco,,incorporated,"San Francisco, CA",verified,"Census Geocoder/TIGER-Line; matched_address=77 HOFF ST, SAN FRANCISCO, CA, 94110; place_geoid=0667000; benchmark=Public_AR_Current",2026-10-04T00:49:15+00:00,Existing legal city/state match Census/TIGERweb incorporated-place boundaries.,1906,verified,original:DataSF wv5m-vpq2 (2025 roll),Original value retained because no usable public parcel value was available.,,6,6,6,exact,verified,original units; official use-code mapping; use-description interpretation,Compatible evidence supports an exact unit count of 6. Evidence: reported_units=6; use_code_range=5..14; use_description_range=5..14.,multifamily_residential,verified,official use-code mapping; use-description interpretation,Use code and use description agree on multifamily_residential.,A5,Apartment 5 to 14 units,verified_government_published_codebook,Apartment 5 to 14 Units,Apartment property with 5 to 14 units,interpreted_explicit_range,"{""use_code"": """", ""use_description"": """"}",DataSF wv5m-vpq2 (2025 roll),2026-10-01T22:50Z,unresolved_candidates,unknown,2026-10-04T02:11:41+00:00,2026-10-01,processed,2026-10-04T02:41:38+00:00
A0063,11 Cortes ST,Boston,MA,02116,MA,Boston,,incorporated,"Boston, MA",verified,"Census Geocoder/TIGER-Line; matched_address=11 CORTES ST, BOSTON, MA, 02116; place_geoid=2507000; benchmark=Public_AR_Current",2026-10-04T00:49:15+00:00,Existing legal city/state match Census/TIGERweb incorporated-place boundaries.,1899,verified,original:Boston Property Assessment FY2026,Original value retained because no usable public parcel value was available.,,7..30,7,30,range,verified,official use-code mapping; use-description interpretation,Compatible evidence supports a unit-count range of 7..30. Evidence: use_code_range=7..30; use_description_range=7..30.,multifamily_residential,verified,official use-code mapping; use-description interpretation,Use code and use description agree on multifamily_residential.,A/112,APT 7-30 UNITS,verified_official_dataset,APT 7-30 UNITS,Apartment property with 7 to 30 units,interpreted_explicit_range,"{""use_code"": """", ""use_description"": """"}",Boston Property Assessment FY2026,2026-10-01T22:50Z,unresolved_candidates,unknown,2026-10-04T02:11:41+00:00,2026-10-01,processed,2026-10-04T02:41:38+00:00
A0064,24-26 Concord Ave,Cambridge,MA,,MA,Cambridge,,incorporated,"Cambridge, MA",verified,"Census Geocoder/TIGER-Line; matched_address=26 CONCORD AVE, CAMBRIDGE, MA, 02138; place_geoid=2511000; benchmark=Public_AR_Current",2026-10-04T00:49:15+00:00,Existing legal city/state match Census/TIGERweb incorporated-place boundaries.,1890,verified,original:Cambridge Property Database FY2026 (waa7-ibdu),Original value retained because no usable public parcel value was available.,,84,84,84,exact,verified,original units; official use-code mapping; use-description interpretation,Compatible evidence supports an exact unit count of 84. Evidence: reported_units=84; use_code_range=9..; use_description_range=9...,multifamily_residential,verified,official use-code mapping; use-description interpretation,Use code and use description agree on multifamily_residential.,112,>8-UNIT-APT; Residential,verified_official_codebook,>8-UNIT-APT,Apartment property with more than 8 units,interpreted_explicit_range,"{""use_code"": """", ""use_description"": """"}",Cambridge Property Database FY2026 (waa7-ibdu),2026-10-01T22:50Z,unresolved_candidates,unknown,2026-10-04T02:11:41+00:00,2026-10-01,processed,2026-10-04T02:41:38+00:00
A0065,63 Bailey ST,Dorchester,MA,02124,MA,Boston,,incorporated,"Boston, MA",verified,"Census Geocoder/TIGER-Line; matched_address=63 BAILEY ST, DORCHESTER, MA, 02124; place_geoid=2507000; benchmark=Public_AR_Current",2026-10-04T00:49:15+00:00,Existing legal city/state match Census/TIGERweb incorporated-place boundaries.,unknown,unknown,none,No usable year-built value was available from either source.,,unknown,,,unknown,missing,none,No usable unit-count evidence was available. Public parcel status: missing.,multifamily_residential,verified,official use-code mapping; use-description interpretation,Use code and use description agree on multifamily_residential.,A/120,LUXURY APARTMENT,verified_official_dataset,LUXURY APARTMENT,Luxury apartment property,interpreted_use_only,"{""use_code"": ""Luxury apartment"", ""use_description"": ""Luxury apartment classification""}",Boston Property Assessment FY2026,2026-10-01T22:50Z,unique,resolved,2026-10-04T02:11:41+00:00,2026-10-01,processed,2026-10-04T02:41:38+00:00
A0066,1318 N ORANGE DR,Los Angeles,CA,90028,CA,Los Angeles,,incorporated,"Los Angeles, CA",verified,"Census Geocoder/TIGER-Line; matched_address=1318 N ORANGE DR, LOS ANGELES, CA, 90028; place_geoid=0644000; benchmark=Public_AR_Current",2026-10-04T00:49:15+00:00,Existing legal city/state match Census/TIGERweb incorporated-place boundaries.,1988,verified,original:LA County eGIS parcels; public_parcel:LA County eGIS parcels,Original and public parcel values agree.,,36,36,36,exact,verified,original units; official use-code mapping; use-description interpretation; current public parcel lookup,Compatible evidence supports an exact unit count of 36. Evidence: reported_units=36; use_code_range=5..; use_description_range=5..; public_parcel_units=36.,multifamily_residential,verified,official use-code mapping; use-description interpretation,Use code and use description agree on multifamily_residential.,0500,Multi-Family Residence; five or more apartments or units; 4 stories or less; final character unused or unknown,verified_official_codebook,Five or more apartments,Five or more apartments,interpreted_explicit_range,"{""use_code"": ""4 stories or less"", ""use_description"": """"}",LA County eGIS parcels,2026-10-01T22:50Z,unique,resolved,2026-10-04T02:11:41+00:00,2026-10-01,processed,2026-10-04T02:41:38+00:00
A0067,1335 N VISTA ST,Los Angeles,CA,90046,CA,Los Angeles,,incorporated,"Los Angeles, CA",verified,"Census Geocoder/TIGER-Line; matched_address=1335 N VISTA ST, LOS ANGELES, CA, 90046; place_geoid=0644000; benchmark=Public_AR_Current",2026-10-04T00:49:15+00:00,Existing legal city/state match Census/TIGERweb incorporated-place boundaries.,1954,verified,original:LA County eGIS parcels; public_parcel:LA County eGIS parcels,Original and public parcel values agree.,,8,8,8,exact,verified,original units; official use-code mapping; use-description interpretation; current public parcel lookup,Compatible evidence supports an exact unit count of 8. Evidence: reported_units=8; use_code_range=5..; use_description_range=5..; public_parcel_units=8.,multifamily_residential,verified,official use-code mapping; use-description interpretation,Use code and use description agree on multifamily_residential.,0500,Multi-Family Residence; five or more apartments or units; 4 stories or less; final character unused or unknown,verified_official_codebook,Five or more apartments,Five or more apartments,interpreted_explicit_range,"{""use_code"": ""4 stories or less"", ""use_description"": """"}",LA County eGIS parcels,2026-10-01T22:50Z,unique,resolved,2026-10-04T02:11:41+00:00,2026-10-01,processed,2026-10-04T02:41:38+00:00
A0068,40-42 Clearway ST,Boston,MA,02115,MA,Boston,,incorporated,"Boston, MA",verified,"Census Geocoder/TIGER-Line; matched_address=42 CLEARWAY ST, BOSTON, MA, 02115; place_geoid=2507000; benchmark=Public_AR_Current",2026-10-04T00:49:15+00:00,Existing legal city/state match Census/TIGERweb incorporated-place boundaries.,1920,verified,original:Boston Property Assessment FY2026; public_parcel:Boston Property Assessment FY2026,Original and public parcel values agree.,,7..30,7,30,range,verified,official use-code mapping; use-description interpretation,Compatible evidence supports a unit-count range of 7..30. Evidence: use_code_range=7..30; use_description_range=7..30.,multifamily_residential,verified,official use-code mapping; use-description interpretation,Use code and use description agree on multifamily_residential.,A/112,APT 7-30 UNITS,verified_official_dataset,APT 7-30 UNITS,Apartment property with 7 to 30 units,interpreted_explicit_range,"{""use_code"": """", ""use_description"": """"}",Boston Property Assessment FY2026,2026-10-01T22:50Z,unique,resolved,2026-10-04T02:11:41+00:00,2026-10-01,processed,2026-10-04T02:41:38+00:00
A0069,2277 UNION ST,San Francisco,CA,,CA,San Francisco,,incorporated,"San Francisco, CA",verified,"Census Geocoder/TIGER-Line; matched_address=2277 UNION ST, SAN FRANCISCO, CA, 94123; place_geoid=0667000; benchmark=Public_AR_Current",2026-10-04T00:49:15+00:00,Existing legal city/state match Census/TIGERweb incorporated-place boundaries.,1900,verified,original:DataSF wv5m-vpq2 (2025 roll); public_parcel:DataSF wv5m-vpq2 (2025 roll),Original and public parcel values agree.,,7,7,7,exact,verified,original units; official use-code mapping; use-description interpretation,Compatible evidence supports an exact unit count of 7. Evidence: reported_units=7; use_code_range=5..14; use_description_range=5..14.,mixed_use_multifamily,verified,official use-code mapping; use-description interpretation,Use code and use description agree on mixed_use_multifamily.,FS5,"Flat and store, 5 to 14 units",verified_government_published_codebook,Flat & Store 5 to 14 units,Flat-and-store property with 5 to 14 units,interpreted_explicit_range,"{""use_code"": ""Ground-floor or associated store use"", ""use_description"": ""Store component""}",DataSF wv5m-vpq2 (2025 roll),2026-10-01T22:50Z,multiple_candidates,conflicting_facts,2026-10-04T02:11:41+00:00,2026-10-01,processed,2026-10-04T02:41:38+00:00
A0070,43 Fayette St,Cambridge,MA,,MA,Cambridge,,incorporated,"Cambridge, MA",verified,"Census Geocoder/TIGER-Line; matched_address=43 FAYETTE ST, CAMBRIDGE, MA, 02139; place_geoid=2511000; benchmark=Public_AR_Current",2026-10-04T00:49:15+00:00,Existing legal city/state match Census/TIGERweb incorporated-place boundaries.,1910,verified,original:Cambridge Property Database FY2026 (waa7-ibdu); public_parcel:Cambridge Property Database FY2026 (waa7-ibdu),Original and public parcel values agree.,,7,7,7,exact,verified,original units; official use-code mapping; use-description interpretation; current public parcel lookup,Compatible evidence supports an exact unit count of 7. Evidence: reported_units=7; use_code_range=4..8; use_description_range=4..8; public_parcel_units=7.,multifamily_residential,verified,official use-code mapping; use-description interpretation,Use code and use description agree on multifamily_residential.,111,4-8-UNIT-APT; Residential,verified_official_codebook,4-8-UNIT-APT,Apartment property with 4 to 8 units,interpreted_explicit_range,"{""use_code"": """", ""use_description"": """"}",Cambridge Property Database FY2026 (waa7-ibdu),2026-10-01T22:50Z,unique,resolved,2026-10-04T02:11:41+00:00,2026-10-01,processed,2026-10-04T02:41:38+00:00
A0071,14.5-16 Vandine St,Cambridge,MA,,MA,Cambridge,,incorporated,"Cambridge, MA",verified,"Census Geocoder/TIGER-Line; matched_address=16 VANDINE ST, CAMBRIDGE, MA, 02141; place_geoid=2511000; benchmark=Public_AR_Current",2026-10-04T00:49:15+00:00,Existing legal city/state match Census/TIGERweb incorporated-place boundaries.,1900,verified,original:Cambridge Property Database FY2026 (waa7-ibdu),Original value retained because no usable public parcel value was available.,,5,5,5,exact,verified,original units; official use-code mapping; use-description interpretation,Compatible evidence supports an exact unit count of 5. Evidence: reported_units=5; use_code_range=4..8; use_description_range=4..8.,multifamily_residential,verified,official use-code mapping; use-description interpretation,Use code and use description agree on multifamily_residential.,111,4-8-UNIT-APT; Residential,verified_official_codebook,4-8-UNIT-APT,Apartment property with 4 to 8 units,interpreted_explicit_range,"{""use_code"": """", ""use_description"": """"}",Cambridge Property Database FY2026 (waa7-ibdu),2026-10-01T22:50Z,unresolved_candidates,unknown,2026-10-04T02:11:41+00:00,2026-10-01,processed,2026-10-04T02:41:38+00:00
A0072,1251 10TH AV,San Francisco,CA,,CA,San Francisco,,incorporated,"San Francisco, CA",verified,"Census Geocoder/TIGER-Line; matched_address=1251 10TH AVE, SAN FRANCISCO, CA, 94122; place_geoid=0667000; benchmark=Public_AR_Current",2026-10-04T00:49:15+00:00,Existing legal city/state match Census/TIGERweb incorporated-place boundaries.,1973,verified,original:DataSF wv5m-vpq2 (2025 roll); public_parcel:DataSF wv5m-vpq2 (2025 roll),Original and public parcel values agree.,,6,6,6,exact,verified,original units; official use-code mapping; use-description interpretation; current public parcel lookup,Compatible evidence supports an exact unit count of 6. Evidence: reported_units=6; use_code_range=5..14; use_description_range=5..14; public_parcel_units=6.,multifamily_residential,verified,official use-code mapping; use-description interpretation,Use code and use description agree on multifamily_residential.,A5,Apartment 5 to 14 units,verified_government_published_codebook,Apartment 5 to 14 Units,Apartment property with 5 to 14 units,interpreted_explicit_range,"{""use_code"": """", ""use_description"": """"}",DataSF wv5m-vpq2 (2025 roll),2026-10-01T22:50Z,multiple_candidates,resolved,2026-10-04T02:11:41+00:00,2026-10-01,processed,2026-10-04T02:41:38+00:00
A0073,35-37 Inman St,Cambridge,MA,,MA,Cambridge,,incorporated,"Cambridge, MA",verified,"Census Geocoder/TIGER-Line; matched_address=37 INMAN ST, CAMBRIDGE, MA, 02139; place_geoid=2511000; benchmark=Public_AR_Current",2026-10-04T00:49:15+00:00,Existing legal city/state match Census/TIGERweb incorporated-place boundaries.,1900,verified,original:Cambridge Property Database FY2026 (waa7-ibdu); public_parcel:Cambridge Property Database FY2026 (waa7-ibdu),Original and public parcel values agree.,,6,6,6,exact,verified,original units; official use-code mapping; use-description interpretation; current public parcel lookup,Compatible evidence supports an exact unit count of 6. Evidence: reported_units=6; use_code_range=4..8; use_description_range=4..8; public_parcel_units=6.,multifamily_residential,verified,official use-code mapping; use-description interpretation,Use code and use description agree on multifamily_residential.,111,4-8-UNIT-APT; Residential,verified_official_codebook,4-8-UNIT-APT,Apartment property with 4 to 8 units,interpreted_explicit_range,"{""use_code"": """", ""use_description"": """"}",Cambridge Property Database FY2026 (waa7-ibdu),2026-10-01T22:50Z,unique,resolved,2026-10-04T02:11:41+00:00,2026-10-01,processed,2026-10-04T02:41:38+00:00
A0074,717 S BERENDO ST,Los Angeles,CA,90005,CA,Los Angeles,,incorporated,"Los Angeles, CA",verified,"Census Geocoder/TIGER-Line; matched_address=717 S BERENDO ST, LOS ANGELES, CA, 90005; place_geoid=0644000; benchmark=Public_AR_Current",2026-10-04T00:49:15+00:00,Existing legal city/state match Census/TIGERweb incorporated-place boundaries.,1963,verified,original:LA County eGIS parcels; public_parcel:LA County eGIS parcels,Original and public parcel values agree.,,34,34,34,exact,verified,original units; official use-code mapping; use-description interpretation; current public parcel lookup,Compatible evidence supports an exact unit count of 34. Evidence: reported_units=34; use_code_range=5..; use_description_range=5..; public_parcel_units=34.,multifamily_residential,verified,official use-code mapping; use-description interpretation,Use code and use description agree on multifamily_residential.,0500,Multi-Family Residence; five or more apartments or units; 4 stories or less; final character unused or unknown,verified_official_codebook,Five or more apartments,Five or more apartments,interpreted_explicit_range,"{""use_code"": ""4 stories or less"", ""use_description"": """"}",LA County eGIS parcels,2026-10-01T22:50Z,unique,resolved,2026-10-04T02:11:41+00:00,2026-10-01,processed,2026-10-04T02:41:38+00:00
A0075,27 Everett St,Cambridge,MA,,MA,Cambridge,,incorporated,"Cambridge, MA",verified,"Census Geocoder/TIGER-Line; matched_address=27 EVERETT ST, CAMBRIDGE, MA, 02138; place_geoid=2511000; benchmark=Public_AR_Current",2026-10-04T00:49:15+00:00,Existing legal city/state match Census/TIGERweb incorporated-place boundaries.,1880,verified,original:Cambridge Property Database FY2026 (waa7-ibdu); public_parcel:Cambridge Property Database FY2026 (waa7-ibdu),Original and public parcel values agree.,,10,10,10,exact,verified,original units; official use-code mapping; use-description interpretation; current public parcel lookup,Compatible evidence supports an exact unit count of 10. Evidence: reported_units=10; use_code_range=9..; use_description_range=9..; public_parcel_units=10.,multifamily_residential,verified,official use-code mapping; use-description interpretation,Use code and use description agree on multifamily_residential.,112,>8-UNIT-APT; Residential,verified_official_codebook,>8-UNIT-APT,Apartment property with more than 8 units,interpreted_explicit_range,"{""use_code"": """", ""use_description"": """"}",Cambridge Property Database FY2026 (waa7-ibdu),2026-10-01T22:50Z,unique,resolved,2026-10-04T02:11:41+00:00,2026-10-01,processed,2026-10-04T02:41:38+00:00
A0076,304 E KINNEY ST,Newark,NJ,07033,NJ,Newark,,incorporated,"Newark, NJ",verified,"Census Geocoder/TIGER-Line; matched_address=304 E KINNEY ST, NEWARK, NJ, 07105; place_geoid=3451000; benchmark=Public_AR_Current",2026-10-04T00:49:15+00:00,Existing legal city/state match Census/TIGERweb incorporated-place boundaries.,unknown,unknown,none,No usable year-built value was available from either source.,,unknown,,,unknown,conflict,official use-code mapping; current public parcel lookup,Unit evidence conflicts; final value is unknown. Evidence: use_code_range=5..; public_parcel_units=1.,multifamily_residential,verified,official use-code mapping; use-description interpretation,One property-use source is available: use code=multifamily_residential.,4C,Apartments; class 4C; 5 units or more,verified_official_codebook,3SB2UG,Building-description shorthand; no reliable unit count can be extracted from the description alone,insufficient_description_for_unit_count,"{""use_code"": ""New Jersey property tax class 4C"", ""use_description"": """"}",NJOGIS Parcels & MOD-IV Composite,2026-10-01T22:50Z,unique,resolved,2026-10-04T02:11:41+00:00,2026-10-01,processed,2026-10-04T02:41:38+00:00
A0077,91 Brookline St,Cambridge,MA,,MA,Cambridge,,incorporated,"Cambridge, MA",verified,"Census Geocoder/TIGER-Line; matched_address=91 BROOKLINE ST, CAMBRIDGE, MA, 02139; place_geoid=2511000; benchmark=Public_AR_Current",2026-10-04T00:49:15+00:00,Existing legal city/state match Census/TIGERweb incorporated-place boundaries.,1902,verified,original:Cambridge Property Database FY2026 (waa7-ibdu); public_parcel:Cambridge Property Database FY2026 (waa7-ibdu),Original and public parcel values agree.,,6,6,6,exact,verified,original units; official use-code mapping; use-description interpretation; current public parcel lookup,Compatible evidence supports an exact unit count of 6. Evidence: reported_units=6; use_code_range=4..8; use_description_range=4..8; public_parcel_units=6.,multifamily_residential,verified,official use-code mapping; use-description interpretation,Use code and use description agree on multifamily_residential.,111,4-8-UNIT-APT; Residential,verified_official_codebook,4-8-UNIT-APT,Apartment property with 4 to 8 units,interpreted_explicit_range,"{""use_code"": """", ""use_description"": """"}",Cambridge Property Database FY2026 (waa7-ibdu),2026-10-01T22:50Z,unique,resolved,2026-10-04T02:11:41+00:00,2026-10-01,processed,2026-10-04T02:41:38+00:00
A0078,115 BAYVIEW AVE.,Jersey City,NJ,07304,NJ,Jersey City,,incorporated,"Jersey City, NJ",verified,"Census Geocoder/TIGER-Line; matched_address=115 BAYVIEW AVE, JERSEY CITY, NJ, 07305; place_geoid=3436000; benchmark=Public_AR_Current",2026-10-04T00:49:15+00:00,Existing legal city/state match Census/TIGERweb incorporated-place boundaries.,unknown,unknown,none,No usable year-built value was available from either source.,,16,16,16,exact,verified,official use-code mapping; use-description interpretation,Compatible evidence supports an exact unit count of 16. Evidence: use_code_range=5..; use_description_range=16..16.,multifamily_residential,verified,official use-code mapping; use-description interpretation,Use code and use description agree on multifamily_residential.,4C,Apartments; class 4C; 5 units or more,verified_official_codebook,4S-B-A-16U-H,Building description explicitly indicates 16 units,parsed_explicit_unit_count,"{""use_code"": ""New Jersey property tax class 4C"", ""use_description"": ""Stories indicated: 4; Heat indicated""}",NJOGIS Parcels & MOD-IV Composite,2026-10-01T22:50Z,unique,resolved,2026-10-04T02:11:41+00:00,2026-10-01,processed,2026-10-04T02:41:38+00:00
A0079,2361 PORTLAND ST,Los Angeles,CA,90007,CA,Los Angeles,,incorporated,"Los Angeles, CA",verified,"Census Geocoder/TIGER-Line; matched_address=2361 PORTLAND ST, LOS ANGELES, CA, 90007; place_geoid=0644000; benchmark=Public_AR_Current",2026-10-04T00:49:15+00:00,Existing legal city/state match Census/TIGERweb incorporated-place boundaries.,1912,verified,original:LA County eGIS parcels; public_parcel:LA County eGIS parcels,Original and public parcel values agree.,,unknown,,,unknown,conflict,original units; official use-code mapping; use-description interpretation; current public parcel lookup,Unit evidence conflicts; final value is unknown. Evidence: reported_units=9; use_code_range=5..; use_description_range=5..; public_parcel_units=8.,multifamily_residential,verified,official use-code mapping; use-description interpretation,Use code and use description agree on multifamily_residential.,0500,Multi-Family Residence; five or more apartments or units; 4 stories or less; final character unused or unknown,verified_official_codebook,Five or more apartments,Five or more apartments,interpreted_explicit_range,"{""use_code"": ""4 stories or less"", ""use_description"": """"}",LA County eGIS parcels,2026-10-01T22:50Z,unique,resolved,2026-10-04T02:11:41+00:00,2026-10-01,processed,2026-10-04T02:41:38+00:00
A0080,690 S CATALINA ST,Los Angeles,CA,90005,CA,Los Angeles,,incorporated,"Los Angeles, CA",verified,"Census Geocoder/TIGER-Line; matched_address=690 S CATALINA ST, LOS ANGELES, CA, 90005; place_geoid=0644000; benchmark=Public_AR_Current",2026-10-04T00:49:15+00:00,Existing legal city/state match Census/TIGERweb incorporated-place boundaries.,2002,verified,original:LA County eGIS parcels; public_parcel:LA County eGIS parcels,Original and public parcel values agree.,,90,90,90,exact,verified,original units; official use-code mapping; use-description interpretation; current public parcel lookup,Compatible evidence supports an exact unit count of 90. Evidence: reported_units=90; use_code_range=5..; use_description_range=5..; public_parcel_units=90.,multifamily_residential,verified,official use-code mapping; use-description interpretation,Use code and use description agree on multifamily_residential.,0500,Multi-Family Residence; five or more apartments or units; 4 stories or less; final character unused or unknown,verified_official_codebook,Five or more apartments,Five or more apartments,interpreted_explicit_range,"{""use_code"": ""4 stories or less"", ""use_description"": """"}",LA County eGIS parcels,2026-10-01T22:50Z,unique,resolved,2026-10-04T02:11:41+00:00,2026-10-01,processed,2026-10-04T02:41:38+00:00
A0081,145 TAYLOR ST,San Francisco,CA,,CA,San Francisco,,incorporated,"San Francisco, CA",verified,"Census Geocoder/TIGER-Line; matched_address=145 TAYLOR ST, SAN FRANCISCO, CA, 94102; place_geoid=0667000; benchmark=Public_AR_Current",2026-10-04T00:49:15+00:00,Existing legal city/state match Census/TIGERweb incorporated-place boundaries.,2005,verified,original:DataSF wv5m-vpq2 (2025 roll); public_parcel:DataSF wv5m-vpq2 (2025 roll),Original and public parcel values agree.,,69,69,69,exact,verified,original units; official use-code mapping; use-description interpretation; current public parcel lookup,Compatible evidence supports an exact unit count of 69. Evidence: reported_units=69; use_code_range=15..; use_description_range=15..; public_parcel_units=69.,multifamily_residential,verified,official use-code mapping; use-description interpretation,Use code and use description agree on multifamily_residential.,A15,Apartment 15 units or more,verified_government_published_codebook,Apartment 15 Units or more,Apartment property with 15 or more units,interpreted_explicit_range,"{""use_code"": """", ""use_description"": """"}",DataSF wv5m-vpq2 (2025 roll),2026-10-01T22:50Z,multiple_candidates,conflicting_facts,2026-10-04T02:11:41+00:00,2026-10-01,processed,2026-10-04T02:41:38+00:00
A0082,63 Inman St,Cambridge,MA,,MA,Cambridge,,incorporated,"Cambridge, MA",verified,"Census Geocoder/TIGER-Line; matched_address=63 INMAN ST, CAMBRIDGE, MA, 02139; place_geoid=2511000; benchmark=Public_AR_Current",2026-10-04T00:49:15+00:00,Existing legal city/state match Census/TIGERweb incorporated-place boundaries.,1880,verified,original:Cambridge Property Database FY2026 (waa7-ibdu); public_parcel:Cambridge Property Database FY2026 (waa7-ibdu),Original and public parcel values agree.,,16,16,16,exact,verified,original units; official use-code mapping; use-description interpretation; current public parcel lookup,Compatible evidence supports an exact unit count of 16. Evidence: reported_units=16; use_code_range=9..; use_description_range=9..; public_parcel_units=16.,multifamily_residential,verified,official use-code mapping; use-description interpretation,Use code and use description agree on multifamily_residential.,112,>8-UNIT-APT; Residential,verified_official_codebook,>8-UNIT-APT,Apartment property with more than 8 units,interpreted_explicit_range,"{""use_code"": """", ""use_description"": """"}",Cambridge Property Database FY2026 (waa7-ibdu),2026-10-01T22:50Z,unique,resolved,2026-10-04T02:11:41+00:00,2026-10-01,processed,2026-10-04T02:41:38+00:00
A0083,38 KENILWORTH ST,Roxbury,MA,02119,MA,Boston,,incorporated,"Boston, MA",verified,"Census Geocoder/TIGER-Line; matched_address=38 KENILWORTH ST, ROXBURY, MA, 02119; place_geoid=2507000; benchmark=Public_AR_Current",2026-10-04T00:49:15+00:00,Existing legal city/state match Census/TIGERweb incorporated-place boundaries.,1890,verified,original:Boston Property Assessment FY2026; public_parcel:Boston Property Assessment FY2026,Original and public parcel values agree.,,unknown,,,unknown,missing,none,No usable unit-count evidence was available. Public parcel status: missing.,subsidized_multifamily,verified,official use-code mapping; use-description interpretation,Use code and use description agree on subsidized_multifamily.,A/125,SUBSD HOUSING S-8,verified_official_dataset,SUBSD HOUSING S- 8,Subsidized Section 8 housing classification,interpreted_use_only,"{""use_code"": ""Section 8 subsidized housing indicator"", ""use_description"": ""Section 8 subsidized housing indicator""}",Boston Property Assessment FY2026,2026-10-01T22:50Z,unique,resolved,2026-10-04T02:11:41+00:00,2026-10-01,processed,2026-10-04T02:41:38+00:00
A0084,1725 CHESTNUT ST,San Francisco,CA,,CA,San Francisco,,incorporated,"San Francisco, CA",verified,"Census Geocoder/TIGER-Line; matched_address=1725 CHESTNUT ST, SAN FRANCISCO, CA, 94123; place_geoid=0667000; benchmark=Public_AR_Current",2026-10-04T00:49:15+00:00,Existing legal city/state match Census/TIGERweb incorporated-place boundaries.,1908,verified,original:DataSF wv5m-vpq2 (2025 roll); public_parcel:DataSF wv5m-vpq2 (2025 roll),Original and public parcel values agree.,,5,5,5,exact,verified,original units; official use-code mapping; use-description interpretation; current public parcel lookup,Compatible evidence supports an exact unit count of 5. Evidence: reported_units=5; use_code_range=5..14; use_description_range=5..14; public_parcel_units=5.,multifamily_residential,verified,official use-code mapping; use-description interpretation,Use code and use description agree on multifamily_residential.,A5,Apartment 5 to 14 units,verified_government_published_codebook,Apartment 5 to 14 Units,Apartment property with 5 to 14 units,interpreted_explicit_range,"{""use_code"": """", ""use_description"": """"}",DataSF wv5m-vpq2 (2025 roll),2026-10-01T22:50Z,multiple_candidates,resolved,2026-10-04T02:11:41+00:00,2026-10-01,processed,2026-10-04T02:41:38+00:00
A0085,1101 CHURCH ST,San Francisco,CA,,CA,San Francisco,,incorporated,"San Francisco, CA",verified,"Census Geocoder/TIGER-Line; matched_address=1101 CHURCH ST, SAN FRANCISCO, CA, 94114; place_geoid=0667000; benchmark=Public_AR_Current",2026-10-04T00:49:15+00:00,Existing legal city/state match Census/TIGERweb incorporated-place boundaries.,1926,verified,original:DataSF wv5m-vpq2 (2025 roll); public_parcel:DataSF wv5m-vpq2 (2025 roll),Original and public parcel values agree.,,6,6,6,exact,verified,original units; official use-code mapping; use-description interpretation; current public parcel lookup,Compatible evidence supports an exact unit count of 6. Evidence: reported_units=6; use_code_range=5..14; use_description_range=5..14; public_parcel_units=6.,multifamily_residential,verified,official use-code mapping; use-description interpretation,Use code and use description agree on multifamily_residential.,A5,Apartment 5 to 14 units,verified_government_published_codebook,Apartment 5 to 14 Units,Apartment property with 5 to 14 units,interpreted_explicit_range,"{""use_code"": """", ""use_description"": """"}",DataSF wv5m-vpq2 (2025 roll),2026-10-01T22:50Z,multiple_candidates,resolved,2026-10-04T02:11:41+00:00,2026-10-01,processed,2026-10-04T02:41:38+00:00
A0086,67 Plymouth St,Cambridge,MA,,MA,Cambridge,,incorporated,"Cambridge, MA",verified,"Census Geocoder/TIGER-Line; matched_address=67 PLYMOUTH ST, CAMBRIDGE, MA, 02141; place_geoid=2511000; benchmark=Public_AR_Current",2026-10-04T00:49:15+00:00,Existing legal city/state match Census/TIGERweb incorporated-place boundaries.,1837,verified,original:Cambridge Property Database FY2026 (waa7-ibdu); public_parcel:Cambridge Property Database FY2026 (waa7-ibdu),Original and public parcel values agree.,,5,5,5,exact,verified,original units; official use-code mapping; use-description interpretation; current public parcel lookup,Compatible evidence supports an exact unit count of 5. Evidence: reported_units=5; use_code_range=4..8; use_description_range=4..8; public_parcel_units=5.,multifamily_residential,verified,official use-code mapping; use-description interpretation,Use code and use description agree on multifamily_residential.,111,4-8-UNIT-APT; Residential,verified_official_codebook,4-8-UNIT-APT,Apartment property with 4 to 8 units,interpreted_explicit_range,"{""use_code"": """", ""use_description"": """"}",Cambridge Property Database FY2026 (waa7-ibdu),2026-10-01T22:50Z,unique,resolved,2026-10-04T02:11:41+00:00,2026-10-01,processed,2026-10-04T02:41:38+00:00
A0087,323 BLOOMFIELD ST,Hoboken,NJ,07504,NJ,Hoboken,,incorporated,"Hoboken, NJ",verified,"Census Geocoder/TIGER-Line; matched_address=323 BLOOMFIELD ST, HOBOKEN, NJ, 07030; place_geoid=3432250; benchmark=Public_AR_Current",2026-10-04T00:49:15+00:00,Existing legal city/state match Census/TIGERweb incorporated-place boundaries.,unknown,unknown,none,No usable year-built value was available from either source.,,16,16,16,exact,verified,official use-code mapping; use-description interpretation; current public parcel lookup,Compatible evidence supports an exact unit count of 16. Evidence: use_code_range=5..; use_description_range=16..16; public_parcel_units=16.,multifamily_residential,verified,official use-code mapping; use-description interpretation,Use code and use description agree on multifamily_residential.,4C,Apartments; class 4C; 5 units or more,verified_official_codebook,"2,4B-16U-H-X",Building description explicitly indicates 16 units,parsed_explicit_unit_count,"{""use_code"": ""New Jersey property tax class 4C"", ""use_description"": ""Heat indicated""}",NJOGIS Parcels & MOD-IV Composite,2026-10-01T22:50Z,unique,resolved,2026-10-04T02:11:41+00:00,2026-10-01,processed,2026-10-04T02:41:38+00:00
A0088,201 CLEMENT ST,San Francisco,CA,,CA,San Francisco,,incorporated,"San Francisco, CA",verified,"Census Geocoder/TIGER-Line; matched_address=201 CLEMENT ST, SAN FRANCISCO, CA, 94118; place_geoid=0667000; benchmark=Public_AR_Current",2026-10-04T00:49:15+00:00,Existing legal city/state match Census/TIGERweb incorporated-place boundaries.,1908,verified,original:DataSF wv5m-vpq2 (2025 roll); public_parcel:DataSF wv5m-vpq2 (2025 roll),Original and public parcel values agree.,,9,9,9,exact,verified,original units; official use-code mapping; use-description interpretation; current public parcel lookup,Compatible evidence supports an exact unit count of 9. Evidence: reported_units=9; use_code_range=5..14; use_description_range=5..14; public_parcel_units=9.,mixed_use_multifamily,verified,official use-code mapping; use-description interpretation,Use code and use description agree on mixed_use_multifamily.,FS5,"Flat and store, 5 to 14 units",verified_government_published_codebook,Flat & Store 5 to 14 units,Flat-and-store property with 5 to 14 units,interpreted_explicit_range,"{""use_code"": ""Ground-floor or associated store use"", ""use_description"": ""Store component""}",DataSF wv5m-vpq2 (2025 roll),2026-10-01T22:50Z,multiple_candidates,resolved,2026-10-04T02:11:41+00:00,2026-10-01,processed,2026-10-04T02:41:38+00:00
A0089,935 PARK AVE,Hoboken,NJ,07030,NJ,Hoboken,,incorporated,"Hoboken, NJ",verified,"Census Geocoder/TIGER-Line; matched_address=935 PARK AVE, HOBOKEN, NJ, 07030; place_geoid=3432250; benchmark=Public_AR_Current",2026-10-04T00:49:15+00:00,Existing legal city/state match Census/TIGERweb incorporated-place boundaries.,unknown,unknown,none,No usable year-built value was available from either source.,,10,10,10,exact,verified,official use-code mapping; use-description interpretation; current public parcel lookup,Compatible evidence supports an exact unit count of 10. Evidence: use_code_range=5..; use_description_range=10..10; public_parcel_units=10.,multifamily_residential,verified,official use-code mapping; use-description interpretation,Use code and use description agree on multifamily_residential.,4C,Apartments; class 4C; 5 units or more,verified_official_codebook,5B-10U-H-BA,Building description explicitly indicates 10 units,parsed_explicit_unit_count,"{""use_code"": ""New Jersey property tax class 4C"", ""use_description"": ""Heat indicated""}",NJOGIS Parcels & MOD-IV Composite,2026-10-01T22:50Z,unique,resolved,2026-10-04T02:11:41+00:00,2026-10-01,processed,2026-10-04T02:41:38+00:00
A0090,30 JACKSON ST,Newark,NJ,07105,NJ,Newark,,incorporated,"Newark, NJ",verified,"Census Geocoder/TIGER-Line; matched_address=30 JACKSON ST, NEWARK, NJ, 07105; place_geoid=3451000; benchmark=Public_AR_Current",2026-10-04T00:49:15+00:00,Existing legal city/state match Census/TIGERweb incorporated-place boundaries.,unknown,unknown,none,No usable year-built value was available from either source.,,unknown,,,unknown,conflict,official use-code mapping; current public parcel lookup,Unit evidence conflicts; final value is unknown. Evidence: use_code_range=5..; public_parcel_units=1.,multifamily_residential,verified,official use-code mapping; use-description interpretation,One property-use source is available: use code=multifamily_residential.,4C,Apartments; class 4C; 5 units or more,verified_official_codebook,3S.F.,Building-description shorthand; no reliable unit count can be extracted from the description alone,insufficient_description_for_unit_count,"{""use_code"": ""New Jersey property tax class 4C"", ""use_description"": ""Stories indicated: 3""}",NJOGIS Parcels & MOD-IV Composite,2026-10-01T22:50Z,unique,resolved,2026-10-04T02:11:41+00:00,2026-10-01,processed,2026-10-04T02:41:38+00:00
A0091,2229 DWIGHT WAY,Berkeley,CA,94704,CA,Berkeley,,incorporated,"Berkeley, CA",verified,"Census Geocoder/TIGER-Line; matched_address=2229 DWIGHT WAY, BERKELEY, CA, 94704; place_geoid=0606000; benchmark=Public_AR_Current",2026-10-04T00:49:15+00:00,Existing legal city/state match Census/TIGERweb incorporated-place boundaries.,unknown,unknown,none,No usable year-built value was available from either source.,,8,8,8,exact,verified,official use-code mapping; use-description interpretation; current public parcel lookup,Compatible evidence supports an exact unit count of 8. Evidence: use_code_range=5..; use_description_range=5..; public_parcel_units=8.,multifamily_residential,verified,official use-code mapping; use-description interpretation,Use code and use description agree on multifamily_residential.,7700,Multiple residential building of 5 or more units,verified_official_codebook,Alameda County use code (5+ units),Five or more residential units,interpreted_explicit_range,"{""use_code"": """", ""use_description"": """"}",Alameda County parcels,2026-10-01T22:50Z,unique,resolved,2026-10-04T02:11:41+00:00,2026-10-01,processed,2026-10-04T02:41:38+00:00
A0092,2514 PIEDMONT AVE,Berkeley,CA,94704,CA,Berkeley,,incorporated,"Berkeley, CA",verified,"Census Geocoder/TIGER-Line; matched_address=2514 PIEDMONT AVE, BERKELEY, CA, 94704; place_geoid=0606000; benchmark=Public_AR_Current",2026-10-04T00:49:15+00:00,Existing legal city/state match Census/TIGERweb incorporated-place boundaries.,unknown,unknown,none,No usable year-built value was available from either source.,,32,32,32,exact,verified,official use-code mapping; use-description interpretation; current public parcel lookup,Compatible evidence supports an exact unit count of 32. Evidence: use_code_range=5..; use_description_range=5..; public_parcel_units=32.,multifamily_residential,verified,official use-code mapping; use-description interpretation,Use code and use description agree on multifamily_residential.,7700,Multiple residential building of 5 or more units,verified_official_codebook,Alameda County use code (5+ units),Five or more residential units,interpreted_explicit_range,"{""use_code"": """", ""use_description"": """"}",Alameda County parcels,2026-10-01T22:50Z,unique,resolved,2026-10-04T02:11:41+00:00,2026-10-01,processed,2026-10-04T02:41:38+00:00
A0093,90 BICKFORD ST,Jamaica Plain,MA,02130,MA,Boston,,incorporated,"Boston, MA",verified,"Census Geocoder/TIGER-Line; matched_address=90 BICKFORD ST, JAMAICA PLAIN, MA, 02130; place_geoid=2507000; benchmark=Public_AR_Current",2026-10-04T00:49:15+00:00,Existing legal city/state match Census/TIGERweb incorporated-place boundaries.,2004,verified,original:Boston Property Assessment FY2026; public_parcel:Boston Property Assessment FY2026,Original and public parcel values agree.,,unknown,,,unknown,missing,none,No usable unit-count evidence was available. Public parcel status: missing.,specialized_residential,verified,official use-code mapping; use-description interpretation,Use code and use description agree on specialized_residential.,A/118,ELDERLY HOME,verified_official_dataset,ELDERLY HOME,Residential facility for elderly occupants,interpreted_use_only,"{""use_code"": ""Elderly residential use"", ""use_description"": ""Elderly residential use""}",Boston Property Assessment FY2026,2026-10-01T22:50Z,unique,resolved,2026-10-04T02:11:41+00:00,2026-10-01,processed,2026-10-04T02:41:38+00:00
A0094,1371 27TH ST,San Diego,CA,92154,CA,San Diego,,incorporated,"San Diego, CA",verified,"Census Geocoder/TIGER-Line; matched_address=1371 27TH ST, SAN DIEGO, CA, 92154; place_geoid=0666000; benchmark=Public_AR_Current",2026-10-04T00:49:15+00:00,Existing legal city/state match Census/TIGERweb incorporated-place boundaries.,unknown,unknown,none,No usable year-built value was available from either source. Public parcel reported an unusable year value (85); it was not inferred or expanded.,,88,88,88,exact,verified,original units; official use-code mapping; use-description interpretation; current public parcel lookup,Compatible evidence supports an exact unit count of 88. Evidence: reported_units=88; use_code_range=61..; use_description_range=5..; public_parcel_units=88.,multifamily_residential,verified,official use-code mapping; use-description interpretation,Use code and use description agree on multifamily_residential.,16,MULTIPLE 61 UNITS AND UP-GENERIC,verified_government_dataset_documentation,SANDAG asr_landuse 14-16 (5+ units),Multiple-residential property in an ASR_LANDUSE category representing 5 or more units,interpreted_explicit_range,"{""use_code"": ""Generic multiple-residential classification"", ""use_description"": ""ASR_LANDUSE family 14-16""}",SANDAG/SanGIS parcels,2026-10-01T22:50Z,unique,resolved,2026-10-04T02:11:41+00:00,2026-10-01,processed,2026-10-04T02:41:38+00:00
A0095,23 Elm St,Cambridge,MA,,MA,Cambridge,,incorporated,"Cambridge, MA",verified,"Census Geocoder/TIGER-Line; matched_address=23 ELM ST, CAMBRIDGE, MA, 02139; place_geoid=2511000; benchmark=Public_AR_Current",2026-10-04T00:49:15+00:00,Existing legal city/state match Census/TIGERweb incorporated-place boundaries.,1900,verified,original:Cambridge Property Database FY2026 (waa7-ibdu); public_parcel:Cambridge Property Database FY2026 (waa7-ibdu),Original and public parcel values agree.,,6,6,6,exact,verified,original units; official use-code mapping; use-description interpretation; current public parcel lookup,Compatible evidence supports an exact unit count of 6. Evidence: reported_units=6; use_code_range=4..8; use_description_range=4..8; public_parcel_units=6.,multifamily_residential,verified,official use-code mapping; use-description interpretation,Use code and use description agree on multifamily_residential.,111,4-8-UNIT-APT; Residential,verified_official_codebook,4-8-UNIT-APT,Apartment property with 4 to 8 units,interpreted_explicit_range,"{""use_code"": """", ""use_description"": """"}",Cambridge Property Database FY2026 (waa7-ibdu),2026-10-01T22:50Z,unique,resolved,2026-10-04T02:11:41+00:00,2026-10-01,processed,2026-10-04T02:41:38+00:00
A0096,81 WESTLAND AV,Boston,MA,02115,MA,Boston,,incorporated,"Boston, MA",verified,"Census Geocoder/TIGER-Line; matched_address=81 WESTLAND AVE, BOSTON, MA, 02115; place_geoid=2507000; benchmark=Public_AR_Current",2026-10-04T00:49:15+00:00,Existing legal city/state match Census/TIGERweb incorporated-place boundaries.,1910,verified,original:Boston Property Assessment FY2026; public_parcel:Boston Property Assessment FY2026,Original and public parcel values agree.,,unknown,,,unknown,missing,none,No usable unit-count evidence was available. Public parcel status: missing.,subsidized_multifamily,verified,official use-code mapping; use-description interpretation,Use code and use description agree on subsidized_multifamily.,A/125,SUBSD HOUSING S-8,verified_official_dataset,SUBSD HOUSING S- 8,Subsidized Section 8 housing classification,interpreted_use_only,"{""use_code"": ""Section 8 subsidized housing indicator"", ""use_description"": ""Section 8 subsidized housing indicator""}",Boston Property Assessment FY2026,2026-10-01T22:50Z,unique,resolved,2026-10-04T02:11:41+00:00,2026-10-01,processed,2026-10-04T02:41:38+00:00
A0097,1560 MASON ST,San Francisco,CA,,CA,San Francisco,,incorporated,"San Francisco, CA",verified,"Census Geocoder/TIGER-Line; matched_address=1560 MASON ST, SAN FRANCISCO, CA, 94133; place_geoid=0667000; benchmark=Public_AR_Current",2026-10-04T00:49:15+00:00,Existing legal city/state match Census/TIGERweb incorporated-place boundaries.,1907,verified,original:DataSF wv5m-vpq2 (2025 roll); public_parcel:DataSF wv5m-vpq2 (2025 roll),Original and public parcel values agree.,,8,8,8,exact,verified,original units; official use-code mapping; use-description interpretation; current public parcel lookup,Compatible evidence supports an exact unit count of 8. Evidence: reported_units=8; use_code_range=5..14; use_description_range=5..14; public_parcel_units=8.,mixed_use_multifamily,verified,official use-code mapping; use-description interpretation,Use code and use description agree on mixed_use_multifamily.,FS5,"Flat and store, 5 to 14 units",verified_government_published_codebook,Flat & Store 5 to 14 units,Flat-and-store property with 5 to 14 units,interpreted_explicit_range,"{""use_code"": ""Ground-floor or associated store use"", ""use_description"": ""Store component""}",DataSF wv5m-vpq2 (2025 roll),2026-10-01T22:50Z,multiple_candidates,resolved,2026-10-04T02:11:41+00:00,2026-10-01,processed,2026-10-04T02:41:38+00:00
A0098,WILLOWWOOD ST,Dorchester,MA,02124,MA,Boston,,unknown,"Boston, MA",partial,Existing legal-city mapping retained; Census lookup did not independently verify the boundary.,2026-10-04T00:49:15+00:00,Census Geocoder did not return coordinates; jurisdiction was not independently verified.,unknown,unknown,none,No usable year-built value was available from either source.,,unknown,,,unknown,missing,none,No usable unit-count evidence was available. Public parcel status: address_not_aligned.,subsidized_multifamily,verified,official use-code mapping; use-description interpretation,Use code and use description agree on subsidized_multifamily.,A/125,SUBSD HOUSING S-8,verified_official_dataset,SUBSD HOUSING S- 8,Subsidized Section 8 housing classification,interpreted_use_only,"{""use_code"": ""Section 8 subsidized housing indicator"", ""use_description"": ""Section 8 subsidized housing indicator""}",Boston Property Assessment FY2026,2026-10-01T22:50Z,unresolved_candidates,unknown,2026-10-04T02:11:41+00:00,2026-10-01,processed,2026-10-04T02:41:38+00:00
A0099,822 WASHINGTON ST,Hoboken,NJ,07458,NJ,Hoboken,,incorporated,"Hoboken, NJ",verified,"Census Geocoder/TIGER-Line; matched_address=822 WASHINGTON ST, HOBOKEN, NJ, 07030; place_geoid=3432250; benchmark=Public_AR_Current",2026-10-04T00:49:15+00:00,Existing legal city/state match Census/TIGERweb incorporated-place boundaries.,unknown,unknown,none,No usable year-built value was available from either source.,,5,5,5,exact,verified,official use-code mapping; use-description interpretation; current public parcel lookup,Compatible evidence supports an exact unit count of 5. Evidence: use_code_range=5..; use_description_range=5..5; public_parcel_units=5.,multifamily_residential,verified,official use-code mapping; use-description interpretation,Use code and use description agree on multifamily_residential.,4C,Apartments; class 4C; 5 units or more,verified_official_codebook,4B-5U-H-BA,Building description explicitly indicates 5 units,parsed_explicit_unit_count,"{""use_code"": ""New Jersey property tax class 4C"", ""use_description"": ""Heat indicated""}",NJOGIS Parcels & MOD-IV Composite,2026-10-01T22:50Z,unique,resolved,2026-10-04T02:11:41+00:00,2026-10-01,processed,2026-10-04T02:41:38+00:00
A0100,4732 BANCROFT ST,San Diego,CA,92116,CA,San Diego,,incorporated,"San Diego, CA",verified,"Census Geocoder/TIGER-Line; matched_address=4732 BANCROFT ST, SAN DIEGO, CA, 92116; place_geoid=0666000; benchmark=Public_AR_Current",2026-10-04T00:49:15+00:00,Existing legal city/state match Census/TIGERweb incorporated-place boundaries.,unknown,unknown,none,No usable year-built value was available from either source. Public parcel reported an unusable year value (85); it was not inferred or expanded.,,7,7,7,exact,verified,original units; official use-code mapping; use-description interpretation; current public parcel lookup,Compatible evidence supports an exact unit count of 7. Evidence: reported_units=7; use_code_range=5..15; use_description_range=5..; public_parcel_units=7.,multifamily_residential,verified,official use-code mapping; use-description interpretation,Use code and use description agree on multifamily_residential.,14,MULTIPLE 5 TO 15 UNITS-GENERIC,verified_government_dataset_documentation,SANDAG asr_landuse 14-16 (5+ units),Multiple-residential property in an ASR_LANDUSE category representing 5 or more units,interpreted_explicit_range,"{""use_code"": ""Generic multiple-residential classification"", ""use_description"": ""ASR_LANDUSE family 14-16""}",SANDAG/SanGIS parcels,2026-10-01T22:50Z,unique,resolved,2026-10-04T02:11:41+00:00,2026-10-01,processed,2026-10-04T02:41:38+00:00
A0101,315-319 FAIRMOUNT AVENUE,Jersey City,NJ,07039,NJ,Jersey City,,incorporated,"Jersey City, NJ",verified,"Census Geocoder/TIGER-Line; matched_address=319 FAIRMOUNT AVE, JERSEY CITY, NJ, 07306; place_geoid=3436000; benchmark=Public_AR_Current",2026-10-04T00:49:15+00:00,Existing legal city/state match Census/TIGERweb incorporated-place boundaries.,unknown,unknown,none,No usable year-built value was available from either source.,,26,26,26,exact,verified,official use-code mapping; use-description interpretation,Compatible evidence supports an exact unit count of 26. Evidence: use_code_range=5..; use_description_range=26..26.,multifamily_residential,verified,official use-code mapping; use-description interpretation,Use code and use description agree on multifamily_residential.,4C,Apartments; class 4C; 5 units or more,verified_official_codebook,2-4S-B-A-26U-H,Building description explicitly indicates 26 units,parsed_explicit_unit_count,"{""use_code"": ""New Jersey property tax class 4C"", ""use_description"": ""Stories indicated: 4; Heat indicated""}",NJOGIS Parcels & MOD-IV Composite,2026-10-01T22:50Z,unique,unknown,2026-10-04T02:11:41+00:00,2026-10-01,processed,2026-10-04T02:41:38+00:00
A0102,124 BLOOMFIELD ST,Hoboken,NJ,10003,NJ,Hoboken,,incorporated,"Hoboken, NJ",verified,"Census Geocoder/TIGER-Line; matched_address=124 BLOOMFIELD ST, HOBOKEN, NJ, 07030; place_geoid=3432250; benchmark=Public_AR_Current",2026-10-04T00:49:15+00:00,Existing legal city/state match Census/TIGERweb incorporated-place boundaries.,unknown,unknown,none,No usable year-built value was available from either source.,,5,5,5,exact,verified,official use-code mapping; use-description interpretation; current public parcel lookup,Compatible evidence supports an exact unit count of 5. Evidence: use_code_range=5..; use_description_range=5..5; public_parcel_units=5.,multifamily_residential,verified,official use-code mapping; use-description interpretation,Use code and use description agree on multifamily_residential.,4C,Apartments; class 4C; 5 units or more,verified_official_codebook,4B-5U-H-BA,Building description explicitly indicates 5 units,parsed_explicit_unit_count,"{""use_code"": ""New Jersey property tax class 4C"", ""use_description"": ""Heat indicated""}",NJOGIS Parcels & MOD-IV Composite,2026-10-01T22:50Z,unique,resolved,2026-10-04T02:11:41+00:00,2026-10-01,processed,2026-10-04T02:41:38+00:00
A0103,2161 ALLSTON WAY,Berkeley,CA,94704,CA,Berkeley,,incorporated,"Berkeley, CA",verified,"Census Geocoder/TIGER-Line; matched_address=2161 ALLSTON WAY, BERKELEY, CA, 94704; place_geoid=0606000; benchmark=Public_AR_Current",2026-10-04T00:49:15+00:00,Existing legal city/state match Census/TIGERweb incorporated-place boundaries.,2002,verified,public_parcel:Alameda County parcels,Public parcel value used because the original value was missing.,,60,60,60,exact,verified,official use-code mapping; use-description interpretation; current public parcel lookup,Compatible evidence supports an exact unit count of 60. Evidence: use_code_range=5..; use_description_range=5..; public_parcel_units=60.,multifamily_residential,verified,official use-code mapping; use-description interpretation,Use code and use description agree on multifamily_residential.,7700,Multiple residential building of 5 or more units,verified_official_codebook,Alameda County use code (5+ units),Five or more residential units,interpreted_explicit_range,"{""use_code"": """", ""use_description"": """"}",Alameda County parcels,2026-10-01T22:50Z,unique,resolved,2026-10-04T02:11:41+00:00,2026-10-01,processed,2026-10-04T02:41:38+00:00
A0104,409 5TH ST,Newark,NJ,07012,NJ,Newark,,incorporated,"Newark, NJ",verified,"Census Geocoder/TIGER-Line; matched_address=409 N 5TH ST, NEWARK, NJ, 07107; place_geoid=3451000; benchmark=Public_AR_Current",2026-10-04T00:49:15+00:00,Existing legal city/state match Census/TIGERweb incorporated-place boundaries.,unknown,unknown,none,No usable year-built value was available from either source.,,5..,5,,range,verified,official use-code mapping,Compatible evidence supports a unit-count range of 5... Evidence: use_code_range=5...,multifamily_residential,verified,official use-code mapping; use-description interpretation,One property-use source is available: use code=multifamily_residential.,4C,Apartments; class 4C; 5 units or more,verified_official_codebook,3SB,Building-description shorthand; no reliable unit count can be extracted from the description alone,insufficient_description_for_unit_count,"{""use_code"": ""New Jersey property tax class 4C"", ""use_description"": ""Stories indicated: 3""}",NJOGIS Parcels & MOD-IV Composite,2026-10-01T22:50Z,unresolved_candidates,unknown,2026-10-04T02:11:41+00:00,2026-10-01,processed,2026-10-04T02:41:38+00:00
A0105,140 PORTOLA DR,San Francisco,CA,,CA,San Francisco,,incorporated,"San Francisco, CA",verified,"Census Geocoder/TIGER-Line; matched_address=140 PORTOLA DR, SAN FRANCISCO, CA, 94131; place_geoid=0667000; benchmark=Public_AR_Current",2026-10-04T00:49:15+00:00,Existing legal city/state match Census/TIGERweb incorporated-place boundaries.,2019,verified,original:DataSF wv5m-vpq2 (2025 roll); public_parcel:DataSF wv5m-vpq2 (2025 roll),Original and public parcel values agree.,,7,7,7,exact,verified,original units; official use-code mapping; use-description interpretation; current public parcel lookup,Compatible evidence supports an exact unit count of 7. Evidence: reported_units=7; use_code_range=5..14; use_description_range=5..14; public_parcel_units=7.,multifamily_residential,verified,official use-code mapping; use-description interpretation,Use code and use description agree on multifamily_residential.,A5,Apartment 5 to 14 units,verified_government_published_codebook,Apartment 5 to 14 Units,Apartment property with 5 to 14 units,interpreted_explicit_range,"{""use_code"": """", ""use_description"": """"}",DataSF wv5m-vpq2 (2025 roll),2026-10-01T22:50Z,multiple_candidates,resolved,2026-10-04T02:11:41+00:00,2026-10-01,processed,2026-10-04T02:41:38+00:00
A0106,250 FREMONT ST,San Francisco,CA,,CA,San Francisco,,incorporated,"San Francisco, CA",verified,"Census Geocoder/TIGER-Line; matched_address=250 FREMONT ST, SAN FRANCISCO, CA, 94105; place_geoid=0667000; benchmark=Public_AR_Current",2026-10-04T00:49:15+00:00,Existing legal city/state match Census/TIGERweb incorporated-place boundaries.,unknown,unknown,none,No usable year-built value was available from either source.,,60,60,60,exact,verified,original units; official use-code mapping; use-description interpretation,Compatible evidence supports an exact unit count of 60. Evidence: reported_units=60; use_code_range=15..; use_description_range=15...,multifamily_residential,verified,official use-code mapping; use-description interpretation,Use code and use description agree on multifamily_residential.,A15,Apartment 15 units or more,verified_government_published_codebook,Apartment 15 Units or more,Apartment property with 15 or more units,interpreted_explicit_range,"{""use_code"": """", ""use_description"": """"}",DataSF wv5m-vpq2 (2025 roll),2026-10-01T22:50Z,multiple_candidates,conflicting_facts,2026-10-04T02:11:41+00:00,2026-10-01,processed,2026-10-04T02:41:38+00:00
A0107,10635 SHERMAN GROVE AVE,Los Angeles,CA,91040,CA,Los Angeles,,incorporated,"Los Angeles, CA",verified,"Census Geocoder/TIGER-Line; matched_address=10635 SHERMAN GROVE AVE, SUNLAND, CA, 91040; place_geoid=0644000; benchmark=Public_AR_Current",2026-10-04T00:49:15+00:00,Existing legal city/state match Census/TIGERweb incorporated-place boundaries.,1978,verified,original:LA County eGIS parcels; public_parcel:LA County eGIS parcels,Original and public parcel values agree.,,20,20,20,exact,verified,original units; official use-code mapping; use-description interpretation; current public parcel lookup,Compatible evidence supports an exact unit count of 20. Evidence: reported_units=20; use_code_range=5..; use_description_range=5..; public_parcel_units=20.,multifamily_residential,verified,official use-code mapping; use-description interpretation,Use code and use description agree on multifamily_residential.,0500,Multi-Family Residence; five or more apartments or units; 4 stories or less; final character unused or unknown,verified_official_codebook,Five or more apartments,Five or more apartments,interpreted_explicit_range,"{""use_code"": ""4 stories or less"", ""use_description"": """"}",LA County eGIS parcels,2026-10-01T22:50Z,unique,resolved,2026-10-04T02:11:41+00:00,2026-10-01,processed,2026-10-04T02:41:38+00:00
A0108,13 JEFFERSON AVE.,Jersey City,NJ,07030,NJ,Jersey City,,incorporated,"Jersey City, NJ",verified,"Census Geocoder/TIGER-Line; matched_address=13 JEFFERSON AVE, JERSEY CITY, NJ, 07306; place_geoid=3436000; benchmark=Public_AR_Current",2026-10-04T00:49:15+00:00,Existing legal city/state match Census/TIGERweb incorporated-place boundaries.,unknown,unknown,none,No usable year-built value was available from either source.,,6,6,6,exact,verified,official use-code mapping; use-description interpretation,Compatible evidence supports an exact unit count of 6. Evidence: use_code_range=5..; use_description_range=6..6.,multifamily_residential,verified,official use-code mapping; use-description interpretation,Use code and use description agree on multifamily_residential.,4C,Apartments; class 4C; 5 units or more,verified_official_codebook,3S-B-D-6U-H,Building description explicitly indicates 6 units,parsed_explicit_unit_count,"{""use_code"": ""New Jersey property tax class 4C"", ""use_description"": ""Stories indicated: 3; Heat indicated""}",NJOGIS Parcels & MOD-IV Composite,2026-10-01T22:50Z,unique,resolved,2026-10-04T02:11:41+00:00,2026-10-01,processed,2026-10-04T02:41:38+00:00
A0109,2922 OTIS ST,Berkeley,CA,94703,CA,Berkeley,,incorporated,"Berkeley, CA",verified,"Census Geocoder/TIGER-Line; matched_address=2922 OTIS ST, BERKELEY, CA, 94703; place_geoid=0606000; benchmark=Public_AR_Current",2026-10-04T00:49:15+00:00,Existing legal city/state match Census/TIGERweb incorporated-place boundaries.,1961,verified,public_parcel:Alameda County parcels,Public parcel value used because the original value was missing.,,5,5,5,exact,verified,official use-code mapping; use-description interpretation; current public parcel lookup,Compatible evidence supports an exact unit count of 5. Evidence: use_code_range=5..; use_description_range=5..; public_parcel_units=5.,multifamily_residential,verified,official use-code mapping; use-description interpretation,Use code and use description agree on multifamily_residential.,7700,Multiple residential building of 5 or more units,verified_official_codebook,Alameda County use code (5+ units),Five or more residential units,interpreted_explicit_range,"{""use_code"": """", ""use_description"": """"}",Alameda County parcels,2026-10-01T22:50Z,unique,resolved,2026-10-04T02:11:41+00:00,2026-10-01,processed,2026-10-04T02:41:38+00:00
A0110,130-132 2ND AVE,Newark,NJ,07055,NJ,Newark,,incorporated,"Newark, NJ",verified,"Census Geocoder/TIGER-Line; matched_address=132 2ND AVE, NEWARK, NJ, 07104; place_geoid=3451000; benchmark=Public_AR_Current",2026-10-04T00:49:15+00:00,Existing legal city/state match Census/TIGERweb incorporated-place boundaries.,unknown,unknown,none,No usable year-built value was available from either source.,,unknown,,,unknown,conflict,official use-code mapping; current public parcel lookup,Unit evidence conflicts; final value is unknown. Evidence: use_code_range=5..; public_parcel_units=1.,multifamily_residential,verified,official use-code mapping; use-description interpretation,One property-use source is available: use code=multifamily_residential.,4C,Apartments; class 4C; 5 units or more,verified_official_codebook,3SF,Building-description shorthand; no reliable unit count can be extracted from the description alone,insufficient_description_for_unit_count,"{""use_code"": ""New Jersey property tax class 4C"", ""use_description"": ""Stories indicated: 3""}",NJOGIS Parcels & MOD-IV Composite,2026-10-01T22:50Z,unique,resolved,2026-10-04T02:11:41+00:00,2026-10-01,processed,2026-10-04T02:41:38+00:00
A0111,10075 TUJUNGA CANYON BLVD,Los Angeles,CA,91042,CA,Los Angeles,,incorporated,"Los Angeles, CA",verified,"Census Geocoder/TIGER-Line; matched_address=10075 TUJUNGA CANYON BLVD, TUJUNGA, CA, 91042; place_geoid=0644000; benchmark=Public_AR_Current",2026-10-04T00:49:15+00:00,Existing legal city/state match Census/TIGERweb incorporated-place boundaries.,1984,verified,original:LA County eGIS parcels; public_parcel:LA County eGIS parcels,Original and public parcel values agree.,,40,40,40,exact,verified,original units; official use-code mapping; use-description interpretation; current public parcel lookup,Compatible evidence supports an exact unit count of 40. Evidence: reported_units=40; use_code_range=5..; use_description_range=5..; public_parcel_units=40.,multifamily_residential,verified,official use-code mapping; use-description interpretation,Use code and use description agree on multifamily_residential.,0500,Multi-Family Residence; five or more apartments or units; 4 stories or less; final character unused or unknown,verified_official_codebook,Five or more apartments,Five or more apartments,interpreted_explicit_range,"{""use_code"": ""4 stories or less"", ""use_description"": """"}",LA County eGIS parcels,2026-10-01T22:50Z,unique,resolved,2026-10-04T02:11:41+00:00,2026-10-01,processed,2026-10-04T02:41:38+00:00
A0112,448 BRODERICK ST,San Francisco,CA,,CA,San Francisco,,incorporated,"San Francisco, CA",verified,"Census Geocoder/TIGER-Line; matched_address=448 BRODERICK ST, SAN FRANCISCO, CA, 94117; place_geoid=0667000; benchmark=Public_AR_Current",2026-10-04T00:49:15+00:00,Existing legal city/state match Census/TIGERweb incorporated-place boundaries.,1905,verified,original:DataSF wv5m-vpq2 (2025 roll); public_parcel:DataSF wv5m-vpq2 (2025 roll),Original and public parcel values agree.,,9,9,9,exact,verified,original units; official use-code mapping; use-description interpretation; current public parcel lookup,Compatible evidence supports an exact unit count of 9. Evidence: reported_units=9; use_code_range=5..14; use_description_range=5..14; public_parcel_units=9.,multifamily_residential,verified,official use-code mapping; use-description interpretation,Use code and use description agree on multifamily_residential.,A5,Apartment 5 to 14 units,verified_government_published_codebook,Apartment 5 to 14 Units,Apartment property with 5 to 14 units,interpreted_explicit_range,"{""use_code"": """", ""use_description"": """"}",DataSF wv5m-vpq2 (2025 roll),2026-10-01T22:50Z,multiple_candidates,resolved,2026-10-04T02:11:41+00:00,2026-10-01,processed,2026-10-04T02:41:38+00:00
A0113,3151 ETON AVE,Berkeley,CA,94705,CA,Berkeley,,incorporated,"Berkeley, CA",verified,"Census Geocoder/TIGER-Line; matched_address=3151 ETON AVE, BERKELEY, CA, 94705; place_geoid=0606000; benchmark=Public_AR_Current",2026-10-04T00:49:15+00:00,Existing legal city/state match Census/TIGERweb incorporated-place boundaries.,1920,verified,public_parcel:Alameda County parcels,Public parcel value used because the original value was missing.,,5,5,5,exact,verified,official use-code mapping; use-description interpretation; current public parcel lookup,Compatible evidence supports an exact unit count of 5. Evidence: use_code_range=5..; use_description_range=5..; public_parcel_units=5.,multifamily_residential,verified,official use-code mapping; use-description interpretation,Use code and use description agree on multifamily_residential.,7700,Multiple residential building of 5 or more units,verified_official_codebook,Alameda County use code (5+ units),Five or more residential units,interpreted_explicit_range,"{""use_code"": """", ""use_description"": """"}",Alameda County parcels,2026-10-01T22:50Z,unique,resolved,2026-10-04T02:11:41+00:00,2026-10-01,processed,2026-10-04T02:41:38+00:00
A0114,3743 INDIA ST,San Diego,CA,92103,CA,San Diego,,incorporated,"San Diego, CA",verified,"Census Geocoder/TIGER-Line; matched_address=3743 INDIA ST, SAN DIEGO, CA, 92103; place_geoid=0666000; benchmark=Public_AR_Current",2026-10-04T00:49:15+00:00,Existing legal city/state match Census/TIGERweb incorporated-place boundaries.,unknown,unknown,none,No usable year-built value was available from either source. Public parcel reported an unusable year value (00); it was not inferred or expanded.,,6,6,6,exact,verified,original units; official use-code mapping; use-description interpretation; current public parcel lookup,Compatible evidence supports an exact unit count of 6. Evidence: reported_units=6; use_code_range=5..15; use_description_range=5..; public_parcel_units=6.,multifamily_residential,verified,official use-code mapping; use-description interpretation,Use code and use description agree on multifamily_residential.,14,MULTIPLE 5 TO 15 UNITS-GENERIC,verified_government_dataset_documentation,SANDAG asr_landuse 14-16 (5+ units),Multiple-residential property in an ASR_LANDUSE category representing 5 or more units,interpreted_explicit_range,"{""use_code"": ""Generic multiple-residential classification"", ""use_description"": ""ASR_LANDUSE family 14-16""}",SANDAG/SanGIS parcels,2026-10-01T22:50Z,unique,resolved,2026-10-04T02:11:41+00:00,2026-10-01,processed,2026-10-04T02:41:38+00:00
A0115,397 05TH AV,San Francisco,CA,,CA,San Francisco,,unknown,"San Francisco, CA",partial,Existing legal-city mapping retained; Census lookup did not independently verify the boundary.,2026-10-04T00:49:15+00:00,Census Geocoder did not return coordinates; jurisdiction was not independently verified.,1900,verified,original:DataSF wv5m-vpq2 (2025 roll); public_parcel:DataSF wv5m-vpq2 (2025 roll),Original and public parcel values agree.,,6,6,6,exact,verified,original units; official use-code mapping; use-description interpretation; current public parcel lookup,Compatible evidence supports an exact unit count of 6. Evidence: reported_units=6; use_code_range=5..14; use_description_range=5..14; public_parcel_units=6.,mixed_use_multifamily,verified,official use-code mapping; use-description interpretation,Use code and use description agree on mixed_use_multifamily.,FS5,"Flat and store, 5 to 14 units",verified_government_published_codebook,Flat & Store 5 to 14 units,Flat-and-store property with 5 to 14 units,interpreted_explicit_range,"{""use_code"": ""Ground-floor or associated store use"", ""use_description"": ""Store component""}",DataSF wv5m-vpq2 (2025 roll),2026-10-01T22:50Z,multiple_candidates,resolved,2026-10-04T02:11:41+00:00,2026-10-01,processed,2026-10-04T02:41:38+00:00
A0116,36 PROSPECT ST.,Jersey City,NJ,07111,NJ,Jersey City,,incorporated,"Jersey City, NJ",verified,"Census Geocoder/TIGER-Line; matched_address=36 PROSPECT ST, JERSEY CITY, NJ, 07307; place_geoid=3436000; benchmark=Public_AR_Current",2026-10-04T00:49:15+00:00,Existing legal city/state match Census/TIGERweb incorporated-place boundaries.,1923,verified,original:NJOGIS Parcels & MOD-IV Composite; public_parcel:NJOGIS Parcels & MOD-IV Composite,Original and public parcel values agree.,,6,6,6,exact,verified,official use-code mapping; use-description interpretation,Compatible evidence supports an exact unit count of 6. Evidence: use_code_range=5..; use_description_range=6..6.,multifamily_residential,verified,official use-code mapping; use-description interpretation,Use code and use description agree on multifamily_residential.,4C,Apartments; class 4C; 5 units or more,verified_official_codebook,3S-F-D-6U-H,Building description explicitly indicates 6 units,parsed_explicit_unit_count,"{""use_code"": ""New Jersey property tax class 4C"", ""use_description"": ""Stories indicated: 3; Heat indicated""}",NJOGIS Parcels & MOD-IV Composite,2026-10-01T22:50Z,unique,resolved,2026-10-04T02:11:41+00:00,2026-10-01,processed,2026-10-04T02:41:38+00:00
A0117,1733 N CHEROKEE AVE,Los Angeles,CA,90028,CA,Los Angeles,,incorporated,"Los Angeles, CA",verified,"Census Geocoder/TIGER-Line; matched_address=1733 N CHEROKEE AVE, LOS ANGELES, CA, 90028; place_geoid=0644000; benchmark=Public_AR_Current",2026-10-04T00:49:15+00:00,Existing legal city/state match Census/TIGERweb incorporated-place boundaries.,1924,verified,original:LA County eGIS parcels; public_parcel:LA County eGIS parcels,Original and public parcel values agree.,,40,40,40,exact,verified,original units; official use-code mapping; use-description interpretation; current public parcel lookup,Compatible evidence supports an exact unit count of 40. Evidence: reported_units=40; use_code_range=5..; use_description_range=5..; public_parcel_units=40.,multifamily_residential,verified,official use-code mapping; use-description interpretation,Use code and use description agree on multifamily_residential.,0500,Multi-Family Residence; five or more apartments or units; 4 stories or less; final character unused or unknown,verified_official_codebook,Five or more apartments,Five or more apartments,interpreted_explicit_range,"{""use_code"": ""4 stories or less"", ""use_description"": """"}",LA County eGIS parcels,2026-10-01T22:50Z,unique,resolved,2026-10-04T02:11:41+00:00,2026-10-01,processed,2026-10-04T02:41:38+00:00
A0118,18-34 KINGBIRD RD,Dorchester,MA,02124,MA,Boston,,incorporated,"Boston, MA",verified,"Census Geocoder/TIGER-Line; matched_address=34 KINGBIRD RD, DORCHESTER, MA, 02124; place_geoid=2507000; benchmark=Public_AR_Current",2026-10-04T00:49:15+00:00,Existing legal city/state match Census/TIGERweb incorporated-place boundaries.,2009,verified,original:Boston Property Assessment FY2026; public_parcel:Boston Property Assessment FY2026,Original and public parcel values agree.,,unknown,,,unknown,missing,none,No usable unit-count evidence was available. Public parcel status: missing.,subsidized_multifamily,verified,official use-code mapping; use-description interpretation,Use code and use description agree on subsidized_multifamily.,A/125,SUBSD HOUSING S-8,verified_official_dataset,SUBSD HOUSING S- 8,Subsidized Section 8 housing classification,interpreted_use_only,"{""use_code"": ""Section 8 subsidized housing indicator"", ""use_description"": ""Section 8 subsidized housing indicator""}",Boston Property Assessment FY2026,2026-10-01T22:50Z,unique,resolved,2026-10-04T02:11:41+00:00,2026-10-01,processed,2026-10-04T02:41:38+00:00
A0119,607 ADAMS ST,Hoboken,NJ,07030,NJ,Hoboken,,incorporated,"Hoboken, NJ",verified,"Census Geocoder/TIGER-Line; matched_address=607 ADAMS ST, HOBOKEN, NJ, 07030; place_geoid=3432250; benchmark=Public_AR_Current",2026-10-04T00:49:15+00:00,Existing legal city/state match Census/TIGERweb incorporated-place boundaries.,unknown,unknown,none,No usable year-built value was available from either source.,,6,6,6,exact,verified,official use-code mapping; use-description interpretation; current public parcel lookup,Compatible evidence supports an exact unit count of 6. Evidence: use_code_range=5..; use_description_range=6..6; public_parcel_units=6.,multifamily_residential,verified,official use-code mapping; use-description interpretation,Use code and use description agree on multifamily_residential.,4C,Apartments; class 4C; 5 units or more,verified_official_codebook,2F-4U/2F-2U,"Building description contains multiple structures with unit counts 4, 2; combined total 6 units",parsed_explicit_unit_count,"{""use_code"": ""New Jersey property tax class 4C"", ""use_description"": """"}",NJOGIS Parcels & MOD-IV Composite,2026-10-01T22:50Z,unique,resolved,2026-10-04T02:11:41+00:00,2026-10-01,processed,2026-10-04T02:41:38+00:00
A0120,139 ELM ST,Newark,NJ,07105,NJ,Newark,,incorporated,"Newark, NJ",verified,"Census Geocoder/TIGER-Line; matched_address=139 ELM ST, NEWARK, NJ, 07105; place_geoid=3451000; benchmark=Public_AR_Current",2026-10-04T00:49:15+00:00,Existing legal city/state match Census/TIGERweb incorporated-place boundaries.,unknown,unknown,none,No usable year-built value was available from either source.,,unknown,,,unknown,conflict,official use-code mapping; current public parcel lookup,Unit evidence conflicts; final value is unknown. Evidence: use_code_range=5..; public_parcel_units=1.,multifamily_residential,verified,official use-code mapping; use-description interpretation,One property-use source is available: use code=multifamily_residential.,4C,Apartments; class 4C; 5 units or more,verified_official_codebook,3SF,Building-description shorthand; no reliable unit count can be extracted from the description alone,insufficient_description_for_unit_count,"{""use_code"": ""New Jersey property tax class 4C"", ""use_description"": ""Stories indicated: 3""}",NJOGIS Parcels & MOD-IV Composite,2026-10-01T22:50Z,unique,resolved,2026-10-04T02:11:41+00:00,2026-10-01,processed,2026-10-04T02:41:38+00:00
A0121,4079 FRONT ST,San Diego,CA,92103,CA,San Diego,,incorporated,"San Diego, CA",verified,"Census Geocoder/TIGER-Line; matched_address=4079 FRONT ST, SAN DIEGO, CA, 92103; place_geoid=0666000; benchmark=Public_AR_Current",2026-10-04T00:49:15+00:00,Existing legal city/state match Census/TIGERweb incorporated-place boundaries.,unknown,unknown,none,No usable year-built value was available from either source. Public parcel reported an unusable year value (87); it was not inferred or expanded.,,22,22,22,exact,verified,original units; official use-code mapping; use-description interpretation; current public parcel lookup,Compatible evidence supports an exact unit count of 22. Evidence: reported_units=22; use_code_range=16..60; use_description_range=5..; public_parcel_units=22.,multifamily_residential,verified,official use-code mapping; use-description interpretation,Use code and use description agree on multifamily_residential.,15,MULTIPLE 16 TO 60 UNITS-GENERIC,verified_government_dataset_documentation,SANDAG asr_landuse 14-16 (5+ units),Multiple-residential property in an ASR_LANDUSE category representing 5 or more units,interpreted_explicit_range,"{""use_code"": ""Generic multiple-residential classification"", ""use_description"": ""ASR_LANDUSE family 14-16""}",SANDAG/SanGIS parcels,2026-10-01T22:50Z,unique,resolved,2026-10-04T02:11:41+00:00,2026-10-01,processed,2026-10-04T02:41:38+00:00
A0122,4812 S BROADWAY,Los Angeles,CA,90037,CA,Los Angeles,,incorporated,"Los Angeles, CA",verified,"Census Geocoder/TIGER-Line; matched_address=4812 S BROADWAY, LOS ANGELES, CA, 90037; place_geoid=0644000; benchmark=Public_AR_Current",2026-10-04T00:49:15+00:00,Existing legal city/state match Census/TIGERweb incorporated-place boundaries.,1909,verified,original:LA County eGIS parcels,Original value retained because no usable public parcel value was available.,,8,8,8,exact,verified,original units; official use-code mapping; use-description interpretation,Compatible evidence supports an exact unit count of 8. Evidence: reported_units=8; use_code_range=5..; use_description_range=5...,multifamily_residential,verified,official use-code mapping; use-description interpretation,Use code and use description agree on multifamily_residential.,0500,Multi-Family Residence; five or more apartments or units; 4 stories or less; final character unused or unknown,verified_official_codebook,Five or more apartments,Five or more apartments,interpreted_explicit_range,"{""use_code"": ""4 stories or less"", ""use_description"": """"}",LA County eGIS parcels,2026-10-01T22:50Z,unique,unknown,2026-10-04T02:11:41+00:00,2026-10-01,processed,2026-10-04T02:41:38+00:00
A0123,123 Condor ST,East Boston,MA,02128,MA,Boston,,incorporated,"Boston, MA",verified,"Census Geocoder/TIGER-Line; matched_address=123 CONDOR ST, EAST BOSTON, MA, 02128; place_geoid=2507000; benchmark=Public_AR_Current",2026-10-04T00:49:15+00:00,Existing legal city/state match Census/TIGERweb incorporated-place boundaries.,2013,verified,original:Boston Property Assessment FY2026; public_parcel:Boston Property Assessment FY2026,Original and public parcel values agree.,,unknown,,,unknown,missing,none,No usable unit-count evidence was available. Public parcel status: missing.,subsidized_multifamily,verified,official use-code mapping; use-description interpretation,Use code and use description agree on subsidized_multifamily.,A/125,SUBSD HOUSING S-8,verified_official_dataset,SUBSD HOUSING S- 8,Subsidized Section 8 housing classification,interpreted_use_only,"{""use_code"": ""Section 8 subsidized housing indicator"", ""use_description"": ""Section 8 subsidized housing indicator""}",Boston Property Assessment FY2026,2026-10-01T22:50Z,unique,resolved,2026-10-04T02:11:41+00:00,2026-10-01,processed,2026-10-04T02:41:38+00:00
A0124,33-35 Brookline St,Cambridge,MA,,MA,Cambridge,,incorporated,"Cambridge, MA",verified,"Census Geocoder/TIGER-Line; matched_address=35 BROOKLINE ST, CAMBRIDGE, MA, 02139; place_geoid=2511000; benchmark=Public_AR_Current",2026-10-04T00:49:15+00:00,Existing legal city/state match Census/TIGERweb incorporated-place boundaries.,1929,verified,original:Cambridge Property Database FY2026 (waa7-ibdu); public_parcel:Cambridge Property Database FY2026 (waa7-ibdu),Original and public parcel values agree.,,16,16,16,exact,verified,original units; official use-code mapping; use-description interpretation; current public parcel lookup,Compatible evidence supports an exact unit count of 16. Evidence: reported_units=16; use_code_range=9..; use_description_range=9..; public_parcel_units=16.,multifamily_residential,verified,official use-code mapping; use-description interpretation,Use code and use description agree on multifamily_residential.,112,>8-UNIT-APT; Residential,verified_official_codebook,>8-UNIT-APT,Apartment property with more than 8 units,interpreted_explicit_range,"{""use_code"": """", ""use_description"": """"}",Cambridge Property Database FY2026 (waa7-ibdu),2026-10-01T22:50Z,unique,resolved,2026-10-04T02:11:41+00:00,2026-10-01,processed,2026-10-04T02:41:38+00:00
A0125,227 GRAND ST,Hoboken,NJ,07030,NJ,Hoboken,,incorporated,"Hoboken, NJ",verified,"Census Geocoder/TIGER-Line; matched_address=227 GRAND ST, HOBOKEN, NJ, 07030; place_geoid=3432250; benchmark=Public_AR_Current",2026-10-04T00:49:15+00:00,Existing legal city/state match Census/TIGERweb incorporated-place boundaries.,unknown,unknown,none,No usable year-built value was available from either source.,,5,5,5,exact,verified,official use-code mapping; use-description interpretation; current public parcel lookup,Compatible evidence supports an exact unit count of 5. Evidence: use_code_range=5..; use_description_range=5..5; public_parcel_units=5.,multifamily_residential,verified,official use-code mapping; use-description interpretation,Use code and use description agree on multifamily_residential.,4C,Apartments; class 4C; 5 units or more,verified_official_codebook,5B-5U-H-(CO-OP),Building description explicitly indicates 5 units,parsed_explicit_unit_count,"{""use_code"": ""New Jersey property tax class 4C"", ""use_description"": ""Co-op indicated; Heat indicated""}",NJOGIS Parcels & MOD-IV Composite,2026-10-01T22:50Z,unique,resolved,2026-10-04T02:11:41+00:00,2026-10-01,processed,2026-10-04T02:41:38+00:00
A0126,1350 POTRERO AV,San Francisco,CA,,CA,San Francisco,,incorporated,"San Francisco, CA",verified,"Census Geocoder/TIGER-Line; matched_address=1350 POTRERO AVE, SAN FRANCISCO, CA, 94110; place_geoid=0667000; benchmark=Public_AR_Current",2026-10-04T00:49:15+00:00,Existing legal city/state match Census/TIGERweb incorporated-place boundaries.,1927,verified,original:DataSF wv5m-vpq2 (2025 roll); public_parcel:DataSF wv5m-vpq2 (2025 roll),Original and public parcel values agree.,,8,8,8,exact,verified,original units; official use-code mapping; use-description interpretation; current public parcel lookup,Compatible evidence supports an exact unit count of 8. Evidence: reported_units=8; use_code_range=5..14; use_description_range=5..14; public_parcel_units=8.,multifamily_residential,verified,official use-code mapping; use-description interpretation,Use code and use description agree on multifamily_residential.,A5,Apartment 5 to 14 units,verified_government_published_codebook,Apartment 5 to 14 Units,Apartment property with 5 to 14 units,interpreted_explicit_range,"{""use_code"": """", ""use_description"": """"}",DataSF wv5m-vpq2 (2025 roll),2026-10-01T22:50Z,multiple_candidates,resolved,2026-10-04T02:11:41+00:00,2026-10-01,processed,2026-10-04T02:41:38+00:00
A0127,10029 SEPULVEDA BLVD,Los Angeles,CA,91345,CA,Los Angeles,,incorporated,"Los Angeles, CA",verified,"Census Geocoder/TIGER-Line; matched_address=10029 N SEPULVEDA BLVD, MISSION HILLS, CA, 91345; place_geoid=0644000; benchmark=Public_AR_Current",2026-10-04T00:49:15+00:00,Existing legal city/state match Census/TIGERweb incorporated-place boundaries.,1964,verified,original:LA County eGIS parcels; public_parcel:LA County eGIS parcels,Original and public parcel values agree.,,5,5,5,exact,verified,original units; official use-code mapping; use-description interpretation; current public parcel lookup,Compatible evidence supports an exact unit count of 5. Evidence: reported_units=5; use_code_range=5..; use_description_range=5..; public_parcel_units=5.,multifamily_residential,verified,official use-code mapping; use-description interpretation,Use code and use description agree on multifamily_residential.,050C,Multi-Family Residence; five or more apartments or units; 4 stories or less; commonly owned condominium project not separately parceled,verified_official_codebook,Five or more apartments,Five or more apartments,interpreted_explicit_range,"{""use_code"": ""4 stories or less; condominium project"", ""use_description"": """"}",LA County eGIS parcels,2026-10-01T22:50Z,unique,resolved,2026-10-04T02:11:41+00:00,2026-10-01,processed,2026-10-04T02:41:38+00:00
A0128,Harvard ST,Dorchester,MA,02124,MA,Boston,,unknown,"Boston, MA",partial,Existing legal-city mapping retained; Census lookup did not independently verify the boundary.,2026-10-04T00:49:15+00:00,Census Geocoder did not return coordinates; jurisdiction was not independently verified.,unknown,unknown,none,No usable year-built value was available from either source.,,unknown,,,unknown,missing,none,No usable unit-count evidence was available. Public parcel status: address_not_aligned.,subsidized_multifamily,verified,official use-code mapping; use-description interpretation,Use code and use description agree on subsidized_multifamily.,A/125,SUBSD HOUSING S-8,verified_official_dataset,SUBSD HOUSING S- 8,Subsidized Section 8 housing classification,interpreted_use_only,"{""use_code"": ""Section 8 subsidized housing indicator"", ""use_description"": ""Section 8 subsidized housing indicator""}",Boston Property Assessment FY2026,2026-10-01T22:50Z,unresolved_candidates,unknown,2026-10-04T02:11:41+00:00,2026-10-01,processed,2026-10-04T02:41:38+00:00
A0129,526-532 MULBERRY ST,Newark,NJ,07039,NJ,Newark,,incorporated,"Newark, NJ",verified,"Census Geocoder/TIGER-Line; matched_address=532 MULBERRY ST, NEWARK, NJ, 07114; place_geoid=3451000; benchmark=Public_AR_Current",2026-10-04T00:49:15+00:00,Existing legal city/state match Census/TIGERweb incorporated-place boundaries.,unknown,unknown,none,No usable year-built value was available from either source.,,unknown,,,unknown,conflict,official use-code mapping; current public parcel lookup,Unit evidence conflicts; final value is unknown. Evidence: use_code_range=5..; public_parcel_units=1.,multifamily_residential,verified,official use-code mapping; use-description interpretation,One property-use source is available: use code=multifamily_residential.,4C,Apartments; class 4C; 5 units or more,verified_official_codebook,3SB1UG,Building-description shorthand; no reliable unit count can be extracted from the description alone,insufficient_description_for_unit_count,"{""use_code"": ""New Jersey property tax class 4C"", ""use_description"": """"}",NJOGIS Parcels & MOD-IV Composite,2026-10-01T22:50Z,unique,resolved,2026-10-04T02:11:41+00:00,2026-10-01,processed,2026-10-04T02:41:38+00:00
A0130,554 MARKET ST,Newark,NJ,07205,NJ,Newark,,incorporated,"Newark, NJ",verified,"Census Geocoder/TIGER-Line; matched_address=554 MARKET ST, NEWARK, NJ, 07105; place_geoid=3451000; benchmark=Public_AR_Current",2026-10-04T00:49:15+00:00,Existing legal city/state match Census/TIGERweb incorporated-place boundaries.,unknown,unknown,none,No usable year-built value was available from either source.,,unknown,,,unknown,conflict,official use-code mapping; current public parcel lookup,Unit evidence conflicts; final value is unknown. Evidence: use_code_range=5..; public_parcel_units=1.,multifamily_residential,verified,official use-code mapping; use-description interpretation,One property-use source is available: use code=multifamily_residential.,4C,Apartments; class 4C; 5 units or more,verified_official_codebook,3S.B.,Building-description shorthand; no reliable unit count can be extracted from the description alone,insufficient_description_for_unit_count,"{""use_code"": ""New Jersey property tax class 4C"", ""use_description"": ""Stories indicated: 3""}",NJOGIS Parcels & MOD-IV Composite,2026-10-01T22:50Z,unique,resolved,2026-10-04T02:11:41+00:00,2026-10-01,processed,2026-10-04T02:41:38+00:00
A0131,43 POPLAR ST.,Jersey City,NJ,07307,NJ,Jersey City,,incorporated,"Jersey City, NJ",verified,"Census Geocoder/TIGER-Line; matched_address=43 POPLAR ST, JERSEY CITY, NJ, 07307; place_geoid=3436000; benchmark=Public_AR_Current",2026-10-04T00:49:15+00:00,Existing legal city/state match Census/TIGERweb incorporated-place boundaries.,1900,verified,original:NJOGIS Parcels & MOD-IV Composite; public_parcel:NJOGIS Parcels & MOD-IV Composite,Original and public parcel values agree.,,6,6,6,exact,verified,official use-code mapping; use-description interpretation,Compatible evidence supports an exact unit count of 6. Evidence: use_code_range=5..; use_description_range=6..6.,multifamily_residential,verified,official use-code mapping; use-description interpretation,Use code and use description agree on multifamily_residential.,4C,Apartments; class 4C; 5 units or more,verified_official_codebook,3S-F-D-6U,Building description explicitly indicates 6 units,parsed_explicit_unit_count,"{""use_code"": ""New Jersey property tax class 4C"", ""use_description"": ""Stories indicated: 3""}",NJOGIS Parcels & MOD-IV Composite,2026-10-01T22:50Z,unique,resolved,2026-10-04T02:11:41+00:00,2026-10-01,processed,2026-10-04T02:41:38+00:00
A0132,587 N 6TH ST,Newark,NJ,11205,NJ,Newark,,incorporated,"Newark, NJ",verified,"Census Geocoder/TIGER-Line; matched_address=587 N 6TH ST, NEWARK, NJ, 07107; place_geoid=3451000; benchmark=Public_AR_Current",2026-10-04T00:49:15+00:00,Existing legal city/state match Census/TIGERweb incorporated-place boundaries.,unknown,unknown,none,No usable year-built value was available from either source.,,unknown,,,unknown,conflict,official use-code mapping; current public parcel lookup,Unit evidence conflicts; final value is unknown. Evidence: use_code_range=5..; public_parcel_units=1.,multifamily_residential,verified,official use-code mapping; use-description interpretation,One property-use source is available: use code=multifamily_residential.,4C,Apartments; class 4C; 5 units or more,verified_official_codebook,3SB,Building-description shorthand; no reliable unit count can be extracted from the description alone,insufficient_description_for_unit_count,"{""use_code"": ""New Jersey property tax class 4C"", ""use_description"": ""Stories indicated: 3""}",NJOGIS Parcels & MOD-IV Composite,2026-10-01T22:50Z,unique,resolved,2026-10-04T02:11:41+00:00,2026-10-01,processed,2026-10-04T02:41:38+00:00
A0133,8819 LANKERSHIM BLVD,Los Angeles,CA,91352,CA,Los Angeles,,incorporated,"Los Angeles, CA",verified,"Census Geocoder/TIGER-Line; matched_address=8819 LANKERSHIM BLVD, SUN VALLEY, CA, 91352; place_geoid=0644000; benchmark=Public_AR_Current",2026-10-04T00:49:15+00:00,Existing legal city/state match Census/TIGERweb incorporated-place boundaries.,1956,verified,original:LA County eGIS parcels; public_parcel:LA County eGIS parcels,Original and public parcel values agree.,,6,6,6,exact,verified,original units; official use-code mapping; use-description interpretation; current public parcel lookup,Compatible evidence supports an exact unit count of 6. Evidence: reported_units=6; use_code_range=5..; use_description_range=5..; public_parcel_units=6.,multifamily_residential,verified,official use-code mapping; use-description interpretation,Use code and use description agree on multifamily_residential.,0500,Multi-Family Residence; five or more apartments or units; 4 stories or less; final character unused or unknown,verified_official_codebook,Five or more apartments,Five or more apartments,interpreted_explicit_range,"{""use_code"": ""4 stories or less"", ""use_description"": """"}",LA County eGIS parcels,2026-10-01T22:50Z,unique,resolved,2026-10-04T02:11:41+00:00,2026-10-01,processed,2026-10-04T02:41:38+00:00
A0134,101 Norfolk ST,Dorchester,MA,02124,MA,Boston,,incorporated,"Boston, MA",verified,"Census Geocoder/TIGER-Line; matched_address=101 NORFOLK ST, DORCHESTER, MA, 02124; place_geoid=2507000; benchmark=Public_AR_Current",2026-10-04T00:49:15+00:00,Existing legal city/state match Census/TIGERweb incorporated-place boundaries.,1899,verified,original:Boston Property Assessment FY2026,Original value retained because no usable public parcel value was available.,,unknown,,,unknown,missing,none,No usable unit-count evidence was available. Public parcel status: address_not_aligned.,subsidized_multifamily,verified,official use-code mapping; use-description interpretation,Use code and use description agree on subsidized_multifamily.,A/125,SUBSD HOUSING S-8,verified_official_dataset,SUBSD HOUSING S- 8,Subsidized Section 8 housing classification,interpreted_use_only,"{""use_code"": ""Section 8 subsidized housing indicator"", ""use_description"": ""Section 8 subsidized housing indicator""}",Boston Property Assessment FY2026,2026-10-01T22:50Z,unresolved_candidates,unknown,2026-10-04T02:11:41+00:00,2026-10-01,processed,2026-10-04T02:41:38+00:00
A0135,843 CLAY ST,San Francisco,CA,,CA,San Francisco,,incorporated,"San Francisco, CA",verified,"Census Geocoder/TIGER-Line; matched_address=843 CLAY ST, SAN FRANCISCO, CA, 94108; place_geoid=0667000; benchmark=Public_AR_Current",2026-10-04T00:49:15+00:00,Existing legal city/state match Census/TIGERweb incorporated-place boundaries.,1908,verified,original:DataSF wv5m-vpq2 (2025 roll); public_parcel:DataSF wv5m-vpq2 (2025 roll),Original and public parcel values agree.,,29,29,29,exact,verified,original units; official use-code mapping; use-description interpretation; current public parcel lookup,Compatible evidence supports an exact unit count of 29. Evidence: reported_units=29; use_code_range=15..; use_description_range=15..; public_parcel_units=29.,multifamily_residential,verified,official use-code mapping; use-description interpretation,Use code and use description agree on multifamily_residential.,A15,Apartment 15 units or more,verified_government_published_codebook,Apartment 15 Units or more,Apartment property with 15 or more units,interpreted_explicit_range,"{""use_code"": """", ""use_description"": """"}",DataSF wv5m-vpq2 (2025 roll),2026-10-01T22:50Z,multiple_candidates,resolved,2026-10-04T02:11:41+00:00,2026-10-01,processed,2026-10-04T02:41:38+00:00
A0136,920 HUDSON ST,Hoboken,NJ,07030,NJ,Hoboken,,incorporated,"Hoboken, NJ",verified,"Census Geocoder/TIGER-Line; matched_address=920 HUDSON ST, HOBOKEN, NJ, 07030; place_geoid=3432250; benchmark=Public_AR_Current",2026-10-04T00:49:15+00:00,Existing legal city/state match Census/TIGERweb incorporated-place boundaries.,unknown,unknown,none,No usable year-built value was available from either source.,,26,26,26,exact,verified,official use-code mapping; use-description interpretation; current public parcel lookup,Compatible evidence supports an exact unit count of 26. Evidence: use_code_range=5..; use_description_range=26..26; public_parcel_units=26.,multifamily_residential,verified,official use-code mapping; use-description interpretation,Use code and use description agree on multifamily_residential.,4C,Apartments; class 4C; 5 units or more,verified_official_codebook,5B-26U-H-CO-OP,Building description explicitly indicates 26 units,parsed_explicit_unit_count,"{""use_code"": ""New Jersey property tax class 4C"", ""use_description"": ""Co-op indicated; Heat indicated""}",NJOGIS Parcels & MOD-IV Composite,2026-10-01T22:50Z,unique,resolved,2026-10-04T02:11:41+00:00,2026-10-01,processed,2026-10-04T02:41:38+00:00
A0137,65-71 NORFLOK ST,Newark,NJ,07003,NJ,Newark,,incorporated,"Newark, NJ",verified,"Census Geocoder/TIGER-Line; matched_address=71 NORFOLK ST, NEWARK, NJ, 07103; place_geoid=3451000; benchmark=Public_AR_Current",2026-10-04T00:49:15+00:00,Existing legal city/state match Census/TIGERweb incorporated-place boundaries.,unknown,unknown,none,No usable year-built value was available from either source.,,unknown,,,unknown,conflict,official use-code mapping; current public parcel lookup,Unit evidence conflicts; final value is unknown. Evidence: use_code_range=5..; public_parcel_units=1.,multifamily_residential,verified,official use-code mapping; use-description interpretation,One property-use source is available: use code=multifamily_residential.,4C,Apartments; class 4C; 5 units or more,verified_official_codebook,3SF5UG,Building-description shorthand; no reliable unit count can be extracted from the description alone,insufficient_description_for_unit_count,"{""use_code"": ""New Jersey property tax class 4C"", ""use_description"": """"}",NJOGIS Parcels & MOD-IV Composite,2026-10-01T22:50Z,unique,resolved,2026-10-04T02:11:41+00:00,2026-10-01,processed,2026-10-04T02:41:38+00:00
A0138,1033 E 51ST ST,Los Angeles,CA,90011,CA,Los Angeles,,incorporated,"Los Angeles, CA",verified,"Census Geocoder/TIGER-Line; matched_address=1033 E 51ST ST, LOS ANGELES, CA, 90011; place_geoid=0644000; benchmark=Public_AR_Current",2026-10-04T00:49:15+00:00,Existing legal city/state match Census/TIGERweb incorporated-place boundaries.,1959,verified,original:LA County eGIS parcels; public_parcel:LA County eGIS parcels,Original and public parcel values agree.,,unknown,,,unknown,conflict,original units; official use-code mapping; use-description interpretation; current public parcel lookup,Unit evidence conflicts; final value is unknown. Evidence: reported_units=5; use_code_range=5..; use_description_range=5..; public_parcel_units=4.,multifamily_residential,verified,official use-code mapping; use-description interpretation,Use code and use description agree on multifamily_residential.,0500,Multi-Family Residence; five or more apartments or units; 4 stories or less; final character unused or unknown,verified_official_codebook,Five or more apartments,Five or more apartments,interpreted_explicit_range,"{""use_code"": ""4 stories or less"", ""use_description"": """"}",LA County eGIS parcels,2026-10-01T22:50Z,unique,resolved,2026-10-04T02:11:41+00:00,2026-10-01,processed,2026-10-04T02:41:38+00:00
A0139,54 STUYVESANT AVE.,Jersey City,NJ,07042,NJ,Jersey City,,incorporated,"Jersey City, NJ",verified,"Census Geocoder/TIGER-Line; matched_address=54 STUYVESANT AVE, JERSEY CITY, NJ, 07306; place_geoid=3436000; benchmark=Public_AR_Current",2026-10-04T00:49:15+00:00,Existing legal city/state match Census/TIGERweb incorporated-place boundaries.,1910,verified,original:NJOGIS Parcels & MOD-IV Composite; public_parcel:NJOGIS Parcels & MOD-IV Composite,Original and public parcel values agree.,,5,5,5,exact,verified,official use-code mapping; use-description interpretation; current public parcel lookup,Compatible evidence supports an exact unit count of 5. Evidence: use_code_range=5..; use_description_range=5..5; public_parcel_units=5.,multifamily_residential,verified,official use-code mapping; use-description interpretation,Use code and use description agree on multifamily_residential.,4C,Apartments; class 4C; 5 units or more,verified_official_codebook,3S-F-5U-NH,Building description explicitly indicates 5 units,parsed_explicit_unit_count,"{""use_code"": ""New Jersey property tax class 4C"", ""use_description"": ""Stories indicated: 3; No heat indicated""}",NJOGIS Parcels & MOD-IV Composite,2026-10-01T22:50Z,unique,resolved,2026-10-04T02:11:41+00:00,2026-10-01,processed,2026-10-04T02:41:38+00:00
A0140,459 BEACON ST,Boston,MA,02115,MA,Boston,,incorporated,"Boston, MA",verified,"Census Geocoder/TIGER-Line; matched_address=459 BEACON ST, BOSTON, MA, 02115; place_geoid=2507000; benchmark=Public_AR_Current",2026-10-04T00:49:15+00:00,Existing legal city/state match Census/TIGERweb incorporated-place boundaries.,1910,verified,original:Boston Property Assessment FY2026; public_parcel:Boston Property Assessment FY2026,Original and public parcel values agree.,,7..30,7,30,range,verified,official use-code mapping; use-description interpretation,Compatible evidence supports a unit-count range of 7..30. Evidence: use_code_range=7..30; use_description_range=7..30.,multifamily_residential,verified,official use-code mapping; use-description interpretation,Use code and use description agree on multifamily_residential.,A/112,APT 7-30 UNITS,verified_official_dataset,APT 7-30 UNITS,Apartment property with 7 to 30 units,interpreted_explicit_range,"{""use_code"": """", ""use_description"": """"}",Boston Property Assessment FY2026,2026-10-01T22:50Z,unique,resolved,2026-10-04T02:11:41+00:00,2026-10-01,processed,2026-10-04T02:41:38+00:00
A0141,2601 43RD AV,San Francisco,CA,,CA,San Francisco,,incorporated,"San Francisco, CA",verified,"Census Geocoder/TIGER-Line; matched_address=2601 43RD AVE, SAN FRANCISCO, CA, 94116; place_geoid=0667000; benchmark=Public_AR_Current",2026-10-04T00:49:15+00:00,Existing legal city/state match Census/TIGERweb incorporated-place boundaries.,1974,verified,original:DataSF wv5m-vpq2 (2025 roll); public_parcel:DataSF wv5m-vpq2 (2025 roll),Original and public parcel values agree.,,8,8,8,exact,verified,original units; official use-code mapping; use-description interpretation; current public parcel lookup,Compatible evidence supports an exact unit count of 8. Evidence: reported_units=8; use_code_range=5..14; use_description_range=5..14; public_parcel_units=8.,multifamily_residential,verified,official use-code mapping; use-description interpretation,Use code and use description agree on multifamily_residential.,A5,Apartment 5 to 14 units,verified_government_published_codebook,Apartment 5 to 14 Units,Apartment property with 5 to 14 units,interpreted_explicit_range,"{""use_code"": """", ""use_description"": """"}",DataSF wv5m-vpq2 (2025 roll),2026-10-01T22:50Z,multiple_candidates,resolved,2026-10-04T02:11:41+00:00,2026-10-01,processed,2026-10-04T02:41:38+00:00
A0142,4615 AVALON BLVD,Los Angeles,CA,90011,CA,Los Angeles,,incorporated,"Los Angeles, CA",verified,"Census Geocoder/TIGER-Line; matched_address=4615 AVALON BLVD, LOS ANGELES, CA, 90011; place_geoid=0644000; benchmark=Public_AR_Current",2026-10-04T00:49:15+00:00,Existing legal city/state match Census/TIGERweb incorporated-place boundaries.,1957,verified,original:LA County eGIS parcels; public_parcel:LA County eGIS parcels,Original and public parcel values agree.,,8,8,8,exact,verified,original units; official use-code mapping; use-description interpretation; current public parcel lookup,Compatible evidence supports an exact unit count of 8. Evidence: reported_units=8; use_code_range=5..; use_description_range=5..; public_parcel_units=8.,multifamily_residential,verified,official use-code mapping; use-description interpretation,Use code and use description agree on multifamily_residential.,0500,Multi-Family Residence; five or more apartments or units; 4 stories or less; final character unused or unknown,verified_official_codebook,Five or more apartments,Five or more apartments,interpreted_explicit_range,"{""use_code"": ""4 stories or less"", ""use_description"": """"}",LA County eGIS parcels,2026-10-01T22:50Z,unique,resolved,2026-10-04T02:11:41+00:00,2026-10-01,processed,2026-10-04T02:41:38+00:00
A0143,75 ELM HILL AV,Dorchester,MA,02121,MA,Boston,,incorporated,"Boston, MA",verified,"Census Geocoder/TIGER-Line; matched_address=75 ELM HILL AVE, DORCHESTER, MA, 02121; place_geoid=2507000; benchmark=Public_AR_Current",2026-10-04T00:49:15+00:00,Existing legal city/state match Census/TIGERweb incorporated-place boundaries.,unknown,unknown,none,No usable year-built value was available from either source.,,unknown,,,unknown,missing,none,No usable unit-count evidence was available. Public parcel status: missing.,subsidized_multifamily,verified,official use-code mapping; use-description interpretation,Use code and use description agree on subsidized_multifamily.,A/125,SUBSD HOUSING S-8,verified_official_dataset,SUBSD HOUSING S- 8,Subsidized Section 8 housing classification,interpreted_use_only,"{""use_code"": ""Section 8 subsidized housing indicator"", ""use_description"": ""Section 8 subsidized housing indicator""}",Boston Property Assessment FY2026,2026-10-01T22:50Z,unique,resolved,2026-10-04T02:11:41+00:00,2026-10-01,processed,2026-10-04T02:41:38+00:00
A0144,112-114 Amory ST,Roxbury,MA,02119,MA,Boston,,incorporated,"Boston, MA",verified,"Census Geocoder/TIGER-Line; matched_address=114 AMORY ST, ROXBURY, MA, 02119; place_geoid=2507000; benchmark=Public_AR_Current",2026-10-04T00:49:15+00:00,Existing legal city/state match Census/TIGERweb incorporated-place boundaries.,1910,verified,original:Boston Property Assessment FY2026; public_parcel:Boston Property Assessment FY2026,Original and public parcel values agree.,,7..30,7,30,range,verified,official use-code mapping; use-description interpretation,Compatible evidence supports a unit-count range of 7..30. Evidence: use_code_range=7..30; use_description_range=7..30.,multifamily_residential,verified,official use-code mapping; use-description interpretation,Use code and use description agree on multifamily_residential.,A/112,APT 7-30 UNITS,verified_official_dataset,APT 7-30 UNITS,Apartment property with 7 to 30 units,interpreted_explicit_range,"{""use_code"": """", ""use_description"": """"}",Boston Property Assessment FY2026,2026-10-01T22:50Z,unique,resolved,2026-10-04T02:11:41+00:00,2026-10-01,processed,2026-10-04T02:41:38+00:00
A0145,4515 FELTON ST,San Diego,CA,92116,CA,San Diego,,incorporated,"San Diego, CA",verified,"Census Geocoder/TIGER-Line; matched_address=4515 FELTON ST, SAN DIEGO, CA, 92116; place_geoid=0666000; benchmark=Public_AR_Current",2026-10-04T00:49:15+00:00,Existing legal city/state match Census/TIGERweb incorporated-place boundaries.,unknown,unknown,none,No usable year-built value was available from either source. Public parcel reported an unusable year value (63); it was not inferred or expanded.,,8,8,8,exact,verified,original units; official use-code mapping; use-description interpretation; current public parcel lookup,Compatible evidence supports an exact unit count of 8. Evidence: reported_units=8; use_code_range=5..15; use_description_range=5..; public_parcel_units=8.,multifamily_residential,verified,official use-code mapping; use-description interpretation,Use code and use description agree on multifamily_residential.,14,MULTIPLE 5 TO 15 UNITS-GENERIC,verified_government_dataset_documentation,SANDAG asr_landuse 14-16 (5+ units),Multiple-residential property in an ASR_LANDUSE category representing 5 or more units,interpreted_explicit_range,"{""use_code"": ""Generic multiple-residential classification"", ""use_description"": ""ASR_LANDUSE family 14-16""}",SANDAG/SanGIS parcels,2026-10-01T22:50Z,unique,resolved,2026-10-04T02:11:41+00:00,2026-10-01,processed,2026-10-04T02:41:38+00:00
A0146,93-95 HAWKINS ST,Newark,NJ,07105,NJ,Newark,,incorporated,"Newark, NJ",verified,"Census Geocoder/TIGER-Line; matched_address=93-95 HAWKINS ST, NEWARK, NJ, 07105; place_geoid=3451000; benchmark=Public_AR_Current",2026-10-04T00:49:15+00:00,Existing legal city/state match Census/TIGERweb incorporated-place boundaries.,unknown,unknown,none,No usable year-built value was available from either source.,,unknown,,,unknown,conflict,official use-code mapping; current public parcel lookup,Unit evidence conflicts; final value is unknown. Evidence: use_code_range=5..; public_parcel_units=1.,multifamily_residential,verified,official use-code mapping; use-description interpretation,One property-use source is available: use code=multifamily_residential.,4C,Apartments; class 4C; 5 units or more,verified_official_codebook,2SF3UG,Building-description shorthand; no reliable unit count can be extracted from the description alone,insufficient_description_for_unit_count,"{""use_code"": ""New Jersey property tax class 4C"", ""use_description"": """"}",NJOGIS Parcels & MOD-IV Composite,2026-10-01T22:50Z,unique,resolved,2026-10-04T02:11:41+00:00,2026-10-01,processed,2026-10-04T02:41:38+00:00
A0147,2850 GOLDEN GATE AV,San Francisco,CA,,CA,San Francisco,,incorporated,"San Francisco, CA",verified,"Census Geocoder/TIGER-Line; matched_address=2850 GOLDEN GATE AVE, SAN FRANCISCO, CA, 94118; place_geoid=0667000; benchmark=Public_AR_Current",2026-10-04T00:49:15+00:00,Existing legal city/state match Census/TIGERweb incorporated-place boundaries.,1900,verified,original:DataSF wv5m-vpq2 (2025 roll); public_parcel:DataSF wv5m-vpq2 (2025 roll),Original and public parcel values agree.,,5,5,5,exact,verified,original units; official use-code mapping; use-description interpretation; current public parcel lookup,Compatible evidence supports an exact unit count of 5. Evidence: reported_units=5; use_code_range=5..14; use_description_range=5..14; public_parcel_units=5.,multifamily_residential,verified,official use-code mapping; use-description interpretation,Use code and use description agree on multifamily_residential.,A5,Apartment 5 to 14 units,verified_government_published_codebook,Apartment 5 to 14 Units,Apartment property with 5 to 14 units,interpreted_explicit_range,"{""use_code"": """", ""use_description"": """"}",DataSF wv5m-vpq2 (2025 roll),2026-10-01T22:50Z,multiple_candidates,resolved,2026-10-04T02:11:41+00:00,2026-10-01,processed,2026-10-04T02:41:38+00:00
A0148,162-166 5TH ST,Newark,NJ,07105,NJ,Newark,,incorporated,"Newark, NJ",verified,"Census Geocoder/TIGER-Line; matched_address=166 5TH ST, NEWARK, NJ, 07107; place_geoid=3451000; benchmark=Public_AR_Current",2026-10-04T00:49:15+00:00,Existing legal city/state match Census/TIGERweb incorporated-place boundaries.,unknown,unknown,none,No usable year-built value was available from either source.,,5..,5,,range,verified,official use-code mapping,Compatible evidence supports a unit-count range of 5... Evidence: use_code_range=5...,multifamily_residential,verified,official use-code mapping; use-description interpretation,One property-use source is available: use code=multifamily_residential.,4C,Apartments; class 4C; 5 units or more,verified_official_codebook,2.5SF,Building-description shorthand; no reliable unit count can be extracted from the description alone,insufficient_description_for_unit_count,"{""use_code"": ""New Jersey property tax class 4C"", ""use_description"": ""Stories indicated: 2.5""}",NJOGIS Parcels & MOD-IV Composite,2026-10-01T22:50Z,unresolved_candidates,unknown,2026-10-04T02:11:41+00:00,2026-10-01,processed,2026-10-04T02:41:38+00:00
A0149,25 Everett ST,East Boston,MA,02128,MA,Boston,,incorporated,"Boston, MA",verified,"Census Geocoder/TIGER-Line; matched_address=25 EVERETT ST, EAST BOSTON, MA, 02128; place_geoid=2507000; benchmark=Public_AR_Current",2026-10-04T00:49:15+00:00,Existing legal city/state match Census/TIGERweb incorporated-place boundaries.,2023,verified,original:Boston Property Assessment FY2026,Original value retained because no usable public parcel value was available.,,unknown,,,unknown,missing,none,No usable unit-count evidence was available. Public parcel status: candidate_set_incomplete.,multifamily_residential,verified,official use-code mapping; use-description interpretation,Use code and use description agree on multifamily_residential.,A/120,LUXURY APARTMENT,verified_official_dataset,LUXURY APARTMENT,Luxury apartment property,interpreted_use_only,"{""use_code"": ""Luxury apartment"", ""use_description"": ""Luxury apartment classification""}",Boston Property Assessment FY2026,2026-10-01T22:50Z,unresolved_candidates,unknown,2026-10-04T02:11:41+00:00,2026-10-01,processed,2026-10-04T02:41:38+00:00
A0150,3784 E BROADWAY,San Diego,CA,92102,CA,San Diego,,incorporated,"San Diego, CA",verified,"Census Geocoder/TIGER-Line; matched_address=3784 BROADWAY, SAN DIEGO, CA, 92102; place_geoid=0666000; benchmark=Public_AR_Current",2026-10-04T00:49:15+00:00,Existing legal city/state match Census/TIGERweb incorporated-place boundaries.,unknown,unknown,none,No usable year-built value was available from either source.,,9,9,9,exact,verified,original units; official use-code mapping; use-description interpretation,Compatible evidence supports an exact unit count of 9. Evidence: reported_units=9; use_code_range=5..15; use_description_range=5...,multifamily_residential,verified,official use-code mapping; use-description interpretation,Use code and use description agree on multifamily_residential.,14,MULTIPLE 5 TO 15 UNITS-GENERIC,verified_government_dataset_documentation,SANDAG asr_landuse 14-16 (5+ units),Multiple-residential property in an ASR_LANDUSE category representing 5 or more units,interpreted_explicit_range,"{""use_code"": ""Generic multiple-residential classification"", ""use_description"": ""ASR_LANDUSE family 14-16""}",SANDAG/SanGIS parcels,2026-10-01T22:50Z,unresolved_candidates,unknown,2026-10-04T02:11:41+00:00,2026-10-01,processed,2026-10-04T02:41:38+00:00
A0151,16 Queensberry ST,Boston,MA,02215,MA,Boston,,incorporated,"Boston, MA",verified,"Census Geocoder/TIGER-Line; matched_address=16 QUEENSBERRY ST, BOSTON, MA, 02215; place_geoid=2507000; benchmark=Public_AR_Current",2026-10-04T00:49:15+00:00,Existing legal city/state match Census/TIGERweb incorporated-place boundaries.,1899,verified,original:Boston Property Assessment FY2026; public_parcel:Boston Property Assessment FY2026,Original and public parcel values agree.,,7..30,7,30,range,verified,official use-code mapping; use-description interpretation,Compatible evidence supports a unit-count range of 7..30. Evidence: use_code_range=7..30; use_description_range=7..30.,multifamily_residential,verified,official use-code mapping; use-description interpretation,Use code and use description agree on multifamily_residential.,A/112,APT 7-30 UNITS,verified_official_dataset,APT 7-30 UNITS,Apartment property with 7 to 30 units,interpreted_explicit_range,"{""use_code"": """", ""use_description"": """"}",Boston Property Assessment FY2026,2026-10-01T22:50Z,unique,resolved,2026-10-04T02:11:41+00:00,2026-10-01,processed,2026-10-04T02:41:38+00:00
A0152,1669 SUNSET CLIFFS BLVD,San Diego,CA,92107,CA,San Diego,,incorporated,"San Diego, CA",verified,"Census Geocoder/TIGER-Line; matched_address=1669 SUNSET CLIFFS BLVD, SAN DIEGO, CA, 92107; place_geoid=0666000; benchmark=Public_AR_Current",2026-10-04T00:49:15+00:00,Existing legal city/state match Census/TIGERweb incorporated-place boundaries.,unknown,unknown,none,No usable year-built value was available from either source. Public parcel reported an unusable year value (41); it was not inferred or expanded.,,12,12,12,exact,verified,original units; official use-code mapping; use-description interpretation; current public parcel lookup,Compatible evidence supports an exact unit count of 12. Evidence: reported_units=12; use_code_range=5..15; use_description_range=5..; public_parcel_units=12.,multifamily_residential,verified,official use-code mapping; use-description interpretation,Use code and use description agree on multifamily_residential.,14,MULTIPLE 5 TO 15 UNITS-GENERIC,verified_government_dataset_documentation,SANDAG asr_landuse 14-16 (5+ units),Multiple-residential property in an ASR_LANDUSE category representing 5 or more units,interpreted_explicit_range,"{""use_code"": ""Generic multiple-residential classification"", ""use_description"": ""ASR_LANDUSE family 14-16""}",SANDAG/SanGIS parcels,2026-10-01T22:50Z,unique,resolved,2026-10-04T02:11:41+00:00,2026-10-01,processed,2026-10-04T02:41:38+00:00
A0153,366 E 55TH ST,Los Angeles,CA,90011,CA,Los Angeles,,incorporated,"Los Angeles, CA",verified,"Census Geocoder/TIGER-Line; matched_address=366 E 55TH ST, LOS ANGELES, CA, 90011; place_geoid=0644000; benchmark=Public_AR_Current",2026-10-04T00:49:15+00:00,Existing legal city/state match Census/TIGERweb incorporated-place boundaries.,1924,verified,original:LA County eGIS parcels; public_parcel:LA County eGIS parcels,Original and public parcel values agree.,,unknown,,,unknown,conflict,original units; official use-code mapping; use-description interpretation; current public parcel lookup,Unit evidence conflicts; final value is unknown. Evidence: reported_units=9; use_code_range=5..; use_description_range=5..; public_parcel_units=4.,multifamily_residential,verified,official use-code mapping; use-description interpretation,Use code and use description agree on multifamily_residential.,0500,Multi-Family Residence; five or more apartments or units; 4 stories or less; final character unused or unknown,verified_official_codebook,Five or more apartments,Five or more apartments,interpreted_explicit_range,"{""use_code"": ""4 stories or less"", ""use_description"": """"}",LA County eGIS parcels,2026-10-01T22:50Z,unique,resolved,2026-10-04T02:11:41+00:00,2026-10-01,processed,2026-10-04T02:41:38+00:00
A0154,4568 IDAHO ST,San Diego,CA,92116,CA,San Diego,,incorporated,"San Diego, CA",verified,"Census Geocoder/TIGER-Line; matched_address=4568 IDAHO ST, SAN DIEGO, CA, 92116; place_geoid=0666000; benchmark=Public_AR_Current",2026-10-04T00:49:15+00:00,Existing legal city/state match Census/TIGERweb incorporated-place boundaries.,unknown,unknown,none,No usable year-built value was available from either source. Public parcel reported an unusable year value (60); it was not inferred or expanded.,,8,8,8,exact,verified,original units; official use-code mapping; use-description interpretation; current public parcel lookup,Compatible evidence supports an exact unit count of 8. Evidence: reported_units=8; use_code_range=5..15; use_description_range=5..; public_parcel_units=8.,multifamily_residential,verified,official use-code mapping; use-description interpretation,Use code and use description agree on multifamily_residential.,14,MULTIPLE 5 TO 15 UNITS-GENERIC,verified_government_dataset_documentation,SANDAG asr_landuse 14-16 (5+ units),Multiple-residential property in an ASR_LANDUSE category representing 5 or more units,interpreted_explicit_range,"{""use_code"": ""Generic multiple-residential classification"", ""use_description"": ""ASR_LANDUSE family 14-16""}",SANDAG/SanGIS parcels,2026-10-01T22:50Z,unique,resolved,2026-10-04T02:11:41+00:00,2026-10-01,processed,2026-10-04T02:41:38+00:00
A0155,473 Harvard ST,Dorchester,MA,02124,MA,Boston,,incorporated,"Boston, MA",verified,"Census Geocoder/TIGER-Line; matched_address=473 HARVARD ST, DORCHESTER, MA, 02124; place_geoid=2507000; benchmark=Public_AR_Current",2026-10-04T00:49:15+00:00,Existing legal city/state match Census/TIGERweb incorporated-place boundaries.,unknown,unknown,none,No usable year-built value was available from either source.,,unknown,,,unknown,missing,none,No usable unit-count evidence was available. Public parcel status: missing.,subsidized_multifamily,verified,official use-code mapping; use-description interpretation,Use code and use description agree on subsidized_multifamily.,A/125,SUBSD HOUSING S-8,verified_official_dataset,SUBSD HOUSING S- 8,Subsidized Section 8 housing classification,interpreted_use_only,"{""use_code"": ""Section 8 subsidized housing indicator"", ""use_description"": ""Section 8 subsidized housing indicator""}",Boston Property Assessment FY2026,2026-10-01T22:50Z,unique,resolved,2026-10-04T02:11:41+00:00,2026-10-01,processed,2026-10-04T02:41:38+00:00
A0156,290 GREEN ST,San Francisco,CA,,CA,San Francisco,,unknown,"San Francisco, CA",partial,Existing legal-city mapping retained; Census lookup did not independently verify the boundary.,2026-10-04T00:49:15+00:00,Census Geocoder did not return coordinates; jurisdiction was not independently verified.,1927,verified,original:DataSF wv5m-vpq2 (2025 roll); public_parcel:DataSF wv5m-vpq2 (2025 roll),Original and public parcel values agree.,,9,9,9,exact,verified,original units; official use-code mapping; use-description interpretation; current public parcel lookup,Compatible evidence supports an exact unit count of 9. Evidence: reported_units=9; use_code_range=5..14; use_description_range=5..14; public_parcel_units=9.,multifamily_residential,verified,official use-code mapping; use-description interpretation,Use code and use description agree on multifamily_residential.,A5,Apartment 5 to 14 units,verified_government_published_codebook,Apartment 5 to 14 Units,Apartment property with 5 to 14 units,interpreted_explicit_range,"{""use_code"": """", ""use_description"": """"}",DataSF wv5m-vpq2 (2025 roll),2026-10-01T22:50Z,multiple_candidates,resolved,2026-10-04T02:11:41+00:00,2026-10-01,processed,2026-10-04T02:41:38+00:00
A0157,2701 RIDGE RD,Berkeley,CA,94709,CA,Berkeley,,incorporated,"Berkeley, CA",verified,"Census Geocoder/TIGER-Line; matched_address=2701 RIDGE RD, BERKELEY, CA, 94709; place_geoid=0606000; benchmark=Public_AR_Current",2026-10-04T00:49:15+00:00,Existing legal city/state match Census/TIGERweb incorporated-place boundaries.,unknown,unknown,none,No usable year-built value was available from either source.,,12,12,12,exact,verified,official use-code mapping; use-description interpretation; current public parcel lookup,Compatible evidence supports an exact unit count of 12. Evidence: use_code_range=5..; use_description_range=5..; public_parcel_units=12.,multifamily_residential,verified,official use-code mapping; use-description interpretation,Use code and use description agree on multifamily_residential.,7700,Multiple residential building of 5 or more units,verified_official_codebook,Alameda County use code (5+ units),Five or more residential units,interpreted_explicit_range,"{""use_code"": """", ""use_description"": """"}",Alameda County parcels,2026-10-01T22:50Z,unique,resolved,2026-10-04T02:11:41+00:00,2026-10-01,processed,2026-10-04T02:41:38+00:00
A0158,2522 HILGARD AVE,Berkeley,CA,94709,CA,Berkeley,,incorporated,"Berkeley, CA",verified,"Census Geocoder/TIGER-Line; matched_address=2522 HILGARD AVE, BERKELEY, CA, 94709; place_geoid=0606000; benchmark=Public_AR_Current",2026-10-04T00:49:15+00:00,Existing legal city/state match Census/TIGERweb incorporated-place boundaries.,unknown,unknown,none,No usable year-built value was available from either source.,,6,6,6,exact,verified,official use-code mapping; use-description interpretation; current public parcel lookup,Compatible evidence supports an exact unit count of 6. Evidence: use_code_range=5..; use_description_range=5..; public_parcel_units=6.,multifamily_residential,verified,official use-code mapping; use-description interpretation,Use code and use description agree on multifamily_residential.,7700,Multiple residential building of 5 or more units,verified_official_codebook,Alameda County use code (5+ units),Five or more residential units,interpreted_explicit_range,"{""use_code"": """", ""use_description"": """"}",Alameda County parcels,2026-10-01T22:50Z,unique,resolved,2026-10-04T02:11:41+00:00,2026-10-01,processed,2026-10-04T02:41:38+00:00
A0159,104 SUNSET AVE,Newark,NJ,11211,NJ,Newark,,incorporated,"Newark, NJ",verified,"Census Geocoder/TIGER-Line; matched_address=104 SUNSET AVE, NEWARK, NJ, 07106; place_geoid=3451000; benchmark=Public_AR_Current",2026-10-04T00:49:15+00:00,Existing legal city/state match Census/TIGERweb incorporated-place boundaries.,unknown,unknown,none,No usable year-built value was available from either source.,,unknown,,,unknown,conflict,official use-code mapping; current public parcel lookup,Unit evidence conflicts; final value is unknown. Evidence: use_code_range=5..; public_parcel_units=1.,multifamily_residential,verified,official use-code mapping; use-description interpretation,One property-use source is available: use code=multifamily_residential.,4C,Apartments; class 4C; 5 units or more,verified_official_codebook,3SF,Building-description shorthand; no reliable unit count can be extracted from the description alone,insufficient_description_for_unit_count,"{""use_code"": ""New Jersey property tax class 4C"", ""use_description"": ""Stories indicated: 3""}",NJOGIS Parcels & MOD-IV Composite,2026-10-01T22:50Z,unique,resolved,2026-10-04T02:11:41+00:00,2026-10-01,processed,2026-10-04T02:41:38+00:00
A0160,86 CHARLES ST.,Jersey City,NJ,07642,NJ,Jersey City,,incorporated,"Jersey City, NJ",verified,"Census Geocoder/TIGER-Line; matched_address=86 CHARLES ST, JERSEY CITY, NJ, 07307; place_geoid=3436000; benchmark=Public_AR_Current",2026-10-04T00:49:15+00:00,Existing legal city/state match Census/TIGERweb incorporated-place boundaries.,1918,verified,original:NJOGIS Parcels & MOD-IV Composite; public_parcel:NJOGIS Parcels & MOD-IV Composite,Original and public parcel values agree.,,22,22,22,exact,verified,official use-code mapping; use-description interpretation,Compatible evidence supports an exact unit count of 22. Evidence: use_code_range=5..; use_description_range=22..22.,multifamily_residential,verified,official use-code mapping; use-description interpretation,Use code and use description agree on multifamily_residential.,4C,Apartments; class 4C; 5 units or more,verified_official_codebook,3S-B-A-22U,Building description explicitly indicates 22 units,parsed_explicit_unit_count,"{""use_code"": ""New Jersey property tax class 4C"", ""use_description"": ""Stories indicated: 3""}",NJOGIS Parcels & MOD-IV Composite,2026-10-01T22:50Z,unique,resolved,2026-10-04T02:11:41+00:00,2026-10-01,processed,2026-10-04T02:41:38+00:00
A0161,317 UNION ST.,Jersey City,NJ,07013,NJ,Jersey City,,incorporated,"Jersey City, NJ",verified,"Census Geocoder/TIGER-Line; matched_address=317 UNION ST, JERSEY CITY, NJ, 07304; place_geoid=3436000; benchmark=Public_AR_Current",2026-10-04T00:49:15+00:00,Existing legal city/state match Census/TIGERweb incorporated-place boundaries.,1930,verified,original:NJOGIS Parcels & MOD-IV Composite; public_parcel:NJOGIS Parcels & MOD-IV Composite,Original and public parcel values agree.,,21,21,21,exact,verified,official use-code mapping; use-description interpretation,Compatible evidence supports an exact unit count of 21. Evidence: use_code_range=5..; use_description_range=21..21.,multifamily_residential,verified,official use-code mapping; use-description interpretation,Use code and use description agree on multifamily_residential.,4C,Apartments; class 4C; 5 units or more,verified_official_codebook,4S-B-A-21U-H,Building description explicitly indicates 21 units,parsed_explicit_unit_count,"{""use_code"": ""New Jersey property tax class 4C"", ""use_description"": ""Stories indicated: 4; Heat indicated""}",NJOGIS Parcels & MOD-IV Composite,2026-10-01T22:50Z,unique,resolved,2026-10-04T02:11:41+00:00,2026-10-01,processed,2026-10-04T02:41:38+00:00
A0162,1640 N POINSETTIA PL,Los Angeles,CA,90046,CA,Los Angeles,,incorporated,"Los Angeles, CA",verified,"Census Geocoder/TIGER-Line; matched_address=1640 N POINSETTIA PL, LOS ANGELES, CA, 90046; place_geoid=0644000; benchmark=Public_AR_Current",2026-10-04T00:49:15+00:00,Existing legal city/state match Census/TIGERweb incorporated-place boundaries.,1987,verified,original:LA County eGIS parcels; public_parcel:LA County eGIS parcels,Original and public parcel values agree.,,24,24,24,exact,verified,original units; official use-code mapping; use-description interpretation; current public parcel lookup,Compatible evidence supports an exact unit count of 24. Evidence: reported_units=24; use_code_range=5..; use_description_range=5..; public_parcel_units=24.,multifamily_residential,verified,official use-code mapping; use-description interpretation,Use code and use description agree on multifamily_residential.,0500,Multi-Family Residence; five or more apartments or units; 4 stories or less; final character unused or unknown,verified_official_codebook,Five or more apartments,Five or more apartments,interpreted_explicit_range,"{""use_code"": ""4 stories or less"", ""use_description"": """"}",LA County eGIS parcels,2026-10-01T22:50Z,unique,resolved,2026-10-04T02:11:41+00:00,2026-10-01,processed,2026-10-04T02:41:38+00:00
A0163,233-235 SECOND ST.,Jersey City,NJ,07042,NJ,Jersey City,,incorporated,"Jersey City, NJ",verified,"Census Geocoder/TIGER-Line; matched_address=235 2ND ST, JERSEY CITY, NJ, 07302; place_geoid=3436000; benchmark=Public_AR_Current",2026-10-04T00:49:15+00:00,Existing legal city/state match Census/TIGERweb incorporated-place boundaries.,1870,verified,original:NJOGIS Parcels & MOD-IV Composite; public_parcel:NJOGIS Parcels & MOD-IV Composite,Original and public parcel values agree.,,14,14,14,exact,verified,official use-code mapping; use-description interpretation,Compatible evidence supports an exact unit count of 14. Evidence: use_code_range=5..; use_description_range=14..14.,multifamily_residential,verified,official use-code mapping; use-description interpretation,Use code and use description agree on multifamily_residential.,4C,Apartments; class 4C; 5 units or more,verified_official_codebook,3&4S-B&F-14U,Building description explicitly indicates 14 units,parsed_explicit_unit_count,"{""use_code"": ""New Jersey property tax class 4C"", ""use_description"": ""Stories indicated: 4""}",NJOGIS Parcels & MOD-IV Composite,2026-10-01T22:50Z,unique,resolved,2026-10-04T02:11:41+00:00,2026-10-01,processed,2026-10-04T02:41:38+00:00
A0164,725 14TH ST,San Francisco,CA,,CA,San Francisco,,incorporated,"San Francisco, CA",verified,"Census Geocoder/TIGER-Line; matched_address=725 14TH ST, SAN FRANCISCO, CA, 94114; place_geoid=0667000; benchmark=Public_AR_Current",2026-10-04T00:49:15+00:00,Existing legal city/state match Census/TIGERweb incorporated-place boundaries.,1911,verified,original:DataSF wv5m-vpq2 (2025 roll); public_parcel:DataSF wv5m-vpq2 (2025 roll),Original and public parcel values agree.,,6,6,6,exact,verified,original units; official use-code mapping; use-description interpretation; current public parcel lookup,Compatible evidence supports an exact unit count of 6. Evidence: reported_units=6; use_code_range=5..14; use_description_range=5..14; public_parcel_units=6.,multifamily_residential,verified,official use-code mapping; use-description interpretation,Use code and use description agree on multifamily_residential.,A5,Apartment 5 to 14 units,verified_government_published_codebook,Apartment 5 to 14 Units,Apartment property with 5 to 14 units,interpreted_explicit_range,"{""use_code"": """", ""use_description"": """"}",DataSF wv5m-vpq2 (2025 roll),2026-10-01T22:50Z,multiple_candidates,resolved,2026-10-04T02:11:41+00:00,2026-10-01,processed,2026-10-04T02:41:38+00:00
A0165,734 JAMAICA CT,San Diego,CA,92109,CA,San Diego,,incorporated,"San Diego, CA",verified,"Census Geocoder/TIGER-Line; matched_address=734 JAMAICA CT, SAN DIEGO, CA, 92109; place_geoid=0666000; benchmark=Public_AR_Current",2026-10-04T00:49:15+00:00,Existing legal city/state match Census/TIGERweb incorporated-place boundaries.,unknown,unknown,none,No usable year-built value was available from either source. Public parcel reported an unusable year value (58); it was not inferred or expanded.,,8,8,8,exact,verified,original units; official use-code mapping; use-description interpretation; current public parcel lookup,Compatible evidence supports an exact unit count of 8. Evidence: reported_units=8; use_code_range=5..15; use_description_range=5..; public_parcel_units=8.,multifamily_residential,verified,official use-code mapping; use-description interpretation,Use code and use description agree on multifamily_residential.,14,MULTIPLE 5 TO 15 UNITS-GENERIC,verified_government_dataset_documentation,SANDAG asr_landuse 14-16 (5+ units),Multiple-residential property in an ASR_LANDUSE category representing 5 or more units,interpreted_explicit_range,"{""use_code"": ""Generic multiple-residential classification"", ""use_description"": ""ASR_LANDUSE family 14-16""}",SANDAG/SanGIS parcels,2026-10-01T22:50Z,unique,resolved,2026-10-04T02:11:41+00:00,2026-10-01,processed,2026-10-04T02:41:38+00:00
A0166,1 Potter Pk,Cambridge,MA,,MA,Cambridge,,incorporated,"Cambridge, MA",verified,"Census Geocoder/TIGER-Line; matched_address=1 POTTER PARK, CAMBRIDGE, MA, 02138; place_geoid=2511000; benchmark=Public_AR_Current",2026-10-04T00:49:15+00:00,Existing legal city/state match Census/TIGERweb incorporated-place boundaries.,1900,verified,original:Cambridge Property Database FY2026 (waa7-ibdu),Original value retained because no usable public parcel value was available.,,5,5,5,exact,verified,original units; official use-code mapping; use-description interpretation,Compatible evidence supports an exact unit count of 5. Evidence: reported_units=5; use_code_range=4..8; use_description_range=4..8.,multifamily_residential,verified,official use-code mapping; use-description interpretation,Use code and use description agree on multifamily_residential.,111,4-8-UNIT-APT; Residential,verified_official_codebook,4-8-UNIT-APT,Apartment property with 4 to 8 units,interpreted_explicit_range,"{""use_code"": """", ""use_description"": """"}",Cambridge Property Database FY2026 (waa7-ibdu),2026-10-01T22:50Z,unique,unknown,2026-10-04T02:11:41+00:00,2026-10-01,processed,2026-10-04T02:41:38+00:00
A0167,4616 FLORIDA ST,San Diego,CA,92116,CA,San Diego,,incorporated,"San Diego, CA",verified,"Census Geocoder/TIGER-Line; matched_address=4616 FLORIDA ST, SAN DIEGO, CA, 92116; place_geoid=0666000; benchmark=Public_AR_Current",2026-10-04T00:49:15+00:00,Existing legal city/state match Census/TIGERweb incorporated-place boundaries.,unknown,unknown,none,No usable year-built value was available from either source. Public parcel reported an unusable year value (54); it was not inferred or expanded.,,20,20,20,exact,verified,original units; official use-code mapping; use-description interpretation; current public parcel lookup,Compatible evidence supports an exact unit count of 20. Evidence: reported_units=20; use_code_range=16..60; use_description_range=5..; public_parcel_units=20.,multifamily_residential,verified,official use-code mapping; use-description interpretation,Use code and use description agree on multifamily_residential.,15,MULTIPLE 16 TO 60 UNITS-GENERIC,verified_government_dataset_documentation,SANDAG asr_landuse 14-16 (5+ units),Multiple-residential property in an ASR_LANDUSE category representing 5 or more units,interpreted_explicit_range,"{""use_code"": ""Generic multiple-residential classification"", ""use_description"": ""ASR_LANDUSE family 14-16""}",SANDAG/SanGIS parcels,2026-10-01T22:50Z,unique,resolved,2026-10-04T02:11:41+00:00,2026-10-01,processed,2026-10-04T02:41:38+00:00
A0168,600 JACKSON/601 HARRISON,Hoboken,NJ,07030,NJ,Hoboken,,unknown,"Hoboken, NJ",partial,Existing legal-city mapping retained; Census lookup did not independently verify the boundary.,2026-10-04T00:49:15+00:00,Census Geocoder did not return coordinates; jurisdiction was not independently verified.,2007,verified,original:NJOGIS Parcels & MOD-IV Composite,Original value retained because no usable public parcel value was available.,,128,128,128,exact,verified,official use-code mapping; use-description interpretation,Compatible evidence supports an exact unit count of 128. Evidence: use_code_range=5..; use_description_range=128..128.,multifamily_residential,verified,official use-code mapping; use-description interpretation,Use code and use description agree on multifamily_residential.,4C,Apartments; class 4C; 5 units or more,verified_official_codebook,5B-64U/5B-64U-G,"Building description contains multiple structures with unit counts 64, 64; combined total 128 units",parsed_explicit_unit_count,"{""use_code"": ""New Jersey property tax class 4C"", ""use_description"": ""Garage indicated""}",NJOGIS Parcels & MOD-IV Composite,2026-10-01T22:50Z,unique,unknown,2026-10-04T02:11:41+00:00,2026-10-01,processed,2026-10-04T02:41:38+00:00
A0169,115 KILSYTH RD,Brighton,MA,02135,MA,Boston,,incorporated,"Boston, MA",verified,"Census Geocoder/TIGER-Line; matched_address=115 KILSYTH RD, BRIGHTON, MA, 02135; place_geoid=2507000; benchmark=Public_AR_Current",2026-10-04T00:49:15+00:00,Existing legal city/state match Census/TIGERweb incorporated-place boundaries.,1920,verified,original:Boston Property Assessment FY2026; public_parcel:Boston Property Assessment FY2026,Original and public parcel values agree.,,7..30,7,30,range,verified,official use-code mapping; use-description interpretation,Compatible evidence supports a unit-count range of 7..30. Evidence: use_code_range=7..30; use_description_range=7..30.,multifamily_residential,verified,official use-code mapping; use-description interpretation,Use code and use description agree on multifamily_residential.,A/112,APT 7-30 UNITS,verified_official_dataset,APT 7-30 UNITS,Apartment property with 7 to 30 units,interpreted_explicit_range,"{""use_code"": """", ""use_description"": """"}",Boston Property Assessment FY2026,2026-10-01T22:50Z,unique,resolved,2026-10-04T02:11:41+00:00,2026-10-01,processed,2026-10-04T02:41:38+00:00
A0170,8917 CEDROS AVE,Los Angeles,CA,91402,CA,Los Angeles,,incorporated,"Los Angeles, CA",verified,"Census Geocoder/TIGER-Line; matched_address=8917 CEDROS AVE, PANORAMA CITY, CA, 91402; place_geoid=0644000; benchmark=Public_AR_Current",2026-10-04T00:49:15+00:00,Existing legal city/state match Census/TIGERweb incorporated-place boundaries.,1990,verified,original:LA County eGIS parcels; public_parcel:LA County eGIS parcels,Original and public parcel values agree.,,32,32,32,exact,verified,original units; official use-code mapping; use-description interpretation; current public parcel lookup,Compatible evidence supports an exact unit count of 32. Evidence: reported_units=32; use_code_range=5..; use_description_range=5..; public_parcel_units=32.,multifamily_residential,verified,official use-code mapping; use-description interpretation,Use code and use description agree on multifamily_residential.,0500,Multi-Family Residence; five or more apartments or units; 4 stories or less; final character unused or unknown,verified_official_codebook,Five or more apartments,Five or more apartments,interpreted_explicit_range,"{""use_code"": ""4 stories or less"", ""use_description"": """"}",LA County eGIS parcels,2026-10-01T22:50Z,unique,resolved,2026-10-04T02:11:41+00:00,2026-10-01,processed,2026-10-04T02:41:38+00:00
A0171,127 OGDEN AVE.,Jersey City,NJ,07660,NJ,Jersey City,,incorporated,"Jersey City, NJ",verified,"Census Geocoder/TIGER-Line; matched_address=127 OGDEN AVE, JERSEY CITY, NJ, 07307; place_geoid=3436000; benchmark=Public_AR_Current",2026-10-04T00:49:15+00:00,Existing legal city/state match Census/TIGERweb incorporated-place boundaries.,1910,verified,original:NJOGIS Parcels & MOD-IV Composite; public_parcel:NJOGIS Parcels & MOD-IV Composite,Original and public parcel values agree.,,7,7,7,exact,verified,official use-code mapping; use-description interpretation,Compatible evidence supports an exact unit count of 7. Evidence: use_code_range=5..; use_description_range=7..7.,multifamily_residential,verified,official use-code mapping; use-description interpretation,Use code and use description agree on multifamily_residential.,4C,Apartments; class 4C; 5 units or more,verified_official_codebook,3S-B-D-7U-NH,Building description explicitly indicates 7 units,parsed_explicit_unit_count,"{""use_code"": ""New Jersey property tax class 4C"", ""use_description"": ""Stories indicated: 3; No heat indicated""}",NJOGIS Parcels & MOD-IV Composite,2026-10-01T22:50Z,unique,resolved,2026-10-04T02:11:41+00:00,2026-10-01,processed,2026-10-04T02:41:38+00:00
A0172,8504 WILLIS AVE,Los Angeles,CA,91402,CA,Los Angeles,,incorporated,"Los Angeles, CA",verified,"Census Geocoder/TIGER-Line; matched_address=8504 WILLIS AVE, PANORAMA CITY, CA, 91402; place_geoid=0644000; benchmark=Public_AR_Current",2026-10-04T00:49:15+00:00,Existing legal city/state match Census/TIGERweb incorporated-place boundaries.,1960,verified,original:LA County eGIS parcels; public_parcel:LA County eGIS parcels,Original and public parcel values agree.,,33,33,33,exact,verified,original units; official use-code mapping; use-description interpretation; current public parcel lookup,Compatible evidence supports an exact unit count of 33. Evidence: reported_units=33; use_code_range=5..; use_description_range=5..; public_parcel_units=33.,multifamily_residential,verified,official use-code mapping; use-description interpretation,Use code and use description agree on multifamily_residential.,0500,Multi-Family Residence; five or more apartments or units; 4 stories or less; final character unused or unknown,verified_official_codebook,Five or more apartments,Five or more apartments,interpreted_explicit_range,"{""use_code"": ""4 stories or less"", ""use_description"": """"}",LA County eGIS parcels,2026-10-01T22:50Z,unique,resolved,2026-10-04T02:11:41+00:00,2026-10-01,processed,2026-10-04T02:41:38+00:00
A0173,13180 FOOTHILL BLVD,Los Angeles,CA,91342,CA,Los Angeles,,incorporated,"Los Angeles, CA",verified,"Census Geocoder/TIGER-Line; matched_address=13180 FOOTHILL BLVD, SYLMAR, CA, 91342; place_geoid=0644000; benchmark=Public_AR_Current",2026-10-04T00:49:15+00:00,Existing legal city/state match Census/TIGERweb incorporated-place boundaries.,1937,verified,original:LA County eGIS parcels; public_parcel:LA County eGIS parcels,Original and public parcel values agree.,,9,9,9,exact,verified,original units; official use-code mapping; use-description interpretation; current public parcel lookup,Compatible evidence supports an exact unit count of 9. Evidence: reported_units=9; use_code_range=5..; use_description_range=5..; public_parcel_units=9.,multifamily_residential,verified,official use-code mapping; use-description interpretation,Use code and use description agree on multifamily_residential.,0500,Multi-Family Residence; five or more apartments or units; 4 stories or less; final character unused or unknown,verified_official_codebook,Five or more apartments,Five or more apartments,interpreted_explicit_range,"{""use_code"": ""4 stories or less"", ""use_description"": """"}",LA County eGIS parcels,2026-10-01T22:50Z,unique,resolved,2026-10-04T02:11:41+00:00,2026-10-01,processed,2026-10-04T02:41:38+00:00
A0174,84 Hampshire St,Cambridge,MA,,MA,Cambridge,,incorporated,"Cambridge, MA",verified,"Census Geocoder/TIGER-Line; matched_address=84 HAMPSHIRE ST, CAMBRIDGE, MA, 02139; place_geoid=2511000; benchmark=Public_AR_Current",2026-10-04T00:49:15+00:00,Existing legal city/state match Census/TIGERweb incorporated-place boundaries.,1900,verified,original:Cambridge Property Database FY2026 (waa7-ibdu); public_parcel:Cambridge Property Database FY2026 (waa7-ibdu),Original and public parcel values agree.,,19,19,19,exact,verified,original units; official use-code mapping; use-description interpretation; current public parcel lookup,Compatible evidence supports an exact unit count of 19. Evidence: reported_units=19; use_code_range=9..; use_description_range=9..; public_parcel_units=19.,multifamily_residential,verified,official use-code mapping; use-description interpretation,Use code and use description agree on multifamily_residential.,112,>8-UNIT-APT; Residential,verified_official_codebook,>8-UNIT-APT,Apartment property with more than 8 units,interpreted_explicit_range,"{""use_code"": """", ""use_description"": """"}",Cambridge Property Database FY2026 (waa7-ibdu),2026-10-01T22:50Z,unique,resolved,2026-10-04T02:11:41+00:00,2026-10-01,processed,2026-10-04T02:41:38+00:00
A0175,10 Dover St,Cambridge,MA,,MA,Cambridge,,incorporated,"Cambridge, MA",verified,"Census Geocoder/TIGER-Line; matched_address=10 DOVER ST, CAMBRIDGE, MA, 02140; place_geoid=2511000; benchmark=Public_AR_Current",2026-10-04T00:49:15+00:00,Existing legal city/state match Census/TIGERweb incorporated-place boundaries.,1922,verified,original:Cambridge Property Database FY2026 (waa7-ibdu); public_parcel:Cambridge Property Database FY2026 (waa7-ibdu),Original and public parcel values agree.,,6,6,6,exact,verified,original units; official use-code mapping; use-description interpretation; current public parcel lookup,Compatible evidence supports an exact unit count of 6. Evidence: reported_units=6; use_code_range=4..8; use_description_range=4..8; public_parcel_units=6.,multifamily_residential,verified,official use-code mapping; use-description interpretation,Use code and use description agree on multifamily_residential.,111,4-8-UNIT-APT; Residential,verified_official_codebook,4-8-UNIT-APT,Apartment property with 4 to 8 units,interpreted_explicit_range,"{""use_code"": """", ""use_description"": """"}",Cambridge Property Database FY2026 (waa7-ibdu),2026-10-01T22:50Z,unique,resolved,2026-10-04T02:11:41+00:00,2026-10-01,processed,2026-10-04T02:41:38+00:00
A0176,15 Chester St,Cambridge,MA,,MA,Cambridge,,incorporated,"Cambridge, MA",verified,"Census Geocoder/TIGER-Line; matched_address=15 CHESTER ST, CAMBRIDGE, MA, 02140; place_geoid=2511000; benchmark=Public_AR_Current",2026-10-04T00:49:15+00:00,Existing legal city/state match Census/TIGERweb incorporated-place boundaries.,1965,verified,original:Cambridge Property Database FY2026 (waa7-ibdu),Original value retained because no usable public parcel value was available.,,29,29,29,exact,verified,original units; official use-code mapping; use-description interpretation,Compatible evidence supports an exact unit count of 29. Evidence: reported_units=29; use_code_range=9..; use_description_range=9...,multifamily_residential,verified,official use-code mapping; use-description interpretation,Use code and use description agree on multifamily_residential.,112,>8-UNIT-APT; Residential,verified_official_codebook,>8-UNIT-APT,Apartment property with more than 8 units,interpreted_explicit_range,"{""use_code"": """", ""use_description"": """"}",Cambridge Property Database FY2026 (waa7-ibdu),2026-10-01T22:50Z,unresolved_candidates,unknown,2026-10-04T02:11:41+00:00,2026-10-01,processed,2026-10-04T02:41:38+00:00
A0177,166 HIGHLAND AVE.,Jersey City,NJ,11201,NJ,Jersey City,,incorporated,"Jersey City, NJ",verified,"Census Geocoder/TIGER-Line; matched_address=166 HIGHLAND AVE, JERSEY CITY, NJ, 07306; place_geoid=3436000; benchmark=Public_AR_Current",2026-10-04T00:49:15+00:00,Existing legal city/state match Census/TIGERweb incorporated-place boundaries.,1912,verified,original:NJOGIS Parcels & MOD-IV Composite; public_parcel:NJOGIS Parcels & MOD-IV Composite,Original and public parcel values agree.,,6,6,6,exact,verified,official use-code mapping; use-description interpretation,Compatible evidence supports an exact unit count of 6. Evidence: use_code_range=5..; use_description_range=6..6.,multifamily_residential,verified,official use-code mapping; use-description interpretation,Use code and use description agree on multifamily_residential.,4C,Apartments; class 4C; 5 units or more,verified_official_codebook,3S-F-D-6U-NH,Building description explicitly indicates 6 units,parsed_explicit_unit_count,"{""use_code"": ""New Jersey property tax class 4C"", ""use_description"": ""Stories indicated: 3; No heat indicated""}",NJOGIS Parcels & MOD-IV Composite,2026-10-01T22:50Z,unique,resolved,2026-10-04T02:11:41+00:00,2026-10-01,processed,2026-10-04T02:41:38+00:00
A0178,5308 RIVERTON AVE,Los Angeles,CA,91601,CA,Los Angeles,,incorporated,"Los Angeles, CA",verified,"Census Geocoder/TIGER-Line; matched_address=5308 RIVERTON AVE, NORTH HOLLYWOOD, CA, 91601; place_geoid=0644000; benchmark=Public_AR_Current",2026-10-04T00:49:15+00:00,Existing legal city/state match Census/TIGERweb incorporated-place boundaries.,1961,verified,original:LA County eGIS parcels; public_parcel:LA County eGIS parcels,Original and public parcel values agree.,,7,7,7,exact,verified,original units; official use-code mapping; use-description interpretation; current public parcel lookup,Compatible evidence supports an exact unit count of 7. Evidence: reported_units=7; use_code_range=5..; use_description_range=5..; public_parcel_units=7.,multifamily_residential,verified,official use-code mapping; use-description interpretation,Use code and use description agree on multifamily_residential.,0500,Multi-Family Residence; five or more apartments or units; 4 stories or less; final character unused or unknown,verified_official_codebook,Five or more apartments,Five or more apartments,interpreted_explicit_range,"{""use_code"": ""4 stories or less"", ""use_description"": """"}",LA County eGIS parcels,2026-10-01T22:50Z,unique,resolved,2026-10-04T02:11:41+00:00,2026-10-01,processed,2026-10-04T02:41:38+00:00
A0179,7006 LANEWOOD AVE,Los Angeles,CA,90028,CA,Los Angeles,,incorporated,"Los Angeles, CA",verified,"Census Geocoder/TIGER-Line; matched_address=7006 LANEWOOD AVE, LOS ANGELES, CA, 90028; place_geoid=0644000; benchmark=Public_AR_Current",2026-10-04T00:49:15+00:00,Existing legal city/state match Census/TIGERweb incorporated-place boundaries.,1958,verified,original:LA County eGIS parcels; public_parcel:LA County eGIS parcels,Original and public parcel values agree.,,18,18,18,exact,verified,original units; official use-code mapping; use-description interpretation; current public parcel lookup,Compatible evidence supports an exact unit count of 18. Evidence: reported_units=18; use_code_range=5..; use_description_range=5..; public_parcel_units=18.,multifamily_residential,verified,official use-code mapping; use-description interpretation,Use code and use description agree on multifamily_residential.,0500,Multi-Family Residence; five or more apartments or units; 4 stories or less; final character unused or unknown,verified_official_codebook,Five or more apartments,Five or more apartments,interpreted_explicit_range,"{""use_code"": ""4 stories or less"", ""use_description"": """"}",LA County eGIS parcels,2026-10-01T22:50Z,unique,resolved,2026-10-04T02:11:41+00:00,2026-10-01,processed,2026-10-04T02:41:38+00:00
A0180,845 S KINGSLEY DR,Los Angeles,CA,90005,CA,Los Angeles,,incorporated,"Los Angeles, CA",verified,"Census Geocoder/TIGER-Line; matched_address=845 S KINGSLEY DR, LOS ANGELES, CA, 90005; place_geoid=0644000; benchmark=Public_AR_Current",2026-10-04T00:49:15+00:00,Existing legal city/state match Census/TIGERweb incorporated-place boundaries.,1990,verified,original:LA County eGIS parcels; public_parcel:LA County eGIS parcels,Original and public parcel values agree.,,33,33,33,exact,verified,original units; official use-code mapping; use-description interpretation; current public parcel lookup,Compatible evidence supports an exact unit count of 33. Evidence: reported_units=33; use_code_range=5..; use_description_range=5..; public_parcel_units=33.,multifamily_residential,verified,official use-code mapping; use-description interpretation,Use code and use description agree on multifamily_residential.,0500,Multi-Family Residence; five or more apartments or units; 4 stories or less; final character unused or unknown,verified_official_codebook,Five or more apartments,Five or more apartments,interpreted_explicit_range,"{""use_code"": ""4 stories or less"", ""use_description"": """"}",LA County eGIS parcels,2026-10-01T22:50Z,unique,resolved,2026-10-04T02:11:41+00:00,2026-10-01,processed,2026-10-04T02:41:38+00:00
A0181,931 GARDEN ST,Hoboken,NJ,07030,NJ,Hoboken,,incorporated,"Hoboken, NJ",verified,"Census Geocoder/TIGER-Line; matched_address=931 GARDEN ST, HOBOKEN, NJ, 07030; place_geoid=3432250; benchmark=Public_AR_Current",2026-10-04T00:49:15+00:00,Existing legal city/state match Census/TIGERweb incorporated-place boundaries.,unknown,unknown,none,No usable year-built value was available from either source.,,10,10,10,exact,verified,official use-code mapping; use-description interpretation; current public parcel lookup,Compatible evidence supports an exact unit count of 10. Evidence: use_code_range=5..; use_description_range=10..10; public_parcel_units=10.,multifamily_residential,verified,official use-code mapping; use-description interpretation,Use code and use description agree on multifamily_residential.,4C,Apartments; class 4C; 5 units or more,verified_official_codebook,5B-10U-BA,Building description explicitly indicates 10 units,parsed_explicit_unit_count,"{""use_code"": ""New Jersey property tax class 4C"", ""use_description"": """"}",NJOGIS Parcels & MOD-IV Composite,2026-10-01T22:50Z,unique,resolved,2026-10-04T02:11:41+00:00,2026-10-01,processed,2026-10-04T02:41:38+00:00
A0182,911-923 CLINTON ST,Hoboken,NJ,07030,NJ,Hoboken,,incorporated,"Hoboken, NJ",verified,"Census Geocoder/TIGER-Line; matched_address=923 CLINTON ST, HOBOKEN, NJ, 07030; place_geoid=3432250; benchmark=Public_AR_Current",2026-10-04T00:49:15+00:00,Existing legal city/state match Census/TIGERweb incorporated-place boundaries.,unknown,unknown,none,No usable year-built value was available from either source.,,90,90,90,exact,verified,official use-code mapping; use-description interpretation,Compatible evidence supports an exact unit count of 90. Evidence: use_code_range=5..; use_description_range=90..90.,multifamily_residential,verified,official use-code mapping; use-description interpretation,Use code and use description agree on multifamily_residential.,4C,Apartments; class 4C; 5 units or more,verified_official_codebook,"2,5B-90U-H-BA",Building description explicitly indicates 90 units,parsed_explicit_unit_count,"{""use_code"": ""New Jersey property tax class 4C"", ""use_description"": ""Heat indicated""}",NJOGIS Parcels & MOD-IV Composite,2026-10-01T22:50Z,unique,resolved,2026-10-04T02:11:41+00:00,2026-10-01,processed,2026-10-04T02:41:38+00:00
A0183,2427 HILGARD AVE,Berkeley,CA,94709,CA,Berkeley,,incorporated,"Berkeley, CA",verified,"Census Geocoder/TIGER-Line; matched_address=2427 HILGARD AVE, BERKELEY, CA, 94709; place_geoid=0606000; benchmark=Public_AR_Current",2026-10-04T00:49:15+00:00,Existing legal city/state match Census/TIGERweb incorporated-place boundaries.,1924,verified,public_parcel:Alameda County parcels,Public parcel value used because the original value was missing.,,15,15,15,exact,verified,official use-code mapping; use-description interpretation; current public parcel lookup,Compatible evidence supports an exact unit count of 15. Evidence: use_code_range=5..; use_description_range=5..; public_parcel_units=15.,multifamily_residential,verified,official use-code mapping; use-description interpretation,Use code and use description agree on multifamily_residential.,7700,Multiple residential building of 5 or more units,verified_official_codebook,Alameda County use code (5+ units),Five or more residential units,interpreted_explicit_range,"{""use_code"": """", ""use_description"": """"}",Alameda County parcels,2026-10-01T22:50Z,unique,resolved,2026-10-04T02:11:41+00:00,2026-10-01,processed,2026-10-04T02:41:38+00:00
A0184,156 W 32ND ST,Los Angeles,CA,90007,CA,Los Angeles,,incorporated,"Los Angeles, CA",verified,"Census Geocoder/TIGER-Line; matched_address=156 W 32ND ST, LOS ANGELES, CA, 90007; place_geoid=0644000; benchmark=Public_AR_Current",2026-10-04T00:49:15+00:00,Existing legal city/state match Census/TIGERweb incorporated-place boundaries.,1907,verified,original:LA County eGIS parcels; public_parcel:LA County eGIS parcels,Original and public parcel values agree.,,16,16,16,exact,verified,original units; official use-code mapping; use-description interpretation; current public parcel lookup,Compatible evidence supports an exact unit count of 16. Evidence: reported_units=16; use_code_range=5..; use_description_range=5..; public_parcel_units=16.,multifamily_residential,verified,official use-code mapping; use-description interpretation,Use code and use description agree on multifamily_residential.,0500,Multi-Family Residence; five or more apartments or units; 4 stories or less; final character unused or unknown,verified_official_codebook,Five or more apartments,Five or more apartments,interpreted_explicit_range,"{""use_code"": ""4 stories or less"", ""use_description"": """"}",LA County eGIS parcels,2026-10-01T22:50Z,unique,resolved,2026-10-04T02:11:41+00:00,2026-10-01,processed,2026-10-04T02:41:38+00:00
A0185,154 TERHUNE AVE.,Jersey City,NJ,07103,NJ,Jersey City,,incorporated,"Jersey City, NJ",verified,"Census Geocoder/TIGER-Line; matched_address=154 TERHUNE AVE, JERSEY CITY, NJ, 07305; place_geoid=3436000; benchmark=Public_AR_Current",2026-10-04T00:49:15+00:00,Existing legal city/state match Census/TIGERweb incorporated-place boundaries.,1922,verified,original:NJOGIS Parcels & MOD-IV Composite; public_parcel:NJOGIS Parcels & MOD-IV Composite,Original and public parcel values agree.,,6,6,6,exact,verified,official use-code mapping; use-description interpretation,Compatible evidence supports an exact unit count of 6. Evidence: use_code_range=5..; use_description_range=6..6.,multifamily_residential,verified,official use-code mapping; use-description interpretation,Use code and use description agree on multifamily_residential.,4C,Apartments; class 4C; 5 units or more,verified_official_codebook,3S-F-D-6U-NH,Building description explicitly indicates 6 units,parsed_explicit_unit_count,"{""use_code"": ""New Jersey property tax class 4C"", ""use_description"": ""Stories indicated: 3; No heat indicated""}",NJOGIS Parcels & MOD-IV Composite,2026-10-01T22:50Z,unique,resolved,2026-10-04T02:11:41+00:00,2026-10-01,processed,2026-10-04T02:41:38+00:00
A0186,107 BEACON AVE.,Jersey City,NJ,07306,NJ,Jersey City,,incorporated,"Jersey City, NJ",verified,"Census Geocoder/TIGER-Line; matched_address=107 BEACON AVE, JERSEY CITY, NJ, 07306; place_geoid=3436000; benchmark=Public_AR_Current",2026-10-04T00:49:15+00:00,Existing legal city/state match Census/TIGERweb incorporated-place boundaries.,unknown,unknown,none,No usable year-built value was available from either source. Public parcel reported an unusable year value (1); it was not inferred or expanded.,,5,5,5,exact,verified,official use-code mapping; use-description interpretation; current public parcel lookup,Compatible evidence supports an exact unit count of 5. Evidence: use_code_range=5..; use_description_range=5..5; public_parcel_units=5.,multifamily_residential,verified,official use-code mapping; use-description interpretation,Use code and use description agree on multifamily_residential.,4C,Apartments; class 4C; 5 units or more,verified_official_codebook,3S-F-D-5U-NH,Building description explicitly indicates 5 units,parsed_explicit_unit_count,"{""use_code"": ""New Jersey property tax class 4C"", ""use_description"": ""Stories indicated: 3; No heat indicated""}",NJOGIS Parcels & MOD-IV Composite,2026-10-01T22:50Z,unique,resolved,2026-10-04T02:11:41+00:00,2026-10-01,processed,2026-10-04T02:41:38+00:00
A0187,146 CARLTON AVE.,Jersey City,NJ,07423,NJ,Jersey City,,incorporated,"Jersey City, NJ",verified,"Census Geocoder/TIGER-Line; matched_address=146 CARLTON AVE, JERSEY CITY, NJ, 07306; place_geoid=3436000; benchmark=Public_AR_Current",2026-10-04T00:49:15+00:00,Existing legal city/state match Census/TIGERweb incorporated-place boundaries.,1925,verified,original:NJOGIS Parcels & MOD-IV Composite; public_parcel:NJOGIS Parcels & MOD-IV Composite,Original and public parcel values agree.,,6,6,6,exact,verified,official use-code mapping; use-description interpretation,Compatible evidence supports an exact unit count of 6. Evidence: use_code_range=5..; use_description_range=6..6.,multifamily_residential,verified,official use-code mapping; use-description interpretation,Use code and use description agree on multifamily_residential.,4C,Apartments; class 4C; 5 units or more,verified_official_codebook,3S-F-D-6U-NH,Building description explicitly indicates 6 units,parsed_explicit_unit_count,"{""use_code"": ""New Jersey property tax class 4C"", ""use_description"": ""Stories indicated: 3; No heat indicated""}",NJOGIS Parcels & MOD-IV Composite,2026-10-01T22:50Z,unique,resolved,2026-10-04T02:11:41+00:00,2026-10-01,processed,2026-10-04T02:41:38+00:00
A0188,2819 MCGEE AVE,Berkeley,CA,94703,CA,Berkeley,,incorporated,"Berkeley, CA",verified,"Census Geocoder/TIGER-Line; matched_address=2819 MCGEE AVE, BERKELEY, CA, 94703; place_geoid=0606000; benchmark=Public_AR_Current",2026-10-04T00:49:15+00:00,Existing legal city/state match Census/TIGERweb incorporated-place boundaries.,1960,verified,public_parcel:Alameda County parcels,Public parcel value used because the original value was missing.,,7,7,7,exact,verified,official use-code mapping; use-description interpretation; current public parcel lookup,Compatible evidence supports an exact unit count of 7. Evidence: use_code_range=5..; use_description_range=5..; public_parcel_units=7.,multifamily_residential,verified,official use-code mapping; use-description interpretation,Use code and use description agree on multifamily_residential.,7700,Multiple residential building of 5 or more units,verified_official_codebook,Alameda County use code (5+ units),Five or more residential units,interpreted_explicit_range,"{""use_code"": """", ""use_description"": """"}",Alameda County parcels,2026-10-01T22:50Z,unique,resolved,2026-10-04T02:11:41+00:00,2026-10-01,processed,2026-10-04T02:41:38+00:00
A0189,1811 CARLETON ST,Berkeley,CA,94703,CA,Berkeley,,incorporated,"Berkeley, CA",verified,"Census Geocoder/TIGER-Line; matched_address=1811 CARLETON ST, BERKELEY, CA, 94703; place_geoid=0606000; benchmark=Public_AR_Current",2026-10-04T00:49:15+00:00,Existing legal city/state match Census/TIGERweb incorporated-place boundaries.,unknown,unknown,none,No usable year-built value was available from either source.,,6,6,6,exact,verified,official use-code mapping; use-description interpretation; current public parcel lookup,Compatible evidence supports an exact unit count of 6. Evidence: use_code_range=5..; use_description_range=5..; public_parcel_units=6.,multifamily_residential,verified,official use-code mapping; use-description interpretation,Use code and use description agree on multifamily_residential.,7200,Residential property converted to 5 or more units,verified_official_codebook,Alameda County use code (5+ units),Five or more residential units,interpreted_explicit_range,"{""use_code"": """", ""use_description"": """"}",Alameda County parcels,2026-10-01T22:50Z,unique,resolved,2026-10-04T02:11:41+00:00,2026-10-01,processed,2026-10-04T02:41:38+00:00
A0190,283 ADAMS ST,Newark,NJ,07105,NJ,Newark,,incorporated,"Newark, NJ",verified,"Census Geocoder/TIGER-Line; matched_address=283 ADAMS ST, NEWARK, NJ, 07105; place_geoid=3451000; benchmark=Public_AR_Current",2026-10-04T00:49:15+00:00,Existing legal city/state match Census/TIGERweb incorporated-place boundaries.,unknown,unknown,none,No usable year-built value was available from either source.,,unknown,,,unknown,conflict,official use-code mapping; current public parcel lookup,Unit evidence conflicts; final value is unknown. Evidence: use_code_range=5..; public_parcel_units=1.,multifamily_residential,verified,official use-code mapping; use-description interpretation,One property-use source is available: use code=multifamily_residential.,4C,Apartments; class 4C; 5 units or more,verified_official_codebook,3SB,Building-description shorthand; no reliable unit count can be extracted from the description alone,insufficient_description_for_unit_count,"{""use_code"": ""New Jersey property tax class 4C"", ""use_description"": ""Stories indicated: 3""}",NJOGIS Parcels & MOD-IV Composite,2026-10-01T22:50Z,unique,resolved,2026-10-04T02:11:41+00:00,2026-10-01,processed,2026-10-04T02:41:38+00:00
A0191,60 Kirkland St,Cambridge,MA,,MA,Cambridge,,incorporated,"Cambridge, MA",verified,"Census Geocoder/TIGER-Line; matched_address=60 KIRKLAND ST, CAMBRIDGE, MA, 02138; place_geoid=2511000; benchmark=Public_AR_Current",2026-10-04T00:49:15+00:00,Existing legal city/state match Census/TIGERweb incorporated-place boundaries.,1891,verified,original:Cambridge Property Database FY2026 (waa7-ibdu); public_parcel:Cambridge Property Database FY2026 (waa7-ibdu),Original and public parcel values agree.,,6,6,6,exact,verified,original units; official use-code mapping; use-description interpretation; current public parcel lookup,Compatible evidence supports an exact unit count of 6. Evidence: reported_units=6; use_code_range=4..8; use_description_range=4..8; public_parcel_units=6.,multifamily_residential,verified,official use-code mapping; use-description interpretation,Use code and use description agree on multifamily_residential.,111,4-8-UNIT-APT; Residential,verified_official_codebook,4-8-UNIT-APT,Apartment property with 4 to 8 units,interpreted_explicit_range,"{""use_code"": """", ""use_description"": """"}",Cambridge Property Database FY2026 (waa7-ibdu),2026-10-01T22:50Z,unique,resolved,2026-10-04T02:11:41+00:00,2026-10-01,processed,2026-10-04T02:41:38+00:00
A0192,780 POST ST,San Francisco,CA,,CA,San Francisco,,incorporated,"San Francisco, CA",verified,"Census Geocoder/TIGER-Line; matched_address=780 POST ST, SAN FRANCISCO, CA, 94109; place_geoid=0667000; benchmark=Public_AR_Current",2026-10-04T00:49:15+00:00,Existing legal city/state match Census/TIGERweb incorporated-place boundaries.,1916,verified,original:DataSF wv5m-vpq2 (2025 roll); public_parcel:DataSF wv5m-vpq2 (2025 roll),Original and public parcel values agree.,,36,36,36,exact,verified,original units; official use-code mapping; use-description interpretation; current public parcel lookup,Compatible evidence supports an exact unit count of 36. Evidence: reported_units=36; use_code_range=15..; use_description_range=15..; public_parcel_units=36.,multifamily_residential,verified,official use-code mapping; use-description interpretation,Use code and use description agree on multifamily_residential.,A15,Apartment 15 units or more,verified_government_published_codebook,Apartment 15 Units or more,Apartment property with 15 or more units,interpreted_explicit_range,"{""use_code"": """", ""use_description"": """"}",DataSF wv5m-vpq2 (2025 roll),2026-10-01T22:50Z,multiple_candidates,resolved,2026-10-04T02:11:41+00:00,2026-10-01,processed,2026-10-04T02:41:38+00:00
A0193,1626 BONITA AVE,Berkeley,CA,94709,CA,Berkeley,,incorporated,"Berkeley, CA",verified,"Census Geocoder/TIGER-Line; matched_address=1626 BONITA AVE, BERKELEY, CA, 94709; place_geoid=0606000; benchmark=Public_AR_Current",2026-10-04T00:49:15+00:00,Existing legal city/state match Census/TIGERweb incorporated-place boundaries.,1961,verified,public_parcel:Alameda County parcels,Public parcel value used because the original value was missing.,,6,6,6,exact,verified,official use-code mapping; use-description interpretation; current public parcel lookup,Compatible evidence supports an exact unit count of 6. Evidence: use_code_range=5..; use_description_range=5..; public_parcel_units=6.,multifamily_residential,verified,official use-code mapping; use-description interpretation,Use code and use description agree on multifamily_residential.,7700,Multiple residential building of 5 or more units,verified_official_codebook,Alameda County use code (5+ units),Five or more residential units,interpreted_explicit_range,"{""use_code"": """", ""use_description"": """"}",Alameda County parcels,2026-10-01T22:50Z,unique,resolved,2026-10-04T02:11:41+00:00,2026-10-01,processed,2026-10-04T02:41:38+00:00
A0194,72 Burbank ST,Boston,MA,02115,MA,Boston,,incorporated,"Boston, MA",verified,"Census Geocoder/TIGER-Line; matched_address=72 BURBANK ST, BOSTON, MA, 02115; place_geoid=2507000; benchmark=Public_AR_Current",2026-10-04T00:49:15+00:00,Existing legal city/state match Census/TIGERweb incorporated-place boundaries.,2022,verified,original:Boston Property Assessment FY2026; public_parcel:Boston Property Assessment FY2026,Original and public parcel values agree.,,unknown,,,unknown,missing,none,No usable unit-count evidence was available. Public parcel status: missing.,subsidized_multifamily,verified,official use-code mapping; use-description interpretation,Use code and use description agree on subsidized_multifamily.,A/125,SUBSD HOUSING S-8,verified_official_dataset,SUBSD HOUSING S- 8,Subsidized Section 8 housing classification,interpreted_use_only,"{""use_code"": ""Section 8 subsidized housing indicator"", ""use_description"": ""Section 8 subsidized housing indicator""}",Boston Property Assessment FY2026,2026-10-01T22:50Z,unique,resolved,2026-10-04T02:11:41+00:00,2026-10-01,processed,2026-10-04T02:41:38+00:00
A0195,1850-1848 COMMONWEALTH AV,Brighton,MA,02135,MA,Boston,,incorporated,"Boston, MA",verified,"Census Geocoder/TIGER-Line; matched_address=1848 COMMONWEALTH AVE, BRIGHTON, MA, 02135; place_geoid=2507000; benchmark=Public_AR_Current",2026-10-04T00:49:15+00:00,Existing legal city/state match Census/TIGERweb incorporated-place boundaries.,1910,verified,original:Boston Property Assessment FY2026,Original value retained because no usable public parcel value was available.,,7..30,7,30,range,verified,official use-code mapping; use-description interpretation,Compatible evidence supports a unit-count range of 7..30. Evidence: use_code_range=7..30; use_description_range=7..30.,multifamily_residential,verified,official use-code mapping; use-description interpretation,Use code and use description agree on multifamily_residential.,A/112,APT 7-30 UNITS,verified_official_dataset,APT 7-30 UNITS,Apartment property with 7 to 30 units,interpreted_explicit_range,"{""use_code"": """", ""use_description"": """"}",Boston Property Assessment FY2026,2026-10-01T22:50Z,unique,unknown,2026-10-04T02:11:41+00:00,2026-10-01,processed,2026-10-04T02:41:38+00:00
A0196,16915 BLACKHAWK ST,Los Angeles,CA,91344,CA,Los Angeles,,incorporated,"Los Angeles, CA",verified,"Census Geocoder/TIGER-Line; matched_address=16915 BLACKHAWK ST, GRANADA HILLS, CA, 91344; place_geoid=0644000; benchmark=Public_AR_Current",2026-10-04T00:49:15+00:00,Existing legal city/state match Census/TIGERweb incorporated-place boundaries.,1962,verified,original:LA County eGIS parcels; public_parcel:LA County eGIS parcels,Original and public parcel values agree.,,30,30,30,exact,verified,original units; official use-code mapping; use-description interpretation; current public parcel lookup,Compatible evidence supports an exact unit count of 30. Evidence: reported_units=30; use_code_range=5..; use_description_range=5..; public_parcel_units=30.,multifamily_residential,verified,official use-code mapping; use-description interpretation,Use code and use description agree on multifamily_residential.,0501,Multi-Family Residence; five or more apartments or units; 4 stories or less; pool,verified_official_codebook,Five or more apartments,Five or more apartments,interpreted_explicit_range,"{""use_code"": ""4 stories or less; pool"", ""use_description"": """"}",LA County eGIS parcels,2026-10-01T22:50Z,unique,resolved,2026-10-04T02:11:41+00:00,2026-10-01,processed,2026-10-04T02:41:38+00:00
A0197,1611 62ND ST,Berkeley,CA,94703,CA,Berkeley,,incorporated,"Berkeley, CA",verified,"Census Geocoder/TIGER-Line; matched_address=1611 62ND ST, BERKELEY, CA, 94703; place_geoid=0606000; benchmark=Public_AR_Current",2026-10-04T00:49:15+00:00,Existing legal city/state match Census/TIGERweb incorporated-place boundaries.,unknown,unknown,none,No usable year-built value was available from either source.,,7,7,7,exact,verified,official use-code mapping; use-description interpretation; current public parcel lookup,Compatible evidence supports an exact unit count of 7. Evidence: use_code_range=5..; use_description_range=5..; public_parcel_units=7.,multifamily_residential,verified,official use-code mapping; use-description interpretation,Use code and use description agree on multifamily_residential.,7200,Residential property converted to 5 or more units,verified_official_codebook,Alameda County use code (5+ units),Five or more residential units,interpreted_explicit_range,"{""use_code"": """", ""use_description"": """"}",Alameda County parcels,2026-10-01T22:50Z,unique,resolved,2026-10-04T02:11:41+00:00,2026-10-01,processed,2026-10-04T02:41:38+00:00
A0198,194 Havre ST,East Boston,MA,02128,MA,Boston,,incorporated,"Boston, MA",verified,"Census Geocoder/TIGER-Line; matched_address=194 HAVRE ST, EAST BOSTON, MA, 02128; place_geoid=2507000; benchmark=Public_AR_Current",2026-10-04T00:49:15+00:00,Existing legal city/state match Census/TIGERweb incorporated-place boundaries.,2019,verified,original:Boston Property Assessment FY2026; public_parcel:Boston Property Assessment FY2026,Original and public parcel values agree.,,7..30,7,30,range,verified,official use-code mapping; use-description interpretation,Compatible evidence supports a unit-count range of 7..30. Evidence: use_code_range=7..30; use_description_range=7..30.,multifamily_residential,verified,official use-code mapping; use-description interpretation,Use code and use description agree on multifamily_residential.,A/112,APT 7-30 UNITS,verified_official_dataset,APT 7-30 UNITS,Apartment property with 7 to 30 units,interpreted_explicit_range,"{""use_code"": """", ""use_description"": """"}",Boston Property Assessment FY2026,2026-10-01T22:50Z,unique,resolved,2026-10-04T02:11:41+00:00,2026-10-01,processed,2026-10-04T02:41:38+00:00
A0199,42 Bay State Rd,Cambridge,MA,,MA,Cambridge,,incorporated,"Cambridge, MA",verified,"Census Geocoder/TIGER-Line; matched_address=42 BAY STATE RD, CAMBRIDGE, MA, 02138; place_geoid=2511000; benchmark=Public_AR_Current",2026-10-04T00:49:15+00:00,Existing legal city/state match Census/TIGERweb incorporated-place boundaries.,2012,verified,original:Cambridge Property Database FY2026 (waa7-ibdu); public_parcel:Cambridge Property Database FY2026 (waa7-ibdu),Original and public parcel values agree.,,5,5,5,exact,verified,original units; official use-code mapping; use-description interpretation; current public parcel lookup,Compatible evidence supports an exact unit count of 5. Evidence: reported_units=5; use_code_range=4..8; use_description_range=4..8; public_parcel_units=5.,multifamily_residential,verified,official use-code mapping; use-description interpretation,Use code and use description agree on multifamily_residential.,111,4-8-UNIT-APT; Residential,verified_official_codebook,4-8-UNIT-APT,Apartment property with 4 to 8 units,interpreted_explicit_range,"{""use_code"": """", ""use_description"": """"}",Cambridge Property Database FY2026 (waa7-ibdu),2026-10-01T22:50Z,unique,resolved,2026-10-04T02:11:41+00:00,2026-10-01,processed,2026-10-04T02:41:38+00:00
A0200,1853 N HIGHLAND AVE,Los Angeles,CA,90028,CA,Los Angeles,,incorporated,"Los Angeles, CA",verified,"Census Geocoder/TIGER-Line; matched_address=1853 N HIGHLAND AVE, LOS ANGELES, CA, 90028; place_geoid=0644000; benchmark=Public_AR_Current",2026-10-04T00:49:15+00:00,Existing legal city/state match Census/TIGERweb incorporated-place boundaries.,unknown,unknown,none,No usable year-built value was available from either source. Public parcel reported an unusable year value (0000); it was not inferred or expanded.,,unknown,,,unknown,conflict,original units; official use-code mapping; use-description interpretation; current public parcel lookup,Unit evidence conflicts; final value is unknown. Evidence: reported_units=5; use_code_range=5..; use_description_range=5..; public_parcel_units=1.,multifamily_residential,verified,official use-code mapping; use-description interpretation,Use code and use description agree on multifamily_residential.,0500,Multi-Family Residence; five or more apartments or units; 4 stories or less; final character unused or unknown,verified_official_codebook,Five or more apartments,Five or more apartments,interpreted_explicit_range,"{""use_code"": ""4 stories or less"", ""use_description"": """"}",LA County eGIS parcels,2026-10-01T22:50Z,unique,resolved,2026-10-04T02:11:41+00:00,2026-10-01,processed,2026-10-04T02:41:38+00:00
A0201,2737 BENVENUE AVE,Berkeley,CA,94705,CA,Berkeley,,incorporated,"Berkeley, CA",verified,"Census Geocoder/TIGER-Line; matched_address=2737 BENVENUE AVE, BERKELEY, CA, 94705; place_geoid=0606000; benchmark=Public_AR_Current",2026-10-04T00:49:15+00:00,Existing legal city/state match Census/TIGERweb incorporated-place boundaries.,1908,verified,public_parcel:Alameda County parcels,Public parcel value used because the original value was missing.,,9,9,9,exact,verified,official use-code mapping; use-description interpretation; current public parcel lookup,Compatible evidence supports an exact unit count of 9. Evidence: use_code_range=5..; use_description_range=5..; public_parcel_units=9.,multifamily_residential,verified,official use-code mapping; use-description interpretation,Use code and use description agree on multifamily_residential.,7700,Multiple residential building of 5 or more units,verified_official_codebook,Alameda County use code (5+ units),Five or more residential units,interpreted_explicit_range,"{""use_code"": """", ""use_description"": """"}",Alameda County parcels,2026-10-01T22:50Z,unique,resolved,2026-10-04T02:11:41+00:00,2026-10-01,processed,2026-10-04T02:41:38+00:00
A0202,1446 JACKSON ST,San Francisco,CA,,CA,San Francisco,,incorporated,"San Francisco, CA",verified,"Census Geocoder/TIGER-Line; matched_address=1446 JACKSON ST, SAN FRANCISCO, CA, 94109; place_geoid=0667000; benchmark=Public_AR_Current",2026-10-04T00:49:15+00:00,Existing legal city/state match Census/TIGERweb incorporated-place boundaries.,1907,verified,original:DataSF wv5m-vpq2 (2025 roll); public_parcel:DataSF wv5m-vpq2 (2025 roll),Original and public parcel values agree.,,6,6,6,exact,verified,original units; official use-code mapping; use-description interpretation; current public parcel lookup,Compatible evidence supports an exact unit count of 6. Evidence: reported_units=6; use_code_range=5..14; use_description_range=5..14; public_parcel_units=6.,multifamily_residential,verified,official use-code mapping; use-description interpretation,Use code and use description agree on multifamily_residential.,A5,Apartment 5 to 14 units,verified_government_published_codebook,Apartment 5 to 14 Units,Apartment property with 5 to 14 units,interpreted_explicit_range,"{""use_code"": """", ""use_description"": """"}",DataSF wv5m-vpq2 (2025 roll),2026-10-01T22:50Z,multiple_candidates,resolved,2026-10-04T02:11:41+00:00,2026-10-01,processed,2026-10-04T02:41:38+00:00
A0203,2986-2930 Washington ST,Roxbury,MA,02119,MA,Boston,,incorporated,"Boston, MA",verified,"Census Geocoder/TIGER-Line; matched_address=2930 WASHINGTON ST, ROXBURY, MA, 02119; place_geoid=2507000; benchmark=Public_AR_Current",2026-10-04T00:49:15+00:00,Existing legal city/state match Census/TIGERweb incorporated-place boundaries.,2002,verified,original:Boston Property Assessment FY2026,Original value retained because no usable public parcel value was available.,,unknown,,,unknown,missing,none,No usable unit-count evidence was available. Public parcel status: address_not_aligned.,subsidized_multifamily,verified,official use-code mapping; use-description interpretation,Use code and use description agree on subsidized_multifamily.,A/125,SUBSD HOUSING S-8,verified_official_dataset,SUBSD HOUSING S- 8,Subsidized Section 8 housing classification,interpreted_use_only,"{""use_code"": ""Section 8 subsidized housing indicator"", ""use_description"": ""Section 8 subsidized housing indicator""}",Boston Property Assessment FY2026,2026-10-01T22:50Z,unique,unknown,2026-10-04T02:11:41+00:00,2026-10-01,processed,2026-10-04T02:41:38+00:00
A0204,202-208 6TH AVE W,Newark,NJ,08736,NJ,Newark,,incorporated,"Newark, NJ",verified,"Census Geocoder/TIGER-Line; matched_address=208 6TH AVE W, NEWARK, NJ, 07107; place_geoid=3451000; benchmark=Public_AR_Current",2026-10-04T00:49:15+00:00,Existing legal city/state match Census/TIGERweb incorporated-place boundaries.,unknown,unknown,none,No usable year-built value was available from either source.,,unknown,,,unknown,conflict,official use-code mapping; current public parcel lookup,Unit evidence conflicts; final value is unknown. Evidence: use_code_range=5..; public_parcel_units=1.,multifamily_residential,verified,official use-code mapping; use-description interpretation,One property-use source is available: use code=multifamily_residential.,4C,Apartments; class 4C; 5 units or more,verified_official_codebook,3SB,Building-description shorthand; no reliable unit count can be extracted from the description alone,insufficient_description_for_unit_count,"{""use_code"": ""New Jersey property tax class 4C"", ""use_description"": ""Stories indicated: 3""}",NJOGIS Parcels & MOD-IV Composite,2026-10-01T22:50Z,unique,resolved,2026-10-04T02:11:41+00:00,2026-10-01,processed,2026-10-04T02:41:38+00:00
A0205,2425 GRANT ST,Berkeley,CA,94703,CA,Berkeley,,incorporated,"Berkeley, CA",verified,"Census Geocoder/TIGER-Line; matched_address=2425 GRANT ST, BERKELEY, CA, 94703; place_geoid=0606000; benchmark=Public_AR_Current",2026-10-04T00:49:15+00:00,Existing legal city/state match Census/TIGERweb incorporated-place boundaries.,1962,verified,public_parcel:Alameda County parcels,Public parcel value used because the original value was missing.,,10,10,10,exact,verified,official use-code mapping; use-description interpretation; current public parcel lookup,Compatible evidence supports an exact unit count of 10. Evidence: use_code_range=5..; use_description_range=5..; public_parcel_units=10.,multifamily_residential,verified,official use-code mapping; use-description interpretation,Use code and use description agree on multifamily_residential.,7700,Multiple residential building of 5 or more units,verified_official_codebook,Alameda County use code (5+ units),Five or more residential units,interpreted_explicit_range,"{""use_code"": """", ""use_description"": """"}",Alameda County parcels,2026-10-01T22:50Z,unique,resolved,2026-10-04T02:11:41+00:00,2026-10-01,processed,2026-10-04T02:41:38+00:00
A0206,401 43RD AV,San Francisco,CA,,CA,San Francisco,,incorporated,"San Francisco, CA",verified,"Census Geocoder/TIGER-Line; matched_address=401 43RD AVE, SAN FRANCISCO, CA, 94121; place_geoid=0667000; benchmark=Public_AR_Current",2026-10-04T00:49:15+00:00,Existing legal city/state match Census/TIGERweb incorporated-place boundaries.,1929,verified,original:DataSF wv5m-vpq2 (2025 roll); public_parcel:DataSF wv5m-vpq2 (2025 roll),Original and public parcel values agree.,,21,21,21,exact,verified,original units; official use-code mapping; use-description interpretation; current public parcel lookup,Compatible evidence supports an exact unit count of 21. Evidence: reported_units=21; use_code_range=15..; use_description_range=15..; public_parcel_units=21.,multifamily_residential,verified,official use-code mapping; use-description interpretation,Use code and use description agree on multifamily_residential.,A15,Apartment 15 units or more,verified_government_published_codebook,Apartment 15 Units or more,Apartment property with 15 or more units,interpreted_explicit_range,"{""use_code"": """", ""use_description"": """"}",DataSF wv5m-vpq2 (2025 roll),2026-10-01T22:50Z,multiple_candidates,resolved,2026-10-04T02:11:41+00:00,2026-10-01,processed,2026-10-04T02:41:38+00:00
A0207,705 W 23RD ST,Los Angeles,CA,90007,CA,Los Angeles,,incorporated,"Los Angeles, CA",verified,"Census Geocoder/TIGER-Line; matched_address=705 W 23RD ST, LOS ANGELES, CA, 90007; place_geoid=0644000; benchmark=Public_AR_Current",2026-10-04T00:49:15+00:00,Existing legal city/state match Census/TIGERweb incorporated-place boundaries.,1901,verified,original:LA County eGIS parcels; public_parcel:LA County eGIS parcels,Original and public parcel values agree.,,10,10,10,exact,verified,original units; official use-code mapping; use-description interpretation; current public parcel lookup,Compatible evidence supports an exact unit count of 10. Evidence: reported_units=10; use_code_range=5..; use_description_range=5..; public_parcel_units=10.,multifamily_residential,verified,official use-code mapping; use-description interpretation,Use code and use description agree on multifamily_residential.,0500,Multi-Family Residence; five or more apartments or units; 4 stories or less; final character unused or unknown,verified_official_codebook,Five or more apartments,Five or more apartments,interpreted_explicit_range,"{""use_code"": ""4 stories or less"", ""use_description"": """"}",LA County eGIS parcels,2026-10-01T22:50Z,unique,resolved,2026-10-04T02:11:41+00:00,2026-10-01,processed,2026-10-04T02:41:38+00:00
A0208,126 ADAMS ST,Hoboken,NJ,07604,NJ,Hoboken,,incorporated,"Hoboken, NJ",verified,"Census Geocoder/TIGER-Line; matched_address=126 ADAMS ST, HOBOKEN, NJ, 07030; place_geoid=3432250; benchmark=Public_AR_Current",2026-10-04T00:49:15+00:00,Existing legal city/state match Census/TIGERweb incorporated-place boundaries.,unknown,unknown,none,No usable year-built value was available from either source.,,8,8,8,exact,verified,official use-code mapping; use-description interpretation; current public parcel lookup,Compatible evidence supports an exact unit count of 8. Evidence: use_code_range=5..; use_description_range=8..8; public_parcel_units=8.,multifamily_residential,verified,official use-code mapping; use-description interpretation,Use code and use description agree on multifamily_residential.,4C,Apartments; class 4C; 5 units or more,verified_official_codebook,4B-8U,Building description explicitly indicates 8 units,parsed_explicit_unit_count,"{""use_code"": ""New Jersey property tax class 4C"", ""use_description"": """"}",NJOGIS Parcels & MOD-IV Composite,2026-10-01T22:50Z,unique,resolved,2026-10-04T02:11:41+00:00,2026-10-01,processed,2026-10-04T02:41:38+00:00
A0209,19 Trowbridge St,Cambridge,MA,,MA,Cambridge,,incorporated,"Cambridge, MA",verified,"Census Geocoder/TIGER-Line; matched_address=19 TROWBRIDGE ST, CAMBRIDGE, MA, 02138; place_geoid=2511000; benchmark=Public_AR_Current",2026-10-04T00:49:15+00:00,Existing legal city/state match Census/TIGERweb incorporated-place boundaries.,1910,verified,original:Cambridge Property Database FY2026 (waa7-ibdu); public_parcel:Cambridge Property Database FY2026 (waa7-ibdu),Original and public parcel values agree.,,6,6,6,exact,verified,original units; official use-code mapping; use-description interpretation; current public parcel lookup,Compatible evidence supports an exact unit count of 6. Evidence: reported_units=6; use_code_range=4..8; use_description_range=4..8; public_parcel_units=6.,multifamily_residential,verified,official use-code mapping; use-description interpretation,Use code and use description agree on multifamily_residential.,111,4-8-UNIT-APT; Residential,verified_official_codebook,4-8-UNIT-APT,Apartment property with 4 to 8 units,interpreted_explicit_range,"{""use_code"": """", ""use_description"": """"}",Cambridge Property Database FY2026 (waa7-ibdu),2026-10-01T22:50Z,unique,resolved,2026-10-04T02:11:41+00:00,2026-10-01,processed,2026-10-04T02:41:38+00:00
A0210,1432 N CURSON AVE,Los Angeles,CA,90046,CA,Los Angeles,,incorporated,"Los Angeles, CA",verified,"Census Geocoder/TIGER-Line; matched_address=1432 N CURSON AVE, LOS ANGELES, CA, 90046; place_geoid=0644000; benchmark=Public_AR_Current",2026-10-04T00:49:15+00:00,Existing legal city/state match Census/TIGERweb incorporated-place boundaries.,2016,verified,original:LA County eGIS parcels; public_parcel:LA County eGIS parcels,Original and public parcel values agree.,,9,9,9,exact,verified,original units; official use-code mapping; use-description interpretation; current public parcel lookup,Compatible evidence supports an exact unit count of 9. Evidence: reported_units=9; use_code_range=5..; use_description_range=5..; public_parcel_units=9.,multifamily_residential,verified,official use-code mapping; use-description interpretation,Use code and use description agree on multifamily_residential.,0500,Multi-Family Residence; five or more apartments or units; 4 stories or less; final character unused or unknown,verified_official_codebook,Five or more apartments,Five or more apartments,interpreted_explicit_range,"{""use_code"": ""4 stories or less"", ""use_description"": """"}",LA County eGIS parcels,2026-10-01T22:50Z,unique,resolved,2026-10-04T02:11:41+00:00,2026-10-01,processed,2026-10-04T02:41:38+00:00
A0211,499 BEACON ST,Boston,MA,02215,MA,Boston,,incorporated,"Boston, MA",verified,"Census Geocoder/TIGER-Line; matched_address=499 BEACON ST, BOSTON, MA, 02215; place_geoid=2507000; benchmark=Public_AR_Current",2026-10-04T00:49:15+00:00,Existing legal city/state match Census/TIGERweb incorporated-place boundaries.,1899,verified,original:Boston Property Assessment FY2026; public_parcel:Boston Property Assessment FY2026,Original and public parcel values agree.,,7..30,7,30,range,verified,official use-code mapping; use-description interpretation,Compatible evidence supports a unit-count range of 7..30. Evidence: use_code_range=7..30; use_description_range=7..30.,multifamily_residential,verified,official use-code mapping; use-description interpretation,Use code and use description agree on multifamily_residential.,A/112,APT 7-30 UNITS,verified_official_dataset,APT 7-30 UNITS,Apartment property with 7 to 30 units,interpreted_explicit_range,"{""use_code"": """", ""use_description"": """"}",Boston Property Assessment FY2026,2026-10-01T22:50Z,unique,resolved,2026-10-04T02:11:41+00:00,2026-10-01,processed,2026-10-04T02:41:38+00:00
A0212,1311 SOUTH VAN NESS AV,San Francisco,CA,,CA,San Francisco,,incorporated,"San Francisco, CA",verified,"Census Geocoder/TIGER-Line; matched_address=1311 S VAN NESS AVE, SAN FRANCISCO, CA, 94110; place_geoid=0667000; benchmark=Public_AR_Current",2026-10-04T00:49:15+00:00,Existing legal city/state match Census/TIGERweb incorporated-place boundaries.,1900,verified,original:DataSF wv5m-vpq2 (2025 roll); public_parcel:DataSF wv5m-vpq2 (2025 roll),Original and public parcel values agree.,,5,5,5,exact,verified,original units; official use-code mapping; use-description interpretation; current public parcel lookup,Compatible evidence supports an exact unit count of 5. Evidence: reported_units=5; use_code_range=5..14; use_description_range=5..14; public_parcel_units=5.,multifamily_residential,verified,official use-code mapping; use-description interpretation,Use code and use description agree on multifamily_residential.,A5,Apartment 5 to 14 units,verified_government_published_codebook,Apartment 5 to 14 Units,Apartment property with 5 to 14 units,interpreted_explicit_range,"{""use_code"": """", ""use_description"": """"}",DataSF wv5m-vpq2 (2025 roll),2026-10-01T22:50Z,multiple_candidates,resolved,2026-10-04T02:11:41+00:00,2026-10-01,processed,2026-10-04T02:41:38+00:00
A0213,11649 ACAMA ST,Los Angeles,CA,91604,CA,Los Angeles,,incorporated,"Los Angeles, CA",verified,"Census Geocoder/TIGER-Line; matched_address=11649 ACAMA ST, STUDIO CITY, CA, 91604; place_geoid=0644000; benchmark=Public_AR_Current",2026-10-04T00:49:15+00:00,Existing legal city/state match Census/TIGERweb incorporated-place boundaries.,1986,verified,original:LA County eGIS parcels; public_parcel:LA County eGIS parcels,Original and public parcel values agree.,,7,7,7,exact,verified,original units; official use-code mapping; use-description interpretation; current public parcel lookup,Compatible evidence supports an exact unit count of 7. Evidence: reported_units=7; use_code_range=5..; use_description_range=5..; public_parcel_units=7.,multifamily_residential,verified,official use-code mapping; use-description interpretation,Use code and use description agree on multifamily_residential.,0500,Multi-Family Residence; five or more apartments or units; 4 stories or less; final character unused or unknown,verified_official_codebook,Five or more apartments,Five or more apartments,interpreted_explicit_range,"{""use_code"": ""4 stories or less"", ""use_description"": """"}",LA County eGIS parcels,2026-10-01T22:50Z,unique,resolved,2026-10-04T02:11:41+00:00,2026-10-01,processed,2026-10-04T02:41:38+00:00
A0214,358 Harvard St,Cambridge,MA,,MA,Cambridge,,incorporated,"Cambridge, MA",verified,"Census Geocoder/TIGER-Line; matched_address=358 HARVARD ST, CAMBRIDGE, MA, 02138; place_geoid=2511000; benchmark=Public_AR_Current",2026-10-04T00:49:15+00:00,Existing legal city/state match Census/TIGERweb incorporated-place boundaries.,1900,verified,original:Cambridge Property Database FY2026 (waa7-ibdu); public_parcel:Cambridge Property Database FY2026 (waa7-ibdu),Original and public parcel values agree.,,6,6,6,exact,verified,original units; official use-code mapping; use-description interpretation; current public parcel lookup,Compatible evidence supports an exact unit count of 6. Evidence: reported_units=6; use_code_range=4..8; use_description_range=4..8; public_parcel_units=6.,multifamily_residential,verified,official use-code mapping; use-description interpretation,Use code and use description agree on multifamily_residential.,111,4-8-UNIT-APT; Residential,verified_official_codebook,4-8-UNIT-APT,Apartment property with 4 to 8 units,interpreted_explicit_range,"{""use_code"": """", ""use_description"": """"}",Cambridge Property Database FY2026 (waa7-ibdu),2026-10-01T22:50Z,unique,resolved,2026-10-04T02:11:41+00:00,2026-10-01,processed,2026-10-04T02:41:38+00:00
A0215,2295 CALIFORNIA ST,San Francisco,CA,,CA,San Francisco,,incorporated,"San Francisco, CA",verified,"Census Geocoder/TIGER-Line; matched_address=2295 CALIFORNIA ST, SAN FRANCISCO, CA, 94115; place_geoid=0667000; benchmark=Public_AR_Current",2026-10-04T00:49:15+00:00,Existing legal city/state match Census/TIGERweb incorporated-place boundaries.,1924,verified,original:DataSF wv5m-vpq2 (2025 roll); public_parcel:DataSF wv5m-vpq2 (2025 roll),Original and public parcel values agree.,,21,21,21,exact,verified,original units; official use-code mapping; use-description interpretation; current public parcel lookup,Compatible evidence supports an exact unit count of 21. Evidence: reported_units=21; use_code_range=15..; use_description_range=15..; public_parcel_units=21.,multifamily_residential,verified,official use-code mapping; use-description interpretation,Use code and use description agree on multifamily_residential.,A15,Apartment 15 units or more,verified_government_published_codebook,Apartment 15 Units or more,Apartment property with 15 or more units,interpreted_explicit_range,"{""use_code"": """", ""use_description"": """"}",DataSF wv5m-vpq2 (2025 roll),2026-10-01T22:50Z,multiple_candidates,resolved,2026-10-04T02:11:41+00:00,2026-10-01,processed,2026-10-04T02:41:38+00:00
A0216,2309 HASTE ST,Berkeley,CA,94704,CA,Berkeley,,incorporated,"Berkeley, CA",verified,"Census Geocoder/TIGER-Line; matched_address=2309 HASTE ST, BERKELEY, CA, 94704; place_geoid=0606000; benchmark=Public_AR_Current",2026-10-04T00:49:15+00:00,Existing legal city/state match Census/TIGERweb incorporated-place boundaries.,unknown,unknown,none,No usable year-built value was available from either source.,,8,8,8,exact,verified,official use-code mapping; use-description interpretation; current public parcel lookup,Compatible evidence supports an exact unit count of 8. Evidence: use_code_range=5..; use_description_range=5..; public_parcel_units=8.,multifamily_residential,verified,official use-code mapping; use-description interpretation,Use code and use description agree on multifamily_residential.,7700,Multiple residential building of 5 or more units,verified_official_codebook,Alameda County use code (5+ units),Five or more residential units,interpreted_explicit_range,"{""use_code"": """", ""use_description"": """"}",Alameda County parcels,2026-10-01T22:50Z,unique,resolved,2026-10-04T02:11:41+00:00,2026-10-01,processed,2026-10-04T02:41:38+00:00
A0217,170-172 Maverick ST,East Boston,MA,02128,MA,Boston,,incorporated,"Boston, MA",verified,"Census Geocoder/TIGER-Line; matched_address=172 MAVERICK ST, EAST BOSTON, MA, 02128; place_geoid=2507000; benchmark=Public_AR_Current",2026-10-04T00:49:15+00:00,Existing legal city/state match Census/TIGERweb incorporated-place boundaries.,2011,verified,original:Boston Property Assessment FY2026; public_parcel:Boston Property Assessment FY2026,Original and public parcel values agree.,,unknown,,,unknown,missing,none,No usable unit-count evidence was available. Public parcel status: missing.,subsidized_multifamily,verified,official use-code mapping; use-description interpretation,Use code and use description agree on subsidized_multifamily.,A/125,SUBSD HOUSING S-8,verified_official_dataset,SUBSD HOUSING S- 8,Subsidized Section 8 housing classification,interpreted_use_only,"{""use_code"": ""Section 8 subsidized housing indicator"", ""use_description"": ""Section 8 subsidized housing indicator""}",Boston Property Assessment FY2026,2026-10-01T22:50Z,unique,resolved,2026-10-04T02:11:41+00:00,2026-10-01,processed,2026-10-04T02:41:38+00:00
A0218,15 Richdale Ave,Cambridge,MA,,MA,Cambridge,,incorporated,"Cambridge, MA",verified,"Census Geocoder/TIGER-Line; matched_address=15 RICHDALE AVE, CAMBRIDGE, MA, 02140; place_geoid=2511000; benchmark=Public_AR_Current",2026-10-04T00:49:15+00:00,Existing legal city/state match Census/TIGERweb incorporated-place boundaries.,1910,verified,original:Cambridge Property Database FY2026 (waa7-ibdu); public_parcel:Cambridge Property Database FY2026 (waa7-ibdu),Original and public parcel values agree.,,46,46,46,exact,verified,original units; official use-code mapping; use-description interpretation; current public parcel lookup,Compatible evidence supports an exact unit count of 46. Evidence: reported_units=46; use_code_range=9..; use_description_range=9..; public_parcel_units=46.,multifamily_residential,verified,official use-code mapping; use-description interpretation,Use code and use description agree on multifamily_residential.,112,>8-UNIT-APT; Residential,verified_official_codebook,>8-UNIT-APT,Apartment property with more than 8 units,interpreted_explicit_range,"{""use_code"": """", ""use_description"": """"}",Cambridge Property Database FY2026 (waa7-ibdu),2026-10-01T22:50Z,unique,resolved,2026-10-04T02:11:41+00:00,2026-10-01,processed,2026-10-04T02:41:38+00:00
A0219,3735 32ND ST,San Diego,CA,92104,CA,San Diego,,incorporated,"San Diego, CA",verified,"Census Geocoder/TIGER-Line; matched_address=3735 32ND ST, SAN DIEGO, CA, 92104; place_geoid=0666000; benchmark=Public_AR_Current",2026-10-04T00:49:15+00:00,Existing legal city/state match Census/TIGERweb incorporated-place boundaries.,unknown,unknown,none,No usable year-built value was available from either source. Public parcel reported an unusable year value (71); it was not inferred or expanded.,,8,8,8,exact,verified,original units; official use-code mapping; use-description interpretation; current public parcel lookup,Compatible evidence supports an exact unit count of 8. Evidence: reported_units=8; use_code_range=5..15; use_description_range=5..; public_parcel_units=8.,multifamily_residential,verified,official use-code mapping; use-description interpretation,Use code and use description agree on multifamily_residential.,14,MULTIPLE 5 TO 15 UNITS-GENERIC,verified_government_dataset_documentation,SANDAG asr_landuse 14-16 (5+ units),Multiple-residential property in an ASR_LANDUSE category representing 5 or more units,interpreted_explicit_range,"{""use_code"": ""Generic multiple-residential classification"", ""use_description"": ""ASR_LANDUSE family 14-16""}",SANDAG/SanGIS parcels,2026-10-01T22:50Z,unique,resolved,2026-10-04T02:11:41+00:00,2026-10-01,processed,2026-10-04T02:41:38+00:00
A0220,21-23 Faulkner ST,Dorchester,MA,02122,MA,Boston,,incorporated,"Boston, MA",verified,"Census Geocoder/TIGER-Line; matched_address=23 FAULKNER ST, DORCHESTER, MA, 02122; place_geoid=2507000; benchmark=Public_AR_Current",2026-10-04T00:49:15+00:00,Existing legal city/state match Census/TIGERweb incorporated-place boundaries.,1900,verified,original:Boston Property Assessment FY2026; public_parcel:Boston Property Assessment FY2026,Original and public parcel values agree.,,unknown,,,unknown,missing,none,No usable unit-count evidence was available. Public parcel status: missing.,subsidized_multifamily,verified,official use-code mapping; use-description interpretation,Use code and use description agree on subsidized_multifamily.,A/125,SUBSD HOUSING S-8,verified_official_dataset,SUBSD HOUSING S- 8,Subsidized Section 8 housing classification,interpreted_use_only,"{""use_code"": ""Section 8 subsidized housing indicator"", ""use_description"": ""Section 8 subsidized housing indicator""}",Boston Property Assessment FY2026,2026-10-01T22:50Z,unique,resolved,2026-10-04T02:11:41+00:00,2026-10-01,processed,2026-10-04T02:41:38+00:00
A0221,191 Park DR,Boston,MA,02215,MA,Boston,,incorporated,"Boston, MA",verified,"Census Geocoder/TIGER-Line; matched_address=191 PARK DR, BOSTON, MA, 02215; place_geoid=2507000; benchmark=Public_AR_Current",2026-10-04T00:49:15+00:00,Existing legal city/state match Census/TIGERweb incorporated-place boundaries.,1910,verified,original:Boston Property Assessment FY2026,Original value retained because no usable public parcel value was available.,,7..30,7,30,range,verified,official use-code mapping; use-description interpretation,Compatible evidence supports a unit-count range of 7..30. Evidence: use_code_range=7..30; use_description_range=7..30.,multifamily_residential,verified,official use-code mapping; use-description interpretation,Use code and use description agree on multifamily_residential.,A/112,APT 7-30 UNITS,verified_official_dataset,APT 7-30 UNITS,Apartment property with 7 to 30 units,interpreted_explicit_range,"{""use_code"": """", ""use_description"": """"}",Boston Property Assessment FY2026,2026-10-01T22:50Z,unresolved_candidates,unknown,2026-10-04T02:11:41+00:00,2026-10-01,processed,2026-10-04T02:41:38+00:00
A0222,1901 VALLEJO ST,San Francisco,CA,,CA,San Francisco,,incorporated,"San Francisco, CA",verified,"Census Geocoder/TIGER-Line; matched_address=1901 VALLEJO ST, SAN FRANCISCO, CA, 94123; place_geoid=0667000; benchmark=Public_AR_Current",2026-10-04T00:49:15+00:00,Existing legal city/state match Census/TIGERweb incorporated-place boundaries.,1960,verified,original:DataSF wv5m-vpq2 (2025 roll); public_parcel:DataSF wv5m-vpq2 (2025 roll),Original and public parcel values agree.,,8,8,8,exact,verified,original units; official use-code mapping; use-description interpretation; current public parcel lookup,Compatible evidence supports an exact unit count of 8. Evidence: reported_units=8; use_code_range=5..14; use_description_range=5..14; public_parcel_units=8.,multifamily_residential,verified,official use-code mapping; use-description interpretation,Use code and use description agree on multifamily_residential.,A5,Apartment 5 to 14 units,verified_government_published_codebook,Apartment 5 to 14 Units,Apartment property with 5 to 14 units,interpreted_explicit_range,"{""use_code"": """", ""use_description"": """"}",DataSF wv5m-vpq2 (2025 roll),2026-10-01T22:50Z,multiple_candidates,resolved,2026-10-04T02:11:41+00:00,2026-10-01,processed,2026-10-04T02:41:38+00:00
A0223,504 COURT ST,Hoboken,NJ,07030,NJ,Hoboken,,incorporated,"Hoboken, NJ",verified,"Census Geocoder/TIGER-Line; matched_address=504 COURT ST, HOBOKEN, NJ, 07030; place_geoid=3432250; benchmark=Public_AR_Current",2026-10-04T00:49:15+00:00,Existing legal city/state match Census/TIGERweb incorporated-place boundaries.,unknown,unknown,none,No usable year-built value was available from either source.,,5,5,5,exact,verified,official use-code mapping; use-description interpretation,Compatible evidence supports an exact unit count of 5. Evidence: use_code_range=5..; use_description_range=5..5.,multifamily_residential,verified,official use-code mapping; use-description interpretation,Use code and use description agree on multifamily_residential.,4C,Apartments; class 4C; 5 units or more,verified_official_codebook,4B-5U-H-BA,Building description explicitly indicates 5 units,parsed_explicit_unit_count,"{""use_code"": ""New Jersey property tax class 4C"", ""use_description"": ""Heat indicated""}",NJOGIS Parcels & MOD-IV Composite,2026-10-01T22:50Z,unresolved_candidates,unknown,2026-10-04T02:11:41+00:00,2026-10-01,processed,2026-10-04T02:41:38+00:00
A0224,8727 TOBIAS AVE,Los Angeles,CA,91402,CA,Los Angeles,,incorporated,"Los Angeles, CA",verified,"Census Geocoder/TIGER-Line; matched_address=8727 TOBIAS AVE, PANORAMA CITY, CA, 91402; place_geoid=0644000; benchmark=Public_AR_Current",2026-10-04T00:49:15+00:00,Existing legal city/state match Census/TIGERweb incorporated-place boundaries.,1960,verified,original:LA County eGIS parcels; public_parcel:LA County eGIS parcels,Original and public parcel values agree.,,13,13,13,exact,verified,original units; official use-code mapping; use-description interpretation; current public parcel lookup,Compatible evidence supports an exact unit count of 13. Evidence: reported_units=13; use_code_range=5..; use_description_range=5..; public_parcel_units=13.,multifamily_residential,verified,official use-code mapping; use-description interpretation,Use code and use description agree on multifamily_residential.,0500,Multi-Family Residence; five or more apartments or units; 4 stories or less; final character unused or unknown,verified_official_codebook,Five or more apartments,Five or more apartments,interpreted_explicit_range,"{""use_code"": ""4 stories or less"", ""use_description"": """"}",LA County eGIS parcels,2026-10-01T22:50Z,unique,resolved,2026-10-04T02:11:41+00:00,2026-10-01,processed,2026-10-04T02:41:38+00:00
A0225,1627 JACKSON ST,San Francisco,CA,,CA,San Francisco,,incorporated,"San Francisco, CA",verified,"Census Geocoder/TIGER-Line; matched_address=1627 JACKSON ST, SAN FRANCISCO, CA, 94109; place_geoid=0667000; benchmark=Public_AR_Current",2026-10-04T00:49:15+00:00,Existing legal city/state match Census/TIGERweb incorporated-place boundaries.,1913,verified,original:DataSF wv5m-vpq2 (2025 roll); public_parcel:DataSF wv5m-vpq2 (2025 roll),Original and public parcel values agree.,,9,9,9,exact,verified,original units; official use-code mapping; use-description interpretation; current public parcel lookup,Compatible evidence supports an exact unit count of 9. Evidence: reported_units=9; use_code_range=5..14; use_description_range=5..14; public_parcel_units=9.,multifamily_residential,verified,official use-code mapping; use-description interpretation,Use code and use description agree on multifamily_residential.,A5,Apartment 5 to 14 units,verified_government_published_codebook,Apartment 5 to 14 Units,Apartment property with 5 to 14 units,interpreted_explicit_range,"{""use_code"": """", ""use_description"": """"}",DataSF wv5m-vpq2 (2025 roll),2026-10-01T22:50Z,multiple_candidates,resolved,2026-10-04T02:11:41+00:00,2026-10-01,processed,2026-10-04T02:41:38+00:00
A0226,663 MASSACHUSETTS AV,Boston,MA,02118,MA,Boston,,incorporated,"Boston, MA",verified,"Census Geocoder/TIGER-Line; matched_address=663 MASSACHUSETTS AVE, BOSTON, MA, 02118; place_geoid=2507000; benchmark=Public_AR_Current",2026-10-04T00:49:15+00:00,Existing legal city/state match Census/TIGERweb incorporated-place boundaries.,1905,verified,original:Boston Property Assessment FY2026; public_parcel:Boston Property Assessment FY2026,Original and public parcel values agree.,,unknown,,,unknown,missing,none,No usable unit-count evidence was available. Public parcel status: missing.,subsidized_multifamily,verified,official use-code mapping; use-description interpretation,Use code and use description agree on subsidized_multifamily.,A/125,SUBSD HOUSING S-8,verified_official_dataset,SUBSD HOUSING S- 8,Subsidized Section 8 housing classification,interpreted_use_only,"{""use_code"": ""Section 8 subsidized housing indicator"", ""use_description"": ""Section 8 subsidized housing indicator""}",Boston Property Assessment FY2026,2026-10-01T22:50Z,unique,resolved,2026-10-04T02:11:41+00:00,2026-10-01,processed,2026-10-04T02:41:38+00:00
A0227,1401 HUDSON ST,Hoboken,NJ,07030,NJ,Hoboken,,incorporated,"Hoboken, NJ",verified,"Census Geocoder/TIGER-Line; matched_address=1401 HUDSON ST, HOBOKEN, NJ, 07030; place_geoid=3432250; benchmark=Public_AR_Current",2026-10-04T00:49:15+00:00,Existing legal city/state match Census/TIGERweb incorporated-place boundaries.,2010,verified,original:NJOGIS Parcels & MOD-IV Composite; public_parcel:NJOGIS Parcels & MOD-IV Composite,Original and public parcel values agree.,,unknown,,,unknown,conflict,original units; official use-code mapping; use-description interpretation; current public parcel lookup,Unit evidence conflicts; final value is unknown. Evidence: reported_units=2; use_code_range=5..; use_description_range=93..93; public_parcel_units=93.,multifamily_residential,verified,official use-code mapping; use-description interpretation,Use code and use description agree on multifamily_residential.,4C,Apartments; class 4C; 5 units or more,verified_official_codebook,13B-93U-2C-G,Building description explicitly indicates 93 units,parsed_explicit_unit_count,"{""use_code"": ""New Jersey property tax class 4C"", ""use_description"": ""Garage indicated""}",NJOGIS Parcels & MOD-IV Composite,2026-10-01T22:50Z,unique,resolved,2026-10-04T02:11:41+00:00,2026-10-01,processed,2026-10-04T02:41:38+00:00
A0228,225 COLLINGWOOD ST,San Francisco,CA,,CA,San Francisco,,incorporated,"San Francisco, CA",verified,"Census Geocoder/TIGER-Line; matched_address=225 COLLINGWOOD ST, SAN FRANCISCO, CA, 94114; place_geoid=0667000; benchmark=Public_AR_Current",2026-10-04T00:49:15+00:00,Existing legal city/state match Census/TIGERweb incorporated-place boundaries.,1907,verified,original:DataSF wv5m-vpq2 (2025 roll); public_parcel:DataSF wv5m-vpq2 (2025 roll),Original and public parcel values agree.,,5,5,5,exact,verified,original units; official use-code mapping; use-description interpretation; current public parcel lookup,Compatible evidence supports an exact unit count of 5. Evidence: reported_units=5; use_code_range=5..14; use_description_range=5..14; public_parcel_units=5.,multifamily_residential,verified,official use-code mapping; use-description interpretation,Use code and use description agree on multifamily_residential.,A5,Apartment 5 to 14 units,verified_government_published_codebook,Apartment 5 to 14 Units,Apartment property with 5 to 14 units,interpreted_explicit_range,"{""use_code"": """", ""use_description"": """"}",DataSF wv5m-vpq2 (2025 roll),2026-10-01T22:50Z,multiple_candidates,resolved,2026-10-04T02:11:41+00:00,2026-10-01,processed,2026-10-04T02:41:38+00:00
A0229,5164 03RD ST,San Francisco,CA,,CA,San Francisco,,unknown,"San Francisco, CA",partial,Existing legal-city mapping retained; Census lookup did not independently verify the boundary.,2026-10-04T00:49:15+00:00,Census Geocoder did not return coordinates; jurisdiction was not independently verified.,1914,verified,original:DataSF wv5m-vpq2 (2025 roll); public_parcel:DataSF wv5m-vpq2 (2025 roll),Original and public parcel values agree.,,6,6,6,exact,verified,original units; official use-code mapping; use-description interpretation; current public parcel lookup,Compatible evidence supports an exact unit count of 6. Evidence: reported_units=6; use_code_range=5..14; use_description_range=5..14; public_parcel_units=6.,multifamily_residential,verified,official use-code mapping; use-description interpretation,Use code and use description agree on multifamily_residential.,A5,Apartment 5 to 14 units,verified_government_published_codebook,Apartment 5 to 14 Units,Apartment property with 5 to 14 units,interpreted_explicit_range,"{""use_code"": """", ""use_description"": """"}",DataSF wv5m-vpq2 (2025 roll),2026-10-01T22:50Z,multiple_candidates,resolved,2026-10-04T02:11:41+00:00,2026-10-01,processed,2026-10-04T02:41:38+00:00
A0230,85 Hancock St,Cambridge,MA,,MA,Cambridge,,incorporated,"Cambridge, MA",verified,"Census Geocoder/TIGER-Line; matched_address=85 HANCOCK ST, CAMBRIDGE, MA, 02139; place_geoid=2511000; benchmark=Public_AR_Current",2026-10-04T00:49:15+00:00,Existing legal city/state match Census/TIGERweb incorporated-place boundaries.,1996,verified,original:Cambridge Property Database FY2026 (waa7-ibdu); public_parcel:Cambridge Property Database FY2026 (waa7-ibdu),Original and public parcel values agree.,,18,18,18,exact,verified,original units; official use-code mapping; use-description interpretation; current public parcel lookup,Compatible evidence supports an exact unit count of 18. Evidence: reported_units=18; use_code_range=9..; use_description_range=9..; public_parcel_units=18.,multifamily_residential,verified,official use-code mapping; use-description interpretation,Use code and use description agree on multifamily_residential.,112,>8-UNIT-APT; Residential,verified_official_codebook,>8-UNIT-APT,Apartment property with more than 8 units,interpreted_explicit_range,"{""use_code"": """", ""use_description"": """"}",Cambridge Property Database FY2026 (waa7-ibdu),2026-10-01T22:50Z,unique,resolved,2026-10-04T02:11:41+00:00,2026-10-01,processed,2026-10-04T02:41:38+00:00
A0231,521 ARGUELLO BL,San Francisco,CA,,CA,San Francisco,,incorporated,"San Francisco, CA",verified,"Census Geocoder/TIGER-Line; matched_address=521 ARGUELLO BLVD, SAN FRANCISCO, CA, 94118; place_geoid=0667000; benchmark=Public_AR_Current",2026-10-04T00:49:15+00:00,Existing legal city/state match Census/TIGERweb incorporated-place boundaries.,1971,verified,original:DataSF wv5m-vpq2 (2025 roll); public_parcel:DataSF wv5m-vpq2 (2025 roll),Original and public parcel values agree.,,6,6,6,exact,verified,original units; official use-code mapping; use-description interpretation; current public parcel lookup,Compatible evidence supports an exact unit count of 6. Evidence: reported_units=6; use_code_range=5..14; use_description_range=5..14; public_parcel_units=6.,multifamily_residential,verified,official use-code mapping; use-description interpretation,Use code and use description agree on multifamily_residential.,A5,Apartment 5 to 14 units,verified_government_published_codebook,Apartment 5 to 14 Units,Apartment property with 5 to 14 units,interpreted_explicit_range,"{""use_code"": """", ""use_description"": """"}",DataSF wv5m-vpq2 (2025 roll),2026-10-01T22:50Z,multiple_candidates,resolved,2026-10-04T02:11:41+00:00,2026-10-01,processed,2026-10-04T02:41:38+00:00
A0232,189 Third St,Cambridge,MA,,MA,Cambridge,,incorporated,"Cambridge, MA",verified,"Census Geocoder/TIGER-Line; matched_address=189 3RD ST, CAMBRIDGE, MA, 02141; place_geoid=2511000; benchmark=Public_AR_Current",2026-10-04T00:49:15+00:00,Existing legal city/state match Census/TIGERweb incorporated-place boundaries.,1900,verified,original:Cambridge Property Database FY2026 (waa7-ibdu); public_parcel:Cambridge Property Database FY2026 (waa7-ibdu),Original and public parcel values agree.,,6,6,6,exact,verified,original units; official use-code mapping; use-description interpretation; current public parcel lookup,Compatible evidence supports an exact unit count of 6. Evidence: reported_units=6; use_code_range=4..8; use_description_range=4..8; public_parcel_units=6.,multifamily_residential,verified,official use-code mapping; use-description interpretation,Use code and use description agree on multifamily_residential.,111,4-8-UNIT-APT; Residential,verified_official_codebook,4-8-UNIT-APT,Apartment property with 4 to 8 units,interpreted_explicit_range,"{""use_code"": """", ""use_description"": """"}",Cambridge Property Database FY2026 (waa7-ibdu),2026-10-01T22:50Z,unique,resolved,2026-10-04T02:11:41+00:00,2026-10-01,processed,2026-10-04T02:41:38+00:00
A0233,30 MEDFIELD ST,Boston,MA,02215,MA,Boston,,incorporated,"Boston, MA",verified,"Census Geocoder/TIGER-Line; matched_address=30 MEDFIELD ST, BOSTON, MA, 02215; place_geoid=2507000; benchmark=Public_AR_Current",2026-10-04T00:49:15+00:00,Existing legal city/state match Census/TIGERweb incorporated-place boundaries.,1920,verified,original:Boston Property Assessment FY2026; public_parcel:Boston Property Assessment FY2026,Original and public parcel values agree.,,7..30,7,30,range,verified,official use-code mapping; use-description interpretation,Compatible evidence supports a unit-count range of 7..30. Evidence: use_code_range=7..30; use_description_range=7..30.,multifamily_residential,verified,official use-code mapping; use-description interpretation,Use code and use description agree on multifamily_residential.,A/112,APT 7-30 UNITS,verified_official_dataset,APT 7-30 UNITS,Apartment property with 7 to 30 units,interpreted_explicit_range,"{""use_code"": """", ""use_description"": """"}",Boston Property Assessment FY2026,2026-10-01T22:50Z,unique,resolved,2026-10-04T02:11:41+00:00,2026-10-01,processed,2026-10-04T02:41:38+00:00
A0234,2212 BLAKE ST,Berkeley,CA,94704,CA,Berkeley,,incorporated,"Berkeley, CA",verified,"Census Geocoder/TIGER-Line; matched_address=2212 BLAKE ST, BERKELEY, CA, 94704; place_geoid=0606000; benchmark=Public_AR_Current",2026-10-04T00:49:15+00:00,Existing legal city/state match Census/TIGERweb incorporated-place boundaries.,unknown,unknown,none,No usable year-built value was available from either source.,,13,13,13,exact,verified,official use-code mapping; use-description interpretation; current public parcel lookup,Compatible evidence supports an exact unit count of 13. Evidence: use_code_range=5..; use_description_range=5..; public_parcel_units=13.,multifamily_residential,verified,official use-code mapping; use-description interpretation,Use code and use description agree on multifamily_residential.,7700,Multiple residential building of 5 or more units,verified_official_codebook,Alameda County use code (5+ units),Five or more residential units,interpreted_explicit_range,"{""use_code"": """", ""use_description"": """"}",Alameda County parcels,2026-10-01T22:50Z,unique,resolved,2026-10-04T02:11:41+00:00,2026-10-01,processed,2026-10-04T02:41:38+00:00
A0235,6736 SELMA AVE,Los Angeles,CA,90028,CA,Los Angeles,,incorporated,"Los Angeles, CA",verified,"Census Geocoder/TIGER-Line; matched_address=6736 SELMA AVE, LOS ANGELES, CA, 90028; place_geoid=0644000; benchmark=Public_AR_Current",2026-10-04T00:49:15+00:00,Existing legal city/state match Census/TIGERweb incorporated-place boundaries.,unknown,unknown,none,No usable year-built value was available from either source.,,5..,5,,range,verified,official use-code mapping; use-description interpretation,Compatible evidence supports a unit-count range of 5... Evidence: use_code_range=5..; use_description_range=5...,multifamily_residential,verified,official use-code mapping; use-description interpretation,Use code and use description agree on multifamily_residential.,050V,Multi-Family Residence category; five or more apartments or units; vacant parcel,verified_official_codebook,Five or more apartments,Five or more apartments,interpreted_explicit_range,"{""use_code"": ""Vacant parcel classification"", ""use_description"": """"}",LA County eGIS parcels,2026-10-01T22:50Z,unique,resolved,2026-10-04T02:11:41+00:00,2026-10-01,processed,2026-10-04T02:41:38+00:00
A0236,1110 JACKSON ST,San Francisco,CA,,CA,San Francisco,,incorporated,"San Francisco, CA",verified,"Census Geocoder/TIGER-Line; matched_address=1110 JACKSON ST, SAN FRANCISCO, CA, 94133; place_geoid=0667000; benchmark=Public_AR_Current",2026-10-04T00:49:15+00:00,Existing legal city/state match Census/TIGERweb incorporated-place boundaries.,1961,verified,original:DataSF wv5m-vpq2 (2025 roll); public_parcel:DataSF wv5m-vpq2 (2025 roll),Original and public parcel values agree.,,9,9,9,exact,verified,original units; official use-code mapping; use-description interpretation; current public parcel lookup,Compatible evidence supports an exact unit count of 9. Evidence: reported_units=9; use_code_range=5..14; use_description_range=5..14; public_parcel_units=9.,multifamily_residential,verified,official use-code mapping; use-description interpretation,Use code and use description agree on multifamily_residential.,A5,Apartment 5 to 14 units,verified_government_published_codebook,Apartment 5 to 14 Units,Apartment property with 5 to 14 units,interpreted_explicit_range,"{""use_code"": """", ""use_description"": """"}",DataSF wv5m-vpq2 (2025 roll),2026-10-01T22:50Z,multiple_candidates,resolved,2026-10-04T02:11:41+00:00,2026-10-01,processed,2026-10-04T02:41:38+00:00
A0237,36 VALLEY ST,San Francisco,CA,,CA,San Francisco,,incorporated,"San Francisco, CA",verified,"Census Geocoder/TIGER-Line; matched_address=36 VALLEY ST, SAN FRANCISCO, CA, 94110; place_geoid=0667000; benchmark=Public_AR_Current",2026-10-04T00:49:15+00:00,Existing legal city/state match Census/TIGERweb incorporated-place boundaries.,1927,verified,original:DataSF wv5m-vpq2 (2025 roll),Original value retained because no usable public parcel value was available.,,12,12,12,exact,verified,original units; official use-code mapping; use-description interpretation,Compatible evidence supports an exact unit count of 12. Evidence: reported_units=12; use_code_range=5..14; use_description_range=5..14.,multifamily_residential,verified,official use-code mapping; use-description interpretation,Use code and use description agree on multifamily_residential.,A5,Apartment 5 to 14 units,verified_government_published_codebook,Apartment 5 to 14 Units,Apartment property with 5 to 14 units,interpreted_explicit_range,"{""use_code"": """", ""use_description"": """"}",DataSF wv5m-vpq2 (2025 roll),2026-10-01T22:50Z,unresolved_candidates,unknown,2026-10-04T02:11:41+00:00,2026-10-01,processed,2026-10-04T02:41:38+00:00
A0238,15256 ACRE ST,Los Angeles,CA,91343,CA,Los Angeles,,incorporated,"Los Angeles, CA",verified,"Census Geocoder/TIGER-Line; matched_address=15256 ACRE ST, NORTH HILLS, CA, 91343; place_geoid=0644000; benchmark=Public_AR_Current",2026-10-04T00:49:15+00:00,Existing legal city/state match Census/TIGERweb incorporated-place boundaries.,1957,verified,original:LA County eGIS parcels; public_parcel:LA County eGIS parcels,Original and public parcel values agree.,,6,6,6,exact,verified,original units; official use-code mapping; use-description interpretation; current public parcel lookup,Compatible evidence supports an exact unit count of 6. Evidence: reported_units=6; use_code_range=5..; use_description_range=5..; public_parcel_units=6.,multifamily_residential,verified,official use-code mapping; use-description interpretation,Use code and use description agree on multifamily_residential.,0500,Multi-Family Residence; five or more apartments or units; 4 stories or less; final character unused or unknown,verified_official_codebook,Five or more apartments,Five or more apartments,interpreted_explicit_range,"{""use_code"": ""4 stories or less"", ""use_description"": """"}",LA County eGIS parcels,2026-10-01T22:50Z,unique,resolved,2026-10-04T02:11:41+00:00,2026-10-01,processed,2026-10-04T02:41:38+00:00
A0239,1476 UNIVERSITY AVE,Berkeley,CA,94702,CA,Berkeley,,incorporated,"Berkeley, CA",verified,"Census Geocoder/TIGER-Line; matched_address=1476 UNIVERSITY AVE, BERKELEY, CA, 94702; place_geoid=0606000; benchmark=Public_AR_Current",2026-10-04T00:49:15+00:00,Existing legal city/state match Census/TIGERweb incorporated-place boundaries.,unknown,unknown,none,No usable year-built value was available from either source.,,18,18,18,exact,verified,official use-code mapping; use-description interpretation; current public parcel lookup,Compatible evidence supports an exact unit count of 18. Evidence: use_code_range=5..; use_description_range=5..; public_parcel_units=18.,multifamily_residential,verified,official use-code mapping; use-description interpretation,Use code and use description agree on multifamily_residential.,7700,Multiple residential building of 5 or more units,verified_official_codebook,Alameda County use code (5+ units),Five or more residential units,interpreted_explicit_range,"{""use_code"": """", ""use_description"": """"}",Alameda County parcels,2026-10-01T22:50Z,unique,resolved,2026-10-04T02:11:41+00:00,2026-10-01,processed,2026-10-04T02:41:38+00:00
A0240,4135 38TH ST,San Diego,CA,92105,CA,San Diego,,incorporated,"San Diego, CA",verified,"Census Geocoder/TIGER-Line; matched_address=4135 38TH ST, SAN DIEGO, CA, 92105; place_geoid=0666000; benchmark=Public_AR_Current",2026-10-04T00:49:15+00:00,Existing legal city/state match Census/TIGERweb incorporated-place boundaries.,unknown,unknown,none,No usable year-built value was available from either source. Public parcel reported an unusable year value (79); it was not inferred or expanded.,,7,7,7,exact,verified,original units; official use-code mapping; use-description interpretation; current public parcel lookup,Compatible evidence supports an exact unit count of 7. Evidence: reported_units=7; use_code_range=5..15; use_description_range=5..; public_parcel_units=7.,multifamily_residential,verified,official use-code mapping; use-description interpretation,Use code and use description agree on multifamily_residential.,14,MULTIPLE 5 TO 15 UNITS-GENERIC,verified_government_dataset_documentation,SANDAG asr_landuse 14-16 (5+ units),Multiple-residential property in an ASR_LANDUSE category representing 5 or more units,interpreted_explicit_range,"{""use_code"": ""Generic multiple-residential classification"", ""use_description"": ""ASR_LANDUSE family 14-16""}",SANDAG/SanGIS parcels,2026-10-01T22:50Z,unique,resolved,2026-10-04T02:11:41+00:00,2026-10-01,processed,2026-10-04T02:41:38+00:00
A0241,913 GARDEN ST,Hoboken,NJ,07030,NJ,Hoboken,,incorporated,"Hoboken, NJ",verified,"Census Geocoder/TIGER-Line; matched_address=913 GARDEN ST, HOBOKEN, NJ, 07030; place_geoid=3432250; benchmark=Public_AR_Current",2026-10-04T00:49:15+00:00,Existing legal city/state match Census/TIGERweb incorporated-place boundaries.,unknown,unknown,none,No usable year-built value was available from either source.,,14,14,14,exact,verified,official use-code mapping; use-description interpretation; current public parcel lookup,Compatible evidence supports an exact unit count of 14. Evidence: use_code_range=5..; use_description_range=14..14; public_parcel_units=14.,multifamily_residential,verified,official use-code mapping; use-description interpretation,Use code and use description agree on multifamily_residential.,4C,Apartments; class 4C; 5 units or more,verified_official_codebook,5B-14U-H-BA,Building description explicitly indicates 14 units,parsed_explicit_unit_count,"{""use_code"": ""New Jersey property tax class 4C"", ""use_description"": ""Heat indicated""}",NJOGIS Parcels & MOD-IV Composite,2026-10-01T22:50Z,unique,resolved,2026-10-04T02:11:41+00:00,2026-10-01,processed,2026-10-04T02:41:38+00:00
A0242,85-87 SIERRA RD,Hyde Park,MA,02136,MA,Boston,,incorporated,"Boston, MA",verified,"Census Geocoder/TIGER-Line; matched_address=87 SIERRA RD, HYDE PARK, MA, 02136; place_geoid=2507000; benchmark=Public_AR_Current",2026-10-04T00:49:15+00:00,Existing legal city/state match Census/TIGERweb incorporated-place boundaries.,1960,verified,original:Boston Property Assessment FY2026; public_parcel:Boston Property Assessment FY2026,Original and public parcel values agree.,,7..30,7,30,range,verified,official use-code mapping; use-description interpretation,Compatible evidence supports a unit-count range of 7..30. Evidence: use_code_range=7..30; use_description_range=7..30.,multifamily_residential,verified,official use-code mapping; use-description interpretation,Use code and use description agree on multifamily_residential.,A/112,APT 7-30 UNITS,verified_official_dataset,APT 7-30 UNITS,Apartment property with 7 to 30 units,interpreted_explicit_range,"{""use_code"": """", ""use_description"": """"}",Boston Property Assessment FY2026,2026-10-01T22:50Z,unique,resolved,2026-10-04T02:11:41+00:00,2026-10-01,processed,2026-10-04T02:41:38+00:00
A0243,664 OCEAN AVE.,Jersey City,NJ,07305,NJ,Jersey City,,incorporated,"Jersey City, NJ",verified,"Census Geocoder/TIGER-Line; matched_address=664 OCEAN AVE, JERSEY CITY, NJ, 07305; place_geoid=3436000; benchmark=Public_AR_Current",2026-10-04T00:49:15+00:00,Existing legal city/state match Census/TIGERweb incorporated-place boundaries.,1910,verified,original:NJOGIS Parcels & MOD-IV Composite; public_parcel:NJOGIS Parcels & MOD-IV Composite,Original and public parcel values agree.,,unknown,,,unknown,conflict,official use-code mapping; use-description interpretation; current public parcel lookup,Unit evidence conflicts; final value is unknown. Evidence: use_code_range=5..; use_description_range=6..6; public_parcel_units=4.,multifamily_residential,verified,official use-code mapping; use-description interpretation,Use code and use description agree on multifamily_residential.,4C,Apartments; class 4C; 5 units or more,verified_official_codebook,3S+BT-F-6U,Building description explicitly indicates 6 units,parsed_explicit_unit_count,"{""use_code"": ""New Jersey property tax class 4C"", ""use_description"": ""Stories indicated: 3""}",NJOGIS Parcels & MOD-IV Composite,2026-10-01T22:50Z,unique,resolved,2026-10-04T02:11:41+00:00,2026-10-01,processed,2026-10-04T02:41:38+00:00
A0244,1126 HUDSON ST,Hoboken,NJ,07030,NJ,Hoboken,,incorporated,"Hoboken, NJ",verified,"Census Geocoder/TIGER-Line; matched_address=1126 HUDSON ST, HOBOKEN, NJ, 07030; place_geoid=3432250; benchmark=Public_AR_Current",2026-10-04T00:49:15+00:00,Existing legal city/state match Census/TIGERweb incorporated-place boundaries.,unknown,unknown,none,No usable year-built value was available from either source.,,12,12,12,exact,verified,official use-code mapping; use-description interpretation; current public parcel lookup,Compatible evidence supports an exact unit count of 12. Evidence: use_code_range=5..; use_description_range=12..12; public_parcel_units=12.,multifamily_residential,verified,official use-code mapping; use-description interpretation,Use code and use description agree on multifamily_residential.,4C,Apartments; class 4C; 5 units or more,verified_official_codebook,5B-12U-1BX-H-BA,Building description explicitly indicates 12 units,parsed_explicit_unit_count,"{""use_code"": ""New Jersey property tax class 4C"", ""use_description"": ""Heat indicated""}",NJOGIS Parcels & MOD-IV Composite,2026-10-01T22:50Z,unique,resolved,2026-10-04T02:11:41+00:00,2026-10-01,processed,2026-10-04T02:41:38+00:00
A0245,30 WEST HOWELL ST M-D,Dorchester,MA,02125,MA,Boston,,incorporated,"Boston, MA",verified,"Census Geocoder/TIGER-Line; matched_address=30 W HOWELL ST, DORCHESTER, MA, 02125; place_geoid=2507000; benchmark=Public_AR_Current",2026-10-04T00:49:15+00:00,Existing legal city/state match Census/TIGERweb incorporated-place boundaries.,2018,verified,original:Boston Property Assessment FY2026; public_parcel:Boston Property Assessment FY2026,Original and public parcel values agree.,,unknown,,,unknown,missing,none,No usable unit-count evidence was available. Public parcel status: missing.,multifamily_residential,verified,official use-code mapping; use-description interpretation,Use code and use description agree on multifamily_residential.,A/120,LUXURY APARTMENT,verified_official_dataset,LUXURY APARTMENT,Luxury apartment property,interpreted_use_only,"{""use_code"": ""Luxury apartment"", ""use_description"": ""Luxury apartment classification""}",Boston Property Assessment FY2026,2026-10-01T22:50Z,unique,resolved,2026-10-04T02:11:41+00:00,2026-10-01,processed,2026-10-04T02:41:38+00:00
A0246,4386 COPELAND AVE,San Diego,CA,92105,CA,San Diego,,incorporated,"San Diego, CA",verified,"Census Geocoder/TIGER-Line; matched_address=4386 COPELAND AVE, SAN DIEGO, CA, 92105; place_geoid=0666000; benchmark=Public_AR_Current",2026-10-04T00:49:15+00:00,Existing legal city/state match Census/TIGERweb incorporated-place boundaries.,unknown,unknown,none,No usable year-built value was available from either source. Public parcel reported an unusable year value (57); it was not inferred or expanded.,,8,8,8,exact,verified,original units; official use-code mapping; use-description interpretation; current public parcel lookup,Compatible evidence supports an exact unit count of 8. Evidence: reported_units=8; use_code_range=5..15; use_description_range=5..; public_parcel_units=8.,multifamily_residential,verified,official use-code mapping; use-description interpretation,Use code and use description agree on multifamily_residential.,14,MULTIPLE 5 TO 15 UNITS-GENERIC,verified_government_dataset_documentation,SANDAG asr_landuse 14-16 (5+ units),Multiple-residential property in an ASR_LANDUSE category representing 5 or more units,interpreted_explicit_range,"{""use_code"": ""Generic multiple-residential classification"", ""use_description"": ""ASR_LANDUSE family 14-16""}",SANDAG/SanGIS parcels,2026-10-01T22:50Z,unique,resolved,2026-10-04T02:11:41+00:00,2026-10-01,processed,2026-10-04T02:41:38+00:00
A0247,4957 CAPE MAY AVE,San Diego,CA,92107,CA,San Diego,,incorporated,"San Diego, CA",verified,"Census Geocoder/TIGER-Line; matched_address=4957 CAPE MAY AVE, SAN DIEGO, CA, 92107; place_geoid=0666000; benchmark=Public_AR_Current",2026-10-04T00:49:15+00:00,Existing legal city/state match Census/TIGERweb incorporated-place boundaries.,unknown,unknown,none,No usable year-built value was available from either source. Public parcel reported an unusable year value (72); it was not inferred or expanded.,,10,10,10,exact,verified,original units; official use-code mapping; use-description interpretation; current public parcel lookup,Compatible evidence supports an exact unit count of 10. Evidence: reported_units=10; use_code_range=5..15; use_description_range=5..; public_parcel_units=10.,multifamily_residential,verified,official use-code mapping; use-description interpretation,Use code and use description agree on multifamily_residential.,14,MULTIPLE 5 TO 15 UNITS-GENERIC,verified_government_dataset_documentation,SANDAG asr_landuse 14-16 (5+ units),Multiple-residential property in an ASR_LANDUSE category representing 5 or more units,interpreted_explicit_range,"{""use_code"": ""Generic multiple-residential classification"", ""use_description"": ""ASR_LANDUSE family 14-16""}",SANDAG/SanGIS parcels,2026-10-01T22:50Z,unique,resolved,2026-10-04T02:11:41+00:00,2026-10-01,processed,2026-10-04T02:41:38+00:00
A0248,941 S KENMORE AVE,Los Angeles,CA,90006,CA,Los Angeles,,incorporated,"Los Angeles, CA",verified,"Census Geocoder/TIGER-Line; matched_address=941 S KENMORE AVE, LOS ANGELES, CA, 90006; place_geoid=0644000; benchmark=Public_AR_Current",2026-10-04T00:49:15+00:00,Existing legal city/state match Census/TIGERweb incorporated-place boundaries.,1923,verified,original:LA County eGIS parcels; public_parcel:LA County eGIS parcels,Original and public parcel values agree.,,24,24,24,exact,verified,original units; official use-code mapping; use-description interpretation; current public parcel lookup,Compatible evidence supports an exact unit count of 24. Evidence: reported_units=24; use_code_range=5..; use_description_range=5..; public_parcel_units=24.,multifamily_residential,verified,official use-code mapping; use-description interpretation,Use code and use description agree on multifamily_residential.,0500,Multi-Family Residence; five or more apartments or units; 4 stories or less; final character unused or unknown,verified_official_codebook,Five or more apartments,Five or more apartments,interpreted_explicit_range,"{""use_code"": ""4 stories or less"", ""use_description"": """"}",LA County eGIS parcels,2026-10-01T22:50Z,unique,resolved,2026-10-04T02:11:41+00:00,2026-10-01,processed,2026-10-04T02:41:38+00:00
A0249,498-500 HAWTHORNE AVE,Newark,NJ,10013,NJ,Newark,,incorporated,"Newark, NJ",verified,"Census Geocoder/TIGER-Line; matched_address=500 HAWTHORNE AVE, NEWARK, NJ, 07112; place_geoid=3451000; benchmark=Public_AR_Current",2026-10-04T00:49:15+00:00,Existing legal city/state match Census/TIGERweb incorporated-place boundaries.,unknown,unknown,none,No usable year-built value was available from either source.,,unknown,,,unknown,conflict,official use-code mapping; current public parcel lookup,Unit evidence conflicts; final value is unknown. Evidence: use_code_range=5..; public_parcel_units=1.,multifamily_residential,verified,official use-code mapping; use-description interpretation,One property-use source is available: use code=multifamily_residential.,4C,Apartments; class 4C; 5 units or more,verified_official_codebook,3SF4UG,Building-description shorthand; no reliable unit count can be extracted from the description alone,insufficient_description_for_unit_count,"{""use_code"": ""New Jersey property tax class 4C"", ""use_description"": """"}",NJOGIS Parcels & MOD-IV Composite,2026-10-01T22:50Z,unique,resolved,2026-10-04T02:11:41+00:00,2026-10-01,processed,2026-10-04T02:41:38+00:00
A0250,211 BALDWIN AVE.,Jersey City,NJ,07002,NJ,Jersey City,,incorporated,"Jersey City, NJ",verified,"Census Geocoder/TIGER-Line; matched_address=211 BALDWIN AVE, JERSEY CITY, NJ, 07306; place_geoid=3436000; benchmark=Public_AR_Current",2026-10-04T00:49:15+00:00,Existing legal city/state match Census/TIGERweb incorporated-place boundaries.,unknown,unknown,none,No usable year-built value was available from either source.,,45,45,45,exact,verified,official use-code mapping; use-description interpretation,Compatible evidence supports an exact unit count of 45. Evidence: use_code_range=5..; use_description_range=45..45.,multifamily_residential,verified,official use-code mapping; use-description interpretation,Use code and use description agree on multifamily_residential.,4C,Apartments; class 4C; 5 units or more,verified_official_codebook,6S-B+F-45U-17G,Building description explicitly indicates 45 units,parsed_explicit_unit_count,"{""use_code"": ""New Jersey property tax class 4C"", ""use_description"": ""Stories indicated: 6""}",NJOGIS Parcels & MOD-IV Composite,2026-10-01T22:50Z,unique,resolved,2026-10-04T02:11:41+00:00,2026-10-01,processed,2026-10-04T02:41:38+00:00
A0251,4663 33RD ST,San Diego,CA,92116,CA,San Diego,,incorporated,"San Diego, CA",verified,"Census Geocoder/TIGER-Line; matched_address=4663 33RD ST, SAN DIEGO, CA, 92116; place_geoid=0666000; benchmark=Public_AR_Current",2026-10-04T00:49:15+00:00,Existing legal city/state match Census/TIGERweb incorporated-place boundaries.,unknown,unknown,none,No usable year-built value was available from either source.,,8,8,8,exact,verified,original units; official use-code mapping; use-description interpretation,Compatible evidence supports an exact unit count of 8. Evidence: reported_units=8; use_code_range=5..15; use_description_range=5...,multifamily_residential,verified,official use-code mapping; use-description interpretation,Use code and use description agree on multifamily_residential.,14,MULTIPLE 5 TO 15 UNITS-GENERIC,verified_government_dataset_documentation,SANDAG asr_landuse 14-16 (5+ units),Multiple-residential property in an ASR_LANDUSE category representing 5 or more units,interpreted_explicit_range,"{""use_code"": ""Generic multiple-residential classification"", ""use_description"": ""ASR_LANDUSE family 14-16""}",SANDAG/SanGIS parcels,2026-10-01T22:50Z,unresolved_candidates,unknown,2026-10-04T02:11:41+00:00,2026-10-01,processed,2026-10-04T02:41:38+00:00
A0252,15514 CHASE ST,Los Angeles,CA,91343,CA,Los Angeles,,incorporated,"Los Angeles, CA",verified,"Census Geocoder/TIGER-Line; matched_address=15514 CHASE ST, NORTH HILLS, CA, 91343; place_geoid=0644000; benchmark=Public_AR_Current",2026-10-04T00:49:15+00:00,Existing legal city/state match Census/TIGERweb incorporated-place boundaries.,1984,verified,original:LA County eGIS parcels; public_parcel:LA County eGIS parcels,Original and public parcel values agree.,,6,6,6,exact,verified,original units; official use-code mapping; use-description interpretation; current public parcel lookup,Compatible evidence supports an exact unit count of 6. Evidence: reported_units=6; use_code_range=5..; use_description_range=5..; public_parcel_units=6.,multifamily_residential,verified,official use-code mapping; use-description interpretation,Use code and use description agree on multifamily_residential.,0500,Multi-Family Residence; five or more apartments or units; 4 stories or less; final character unused or unknown,verified_official_codebook,Five or more apartments,Five or more apartments,interpreted_explicit_range,"{""use_code"": ""4 stories or less"", ""use_description"": """"}",LA County eGIS parcels,2026-10-01T22:50Z,unique,resolved,2026-10-04T02:11:41+00:00,2026-10-01,processed,2026-10-04T02:41:38+00:00
A0253,2250 NORTH POINT ST,San Francisco,CA,,CA,San Francisco,,incorporated,"San Francisco, CA",verified,"Census Geocoder/TIGER-Line; matched_address=2250 N POINT ST, SAN FRANCISCO, CA, 94123; place_geoid=0667000; benchmark=Public_AR_Current",2026-10-04T00:49:15+00:00,Existing legal city/state match Census/TIGERweb incorporated-place boundaries.,1928,verified,original:DataSF wv5m-vpq2 (2025 roll); public_parcel:DataSF wv5m-vpq2 (2025 roll),Original and public parcel values agree.,,7,7,7,exact,verified,original units; official use-code mapping; use-description interpretation; current public parcel lookup,Compatible evidence supports an exact unit count of 7. Evidence: reported_units=7; use_code_range=5..14; use_description_range=5..14; public_parcel_units=7.,multifamily_residential,verified,official use-code mapping; use-description interpretation,Use code and use description agree on multifamily_residential.,A5,Apartment 5 to 14 units,verified_government_published_codebook,Apartment 5 to 14 Units,Apartment property with 5 to 14 units,interpreted_explicit_range,"{""use_code"": """", ""use_description"": """"}",DataSF wv5m-vpq2 (2025 roll),2026-10-01T22:50Z,multiple_candidates,resolved,2026-10-04T02:11:41+00:00,2026-10-01,processed,2026-10-04T02:41:38+00:00
A0254,805 WASHINGTON ST,Hoboken,NJ,07030,NJ,Hoboken,,incorporated,"Hoboken, NJ",verified,"Census Geocoder/TIGER-Line; matched_address=805 WASHINGTON ST, HOBOKEN, NJ, 07030; place_geoid=3432250; benchmark=Public_AR_Current",2026-10-04T00:49:15+00:00,Existing legal city/state match Census/TIGERweb incorporated-place boundaries.,unknown,unknown,none,No usable year-built value was available from either source.,,9,9,9,exact,verified,official use-code mapping; use-description interpretation; current public parcel lookup,Compatible evidence supports an exact unit count of 9. Evidence: use_code_range=5..; use_description_range=9..9; public_parcel_units=9.,multifamily_residential,verified,official use-code mapping; use-description interpretation,Use code and use description agree on multifamily_residential.,4C,Apartments; class 4C; 5 units or more,verified_official_codebook,4B-9U-H-BA,Building description explicitly indicates 9 units,parsed_explicit_unit_count,"{""use_code"": ""New Jersey property tax class 4C"", ""use_description"": ""Heat indicated""}",NJOGIS Parcels & MOD-IV Composite,2026-10-01T22:50Z,unique,resolved,2026-10-04T02:11:41+00:00,2026-10-01,processed,2026-10-04T02:41:38+00:00
A0255,851 E 51ST ST,Los Angeles,CA,90011,CA,Los Angeles,,incorporated,"Los Angeles, CA",verified,"Census Geocoder/TIGER-Line; matched_address=851 E 51ST ST, LOS ANGELES, CA, 90011; place_geoid=0644000; benchmark=Public_AR_Current",2026-10-04T00:49:15+00:00,Existing legal city/state match Census/TIGERweb incorporated-place boundaries.,1923,verified,original:LA County eGIS parcels; public_parcel:LA County eGIS parcels,Original and public parcel values agree.,,unknown,,,unknown,conflict,original units; official use-code mapping; use-description interpretation; current public parcel lookup,Unit evidence conflicts; final value is unknown. Evidence: reported_units=8; use_code_range=5..; use_description_range=5..; public_parcel_units=2.,multifamily_residential,verified,official use-code mapping; use-description interpretation,Use code and use description agree on multifamily_residential.,0500,Multi-Family Residence; five or more apartments or units; 4 stories or less; final character unused or unknown,verified_official_codebook,Five or more apartments,Five or more apartments,interpreted_explicit_range,"{""use_code"": ""4 stories or less"", ""use_description"": """"}",LA County eGIS parcels,2026-10-01T22:50Z,unique,resolved,2026-10-04T02:11:41+00:00,2026-10-01,processed,2026-10-04T02:41:38+00:00
A0256,327 JACKSON ST,Hoboken,NJ,07017,NJ,Hoboken,,incorporated,"Hoboken, NJ",verified,"Census Geocoder/TIGER-Line; matched_address=327 JACKSON ST, HOBOKEN, NJ, 07030; place_geoid=3432250; benchmark=Public_AR_Current",2026-10-04T00:49:15+00:00,Existing legal city/state match Census/TIGERweb incorporated-place boundaries.,unknown,unknown,none,No usable year-built value was available from either source.,,20,20,20,exact,verified,official use-code mapping; use-description interpretation; current public parcel lookup,Compatible evidence supports an exact unit count of 20. Evidence: use_code_range=5..; use_description_range=20..20; public_parcel_units=20.,multifamily_residential,verified,official use-code mapping; use-description interpretation,Use code and use description agree on multifamily_residential.,4C,Apartments; class 4C; 5 units or more,verified_official_codebook,5B-20U-H,Building description explicitly indicates 20 units,parsed_explicit_unit_count,"{""use_code"": ""New Jersey property tax class 4C"", ""use_description"": ""Heat indicated""}",NJOGIS Parcels & MOD-IV Composite,2026-10-01T22:50Z,unique,resolved,2026-10-04T02:11:41+00:00,2026-10-01,processed,2026-10-04T02:41:38+00:00
A0257,5 COMMER CT,San Francisco,CA,,CA,San Francisco,,incorporated,"San Francisco, CA",verified,"Census Geocoder/TIGER-Line; matched_address=5 COMMER CT, SAN FRANCISCO, CA, 94124; place_geoid=0667000; benchmark=Public_AR_Current",2026-10-04T00:49:15+00:00,Existing legal city/state match Census/TIGERweb incorporated-place boundaries.,unknown,unknown,none,No usable year-built value was available from either source.,,6,6,6,exact,verified,original units; official use-code mapping; use-description interpretation,Compatible evidence supports an exact unit count of 6. Evidence: reported_units=6; use_code_range=5..14; use_description_range=5..14.,multifamily_residential,verified,official use-code mapping; use-description interpretation,Use code and use description agree on multifamily_residential.,A5,Apartment 5 to 14 units,verified_government_published_codebook,Apartment 5 to 14 Units,Apartment property with 5 to 14 units,interpreted_explicit_range,"{""use_code"": """", ""use_description"": """"}",DataSF wv5m-vpq2 (2025 roll),2026-10-01T22:50Z,unresolved_candidates,unknown,2026-10-04T02:11:41+00:00,2026-10-01,processed,2026-10-04T02:41:38+00:00
A0258,471 COLUMBIA RD,Dorchester,MA,02125,MA,Boston,,incorporated,"Boston, MA",verified,"Census Geocoder/TIGER-Line; matched_address=471 COLUMBIA RD, DORCHESTER, MA, 02125; place_geoid=2507000; benchmark=Public_AR_Current",2026-10-04T00:49:15+00:00,Existing legal city/state match Census/TIGERweb incorporated-place boundaries.,1930,verified,original:Boston Property Assessment FY2026; public_parcel:Boston Property Assessment FY2026,Original and public parcel values agree.,,unknown,,,unknown,missing,none,No usable unit-count evidence was available. Public parcel status: missing.,subsidized_multifamily,verified,official use-code mapping; use-description interpretation,Use code and use description agree on subsidized_multifamily.,A/125,SUBSD HOUSING S-8,verified_official_dataset,SUBSD HOUSING S- 8,Subsidized Section 8 housing classification,interpreted_use_only,"{""use_code"": ""Section 8 subsidized housing indicator"", ""use_description"": ""Section 8 subsidized housing indicator""}",Boston Property Assessment FY2026,2026-10-01T22:50Z,unique,resolved,2026-10-04T02:11:41+00:00,2026-10-01,processed,2026-10-04T02:41:38+00:00
A0259,872 NORTH POINT ST,San Francisco,CA,,CA,San Francisco,,incorporated,"San Francisco, CA",verified,"Census Geocoder/TIGER-Line; matched_address=872 N POINT ST, SAN FRANCISCO, CA, 94109; place_geoid=0667000; benchmark=Public_AR_Current",2026-10-04T00:49:15+00:00,Existing legal city/state match Census/TIGERweb incorporated-place boundaries.,1900,verified,original:DataSF wv5m-vpq2 (2025 roll); public_parcel:DataSF wv5m-vpq2 (2025 roll),Original and public parcel values agree.,,5,5,5,exact,verified,original units; official use-code mapping; use-description interpretation; current public parcel lookup,Compatible evidence supports an exact unit count of 5. Evidence: reported_units=5; use_code_range=5..14; use_description_range=5..14; public_parcel_units=5.,mixed_use_multifamily,verified,official use-code mapping; use-description interpretation,Use code and use description agree on mixed_use_multifamily.,FS5,"Flat and store, 5 to 14 units",verified_government_published_codebook,Flat & Store 5 to 14 units,Flat-and-store property with 5 to 14 units,interpreted_explicit_range,"{""use_code"": ""Ground-floor or associated store use"", ""use_description"": ""Store component""}",DataSF wv5m-vpq2 (2025 roll),2026-10-01T22:50Z,multiple_candidates,resolved,2026-10-04T02:11:41+00:00,2026-10-01,processed,2026-10-04T02:41:38+00:00
A0260,2479 LE CONTE AVE,Berkeley,CA,94709,CA,Berkeley,,incorporated,"Berkeley, CA",verified,"Census Geocoder/TIGER-Line; matched_address=2479 LE CONTE AVE, BERKELEY, CA, 94709; place_geoid=0606000; benchmark=Public_AR_Current",2026-10-04T00:49:15+00:00,Existing legal city/state match Census/TIGERweb incorporated-place boundaries.,unknown,unknown,none,No usable year-built value was available from either source.,,10,10,10,exact,verified,official use-code mapping; use-description interpretation; current public parcel lookup,Compatible evidence supports an exact unit count of 10. Evidence: use_code_range=5..; use_description_range=5..; public_parcel_units=10.,multifamily_residential,verified,official use-code mapping; use-description interpretation,Use code and use description agree on multifamily_residential.,7700,Multiple residential building of 5 or more units,verified_official_codebook,Alameda County use code (5+ units),Five or more residential units,interpreted_explicit_range,"{""use_code"": """", ""use_description"": """"}",Alameda County parcels,2026-10-01T22:50Z,unique,resolved,2026-10-04T02:11:41+00:00,2026-10-01,processed,2026-10-04T02:41:38+00:00
A0261,525 ADAMS ST,Hoboken,NJ,07030,NJ,Hoboken,,incorporated,"Hoboken, NJ",verified,"Census Geocoder/TIGER-Line; matched_address=525 ADAMS ST, HOBOKEN, NJ, 07030; place_geoid=3432250; benchmark=Public_AR_Current",2026-10-04T00:49:15+00:00,Existing legal city/state match Census/TIGERweb incorporated-place boundaries.,unknown,unknown,none,No usable year-built value was available from either source.,,10,10,10,exact,verified,official use-code mapping; current public parcel lookup,Compatible evidence supports an exact unit count of 10. Evidence: use_code_range=5..; public_parcel_units=10.,multifamily_residential,verified,official use-code mapping; use-description interpretation,One property-use source is available: use code=multifamily_residential.,4C,Apartments; class 4C; 5 units or more,verified_official_codebook,5B-1OU,Building-description shorthand; no reliable unit count can be extracted from the description alone,insufficient_description_for_unit_count,"{""use_code"": ""New Jersey property tax class 4C"", ""use_description"": """"}",NJOGIS Parcels & MOD-IV Composite,2026-10-01T22:50Z,unique,resolved,2026-10-04T02:11:41+00:00,2026-10-01,processed,2026-10-04T02:41:38+00:00
A0262,2924 E JUNIPER ST,San Diego,CA,92104,CA,San Diego,,incorporated,"San Diego, CA",verified,"Census Geocoder/TIGER-Line; matched_address=2924 JUNIPER ST, SAN DIEGO, CA, 92104; place_geoid=0666000; benchmark=Public_AR_Current",2026-10-04T00:49:15+00:00,Existing legal city/state match Census/TIGERweb incorporated-place boundaries.,unknown,unknown,none,No usable year-built value was available from either source.,,18,18,18,exact,verified,original units; official use-code mapping; use-description interpretation,Compatible evidence supports an exact unit count of 18. Evidence: reported_units=18; use_code_range=16..60; use_description_range=5...,multifamily_residential,verified,official use-code mapping; use-description interpretation,Use code and use description agree on multifamily_residential.,15,MULTIPLE 16 TO 60 UNITS-GENERIC,verified_government_dataset_documentation,SANDAG asr_landuse 14-16 (5+ units),Multiple-residential property in an ASR_LANDUSE category representing 5 or more units,interpreted_explicit_range,"{""use_code"": ""Generic multiple-residential classification"", ""use_description"": ""ASR_LANDUSE family 14-16""}",SANDAG/SanGIS parcels,2026-10-01T22:50Z,unresolved_candidates,unknown,2026-10-04T02:11:41+00:00,2026-10-01,processed,2026-10-04T02:41:38+00:00
A0263,1636 M L KING JR WAY,Berkeley,CA,94709,CA,Berkeley,,incorporated,"Berkeley, CA",verified,"Census Geocoder/TIGER-Line; matched_address=1636 MARTIN LUTHER KING JR WAY, BERKELEY, CA, 94709; place_geoid=0606000; benchmark=Public_AR_Current",2026-10-04T00:49:15+00:00,Existing legal city/state match Census/TIGERweb incorporated-place boundaries.,unknown,unknown,none,No usable year-built value was available from either source.,,14,14,14,exact,verified,official use-code mapping; use-description interpretation; current public parcel lookup,Compatible evidence supports an exact unit count of 14. Evidence: use_code_range=5..; use_description_range=5..; public_parcel_units=14.,multifamily_residential,verified,official use-code mapping; use-description interpretation,Use code and use description agree on multifamily_residential.,7700,Multiple residential building of 5 or more units,verified_official_codebook,Alameda County use code (5+ units),Five or more residential units,interpreted_explicit_range,"{""use_code"": """", ""use_description"": """"}",Alameda County parcels,2026-10-01T22:50Z,unique,resolved,2026-10-04T02:11:41+00:00,2026-10-01,processed,2026-10-04T02:41:38+00:00
A0264,583-589 ELIZABETH AVE,Newark,NJ,11516,NJ,Newark,,incorporated,"Newark, NJ",verified,"Census Geocoder/TIGER-Line; matched_address=589 ELIZABETH AVE, NEWARK, NJ, 07112; place_geoid=3451000; benchmark=Public_AR_Current",2026-10-04T00:49:15+00:00,Existing legal city/state match Census/TIGERweb incorporated-place boundaries.,unknown,unknown,none,No usable year-built value was available from either source.,,unknown,,,unknown,conflict,official use-code mapping; current public parcel lookup,Unit evidence conflicts; final value is unknown. Evidence: use_code_range=5..; public_parcel_units=1.,multifamily_residential,verified,official use-code mapping; use-description interpretation,One property-use source is available: use code=multifamily_residential.,4C,Apartments; class 4C; 5 units or more,verified_official_codebook,5SB,Building-description shorthand; no reliable unit count can be extracted from the description alone,insufficient_description_for_unit_count,"{""use_code"": ""New Jersey property tax class 4C"", ""use_description"": ""Stories indicated: 5""}",NJOGIS Parcels & MOD-IV Composite,2026-10-01T22:50Z,unique,resolved,2026-10-04T02:11:41+00:00,2026-10-01,processed,2026-10-04T02:41:38+00:00
A0265,102 BALDWIN AVE.,Jersey City,NJ,07306,NJ,Jersey City,,incorporated,"Jersey City, NJ",verified,"Census Geocoder/TIGER-Line; matched_address=102 BALDWIN AVE, JERSEY CITY, NJ, 07306; place_geoid=3436000; benchmark=Public_AR_Current",2026-10-04T00:49:15+00:00,Existing legal city/state match Census/TIGERweb incorporated-place boundaries.,1912,verified,original:NJOGIS Parcels & MOD-IV Composite; public_parcel:NJOGIS Parcels & MOD-IV Composite,Original and public parcel values agree.,,13,13,13,exact,verified,official use-code mapping; use-description interpretation,Compatible evidence supports an exact unit count of 13. Evidence: use_code_range=5..; use_description_range=13..13.,multifamily_residential,verified,official use-code mapping; use-description interpretation,Use code and use description agree on multifamily_residential.,4C,Apartments; class 4C; 5 units or more,verified_official_codebook,3S-B-A-13U-H,Building description explicitly indicates 13 units,parsed_explicit_unit_count,"{""use_code"": ""New Jersey property tax class 4C"", ""use_description"": ""Stories indicated: 3; Heat indicated""}",NJOGIS Parcels & MOD-IV Composite,2026-10-01T22:50Z,unique,resolved,2026-10-04T02:11:41+00:00,2026-10-01,processed,2026-10-04T02:41:38+00:00
A0266,52 BRIGHT ST.,Jersey City,NJ,10016,NJ,Jersey City,,incorporated,"Jersey City, NJ",verified,"Census Geocoder/TIGER-Line; matched_address=52 BRIGHT ST, JERSEY CITY, NJ, 07302; place_geoid=3436000; benchmark=Public_AR_Current",2026-10-04T00:49:15+00:00,Existing legal city/state match Census/TIGERweb incorporated-place boundaries.,unknown,unknown,none,No usable year-built value was available from either source.,,8,8,8,exact,verified,official use-code mapping; use-description interpretation,Compatible evidence supports an exact unit count of 8. Evidence: use_code_range=5..; use_description_range=8..8.,multifamily_residential,verified,official use-code mapping; use-description interpretation,Use code and use description agree on multifamily_residential.,4C,Apartments; class 4C; 5 units or more,verified_official_codebook,4S-B-D-8U-NH,Building description explicitly indicates 8 units,parsed_explicit_unit_count,"{""use_code"": ""New Jersey property tax class 4C"", ""use_description"": ""Stories indicated: 4; No heat indicated""}",NJOGIS Parcels & MOD-IV Composite,2026-10-01T22:50Z,unique,resolved,2026-10-04T02:11:41+00:00,2026-10-01,processed,2026-10-04T02:41:38+00:00
A0267,1314 N VAN NESS AVE,Los Angeles,CA,90028,CA,Los Angeles,,incorporated,"Los Angeles, CA",verified,"Census Geocoder/TIGER-Line; matched_address=1314 N VAN NESS AVE, LOS ANGELES, CA, 90038; place_geoid=0644000; benchmark=Public_AR_Current",2026-10-04T00:49:15+00:00,Existing legal city/state match Census/TIGERweb incorporated-place boundaries.,unknown,unknown,none,No usable year-built value was available from either source.,,5..,5,,range,verified,official use-code mapping; use-description interpretation,Compatible evidence supports a unit-count range of 5... Evidence: use_code_range=5..; use_description_range=5...,multifamily_residential,verified,official use-code mapping; use-description interpretation,Use code and use description agree on multifamily_residential.,050V,Multi-Family Residence category; five or more apartments or units; vacant parcel,verified_official_codebook,Five or more apartments,Five or more apartments,interpreted_explicit_range,"{""use_code"": ""Vacant parcel classification"", ""use_description"": """"}",LA County eGIS parcels,2026-10-01T22:50Z,unique,resolved,2026-10-04T02:11:41+00:00,2026-10-01,processed,2026-10-04T02:41:38+00:00
A0268,1848 FRANKLIN ST,San Francisco,CA,,CA,San Francisco,,incorporated,"San Francisco, CA",verified,"Census Geocoder/TIGER-Line; matched_address=1848 FRANKLIN ST, SAN FRANCISCO, CA, 94109; place_geoid=0667000; benchmark=Public_AR_Current",2026-10-04T00:49:15+00:00,Existing legal city/state match Census/TIGERweb incorporated-place boundaries.,1914,verified,original:DataSF wv5m-vpq2 (2025 roll); public_parcel:DataSF wv5m-vpq2 (2025 roll),Original and public parcel values agree.,,7,7,7,exact,verified,original units; official use-code mapping; use-description interpretation; current public parcel lookup,Compatible evidence supports an exact unit count of 7. Evidence: reported_units=7; use_code_range=5..14; use_description_range=5..14; public_parcel_units=7.,multifamily_residential,verified,official use-code mapping; use-description interpretation,Use code and use description agree on multifamily_residential.,A5,Apartment 5 to 14 units,verified_government_published_codebook,Apartment 5 to 14 Units,Apartment property with 5 to 14 units,interpreted_explicit_range,"{""use_code"": """", ""use_description"": """"}",DataSF wv5m-vpq2 (2025 roll),2026-10-01T22:50Z,multiple_candidates,resolved,2026-10-04T02:11:41+00:00,2026-10-01,processed,2026-10-04T02:41:38+00:00
A0269,1015 CLINTON ST,Hoboken,NJ,10003,NJ,Hoboken,,incorporated,"Hoboken, NJ",verified,"Census Geocoder/TIGER-Line; matched_address=1015 CLINTON ST, HOBOKEN, NJ, 07030; place_geoid=3432250; benchmark=Public_AR_Current",2026-10-04T00:49:15+00:00,Existing legal city/state match Census/TIGERweb incorporated-place boundaries.,unknown,unknown,none,No usable year-built value was available from either source.,,14,14,14,exact,verified,official use-code mapping; use-description interpretation; current public parcel lookup,Compatible evidence supports an exact unit count of 14. Evidence: use_code_range=5..; use_description_range=14..14; public_parcel_units=14.,multifamily_residential,verified,official use-code mapping; use-description interpretation,Use code and use description agree on multifamily_residential.,4C,Apartments; class 4C; 5 units or more,verified_official_codebook,5B-14U,Building description explicitly indicates 14 units,parsed_explicit_unit_count,"{""use_code"": ""New Jersey property tax class 4C"", ""use_description"": """"}",NJOGIS Parcels & MOD-IV Composite,2026-10-01T22:50Z,unique,resolved,2026-10-04T02:11:41+00:00,2026-10-01,processed,2026-10-04T02:41:38+00:00
A0270,29 CONCORD ST,Jersey City,NJ,07306,NJ,Jersey City,,incorporated,"Jersey City, NJ",verified,"Census Geocoder/TIGER-Line; matched_address=29 CONCORD ST, JERSEY CITY, NJ, 07306; place_geoid=3436000; benchmark=Public_AR_Current",2026-10-04T00:49:15+00:00,Existing legal city/state match Census/TIGERweb incorporated-place boundaries.,1890,verified,original:NJOGIS Parcels & MOD-IV Composite; public_parcel:NJOGIS Parcels & MOD-IV Composite,Original and public parcel values agree.,,8,8,8,exact,verified,official use-code mapping; use-description interpretation,Compatible evidence supports an exact unit count of 8. Evidence: use_code_range=5..; use_description_range=8..8.,multifamily_residential,verified,official use-code mapping; use-description interpretation,Use code and use description agree on multifamily_residential.,4C,Apartments; class 4C; 5 units or more,verified_official_codebook,4S-B-8U-H,Building description explicitly indicates 8 units,parsed_explicit_unit_count,"{""use_code"": ""New Jersey property tax class 4C"", ""use_description"": ""Stories indicated: 4; Heat indicated""}",NJOGIS Parcels & MOD-IV Composite,2026-10-01T22:50Z,unique,resolved,2026-10-04T02:11:41+00:00,2026-10-01,processed,2026-10-04T02:41:38+00:00
A0271,4115 LINCOLN WY,San Francisco,CA,,CA,San Francisco,,incorporated,"San Francisco, CA",verified,"Census Geocoder/TIGER-Line; matched_address=4115 LINCOLN WAY, SAN FRANCISCO, CA, 94122; place_geoid=0667000; benchmark=Public_AR_Current",2026-10-04T00:49:15+00:00,Existing legal city/state match Census/TIGERweb incorporated-place boundaries.,1928,verified,original:DataSF wv5m-vpq2 (2025 roll); public_parcel:DataSF wv5m-vpq2 (2025 roll),Original and public parcel values agree.,,13,13,13,exact,verified,original units; official use-code mapping; use-description interpretation; current public parcel lookup,Compatible evidence supports an exact unit count of 13. Evidence: reported_units=13; use_code_range=5..14; use_description_range=5..14; public_parcel_units=13.,multifamily_residential,verified,official use-code mapping; use-description interpretation,Use code and use description agree on multifamily_residential.,A5,Apartment 5 to 14 units,verified_government_published_codebook,Apartment 5 to 14 Units,Apartment property with 5 to 14 units,interpreted_explicit_range,"{""use_code"": """", ""use_description"": """"}",DataSF wv5m-vpq2 (2025 roll),2026-10-01T22:50Z,multiple_candidates,resolved,2026-10-04T02:11:41+00:00,2026-10-01,processed,2026-10-04T02:41:38+00:00
A0272,5 Everett St,Cambridge,MA,,MA,Cambridge,,incorporated,"Cambridge, MA",verified,"Census Geocoder/TIGER-Line; matched_address=5 EVERETT ST, CAMBRIDGE, MA, 02138; place_geoid=2511000; benchmark=Public_AR_Current",2026-10-04T00:49:15+00:00,Existing legal city/state match Census/TIGERweb incorporated-place boundaries.,1890,verified,original:Cambridge Property Database FY2026 (waa7-ibdu); public_parcel:Cambridge Property Database FY2026 (waa7-ibdu),Original and public parcel values agree.,,6,6,6,exact,verified,original units; official use-code mapping; use-description interpretation; current public parcel lookup,Compatible evidence supports an exact unit count of 6. Evidence: reported_units=6; use_code_range=4..8; use_description_range=4..8; public_parcel_units=6.,multifamily_residential,verified,official use-code mapping; use-description interpretation,Use code and use description agree on multifamily_residential.,111,4-8-UNIT-APT; Residential,verified_official_codebook,4-8-UNIT-APT,Apartment property with 4 to 8 units,interpreted_explicit_range,"{""use_code"": """", ""use_description"": """"}",Cambridge Property Database FY2026 (waa7-ibdu),2026-10-01T22:50Z,unique,resolved,2026-10-04T02:11:41+00:00,2026-10-01,processed,2026-10-04T02:41:38+00:00
A0273,3911 CENTRE ST,San Diego,CA,92103,CA,San Diego,,incorporated,"San Diego, CA",verified,"Census Geocoder/TIGER-Line; matched_address=3911 CENTRE ST, SAN DIEGO, CA, 92103; place_geoid=0666000; benchmark=Public_AR_Current",2026-10-04T00:49:15+00:00,Existing legal city/state match Census/TIGERweb incorporated-place boundaries.,unknown,unknown,none,No usable year-built value was available from either source. Public parcel reported an unusable year value (10); it was not inferred or expanded.,,10,10,10,exact,verified,original units; official use-code mapping; use-description interpretation; current public parcel lookup,Compatible evidence supports an exact unit count of 10. Evidence: reported_units=10; use_code_range=5..15; use_description_range=5..; public_parcel_units=10.,multifamily_residential,verified,official use-code mapping; use-description interpretation,Use code and use description agree on multifamily_residential.,14,MULTIPLE 5 TO 15 UNITS-GENERIC,verified_government_dataset_documentation,SANDAG asr_landuse 14-16 (5+ units),Multiple-residential property in an ASR_LANDUSE category representing 5 or more units,interpreted_explicit_range,"{""use_code"": ""Generic multiple-residential classification"", ""use_description"": ""ASR_LANDUSE family 14-16""}",SANDAG/SanGIS parcels,2026-10-01T22:50Z,unique,resolved,2026-10-04T02:11:41+00:00,2026-10-01,processed,2026-10-04T02:41:38+00:00
A0274,7072 EASTMAN ST,San Diego,CA,92111,CA,San Diego,,incorporated,"San Diego, CA",verified,"Census Geocoder/TIGER-Line; matched_address=7072 EASTMAN ST, SAN DIEGO, CA, 92111; place_geoid=0666000; benchmark=Public_AR_Current",2026-10-04T00:49:15+00:00,Existing legal city/state match Census/TIGERweb incorporated-place boundaries.,unknown,unknown,none,No usable year-built value was available from either source. Public parcel reported an unusable year value (41); it was not inferred or expanded.,,6,6,6,exact,verified,original units; official use-code mapping; use-description interpretation; current public parcel lookup,Compatible evidence supports an exact unit count of 6. Evidence: reported_units=6; use_code_range=5..15; use_description_range=5..; public_parcel_units=6.,multifamily_residential,verified,official use-code mapping; use-description interpretation,Use code and use description agree on multifamily_residential.,14,MULTIPLE 5 TO 15 UNITS-GENERIC,verified_government_dataset_documentation,SANDAG asr_landuse 14-16 (5+ units),Multiple-residential property in an ASR_LANDUSE category representing 5 or more units,interpreted_explicit_range,"{""use_code"": ""Generic multiple-residential classification"", ""use_description"": ""ASR_LANDUSE family 14-16""}",SANDAG/SanGIS parcels,2026-10-01T22:50Z,unique,resolved,2026-10-04T02:11:41+00:00,2026-10-01,processed,2026-10-04T02:41:38+00:00
A0275,4091 MORRELL ST,San Diego,CA,92109,CA,San Diego,,incorporated,"San Diego, CA",verified,"Census Geocoder/TIGER-Line; matched_address=4091 MORRELL ST, SAN DIEGO, CA, 92109; place_geoid=0666000; benchmark=Public_AR_Current",2026-10-04T00:49:15+00:00,Existing legal city/state match Census/TIGERweb incorporated-place boundaries.,unknown,unknown,none,No usable year-built value was available from either source. Public parcel reported an unusable year value (70); it was not inferred or expanded.,,7,7,7,exact,verified,original units; official use-code mapping; use-description interpretation; current public parcel lookup,Compatible evidence supports an exact unit count of 7. Evidence: reported_units=7; use_code_range=5..15; use_description_range=5..; public_parcel_units=7.,multifamily_residential,verified,official use-code mapping; use-description interpretation,Use code and use description agree on multifamily_residential.,14,MULTIPLE 5 TO 15 UNITS-GENERIC,verified_government_dataset_documentation,SANDAG asr_landuse 14-16 (5+ units),Multiple-residential property in an ASR_LANDUSE category representing 5 or more units,interpreted_explicit_range,"{""use_code"": ""Generic multiple-residential classification"", ""use_description"": ""ASR_LANDUSE family 14-16""}",SANDAG/SanGIS parcels,2026-10-01T22:50Z,unique,resolved,2026-10-04T02:11:41+00:00,2026-10-01,processed,2026-10-04T02:41:38+00:00
A0276,4361 ILLINOIS ST,San Diego,CA,92104,CA,San Diego,,incorporated,"San Diego, CA",verified,"Census Geocoder/TIGER-Line; matched_address=4361 ILLINOIS ST, SAN DIEGO, CA, 92104; place_geoid=0666000; benchmark=Public_AR_Current",2026-10-04T00:49:15+00:00,Existing legal city/state match Census/TIGERweb incorporated-place boundaries.,unknown,unknown,none,No usable year-built value was available from either source. Public parcel reported an unusable year value (60); it was not inferred or expanded.,,6,6,6,exact,verified,original units; official use-code mapping; use-description interpretation; current public parcel lookup,Compatible evidence supports an exact unit count of 6. Evidence: reported_units=6; use_code_range=5..15; use_description_range=5..; public_parcel_units=6.,multifamily_residential,verified,official use-code mapping; use-description interpretation,Use code and use description agree on multifamily_residential.,14,MULTIPLE 5 TO 15 UNITS-GENERIC,verified_government_dataset_documentation,SANDAG asr_landuse 14-16 (5+ units),Multiple-residential property in an ASR_LANDUSE category representing 5 or more units,interpreted_explicit_range,"{""use_code"": ""Generic multiple-residential classification"", ""use_description"": ""ASR_LANDUSE family 14-16""}",SANDAG/SanGIS parcels,2026-10-01T22:50Z,unique,resolved,2026-10-04T02:11:41+00:00,2026-10-01,processed,2026-10-04T02:41:38+00:00
A0277,2736 GRANT ST,Berkeley,CA,94703,CA,Berkeley,,incorporated,"Berkeley, CA",verified,"Census Geocoder/TIGER-Line; matched_address=2736 GRANT ST, BERKELEY, CA, 94703; place_geoid=0606000; benchmark=Public_AR_Current",2026-10-04T00:49:15+00:00,Existing legal city/state match Census/TIGERweb incorporated-place boundaries.,unknown,unknown,none,No usable year-built value was available from either source.,,8,8,8,exact,verified,official use-code mapping; use-description interpretation; current public parcel lookup,Compatible evidence supports an exact unit count of 8. Evidence: use_code_range=5..; use_description_range=5..; public_parcel_units=8.,multifamily_residential,verified,official use-code mapping; use-description interpretation,Use code and use description agree on multifamily_residential.,7700,Multiple residential building of 5 or more units,verified_official_codebook,Alameda County use code (5+ units),Five or more residential units,interpreted_explicit_range,"{""use_code"": """", ""use_description"": """"}",Alameda County parcels,2026-10-01T22:50Z,unique,resolved,2026-10-04T02:11:41+00:00,2026-10-01,processed,2026-10-04T02:41:38+00:00
A0278,1800 FRANKLIN ST,San Francisco,CA,,CA,San Francisco,,incorporated,"San Francisco, CA",verified,"Census Geocoder/TIGER-Line; matched_address=1800 FRANKLIN ST, SAN FRANCISCO, CA, 94109; place_geoid=0667000; benchmark=Public_AR_Current",2026-10-04T00:49:15+00:00,Existing legal city/state match Census/TIGERweb incorporated-place boundaries.,1919,verified,original:DataSF wv5m-vpq2 (2025 roll); public_parcel:DataSF wv5m-vpq2 (2025 roll),Original and public parcel values agree.,,17,17,17,exact,verified,original units; official use-code mapping; use-description interpretation; current public parcel lookup,Compatible evidence supports an exact unit count of 17. Evidence: reported_units=17; use_code_range=15..; use_description_range=15..; public_parcel_units=17.,multifamily_residential,verified,official use-code mapping; use-description interpretation,Use code and use description agree on multifamily_residential.,A15,Apartment 15 units or more,verified_government_published_codebook,Apartment 15 Units or more,Apartment property with 15 or more units,interpreted_explicit_range,"{""use_code"": """", ""use_description"": """"}",DataSF wv5m-vpq2 (2025 roll),2026-10-01T22:50Z,multiple_candidates,resolved,2026-10-04T02:11:41+00:00,2026-10-01,processed,2026-10-04T02:41:38+00:00
A0279,90 KENSINGTON AVE.,Jersey City,NJ,07302,NJ,Jersey City,,unknown,"Jersey City, NJ",partial,Existing legal-city mapping retained; Census lookup did not independently verify the boundary.,2026-10-04T00:49:15+00:00,Census Geocoder did not return coordinates; jurisdiction was not independently verified.,1925,verified,original:NJOGIS Parcels & MOD-IV Composite; public_parcel:NJOGIS Parcels & MOD-IV Composite,Original and public parcel values agree.,,17,17,17,exact,verified,official use-code mapping; use-description interpretation,Compatible evidence supports an exact unit count of 17. Evidence: use_code_range=5..; use_description_range=17..17.,multifamily_residential,verified,official use-code mapping; use-description interpretation,Use code and use description agree on multifamily_residential.,4C,Apartments; class 4C; 5 units or more,verified_official_codebook,4S-B-A-17U,Building description explicitly indicates 17 units,parsed_explicit_unit_count,"{""use_code"": ""New Jersey property tax class 4C"", ""use_description"": ""Stories indicated: 4""}",NJOGIS Parcels & MOD-IV Composite,2026-10-01T22:50Z,unique,resolved,2026-10-04T02:11:41+00:00,2026-10-01,processed,2026-10-04T02:41:38+00:00
A0280,1215 11TH AV,San Francisco,CA,,CA,San Francisco,,incorporated,"San Francisco, CA",verified,"Census Geocoder/TIGER-Line; matched_address=1215 11TH AVE, SAN FRANCISCO, CA, 94122; place_geoid=0667000; benchmark=Public_AR_Current",2026-10-04T00:49:15+00:00,Existing legal city/state match Census/TIGERweb incorporated-place boundaries.,1971,verified,original:DataSF wv5m-vpq2 (2025 roll); public_parcel:DataSF wv5m-vpq2 (2025 roll),Original and public parcel values agree.,,6,6,6,exact,verified,original units; official use-code mapping; use-description interpretation; current public parcel lookup,Compatible evidence supports an exact unit count of 6. Evidence: reported_units=6; use_code_range=5..14; use_description_range=5..14; public_parcel_units=6.,multifamily_residential,verified,official use-code mapping; use-description interpretation,Use code and use description agree on multifamily_residential.,A5,Apartment 5 to 14 units,verified_government_published_codebook,Apartment 5 to 14 Units,Apartment property with 5 to 14 units,interpreted_explicit_range,"{""use_code"": """", ""use_description"": """"}",DataSF wv5m-vpq2 (2025 roll),2026-10-01T22:50Z,multiple_candidates,resolved,2026-10-04T02:11:41+00:00,2026-10-01,processed,2026-10-04T02:41:38+00:00
A0281,1725 N GOWER ST,Los Angeles,CA,90028,CA,Los Angeles,,incorporated,"Los Angeles, CA",verified,"Census Geocoder/TIGER-Line; matched_address=1725 N GOWER ST, LOS ANGELES, CA, 90028; place_geoid=0644000; benchmark=Public_AR_Current",2026-10-04T00:49:15+00:00,Existing legal city/state match Census/TIGERweb incorporated-place boundaries.,1946,verified,original:LA County eGIS parcels; public_parcel:LA County eGIS parcels,Original and public parcel values agree.,,20,20,20,exact,verified,original units; official use-code mapping; use-description interpretation; current public parcel lookup,Compatible evidence supports an exact unit count of 20. Evidence: reported_units=20; use_code_range=5..; use_description_range=5..; public_parcel_units=20.,multifamily_residential,verified,official use-code mapping; use-description interpretation,Use code and use description agree on multifamily_residential.,0500,Multi-Family Residence; five or more apartments or units; 4 stories or less; final character unused or unknown,verified_official_codebook,Five or more apartments,Five or more apartments,interpreted_explicit_range,"{""use_code"": ""4 stories or less"", ""use_description"": """"}",LA County eGIS parcels,2026-10-01T22:50Z,unique,resolved,2026-10-04T02:11:41+00:00,2026-10-01,processed,2026-10-04T02:41:38+00:00
A0282,2240 10TH ST,Berkeley,CA,94710,CA,Berkeley,,incorporated,"Berkeley, CA",verified,"Census Geocoder/TIGER-Line; matched_address=2240 10TH ST, BERKELEY, CA, 94710; place_geoid=0606000; benchmark=Public_AR_Current",2026-10-04T00:49:15+00:00,Existing legal city/state match Census/TIGERweb incorporated-place boundaries.,1947,verified,public_parcel:Alameda County parcels,Public parcel value used because the original value was missing.,,9,9,9,exact,verified,official use-code mapping; use-description interpretation; current public parcel lookup,Compatible evidence supports an exact unit count of 9. Evidence: use_code_range=5..; use_description_range=5..; public_parcel_units=9.,multifamily_residential,verified,official use-code mapping; use-description interpretation,Use code and use description agree on multifamily_residential.,7700,Multiple residential building of 5 or more units,verified_official_codebook,Alameda County use code (5+ units),Five or more residential units,interpreted_explicit_range,"{""use_code"": """", ""use_description"": """"}",Alameda County parcels,2026-10-01T22:50Z,unique,resolved,2026-10-04T02:11:41+00:00,2026-10-01,processed,2026-10-04T02:41:38+00:00
A0283,90 BARTLETT ST,San Francisco,CA,,CA,San Francisco,,incorporated,"San Francisco, CA",verified,"Census Geocoder/TIGER-Line; matched_address=90 BARTLETT ST, SAN FRANCISCO, CA, 94110; place_geoid=0667000; benchmark=Public_AR_Current",2026-10-04T00:49:15+00:00,Existing legal city/state match Census/TIGERweb incorporated-place boundaries.,1986,verified,original:DataSF wv5m-vpq2 (2025 roll),Original value retained because no usable public parcel value was available.,,51,51,51,exact,verified,original units; official use-code mapping; use-description interpretation,Compatible evidence supports an exact unit count of 51. Evidence: reported_units=51; use_code_range=15..; use_description_range=15...,multifamily_residential,verified,official use-code mapping; use-description interpretation,Use code and use description agree on multifamily_residential.,A15,Apartment 15 units or more,verified_government_published_codebook,Apartment 15 Units or more,Apartment property with 15 or more units,interpreted_explicit_range,"{""use_code"": """", ""use_description"": """"}",DataSF wv5m-vpq2 (2025 roll),2026-10-01T22:50Z,unresolved_candidates,unknown,2026-10-04T02:11:41+00:00,2026-10-01,processed,2026-10-04T02:41:38+00:00
A0284,345 Columbia St,Cambridge,MA,,MA,Cambridge,,incorporated,"Cambridge, MA",verified,"Census Geocoder/TIGER-Line; matched_address=345 COLUMBIA ST, CAMBRIDGE, MA, 02141; place_geoid=2511000; benchmark=Public_AR_Current",2026-10-04T00:49:15+00:00,Existing legal city/state match Census/TIGERweb incorporated-place boundaries.,1920,verified,original:Cambridge Property Database FY2026 (waa7-ibdu); public_parcel:Cambridge Property Database FY2026 (waa7-ibdu),Original and public parcel values agree.,,9,9,9,exact,verified,original units; official use-code mapping; use-description interpretation; current public parcel lookup,Compatible evidence supports an exact unit count of 9. Evidence: reported_units=9; use_code_range=9..; use_description_range=9..; public_parcel_units=9.,multifamily_residential,verified,official use-code mapping; use-description interpretation,Use code and use description agree on multifamily_residential.,112,>8-UNIT-APT; Residential,verified_official_codebook,>8-UNIT-APT,Apartment property with more than 8 units,interpreted_explicit_range,"{""use_code"": """", ""use_description"": """"}",Cambridge Property Database FY2026 (waa7-ibdu),2026-10-01T22:50Z,unique,resolved,2026-10-04T02:11:41+00:00,2026-10-01,processed,2026-10-04T02:41:38+00:00
A0285,5255 HARMONY AVE,Los Angeles,CA,91601,CA,Los Angeles,,incorporated,"Los Angeles, CA",verified,"Census Geocoder/TIGER-Line; matched_address=5255 HARMONY AVE, NORTH HOLLYWOOD, CA, 91601; place_geoid=0644000; benchmark=Public_AR_Current",2026-10-04T00:49:15+00:00,Existing legal city/state match Census/TIGERweb incorporated-place boundaries.,unknown,unknown,none,No usable year-built value was available from either source. Public parcel reported an unusable year value (0000); it was not inferred or expanded.,,8,8,8,exact,verified,original units; official use-code mapping; use-description interpretation; current public parcel lookup,Compatible evidence supports an exact unit count of 8. Evidence: reported_units=8; use_code_range=5..; use_description_range=5..; public_parcel_units=8.,multifamily_residential,verified,official use-code mapping; use-description interpretation,Use code and use description agree on multifamily_residential.,0500,Multi-Family Residence; five or more apartments or units; 4 stories or less; final character unused or unknown,verified_official_codebook,Five or more apartments,Five or more apartments,interpreted_explicit_range,"{""use_code"": ""4 stories or less"", ""use_description"": """"}",LA County eGIS parcels,2026-10-01T22:50Z,unique,resolved,2026-10-04T02:11:41+00:00,2026-10-01,processed,2026-10-04T02:41:38+00:00
A0286,27 Irving Ter,Cambridge,MA,,MA,Cambridge,,incorporated,"Cambridge, MA",verified,"Census Geocoder/TIGER-Line; matched_address=27 IRVING TER, CAMBRIDGE, MA, 02138; place_geoid=2511000; benchmark=Public_AR_Current",2026-10-04T00:49:15+00:00,Existing legal city/state match Census/TIGERweb incorporated-place boundaries.,1925,verified,original:Cambridge Property Database FY2026 (waa7-ibdu); public_parcel:Cambridge Property Database FY2026 (waa7-ibdu),Original and public parcel values agree.,,29,29,29,exact,verified,original units; official use-code mapping; use-description interpretation; current public parcel lookup,Compatible evidence supports an exact unit count of 29. Evidence: reported_units=29; use_code_range=9..; use_description_range=9..; public_parcel_units=29.,multifamily_residential,verified,official use-code mapping; use-description interpretation,Use code and use description agree on multifamily_residential.,112,>8-UNIT-APT; Residential,verified_official_codebook,>8-UNIT-APT,Apartment property with more than 8 units,interpreted_explicit_range,"{""use_code"": """", ""use_description"": """"}",Cambridge Property Database FY2026 (waa7-ibdu),2026-10-01T22:50Z,unique,resolved,2026-10-04T02:11:41+00:00,2026-10-01,processed,2026-10-04T02:41:38+00:00
A0287,404 GRAND ST,Hoboken,NJ,07075,NJ,Hoboken,,incorporated,"Hoboken, NJ",verified,"Census Geocoder/TIGER-Line; matched_address=404 GRAND ST, HOBOKEN, NJ, 07030; place_geoid=3432250; benchmark=Public_AR_Current",2026-10-04T00:49:15+00:00,Existing legal city/state match Census/TIGERweb incorporated-place boundaries.,unknown,unknown,none,No usable year-built value was available from either source.,,7,7,7,exact,verified,official use-code mapping; use-description interpretation; current public parcel lookup,Compatible evidence supports an exact unit count of 7. Evidence: use_code_range=5..; use_description_range=7..7; public_parcel_units=7.,multifamily_residential,verified,official use-code mapping; use-description interpretation,Use code and use description agree on multifamily_residential.,4C,Apartments; class 4C; 5 units or more,verified_official_codebook,4B-7U-H-BA,Building description explicitly indicates 7 units,parsed_explicit_unit_count,"{""use_code"": ""New Jersey property tax class 4C"", ""use_description"": ""Heat indicated""}",NJOGIS Parcels & MOD-IV Composite,2026-10-01T22:50Z,unique,resolved,2026-10-04T02:11:41+00:00,2026-10-01,processed,2026-10-04T02:41:38+00:00
A0288,75 CLENDENNY AVE.,Jersey City,NJ,11211,NJ,Jersey City,,incorporated,"Jersey City, NJ",verified,"Census Geocoder/TIGER-Line; matched_address=75 CLENDENNY AVE, JERSEY CITY, NJ, 07304; place_geoid=3436000; benchmark=Public_AR_Current",2026-10-04T00:49:15+00:00,Existing legal city/state match Census/TIGERweb incorporated-place boundaries.,unknown,unknown,none,No usable year-built value was available from either source.,,12,12,12,exact,verified,official use-code mapping; use-description interpretation,Compatible evidence supports an exact unit count of 12. Evidence: use_code_range=5..; use_description_range=12..12.,multifamily_residential,verified,official use-code mapping; use-description interpretation,Use code and use description agree on multifamily_residential.,4C,Apartments; class 4C; 5 units or more,verified_official_codebook,3S-B-12U,Building description explicitly indicates 12 units,parsed_explicit_unit_count,"{""use_code"": ""New Jersey property tax class 4C"", ""use_description"": ""Stories indicated: 3""}",NJOGIS Parcels & MOD-IV Composite,2026-10-01T22:50Z,unique,resolved,2026-10-04T02:11:41+00:00,2026-10-01,processed,2026-10-04T02:41:38+00:00
A0289,1741 M L KING JR WAY,Berkeley,CA,94709,CA,Berkeley,,incorporated,"Berkeley, CA",verified,"Census Geocoder/TIGER-Line; matched_address=1741 MARTIN LUTHER KING JR WAY, BERKELEY, CA, 94709; place_geoid=0606000; benchmark=Public_AR_Current",2026-10-04T00:49:15+00:00,Existing legal city/state match Census/TIGERweb incorporated-place boundaries.,unknown,unknown,none,No usable year-built value was available from either source.,,14,14,14,exact,verified,official use-code mapping; use-description interpretation; current public parcel lookup,Compatible evidence supports an exact unit count of 14. Evidence: use_code_range=5..; use_description_range=5..; public_parcel_units=14.,multifamily_residential,verified,official use-code mapping; use-description interpretation,Use code and use description agree on multifamily_residential.,7700,Multiple residential building of 5 or more units,verified_official_codebook,Alameda County use code (5+ units),Five or more residential units,interpreted_explicit_range,"{""use_code"": """", ""use_description"": """"}",Alameda County parcels,2026-10-01T22:50Z,unique,resolved,2026-10-04T02:11:41+00:00,2026-10-01,processed,2026-10-04T02:41:38+00:00
A0290,21 Forest St,Cambridge,MA,,MA,Cambridge,,incorporated,"Cambridge, MA",verified,"Census Geocoder/TIGER-Line; matched_address=21 FOREST ST, CAMBRIDGE, MA, 02140; place_geoid=2511000; benchmark=Public_AR_Current",2026-10-04T00:49:15+00:00,Existing legal city/state match Census/TIGERweb incorporated-place boundaries.,1880,verified,original:Cambridge Property Database FY2026 (waa7-ibdu); public_parcel:Cambridge Property Database FY2026 (waa7-ibdu),Original and public parcel values agree.,,10,10,10,exact,verified,original units; official use-code mapping; use-description interpretation; current public parcel lookup,Compatible evidence supports an exact unit count of 10. Evidence: reported_units=10; use_code_range=9..; use_description_range=9..; public_parcel_units=10.,multifamily_residential,verified,official use-code mapping; use-description interpretation,Use code and use description agree on multifamily_residential.,112,>8-UNIT-APT; Residential,verified_official_codebook,>8-UNIT-APT,Apartment property with more than 8 units,interpreted_explicit_range,"{""use_code"": """", ""use_description"": """"}",Cambridge Property Database FY2026 (waa7-ibdu),2026-10-01T22:50Z,unique,resolved,2026-10-04T02:11:41+00:00,2026-10-01,processed,2026-10-04T02:41:38+00:00
A0291,165 Cambridgepark Dr,Cambridge,MA,,MA,Cambridge,,unknown,"Cambridge, MA",partial,Existing legal-city mapping retained; Census lookup did not independently verify the boundary.,2026-10-04T00:49:15+00:00,Census Geocoder did not return coordinates; jurisdiction was not independently verified.,2014,verified,original:Cambridge Property Database FY2026 (waa7-ibdu); public_parcel:Cambridge Property Database FY2026 (waa7-ibdu),Original and public parcel values agree.,,244,244,244,exact,verified,original units; official use-code mapping; use-description interpretation; current public parcel lookup,Compatible evidence supports an exact unit count of 244. Evidence: reported_units=244; use_code_range=9..; use_description_range=9..; public_parcel_units=244.,multifamily_residential,verified,official use-code mapping; use-description interpretation,Use code and use description agree on multifamily_residential.,112,>8-UNIT-APT; Residential,verified_official_codebook,>8-UNIT-APT,Apartment property with more than 8 units,interpreted_explicit_range,"{""use_code"": """", ""use_description"": """"}",Cambridge Property Database FY2026 (waa7-ibdu),2026-10-01T22:50Z,unique,resolved,2026-10-04T02:11:41+00:00,2026-10-01,processed,2026-10-04T02:41:38+00:00
A0292,24 Berkshire St,Cambridge,MA,,MA,Cambridge,,incorporated,"Cambridge, MA",verified,"Census Geocoder/TIGER-Line; matched_address=24 BERKSHIRE ST, CAMBRIDGE, MA, 02141; place_geoid=2511000; benchmark=Public_AR_Current",2026-10-04T00:49:15+00:00,Existing legal city/state match Census/TIGERweb incorporated-place boundaries.,2019,verified,original:Cambridge Property Database FY2026 (waa7-ibdu); public_parcel:Cambridge Property Database FY2026 (waa7-ibdu),Original and public parcel values agree.,,6,6,6,exact,verified,original units; official use-code mapping; use-description interpretation; current public parcel lookup,Compatible evidence supports an exact unit count of 6. Evidence: reported_units=6; use_code_range=4..8; use_description_range=4..8; public_parcel_units=6.,multifamily_residential,verified,official use-code mapping; use-description interpretation,Use code and use description agree on multifamily_residential.,111,4-8-UNIT-APT; Residential,verified_official_codebook,4-8-UNIT-APT,Apartment property with 4 to 8 units,interpreted_explicit_range,"{""use_code"": """", ""use_description"": """"}",Cambridge Property Database FY2026 (waa7-ibdu),2026-10-01T22:50Z,unique,resolved,2026-10-04T02:11:41+00:00,2026-10-01,processed,2026-10-04T02:41:38+00:00
A0293,1314 NATOMA ST,San Francisco,CA,,CA,San Francisco,,incorporated,"San Francisco, CA",verified,"Census Geocoder/TIGER-Line; matched_address=1314 NATOMA ST, SAN FRANCISCO, CA, 94103; place_geoid=0667000; benchmark=Public_AR_Current",2026-10-04T00:49:15+00:00,Existing legal city/state match Census/TIGERweb incorporated-place boundaries.,1907,verified,original:DataSF wv5m-vpq2 (2025 roll); public_parcel:DataSF wv5m-vpq2 (2025 roll),Original and public parcel values agree.,,6,6,6,exact,verified,original units; official use-code mapping; use-description interpretation; current public parcel lookup,Compatible evidence supports an exact unit count of 6. Evidence: reported_units=6; use_code_range=5..14; use_description_range=5..14; public_parcel_units=6.,multifamily_residential,verified,official use-code mapping; use-description interpretation,Use code and use description agree on multifamily_residential.,A5,Apartment 5 to 14 units,verified_government_published_codebook,Apartment 5 to 14 Units,Apartment property with 5 to 14 units,interpreted_explicit_range,"{""use_code"": """", ""use_description"": """"}",DataSF wv5m-vpq2 (2025 roll),2026-10-01T22:50Z,multiple_candidates,resolved,2026-10-04T02:11:41+00:00,2026-10-01,processed,2026-10-04T02:41:38+00:00
A0294,178 Richdale Ave,Cambridge,MA,,MA,Cambridge,,incorporated,"Cambridge, MA",verified,"Census Geocoder/TIGER-Line; matched_address=178 RICHDALE AVE, CAMBRIDGE, MA, 02140; place_geoid=2511000; benchmark=Public_AR_Current",2026-10-04T00:49:15+00:00,Existing legal city/state match Census/TIGERweb incorporated-place boundaries.,1920,verified,original:Cambridge Property Database FY2026 (waa7-ibdu); public_parcel:Cambridge Property Database FY2026 (waa7-ibdu),Original and public parcel values agree.,,6,6,6,exact,verified,original units; official use-code mapping; use-description interpretation; current public parcel lookup,Compatible evidence supports an exact unit count of 6. Evidence: reported_units=6; use_code_range=4..8; use_description_range=4..8; public_parcel_units=6.,multifamily_residential,verified,official use-code mapping; use-description interpretation,Use code and use description agree on multifamily_residential.,111,4-8-UNIT-APT; Residential,verified_official_codebook,4-8-UNIT-APT,Apartment property with 4 to 8 units,interpreted_explicit_range,"{""use_code"": """", ""use_description"": """"}",Cambridge Property Database FY2026 (waa7-ibdu),2026-10-01T22:50Z,unique,resolved,2026-10-04T02:11:41+00:00,2026-10-01,processed,2026-10-04T02:41:38+00:00
A0295,Harvard ST LOT 2A-13,Dorchester,MA,02124,MA,Boston,,unknown,"Boston, MA",partial,Existing legal-city mapping retained; Census lookup did not independently verify the boundary.,2026-10-04T00:49:15+00:00,Census Geocoder did not return coordinates; jurisdiction was not independently verified.,2019,verified,original:Boston Property Assessment FY2026,Original value retained because no usable public parcel value was available.,,unknown,,,unknown,missing,none,No usable unit-count evidence was available. Public parcel status: address_not_aligned.,subsidized_multifamily,verified,official use-code mapping; use-description interpretation,Use code and use description agree on subsidized_multifamily.,A/125,SUBSD HOUSING S-8,verified_official_dataset,SUBSD HOUSING S- 8,Subsidized Section 8 housing classification,interpreted_use_only,"{""use_code"": ""Section 8 subsidized housing indicator"", ""use_description"": ""Section 8 subsidized housing indicator""}",Boston Property Assessment FY2026,2026-10-01T22:50Z,unresolved_candidates,unknown,2026-10-04T02:11:41+00:00,2026-10-01,processed,2026-10-04T02:41:38+00:00
A0296,83-85 MCWHORTER ST,Newark,NJ,07105,NJ,Newark,,incorporated,"Newark, NJ",verified,"Census Geocoder/TIGER-Line; matched_address=85 MCWHORTER ST, NEWARK, NJ, 07105; place_geoid=3451000; benchmark=Public_AR_Current",2026-10-04T00:49:15+00:00,Existing legal city/state match Census/TIGERweb incorporated-place boundaries.,unknown,unknown,none,No usable year-built value was available from either source.,,unknown,,,unknown,conflict,official use-code mapping; current public parcel lookup,Unit evidence conflicts; final value is unknown. Evidence: use_code_range=5..; public_parcel_units=1.,multifamily_residential,verified,official use-code mapping; use-description interpretation,One property-use source is available: use code=multifamily_residential.,4C,Apartments; class 4C; 5 units or more,verified_official_codebook,4SB,Building-description shorthand; no reliable unit count can be extracted from the description alone,insufficient_description_for_unit_count,"{""use_code"": ""New Jersey property tax class 4C"", ""use_description"": ""Stories indicated: 4""}",NJOGIS Parcels & MOD-IV Composite,2026-10-01T22:50Z,unique,resolved,2026-10-04T02:11:41+00:00,2026-10-01,processed,2026-10-04T02:41:38+00:00
A0297,211-213 SUMMER AVE,Newark,NJ,11205,NJ,Newark,,incorporated,"Newark, NJ",verified,"Census Geocoder/TIGER-Line; matched_address=213 SUMMER AVE, NEWARK, NJ, 07104; place_geoid=3451000; benchmark=Public_AR_Current",2026-10-04T00:49:15+00:00,Existing legal city/state match Census/TIGERweb incorporated-place boundaries.,unknown,unknown,none,No usable year-built value was available from either source.,,unknown,,,unknown,conflict,official use-code mapping; current public parcel lookup,Unit evidence conflicts; final value is unknown. Evidence: use_code_range=5..; public_parcel_units=1.,multifamily_residential,verified,official use-code mapping; use-description interpretation,One property-use source is available: use code=multifamily_residential.,4C,Apartments; class 4C; 5 units or more,verified_official_codebook,4SB,Building-description shorthand; no reliable unit count can be extracted from the description alone,insufficient_description_for_unit_count,"{""use_code"": ""New Jersey property tax class 4C"", ""use_description"": ""Stories indicated: 4""}",NJOGIS Parcels & MOD-IV Composite,2026-10-01T22:50Z,unique,resolved,2026-10-04T02:11:41+00:00,2026-10-01,processed,2026-10-04T02:41:38+00:00
A0298,361 Washington St,Cambridge,MA,,MA,Cambridge,,incorporated,"Cambridge, MA",verified,"Census Geocoder/TIGER-Line; matched_address=361 WASHINGTON ST, CAMBRIDGE, MA, 02139; place_geoid=2511000; benchmark=Public_AR_Current",2026-10-04T00:49:15+00:00,Existing legal city/state match Census/TIGERweb incorporated-place boundaries.,1900,verified,original:Cambridge Property Database FY2026 (waa7-ibdu); public_parcel:Cambridge Property Database FY2026 (waa7-ibdu),Original and public parcel values agree.,,6,6,6,exact,verified,original units; official use-code mapping; use-description interpretation; current public parcel lookup,Compatible evidence supports an exact unit count of 6. Evidence: reported_units=6; use_code_range=4..8; use_description_range=4..8; public_parcel_units=6.,multifamily_residential,verified,official use-code mapping; use-description interpretation,Use code and use description agree on multifamily_residential.,111,4-8-UNIT-APT; Residential,verified_official_codebook,4-8-UNIT-APT,Apartment property with 4 to 8 units,interpreted_explicit_range,"{""use_code"": """", ""use_description"": """"}",Cambridge Property Database FY2026 (waa7-ibdu),2026-10-01T22:50Z,unique,resolved,2026-10-04T02:11:41+00:00,2026-10-01,processed,2026-10-04T02:41:38+00:00
A0299,1037 WASHINGTON ST,Hoboken,NJ,10994,NJ,Hoboken,,incorporated,"Hoboken, NJ",verified,"Census Geocoder/TIGER-Line; matched_address=1037 WASHINGTON ST, HOBOKEN, NJ, 07030; place_geoid=3432250; benchmark=Public_AR_Current",2026-10-04T00:49:15+00:00,Existing legal city/state match Census/TIGERweb incorporated-place boundaries.,unknown,unknown,none,No usable year-built value was available from either source.,,8,8,8,exact,verified,official use-code mapping; use-description interpretation; current public parcel lookup,Compatible evidence supports an exact unit count of 8. Evidence: use_code_range=5..; use_description_range=8..8; public_parcel_units=8.,multifamily_residential,verified,official use-code mapping; use-description interpretation,Use code and use description agree on multifamily_residential.,4C,Apartments; class 4C; 5 units or more,verified_official_codebook,4B-8U-BA,Building description explicitly indicates 8 units,parsed_explicit_unit_count,"{""use_code"": ""New Jersey property tax class 4C"", ""use_description"": """"}",NJOGIS Parcels & MOD-IV Composite,2026-10-01T22:50Z,unique,resolved,2026-10-04T02:11:41+00:00,2026-10-01,processed,2026-10-04T02:41:38+00:00
A0300,36 Trowbridge St,Cambridge,MA,,MA,Cambridge,,incorporated,"Cambridge, MA",verified,"Census Geocoder/TIGER-Line; matched_address=36 TROWBRIDGE ST, CAMBRIDGE, MA, 02138; place_geoid=2511000; benchmark=Public_AR_Current",2026-10-04T00:49:15+00:00,Existing legal city/state match Census/TIGERweb incorporated-place boundaries.,1920,verified,original:Cambridge Property Database FY2026 (waa7-ibdu); public_parcel:Cambridge Property Database FY2026 (waa7-ibdu),Original and public parcel values agree.,,5,5,5,exact,verified,original units; official use-code mapping; use-description interpretation; current public parcel lookup,Compatible evidence supports an exact unit count of 5. Evidence: reported_units=5; use_code_range=4..8; use_description_range=4..8; public_parcel_units=5.,multifamily_residential,verified,official use-code mapping; use-description interpretation,Use code and use description agree on multifamily_residential.,111,4-8-UNIT-APT; Residential,verified_official_codebook,4-8-UNIT-APT,Apartment property with 4 to 8 units,interpreted_explicit_range,"{""use_code"": """", ""use_description"": """"}",Cambridge Property Database FY2026 (waa7-ibdu),2026-10-01T22:50Z,unique,resolved,2026-10-04T02:11:41+00:00,2026-10-01,processed,2026-10-04T02:41:38+00:00
A0301,165 Hampshire St,Cambridge,MA,,MA,Cambridge,,incorporated,"Cambridge, MA",verified,"Census Geocoder/TIGER-Line; matched_address=165 HAMPSHIRE ST, CAMBRIDGE, MA, 02139; place_geoid=2511000; benchmark=Public_AR_Current",2026-10-04T00:49:15+00:00,Existing legal city/state match Census/TIGERweb incorporated-place boundaries.,1905,verified,original:Cambridge Property Database FY2026 (waa7-ibdu); public_parcel:Cambridge Property Database FY2026 (waa7-ibdu),Original and public parcel values agree.,,6,6,6,exact,verified,original units; official use-code mapping; use-description interpretation; current public parcel lookup,Compatible evidence supports an exact unit count of 6. Evidence: reported_units=6; use_code_range=4..8; use_description_range=4..8; public_parcel_units=6.,multifamily_residential,verified,official use-code mapping; use-description interpretation,Use code and use description agree on multifamily_residential.,111,4-8-UNIT-APT; Residential,verified_official_codebook,4-8-UNIT-APT,Apartment property with 4 to 8 units,interpreted_explicit_range,"{""use_code"": """", ""use_description"": """"}",Cambridge Property Database FY2026 (waa7-ibdu),2026-10-01T22:50Z,unique,resolved,2026-10-04T02:11:41+00:00,2026-10-01,processed,2026-10-04T02:41:38+00:00
A0302,4-6 Clinton St,Cambridge,MA,,MA,Cambridge,,incorporated,"Cambridge, MA",verified,"Census Geocoder/TIGER-Line; matched_address=6 CLINTON ST, CAMBRIDGE, MA, 02139; place_geoid=2511000; benchmark=Public_AR_Current",2026-10-04T00:49:15+00:00,Existing legal city/state match Census/TIGERweb incorporated-place boundaries.,1900,verified,original:Cambridge Property Database FY2026 (waa7-ibdu); public_parcel:Cambridge Property Database FY2026 (waa7-ibdu),Original and public parcel values agree.,,8,8,8,exact,verified,original units; official use-code mapping; use-description interpretation; current public parcel lookup,Compatible evidence supports an exact unit count of 8. Evidence: reported_units=8; use_code_range=4..8; use_description_range=4..8; public_parcel_units=8.,multifamily_residential,verified,official use-code mapping; use-description interpretation,Use code and use description agree on multifamily_residential.,111,4-8-UNIT-APT; Residential,verified_official_codebook,4-8-UNIT-APT,Apartment property with 4 to 8 units,interpreted_explicit_range,"{""use_code"": """", ""use_description"": """"}",Cambridge Property Database FY2026 (waa7-ibdu),2026-10-01T22:50Z,unique,resolved,2026-10-04T02:11:41+00:00,2026-10-01,processed,2026-10-04T02:41:38+00:00
A0303,188 E 35TH ST,Los Angeles,CA,90011,CA,Los Angeles,,incorporated,"Los Angeles, CA",verified,"Census Geocoder/TIGER-Line; matched_address=188 E 35TH ST, LOS ANGELES, CA, 90011; place_geoid=0644000; benchmark=Public_AR_Current",2026-10-04T00:49:15+00:00,Existing legal city/state match Census/TIGERweb incorporated-place boundaries.,1909,verified,original:LA County eGIS parcels; public_parcel:LA County eGIS parcels,Original and public parcel values agree.,,10,10,10,exact,verified,original units; official use-code mapping; use-description interpretation; current public parcel lookup,Compatible evidence supports an exact unit count of 10. Evidence: reported_units=10; use_code_range=5..; use_description_range=5..; public_parcel_units=10.,multifamily_residential,verified,official use-code mapping; use-description interpretation,Use code and use description agree on multifamily_residential.,0500,Multi-Family Residence; five or more apartments or units; 4 stories or less; final character unused or unknown,verified_official_codebook,Five or more apartments,Five or more apartments,interpreted_explicit_range,"{""use_code"": ""4 stories or less"", ""use_description"": """"}",LA County eGIS parcels,2026-10-01T22:50Z,unique,resolved,2026-10-04T02:11:41+00:00,2026-10-01,processed,2026-10-04T02:41:38+00:00
A0304,4541 HAMILTON ST,San Diego,CA,92116,CA,San Diego,,incorporated,"San Diego, CA",verified,"Census Geocoder/TIGER-Line; matched_address=4541 HAMILTON ST, SAN DIEGO, CA, 92116; place_geoid=0666000; benchmark=Public_AR_Current",2026-10-04T00:49:15+00:00,Existing legal city/state match Census/TIGERweb incorporated-place boundaries.,unknown,unknown,none,No usable year-built value was available from either source. Public parcel reported an unusable year value (52); it was not inferred or expanded.,,7,7,7,exact,verified,original units; official use-code mapping; use-description interpretation; current public parcel lookup,Compatible evidence supports an exact unit count of 7. Evidence: reported_units=7; use_code_range=5..15; use_description_range=5..; public_parcel_units=7.,multifamily_residential,verified,official use-code mapping; use-description interpretation,Use code and use description agree on multifamily_residential.,14,MULTIPLE 5 TO 15 UNITS-GENERIC,verified_government_dataset_documentation,SANDAG asr_landuse 14-16 (5+ units),Multiple-residential property in an ASR_LANDUSE category representing 5 or more units,interpreted_explicit_range,"{""use_code"": ""Generic multiple-residential classification"", ""use_description"": ""ASR_LANDUSE family 14-16""}",SANDAG/SanGIS parcels,2026-10-01T22:50Z,unique,resolved,2026-10-04T02:11:41+00:00,2026-10-01,processed,2026-10-04T02:41:38+00:00
A0305,638 45TH AV,San Francisco,CA,,CA,San Francisco,,incorporated,"San Francisco, CA",verified,"Census Geocoder/TIGER-Line; matched_address=638 45TH AVE, SAN FRANCISCO, CA, 94121; place_geoid=0667000; benchmark=Public_AR_Current",2026-10-04T00:49:15+00:00,Existing legal city/state match Census/TIGERweb incorporated-place boundaries.,1908,verified,original:DataSF wv5m-vpq2 (2025 roll); public_parcel:DataSF wv5m-vpq2 (2025 roll),Original and public parcel values agree.,,5,5,5,exact,verified,original units; official use-code mapping; use-description interpretation; current public parcel lookup,Compatible evidence supports an exact unit count of 5. Evidence: reported_units=5; use_code_range=5..14; use_description_range=5..14; public_parcel_units=5.,multifamily_residential,verified,official use-code mapping; use-description interpretation,Use code and use description agree on multifamily_residential.,A5,Apartment 5 to 14 units,verified_government_published_codebook,Apartment 5 to 14 Units,Apartment property with 5 to 14 units,interpreted_explicit_range,"{""use_code"": """", ""use_description"": """"}",DataSF wv5m-vpq2 (2025 roll),2026-10-01T22:50Z,multiple_candidates,resolved,2026-10-04T02:11:41+00:00,2026-10-01,processed,2026-10-04T02:41:38+00:00
A0306,335A Harvard St,Cambridge,MA,,MA,Cambridge,,incorporated,"Cambridge, MA",verified,"Census Geocoder/TIGER-Line; matched_address=335A HARVARD ST, CAMBRIDGE, MA, 02139; place_geoid=2511000; benchmark=Public_AR_Current",2026-10-04T00:49:15+00:00,Existing legal city/state match Census/TIGERweb incorporated-place boundaries.,1920,verified,original:Cambridge Property Database FY2026 (waa7-ibdu),Original value retained because no usable public parcel value was available.,,17,17,17,exact,verified,original units; official use-code mapping; use-description interpretation,Compatible evidence supports an exact unit count of 17. Evidence: reported_units=17; use_code_range=9..; use_description_range=9...,multifamily_residential,verified,official use-code mapping; use-description interpretation,Use code and use description agree on multifamily_residential.,112,>8-UNIT-APT; Residential,verified_official_codebook,>8-UNIT-APT,Apartment property with more than 8 units,interpreted_explicit_range,"{""use_code"": """", ""use_description"": """"}",Cambridge Property Database FY2026 (waa7-ibdu),2026-10-01T22:50Z,unresolved_candidates,unknown,2026-10-04T02:11:41+00:00,2026-10-01,processed,2026-10-04T02:41:38+00:00
A0307,294-296 VAN BUREN ST,Newark,NJ,07512,NJ,Newark,,incorporated,"Newark, NJ",verified,"Census Geocoder/TIGER-Line; matched_address=296 VAN BUREN ST, NEWARK, NJ, 07105; place_geoid=3451000; benchmark=Public_AR_Current",2026-10-04T00:49:15+00:00,Existing legal city/state match Census/TIGERweb incorporated-place boundaries.,unknown,unknown,none,No usable year-built value was available from either source.,,unknown,,,unknown,conflict,official use-code mapping; current public parcel lookup,Unit evidence conflicts; final value is unknown. Evidence: use_code_range=5..; public_parcel_units=1.,multifamily_residential,verified,official use-code mapping; use-description interpretation,One property-use source is available: use code=multifamily_residential.,4C,Apartments; class 4C; 5 units or more,verified_official_codebook,3SB3UG,Building-description shorthand; no reliable unit count can be extracted from the description alone,insufficient_description_for_unit_count,"{""use_code"": ""New Jersey property tax class 4C"", ""use_description"": """"}",NJOGIS Parcels & MOD-IV Composite,2026-10-01T22:50Z,unique,resolved,2026-10-04T02:11:41+00:00,2026-10-01,processed,2026-10-04T02:41:38+00:00
A0308,1032 HUDSON ST,Hoboken,NJ,07024,NJ,Hoboken,,incorporated,"Hoboken, NJ",verified,"Census Geocoder/TIGER-Line; matched_address=1032 HUDSON ST, HOBOKEN, NJ, 07030; place_geoid=3432250; benchmark=Public_AR_Current",2026-10-04T00:49:15+00:00,Existing legal city/state match Census/TIGERweb incorporated-place boundaries.,unknown,unknown,none,No usable year-built value was available from either source.,,11,11,11,exact,verified,official use-code mapping; use-description interpretation; current public parcel lookup,Compatible evidence supports an exact unit count of 11. Evidence: use_code_range=5..; use_description_range=11..11; public_parcel_units=11.,multifamily_residential,verified,official use-code mapping; use-description interpretation,Use code and use description agree on multifamily_residential.,4C,Apartments; class 4C; 5 units or more,verified_official_codebook,5B-11U-H-BA-G,Building description explicitly indicates 11 units,parsed_explicit_unit_count,"{""use_code"": ""New Jersey property tax class 4C"", ""use_description"": ""Garage indicated; Heat indicated""}",NJOGIS Parcels & MOD-IV Composite,2026-10-01T22:50Z,unique,resolved,2026-10-04T02:11:41+00:00,2026-10-01,processed,2026-10-04T02:41:38+00:00
A0309,1706 N STANLEY AVE,Los Angeles,CA,90046,CA,Los Angeles,,incorporated,"Los Angeles, CA",verified,"Census Geocoder/TIGER-Line; matched_address=1706 N STANLEY AVE, LOS ANGELES, CA, 90046; place_geoid=0644000; benchmark=Public_AR_Current",2026-10-04T00:49:15+00:00,Existing legal city/state match Census/TIGERweb incorporated-place boundaries.,1951,verified,original:LA County eGIS parcels; public_parcel:LA County eGIS parcels,Original and public parcel values agree.,,6,6,6,exact,verified,original units; official use-code mapping; use-description interpretation; current public parcel lookup,Compatible evidence supports an exact unit count of 6. Evidence: reported_units=6; use_code_range=5..; use_description_range=5..; public_parcel_units=6.,multifamily_residential,verified,official use-code mapping; use-description interpretation,Use code and use description agree on multifamily_residential.,0500,Multi-Family Residence; five or more apartments or units; 4 stories or less; final character unused or unknown,verified_official_codebook,Five or more apartments,Five or more apartments,interpreted_explicit_range,"{""use_code"": ""4 stories or less"", ""use_description"": """"}",LA County eGIS parcels,2026-10-01T22:50Z,unique,resolved,2026-10-04T02:11:41+00:00,2026-10-01,processed,2026-10-04T02:41:38+00:00
A0310,53-55 Ashford ST,Allston,MA,02134,MA,Boston,,incorporated,"Boston, MA",verified,"Census Geocoder/TIGER-Line; matched_address=55 ASHFORD ST, ALLSTON, MA, 02134; place_geoid=2507000; benchmark=Public_AR_Current",2026-10-04T00:49:15+00:00,Existing legal city/state match Census/TIGERweb incorporated-place boundaries.,1900,verified,original:Boston Property Assessment FY2026; public_parcel:Boston Property Assessment FY2026,Original and public parcel values agree.,,7..30,7,30,range,verified,official use-code mapping; use-description interpretation,Compatible evidence supports a unit-count range of 7..30. Evidence: use_code_range=7..30; use_description_range=7..30.,multifamily_residential,verified,official use-code mapping; use-description interpretation,Use code and use description agree on multifamily_residential.,A/112,APT 7-30 UNITS,verified_official_dataset,APT 7-30 UNITS,Apartment property with 7 to 30 units,interpreted_explicit_range,"{""use_code"": """", ""use_description"": """"}",Boston Property Assessment FY2026,2026-10-01T22:50Z,unique,resolved,2026-10-04T02:11:41+00:00,2026-10-01,processed,2026-10-04T02:41:38+00:00
A0311,38-38- SOMME ST,Newark,NJ,07032,NJ,Newark,,incorporated,"Newark, NJ",verified,"Census Geocoder/TIGER-Line; matched_address=38 SOMME ST, NEWARK, NJ, 07105; place_geoid=3451000; benchmark=Public_AR_Current",2026-10-04T00:49:15+00:00,Existing legal city/state match Census/TIGERweb incorporated-place boundaries.,unknown,unknown,none,No usable year-built value was available from either source.,,5..,5,,range,verified,official use-code mapping,Compatible evidence supports a unit-count range of 5... Evidence: use_code_range=5...,multifamily_residential,verified,official use-code mapping; use-description interpretation,One property-use source is available: use code=multifamily_residential.,4C,Apartments; class 4C; 5 units or more,verified_official_codebook,2.5S.F.,Building-description shorthand; no reliable unit count can be extracted from the description alone,insufficient_description_for_unit_count,"{""use_code"": ""New Jersey property tax class 4C"", ""use_description"": ""Stories indicated: 2.5""}",NJOGIS Parcels & MOD-IV Composite,2026-10-01T22:50Z,unresolved_candidates,unknown,2026-10-04T02:11:41+00:00,2026-10-01,processed,2026-10-04T02:41:38+00:00
A0312,25 ORLANDO ST,Mattapan,MA,02126,MA,Boston,,incorporated,"Boston, MA",verified,"Census Geocoder/TIGER-Line; matched_address=25 ORLANDO ST, MATTAPAN, MA, 02126; place_geoid=2507000; benchmark=Public_AR_Current",2026-10-04T00:49:15+00:00,Existing legal city/state match Census/TIGERweb incorporated-place boundaries.,1965,verified,original:Boston Property Assessment FY2026; public_parcel:Boston Property Assessment FY2026,Original and public parcel values agree.,,unknown,,,unknown,missing,none,No usable unit-count evidence was available. Public parcel status: missing.,subsidized_multifamily,verified,official use-code mapping; use-description interpretation,Use code and use description agree on subsidized_multifamily.,A/125,SUBSD HOUSING S-8,verified_official_dataset,SUBSD HOUSING S- 8,Subsidized Section 8 housing classification,interpreted_use_only,"{""use_code"": ""Section 8 subsidized housing indicator"", ""use_description"": ""Section 8 subsidized housing indicator""}",Boston Property Assessment FY2026,2026-10-01T22:50Z,unique,resolved,2026-10-04T02:11:41+00:00,2026-10-01,processed,2026-10-04T02:41:38+00:00
A0313,317-319 W RUNYON ST,Newark,NJ,11205,NJ,Newark,,incorporated,"Newark, NJ",verified,"Census Geocoder/TIGER-Line; matched_address=319 W RUNYON ST, NEWARK, NJ, 07108; place_geoid=3451000; benchmark=Public_AR_Current",2026-10-04T00:49:15+00:00,Existing legal city/state match Census/TIGERweb incorporated-place boundaries.,unknown,unknown,none,No usable year-built value was available from either source.,,unknown,,,unknown,conflict,official use-code mapping; current public parcel lookup,Unit evidence conflicts; final value is unknown. Evidence: use_code_range=5..; public_parcel_units=1.,multifamily_residential,verified,official use-code mapping; use-description interpretation,One property-use source is available: use code=multifamily_residential.,4C,Apartments; class 4C; 5 units or more,verified_official_codebook,3SF,Building-description shorthand; no reliable unit count can be extracted from the description alone,insufficient_description_for_unit_count,"{""use_code"": ""New Jersey property tax class 4C"", ""use_description"": ""Stories indicated: 3""}",NJOGIS Parcels & MOD-IV Composite,2026-10-01T22:50Z,unique,resolved,2026-10-04T02:11:41+00:00,2026-10-01,processed,2026-10-04T02:41:38+00:00
A0314,6640 LELAND WAY,Los Angeles,CA,90028,CA,Los Angeles,,incorporated,"Los Angeles, CA",verified,"Census Geocoder/TIGER-Line; matched_address=6640 LELAND WAY, LOS ANGELES, CA, 90028; place_geoid=0644000; benchmark=Public_AR_Current",2026-10-04T00:49:15+00:00,Existing legal city/state match Census/TIGERweb incorporated-place boundaries.,1919,verified,original:LA County eGIS parcels; public_parcel:LA County eGIS parcels,Original and public parcel values agree.,,7,7,7,exact,verified,original units; official use-code mapping; use-description interpretation; current public parcel lookup,Compatible evidence supports an exact unit count of 7. Evidence: reported_units=7; use_code_range=5..; use_description_range=5..; public_parcel_units=7.,multifamily_residential,verified,official use-code mapping; use-description interpretation,Use code and use description agree on multifamily_residential.,0500,Multi-Family Residence; five or more apartments or units; 4 stories or less; final character unused or unknown,verified_official_codebook,Five or more apartments,Five or more apartments,interpreted_explicit_range,"{""use_code"": ""4 stories or less"", ""use_description"": """"}",LA County eGIS parcels,2026-10-01T22:50Z,unique,resolved,2026-10-04T02:11:41+00:00,2026-10-01,processed,2026-10-04T02:41:38+00:00
A0315,5233 CARTWRIGHT AVE,Los Angeles,CA,91601,CA,Los Angeles,,incorporated,"Los Angeles, CA",verified,"Census Geocoder/TIGER-Line; matched_address=5233 CARTWRIGHT AVE, NORTH HOLLYWOOD, CA, 91601; place_geoid=0644000; benchmark=Public_AR_Current",2026-10-04T00:49:15+00:00,Existing legal city/state match Census/TIGERweb incorporated-place boundaries.,1990,verified,original:LA County eGIS parcels; public_parcel:LA County eGIS parcels,Original and public parcel values agree.,,8,8,8,exact,verified,original units; official use-code mapping; use-description interpretation; current public parcel lookup,Compatible evidence supports an exact unit count of 8. Evidence: reported_units=8; use_code_range=5..; use_description_range=5..; public_parcel_units=8.,multifamily_residential,verified,official use-code mapping; use-description interpretation,Use code and use description agree on multifamily_residential.,0500,Multi-Family Residence; five or more apartments or units; 4 stories or less; final character unused or unknown,verified_official_codebook,Five or more apartments,Five or more apartments,interpreted_explicit_range,"{""use_code"": ""4 stories or less"", ""use_description"": """"}",LA County eGIS parcels,2026-10-01T22:50Z,unique,resolved,2026-10-04T02:11:41+00:00,2026-10-01,processed,2026-10-04T02:41:38+00:00
A0316,3978 FLORIDA ST,San Diego,CA,92104,CA,San Diego,,incorporated,"San Diego, CA",verified,"Census Geocoder/TIGER-Line; matched_address=3978 FLORIDA ST, SAN DIEGO, CA, 92104; place_geoid=0666000; benchmark=Public_AR_Current",2026-10-04T00:49:15+00:00,Existing legal city/state match Census/TIGERweb incorporated-place boundaries.,unknown,unknown,none,No usable year-built value was available from either source. Public parcel reported an unusable year value (31); it was not inferred or expanded.,,8,8,8,exact,verified,original units; official use-code mapping; use-description interpretation; current public parcel lookup,Compatible evidence supports an exact unit count of 8. Evidence: reported_units=8; use_code_range=5..15; use_description_range=5..; public_parcel_units=8.,multifamily_residential,verified,official use-code mapping; use-description interpretation,Use code and use description agree on multifamily_residential.,14,MULTIPLE 5 TO 15 UNITS-GENERIC,verified_government_dataset_documentation,SANDAG asr_landuse 14-16 (5+ units),Multiple-residential property in an ASR_LANDUSE category representing 5 or more units,interpreted_explicit_range,"{""use_code"": ""Generic multiple-residential classification"", ""use_description"": ""ASR_LANDUSE family 14-16""}",SANDAG/SanGIS parcels,2026-10-01T22:50Z,unique,resolved,2026-10-04T02:11:41+00:00,2026-10-01,processed,2026-10-04T02:41:38+00:00
A0317,2233 CHANNING WAY,Berkeley,CA,94704,CA,Berkeley,,incorporated,"Berkeley, CA",verified,"Census Geocoder/TIGER-Line; matched_address=2233 CHANNING WAY, BERKELEY, CA, 94704; place_geoid=0606000; benchmark=Public_AR_Current",2026-10-04T00:49:15+00:00,Existing legal city/state match Census/TIGERweb incorporated-place boundaries.,1958,verified,public_parcel:Alameda County parcels,Public parcel value used because the original value was missing.,,13,13,13,exact,verified,official use-code mapping; use-description interpretation; current public parcel lookup,Compatible evidence supports an exact unit count of 13. Evidence: use_code_range=5..; use_description_range=5..; public_parcel_units=13.,multifamily_residential,verified,official use-code mapping; use-description interpretation,Use code and use description agree on multifamily_residential.,7700,Multiple residential building of 5 or more units,verified_official_codebook,Alameda County use code (5+ units),Five or more residential units,interpreted_explicit_range,"{""use_code"": """", ""use_description"": """"}",Alameda County parcels,2026-10-01T22:50Z,unique,resolved,2026-10-04T02:11:41+00:00,2026-10-01,processed,2026-10-04T02:41:38+00:00
A0318,2041 FRANCISCO ST,Berkeley,CA,94709,CA,Berkeley,,incorporated,"Berkeley, CA",verified,"Census Geocoder/TIGER-Line; matched_address=2041 FRANCISCO ST, BERKELEY, CA, 94709; place_geoid=0606000; benchmark=Public_AR_Current",2026-10-04T00:49:15+00:00,Existing legal city/state match Census/TIGERweb incorporated-place boundaries.,unknown,unknown,none,No usable year-built value was available from either source.,,21,21,21,exact,verified,official use-code mapping; use-description interpretation; current public parcel lookup,Compatible evidence supports an exact unit count of 21. Evidence: use_code_range=5..; use_description_range=5..; public_parcel_units=21.,multifamily_residential,verified,official use-code mapping; use-description interpretation,Use code and use description agree on multifamily_residential.,7700,Multiple residential building of 5 or more units,verified_official_codebook,Alameda County use code (5+ units),Five or more residential units,interpreted_explicit_range,"{""use_code"": """", ""use_description"": """"}",Alameda County parcels,2026-10-01T22:50Z,unique,resolved,2026-10-04T02:11:41+00:00,2026-10-01,processed,2026-10-04T02:41:38+00:00
A0319,2315 GRANT ST,Berkeley,CA,94703,CA,Berkeley,,incorporated,"Berkeley, CA",verified,"Census Geocoder/TIGER-Line; matched_address=2315 GRANT ST, BERKELEY, CA, 94703; place_geoid=0606000; benchmark=Public_AR_Current",2026-10-04T00:49:15+00:00,Existing legal city/state match Census/TIGERweb incorporated-place boundaries.,unknown,unknown,none,No usable year-built value was available from either source.,,8,8,8,exact,verified,official use-code mapping; use-description interpretation; current public parcel lookup,Compatible evidence supports an exact unit count of 8. Evidence: use_code_range=5..; use_description_range=5..; public_parcel_units=8.,multifamily_residential,verified,official use-code mapping; use-description interpretation,Use code and use description agree on multifamily_residential.,7700,Multiple residential building of 5 or more units,verified_official_codebook,Alameda County use code (5+ units),Five or more residential units,interpreted_explicit_range,"{""use_code"": """", ""use_description"": """"}",Alameda County parcels,2026-10-01T22:50Z,unique,resolved,2026-10-04T02:11:41+00:00,2026-10-01,processed,2026-10-04T02:41:38+00:00
A0320,408 MADISON ST,Hoboken,NJ,07030,NJ,Hoboken,,incorporated,"Hoboken, NJ",verified,"Census Geocoder/TIGER-Line; matched_address=408 MADISON ST, HOBOKEN, NJ, 07030; place_geoid=3432250; benchmark=Public_AR_Current",2026-10-04T00:49:15+00:00,Existing legal city/state match Census/TIGERweb incorporated-place boundaries.,unknown,unknown,none,No usable year-built value was available from either source.,,6,6,6,exact,verified,official use-code mapping; use-description interpretation; current public parcel lookup,Compatible evidence supports an exact unit count of 6. Evidence: use_code_range=5..; use_description_range=6..6; public_parcel_units=6.,multifamily_residential,verified,official use-code mapping; use-description interpretation,Use code and use description agree on multifamily_residential.,4C,Apartments; class 4C; 5 units or more,verified_official_codebook,4F-6U,Building description explicitly indicates 6 units,parsed_explicit_unit_count,"{""use_code"": ""New Jersey property tax class 4C"", ""use_description"": """"}",NJOGIS Parcels & MOD-IV Composite,2026-10-01T22:50Z,unique,resolved,2026-10-04T02:11:41+00:00,2026-10-01,processed,2026-10-04T02:41:38+00:00
A0321,200 NUNDA AVE.,Jersey City,NJ,07306,NJ,Jersey City,,incorporated,"Jersey City, NJ",verified,"Census Geocoder/TIGER-Line; matched_address=200 NUNDA AVE, JERSEY CITY, NJ, 07306; place_geoid=3436000; benchmark=Public_AR_Current",2026-10-04T00:49:15+00:00,Existing legal city/state match Census/TIGERweb incorporated-place boundaries.,unknown,unknown,none,No usable year-built value was available from either source. Public parcel reported an unusable year value (1); it was not inferred or expanded.,,7,7,7,exact,verified,official use-code mapping; use-description interpretation,Compatible evidence supports an exact unit count of 7. Evidence: use_code_range=5..; use_description_range=7..7.,multifamily_residential,verified,official use-code mapping; use-description interpretation,Use code and use description agree on multifamily_residential.,4C,Apartments; class 4C; 5 units or more,verified_official_codebook,3S-F-D-7U-NH,Building description explicitly indicates 7 units,parsed_explicit_unit_count,"{""use_code"": ""New Jersey property tax class 4C"", ""use_description"": ""Stories indicated: 3; No heat indicated""}",NJOGIS Parcels & MOD-IV Composite,2026-10-01T22:50Z,unique,resolved,2026-10-04T02:11:41+00:00,2026-10-01,processed,2026-10-04T02:41:38+00:00
A0322,227 CYPRESS DR,San Ysidro,CA,92173,CA,San Diego,,incorporated,"San Diego, CA",verified,"Census Geocoder/TIGER-Line; matched_address=227 CYPRESS DR, SAN YSIDRO, CA, 92173; place_geoid=0666000; benchmark=Public_AR_Current",2026-10-04T00:49:15+00:00,Existing legal city/state match Census/TIGERweb incorporated-place boundaries.,unknown,unknown,none,No usable year-built value was available from either source. Public parcel reported an unusable year value (79); it was not inferred or expanded.,,31,31,31,exact,verified,original units; official use-code mapping; use-description interpretation; current public parcel lookup,Compatible evidence supports an exact unit count of 31. Evidence: reported_units=31; use_code_range=16..60; use_description_range=5..; public_parcel_units=31.,multifamily_residential,verified,official use-code mapping; use-description interpretation,Use code and use description agree on multifamily_residential.,15,MULTIPLE 16 TO 60 UNITS-GENERIC,verified_government_dataset_documentation,SANDAG asr_landuse 14-16 (5+ units),Multiple-residential property in an ASR_LANDUSE category representing 5 or more units,interpreted_explicit_range,"{""use_code"": ""Generic multiple-residential classification"", ""use_description"": ""ASR_LANDUSE family 14-16""}",SANDAG/SanGIS parcels,2026-10-01T22:50Z,unique,resolved,2026-10-04T02:11:41+00:00,2026-10-01,processed,2026-10-04T02:41:38+00:00
A0323,4627 COMPTON AVE,Los Angeles,CA,90011,CA,Los Angeles,,incorporated,"Los Angeles, CA",verified,"Census Geocoder/TIGER-Line; matched_address=4627 COMPTON AVE, LOS ANGELES, CA, 90011; place_geoid=0644000; benchmark=Public_AR_Current",2026-10-04T00:49:15+00:00,Existing legal city/state match Census/TIGERweb incorporated-place boundaries.,1907,verified,original:LA County eGIS parcels; public_parcel:LA County eGIS parcels,Original and public parcel values agree.,,unknown,,,unknown,conflict,original units; official use-code mapping; use-description interpretation; current public parcel lookup,Unit evidence conflicts; final value is unknown. Evidence: reported_units=5; use_code_range=5..; use_description_range=5..; public_parcel_units=2.,multifamily_residential,verified,official use-code mapping; use-description interpretation,Use code and use description agree on multifamily_residential.,0500,Multi-Family Residence; five or more apartments or units; 4 stories or less; final character unused or unknown,verified_official_codebook,Five or more apartments,Five or more apartments,interpreted_explicit_range,"{""use_code"": ""4 stories or less"", ""use_description"": """"}",LA County eGIS parcels,2026-10-01T22:50Z,unique,resolved,2026-10-04T02:11:41+00:00,2026-10-01,processed,2026-10-04T02:41:38+00:00
A0324,2003 FRANKLIN ST,San Francisco,CA,,CA,San Francisco,,incorporated,"San Francisco, CA",verified,"Census Geocoder/TIGER-Line; matched_address=2003 FRANKLIN ST, SAN FRANCISCO, CA, 94109; place_geoid=0667000; benchmark=Public_AR_Current",2026-10-04T00:49:15+00:00,Existing legal city/state match Census/TIGERweb incorporated-place boundaries.,1885,verified,original:DataSF wv5m-vpq2 (2025 roll); public_parcel:DataSF wv5m-vpq2 (2025 roll),Original and public parcel values agree.,,6,6,6,exact,verified,original units; official use-code mapping; use-description interpretation; current public parcel lookup,Compatible evidence supports an exact unit count of 6. Evidence: reported_units=6; use_code_range=5..14; use_description_range=5..14; public_parcel_units=6.,multifamily_residential,verified,official use-code mapping; use-description interpretation,Use code and use description agree on multifamily_residential.,A5,Apartment 5 to 14 units,verified_government_published_codebook,Apartment 5 to 14 Units,Apartment property with 5 to 14 units,interpreted_explicit_range,"{""use_code"": """", ""use_description"": """"}",DataSF wv5m-vpq2 (2025 roll),2026-10-01T22:50Z,multiple_candidates,resolved,2026-10-04T02:11:41+00:00,2026-10-01,processed,2026-10-04T02:41:38+00:00
A0325,38A GAUTIER AVE.,Jersey City,NJ,07302,NJ,Jersey City,,incorporated,"Jersey City, NJ",verified,"Census Geocoder/TIGER-Line; matched_address=38A GAUTIER AVE, JERSEY CITY, NJ, 07306; place_geoid=3436000; benchmark=Public_AR_Current",2026-10-04T00:49:15+00:00,Existing legal city/state match Census/TIGERweb incorporated-place boundaries.,1925,verified,original:NJOGIS Parcels & MOD-IV Composite,Original value retained because no usable public parcel value was available.,,21,21,21,exact,verified,official use-code mapping; use-description interpretation,Compatible evidence supports an exact unit count of 21. Evidence: use_code_range=5..; use_description_range=21..21.,multifamily_residential,verified,official use-code mapping; use-description interpretation,Use code and use description agree on multifamily_residential.,4C,Apartments; class 4C; 5 units or more,verified_official_codebook,4S-B-A-21U,Building description explicitly indicates 21 units,parsed_explicit_unit_count,"{""use_code"": ""New Jersey property tax class 4C"", ""use_description"": ""Stories indicated: 4""}",NJOGIS Parcels & MOD-IV Composite,2026-10-01T22:50Z,unresolved_candidates,unknown,2026-10-04T02:11:41+00:00,2026-10-01,processed,2026-10-04T02:41:38+00:00
A0326,46 JEFFERSON ST,Newark,NJ,07105,NJ,Newark,,incorporated,"Newark, NJ",verified,"Census Geocoder/TIGER-Line; matched_address=46 JEFFERSON ST, NEWARK, NJ, 07105; place_geoid=3451000; benchmark=Public_AR_Current",2026-10-04T00:49:15+00:00,Existing legal city/state match Census/TIGERweb incorporated-place boundaries.,unknown,unknown,none,No usable year-built value was available from either source.,,unknown,,,unknown,conflict,official use-code mapping; current public parcel lookup,Unit evidence conflicts; final value is unknown. Evidence: use_code_range=5..; public_parcel_units=1.,multifamily_residential,verified,official use-code mapping; use-description interpretation,One property-use source is available: use code=multifamily_residential.,4C,Apartments; class 4C; 5 units or more,verified_official_codebook,4SB,Building-description shorthand; no reliable unit count can be extracted from the description alone,insufficient_description_for_unit_count,"{""use_code"": ""New Jersey property tax class 4C"", ""use_description"": ""Stories indicated: 4""}",NJOGIS Parcels & MOD-IV Composite,2026-10-01T22:50Z,unique,resolved,2026-10-04T02:11:41+00:00,2026-10-01,processed,2026-10-04T02:41:38+00:00
A0327,1605 N MARTEL AVE,Los Angeles,CA,90046,CA,Los Angeles,,incorporated,"Los Angeles, CA",verified,"Census Geocoder/TIGER-Line; matched_address=1605 N MARTEL AVE, LOS ANGELES, CA, 90046; place_geoid=0644000; benchmark=Public_AR_Current",2026-10-04T00:49:15+00:00,Existing legal city/state match Census/TIGERweb incorporated-place boundaries.,1954,verified,original:LA County eGIS parcels; public_parcel:LA County eGIS parcels,Original and public parcel values agree.,,36,36,36,exact,verified,original units; official use-code mapping; use-description interpretation; current public parcel lookup,Compatible evidence supports an exact unit count of 36. Evidence: reported_units=36; use_code_range=5..; use_description_range=5..; public_parcel_units=36.,multifamily_residential,verified,official use-code mapping; use-description interpretation,Use code and use description agree on multifamily_residential.,0501,Multi-Family Residence; five or more apartments or units; 4 stories or less; pool,verified_official_codebook,Five or more apartments,Five or more apartments,interpreted_explicit_range,"{""use_code"": ""4 stories or less; pool"", ""use_description"": """"}",LA County eGIS parcels,2026-10-01T22:50Z,unique,resolved,2026-10-04T02:11:41+00:00,2026-10-01,processed,2026-10-04T02:41:38+00:00
A0328,1845 08TH AV,San Francisco,CA,,CA,San Francisco,,unknown,"San Francisco, CA",partial,Existing legal-city mapping retained; Census lookup did not independently verify the boundary.,2026-10-04T00:49:15+00:00,Census Geocoder did not return coordinates; jurisdiction was not independently verified.,1960,verified,original:DataSF wv5m-vpq2 (2025 roll); public_parcel:DataSF wv5m-vpq2 (2025 roll),Original and public parcel values agree.,,6,6,6,exact,verified,original units; official use-code mapping; use-description interpretation; current public parcel lookup,Compatible evidence supports an exact unit count of 6. Evidence: reported_units=6; use_code_range=5..14; use_description_range=5..14; public_parcel_units=6.,multifamily_residential,verified,official use-code mapping; use-description interpretation,Use code and use description agree on multifamily_residential.,A5,Apartment 5 to 14 units,verified_government_published_codebook,Apartment 5 to 14 Units,Apartment property with 5 to 14 units,interpreted_explicit_range,"{""use_code"": """", ""use_description"": """"}",DataSF wv5m-vpq2 (2025 roll),2026-10-01T22:50Z,multiple_candidates,resolved,2026-10-04T02:11:41+00:00,2026-10-01,processed,2026-10-04T02:41:38+00:00
A0329,51 MADISON ST,Newark,NJ,07105,NJ,Newark,,incorporated,"Newark, NJ",verified,"Census Geocoder/TIGER-Line; matched_address=51 MADISON ST, NEWARK, NJ, 07105; place_geoid=3451000; benchmark=Public_AR_Current",2026-10-04T00:49:15+00:00,Existing legal city/state match Census/TIGERweb incorporated-place boundaries.,unknown,unknown,none,No usable year-built value was available from either source.,,unknown,,,unknown,conflict,official use-code mapping; current public parcel lookup,Unit evidence conflicts; final value is unknown. Evidence: use_code_range=5..; public_parcel_units=1.,multifamily_residential,verified,official use-code mapping; use-description interpretation,One property-use source is available: use code=multifamily_residential.,4C,Apartments; class 4C; 5 units or more,verified_official_codebook,3SB,Building-description shorthand; no reliable unit count can be extracted from the description alone,insufficient_description_for_unit_count,"{""use_code"": ""New Jersey property tax class 4C"", ""use_description"": ""Stories indicated: 3""}",NJOGIS Parcels & MOD-IV Composite,2026-10-01T22:50Z,unique,resolved,2026-10-04T02:11:41+00:00,2026-10-01,processed,2026-10-04T02:41:38+00:00
A0330,5229 WILLOWCREST AVE,Los Angeles,CA,91601,CA,Los Angeles,,incorporated,"Los Angeles, CA",verified,"Census Geocoder/TIGER-Line; matched_address=5229 WILLOWCREST AVE, NORTH HOLLYWOOD, CA, 91601; place_geoid=0644000; benchmark=Public_AR_Current",2026-10-04T00:49:15+00:00,Existing legal city/state match Census/TIGERweb incorporated-place boundaries.,2018,verified,original:LA County eGIS parcels; public_parcel:LA County eGIS parcels,Original and public parcel values agree.,,24,24,24,exact,verified,original units; official use-code mapping; use-description interpretation; current public parcel lookup,Compatible evidence supports an exact unit count of 24. Evidence: reported_units=24; use_code_range=5..; use_description_range=5..; public_parcel_units=24.,multifamily_residential,verified,official use-code mapping; use-description interpretation,Use code and use description agree on multifamily_residential.,0500,Multi-Family Residence; five or more apartments or units; 4 stories or less; final character unused or unknown,verified_official_codebook,Five or more apartments,Five or more apartments,interpreted_explicit_range,"{""use_code"": ""4 stories or less"", ""use_description"": """"}",LA County eGIS parcels,2026-10-01T22:50Z,unique,resolved,2026-10-04T02:11:41+00:00,2026-10-01,processed,2026-10-04T02:41:38+00:00
A0331,342-344 IRVINE TURNER BLV,Newark,NJ,11219,NJ,Newark,,incorporated,"Newark, NJ",verified,"Census Geocoder/TIGER-Line; matched_address=344 IRVINE TURNER BLVD, NEWARK, NJ, 07108; place_geoid=3451000; benchmark=Public_AR_Current",2026-10-04T00:49:15+00:00,Existing legal city/state match Census/TIGERweb incorporated-place boundaries.,1910,verified,original:NJOGIS Parcels & MOD-IV Composite,Original value retained because no usable public parcel value was available.,,5..,5,,range,verified,official use-code mapping,Compatible evidence supports a unit-count range of 5... Evidence: use_code_range=5...,multifamily_residential,verified,official use-code mapping; use-description interpretation,One property-use source is available: use code=multifamily_residential.,4C,Apartments; class 4C; 5 units or more,verified_official_codebook,2.5SF4UG,Building-description shorthand; no reliable unit count can be extracted from the description alone,insufficient_description_for_unit_count,"{""use_code"": ""New Jersey property tax class 4C"", ""use_description"": """"}",NJOGIS Parcels & MOD-IV Composite,2026-10-01T22:50Z,unique,unknown,2026-10-04T02:11:41+00:00,2026-10-01,processed,2026-10-04T02:41:38+00:00
A0332,26 SONOMA ST,Dorchester,MA,02121,MA,Boston,,incorporated,"Boston, MA",verified,"Census Geocoder/TIGER-Line; matched_address=26 SONOMA ST, DORCHESTER, MA, 02121; place_geoid=2507000; benchmark=Public_AR_Current",2026-10-04T00:49:15+00:00,Existing legal city/state match Census/TIGERweb incorporated-place boundaries.,unknown,unknown,none,No usable year-built value was available from either source.,,unknown,,,unknown,missing,none,No usable unit-count evidence was available. Public parcel status: missing.,subsidized_multifamily,verified,official use-code mapping; use-description interpretation,Use code and use description agree on subsidized_multifamily.,A/125,SUBSD HOUSING S-8,verified_official_dataset,SUBSD HOUSING S- 8,Subsidized Section 8 housing classification,interpreted_use_only,"{""use_code"": ""Section 8 subsidized housing indicator"", ""use_description"": ""Section 8 subsidized housing indicator""}",Boston Property Assessment FY2026,2026-10-01T22:50Z,unique,resolved,2026-10-04T02:11:41+00:00,2026-10-01,processed,2026-10-04T02:41:38+00:00
A0333,3752 33RD ST,San Diego,CA,92104,CA,San Diego,,incorporated,"San Diego, CA",verified,"Census Geocoder/TIGER-Line; matched_address=3752 33RD ST, SAN DIEGO, CA, 92104; place_geoid=0666000; benchmark=Public_AR_Current",2026-10-04T00:49:15+00:00,Existing legal city/state match Census/TIGERweb incorporated-place boundaries.,unknown,unknown,none,No usable year-built value was available from either source.,,8,8,8,exact,verified,original units; official use-code mapping; use-description interpretation,Compatible evidence supports an exact unit count of 8. Evidence: reported_units=8; use_code_range=5..15; use_description_range=5...,multifamily_residential,verified,official use-code mapping; use-description interpretation,Use code and use description agree on multifamily_residential.,14,MULTIPLE 5 TO 15 UNITS-GENERIC,verified_government_dataset_documentation,SANDAG asr_landuse 14-16 (5+ units),Multiple-residential property in an ASR_LANDUSE category representing 5 or more units,interpreted_explicit_range,"{""use_code"": ""Generic multiple-residential classification"", ""use_description"": ""ASR_LANDUSE family 14-16""}",SANDAG/SanGIS parcels,2026-10-01T22:50Z,unresolved_candidates,unknown,2026-10-04T02:11:41+00:00,2026-10-01,processed,2026-10-04T02:41:38+00:00
A0334,2025 FRANCISCO ST,Berkeley,CA,94709,CA,Berkeley,,incorporated,"Berkeley, CA",verified,"Census Geocoder/TIGER-Line; matched_address=2025 FRANCISCO ST, BERKELEY, CA, 94709; place_geoid=0606000; benchmark=Public_AR_Current",2026-10-04T00:49:15+00:00,Existing legal city/state match Census/TIGERweb incorporated-place boundaries.,unknown,unknown,none,No usable year-built value was available from either source.,,9,9,9,exact,verified,official use-code mapping; use-description interpretation; current public parcel lookup,Compatible evidence supports an exact unit count of 9. Evidence: use_code_range=5..; use_description_range=5..; public_parcel_units=9.,multifamily_residential,verified,official use-code mapping; use-description interpretation,Use code and use description agree on multifamily_residential.,7700,Multiple residential building of 5 or more units,verified_official_codebook,Alameda County use code (5+ units),Five or more residential units,interpreted_explicit_range,"{""use_code"": """", ""use_description"": """"}",Alameda County parcels,2026-10-01T22:50Z,unique,resolved,2026-10-04T02:11:41+00:00,2026-10-01,processed,2026-10-04T02:41:38+00:00
A0335,125 BEMIS ST,San Francisco,CA,,CA,San Francisco,,incorporated,"San Francisco, CA",verified,"Census Geocoder/TIGER-Line; matched_address=125 BEMIS ST, SAN FRANCISCO, CA, 94131; place_geoid=0667000; benchmark=Public_AR_Current",2026-10-04T00:49:15+00:00,Existing legal city/state match Census/TIGERweb incorporated-place boundaries.,1968,verified,original:DataSF wv5m-vpq2 (2025 roll); public_parcel:DataSF wv5m-vpq2 (2025 roll),Original and public parcel values agree.,,10,10,10,exact,verified,original units; official use-code mapping; use-description interpretation; current public parcel lookup,Compatible evidence supports an exact unit count of 10. Evidence: reported_units=10; use_code_range=5..14; use_description_range=5..14; public_parcel_units=10.,multifamily_residential,verified,official use-code mapping; use-description interpretation,Use code and use description agree on multifamily_residential.,A5,Apartment 5 to 14 units,verified_government_published_codebook,Apartment 5 to 14 Units,Apartment property with 5 to 14 units,interpreted_explicit_range,"{""use_code"": """", ""use_description"": """"}",DataSF wv5m-vpq2 (2025 roll),2026-10-01T22:50Z,multiple_candidates,resolved,2026-10-04T02:11:41+00:00,2026-10-01,processed,2026-10-04T02:41:38+00:00
A0336,151 North First St,Cambridge,MA,,MA,Cambridge,,incorporated,"Cambridge, MA",verified,"Census Geocoder/TIGER-Line; matched_address=151 N FIRST ST, CAMBRIDGE, MA, 02141; place_geoid=2511000; benchmark=Public_AR_Current",2026-10-04T00:49:15+00:00,Existing legal city/state match Census/TIGERweb incorporated-place boundaries.,2020,verified,original:Cambridge Property Database FY2026 (waa7-ibdu),Original value retained because no usable public parcel value was available.,,468,468,468,exact,verified,original units; official use-code mapping; use-description interpretation,Compatible evidence supports an exact unit count of 468. Evidence: reported_units=468; use_code_range=9..; use_description_range=9...,mixed_use_multifamily,verified,official use-code mapping; use-description interpretation,Property-use sources are compatible; retained the more specific classification mixed_use_multifamily: use code=multifamily_residential; use description=mixed_use_multifamily.,112,>8-UNIT-APT; Residential,verified_official_codebook,MXD >8-UNIT-APT,Mixed-use property with more than 8 apartment units,interpreted_explicit_range,"{""use_code"": """", ""use_description"": ""Mixed use""}",Cambridge Property Database FY2026 (waa7-ibdu),2026-10-01T22:50Z,unresolved_candidates,unknown,2026-10-04T02:11:41+00:00,2026-10-01,processed,2026-10-04T02:41:38+00:00
A0337,66 MONROE ST,Newark,NJ,07032,NJ,Newark,,incorporated,"Newark, NJ",verified,"Census Geocoder/TIGER-Line; matched_address=66 MONROE ST, NEWARK, NJ, 07105; place_geoid=3451000; benchmark=Public_AR_Current",2026-10-04T00:49:15+00:00,Existing legal city/state match Census/TIGERweb incorporated-place boundaries.,unknown,unknown,none,No usable year-built value was available from either source.,,unknown,,,unknown,conflict,official use-code mapping; current public parcel lookup,Unit evidence conflicts; final value is unknown. Evidence: use_code_range=5..; public_parcel_units=1.,multifamily_residential,verified,official use-code mapping; use-description interpretation,One property-use source is available: use code=multifamily_residential.,4C,Apartments; class 4C; 5 units or more,verified_official_codebook,4S.B,Building-description shorthand; no reliable unit count can be extracted from the description alone,insufficient_description_for_unit_count,"{""use_code"": ""New Jersey property tax class 4C"", ""use_description"": ""Stories indicated: 4""}",NJOGIS Parcels & MOD-IV Composite,2026-10-01T22:50Z,unique,resolved,2026-10-04T02:11:41+00:00,2026-10-01,processed,2026-10-04T02:41:38+00:00
A0338,521-523 S 17TH,Newark,NJ,07417,NJ,Newark,,unknown,"Newark, NJ",partial,Existing legal-city mapping retained; Census lookup did not independently verify the boundary.,2026-10-04T00:49:15+00:00,Census Geocoder did not return coordinates; jurisdiction was not independently verified.,unknown,unknown,none,No usable year-built value was available from either source.,,5..,5,,range,verified,official use-code mapping,Compatible evidence supports a unit-count range of 5... Evidence: use_code_range=5...,multifamily_residential,verified,official use-code mapping; use-description interpretation,One property-use source is available: use code=multifamily_residential.,4C,Apartments; class 4C; 5 units or more,verified_official_codebook,3SF,Building-description shorthand; no reliable unit count can be extracted from the description alone,insufficient_description_for_unit_count,"{""use_code"": ""New Jersey property tax class 4C"", ""use_description"": ""Stories indicated: 3""}",NJOGIS Parcels & MOD-IV Composite,2026-10-01T22:50Z,unresolved_candidates,unknown,2026-10-04T02:11:41+00:00,2026-10-01,processed,2026-10-04T02:41:38+00:00
A0339,124 Berkshire St,Cambridge,MA,,MA,Cambridge,,incorporated,"Cambridge, MA",verified,"Census Geocoder/TIGER-Line; matched_address=124 BERKSHIRE ST, CAMBRIDGE, MA, 02141; place_geoid=2511000; benchmark=Public_AR_Current",2026-10-04T00:49:15+00:00,Existing legal city/state match Census/TIGERweb incorporated-place boundaries.,1920,verified,original:Cambridge Property Database FY2026 (waa7-ibdu); public_parcel:Cambridge Property Database FY2026 (waa7-ibdu),Original and public parcel values agree.,,8,8,8,exact,verified,original units; official use-code mapping; use-description interpretation; current public parcel lookup,Compatible evidence supports an exact unit count of 8. Evidence: reported_units=8; use_code_range=4..8; use_description_range=4..8; public_parcel_units=8.,multifamily_residential,verified,official use-code mapping; use-description interpretation,Use code and use description agree on multifamily_residential.,111,4-8-UNIT-APT; Residential,verified_official_codebook,4-8-UNIT-APT,Apartment property with 4 to 8 units,interpreted_explicit_range,"{""use_code"": """", ""use_description"": """"}",Cambridge Property Database FY2026 (waa7-ibdu),2026-10-01T22:50Z,unique,resolved,2026-10-04T02:11:41+00:00,2026-10-01,processed,2026-10-04T02:41:38+00:00
A0340,14735 ROSCOE BLVD,Los Angeles,CA,91402,CA,Los Angeles,,incorporated,"Los Angeles, CA",verified,"Census Geocoder/TIGER-Line; matched_address=14735 ROSCOE BLVD, PANORAMA CITY, CA, 91402; place_geoid=0644000; benchmark=Public_AR_Current",2026-10-04T00:49:15+00:00,Existing legal city/state match Census/TIGERweb incorporated-place boundaries.,1959,verified,original:LA County eGIS parcels; public_parcel:LA County eGIS parcels,Original and public parcel values agree.,,50,50,50,exact,verified,original units; official use-code mapping; use-description interpretation; current public parcel lookup,Compatible evidence supports an exact unit count of 50. Evidence: reported_units=50; use_code_range=5..; use_description_range=5..; public_parcel_units=50.,multifamily_residential,verified,official use-code mapping; use-description interpretation,Use code and use description agree on multifamily_residential.,0500,Multi-Family Residence; five or more apartments or units; 4 stories or less; final character unused or unknown,verified_official_codebook,Five or more apartments,Five or more apartments,interpreted_explicit_range,"{""use_code"": ""4 stories or less"", ""use_description"": """"}",LA County eGIS parcels,2026-10-01T22:50Z,unique,resolved,2026-10-04T02:11:41+00:00,2026-10-01,processed,2026-10-04T02:41:38+00:00
A0341,4225 50TH ST,San Diego,CA,92115,CA,San Diego,,incorporated,"San Diego, CA",verified,"Census Geocoder/TIGER-Line; matched_address=4225 50TH ST, SAN DIEGO, CA, 92115; place_geoid=0666000; benchmark=Public_AR_Current",2026-10-04T00:49:15+00:00,Existing legal city/state match Census/TIGERweb incorporated-place boundaries.,unknown,unknown,none,No usable year-built value was available from either source. Public parcel reported an unusable year value (40); it was not inferred or expanded.,,6,6,6,exact,verified,original units; official use-code mapping; use-description interpretation; current public parcel lookup,Compatible evidence supports an exact unit count of 6. Evidence: reported_units=6; use_code_range=5..15; use_description_range=5..; public_parcel_units=6.,multifamily_residential,verified,official use-code mapping; use-description interpretation,Use code and use description agree on multifamily_residential.,14,MULTIPLE 5 TO 15 UNITS-GENERIC,verified_government_dataset_documentation,SANDAG asr_landuse 14-16 (5+ units),Multiple-residential property in an ASR_LANDUSE category representing 5 or more units,interpreted_explicit_range,"{""use_code"": ""Generic multiple-residential classification"", ""use_description"": ""ASR_LANDUSE family 14-16""}",SANDAG/SanGIS parcels,2026-10-01T22:50Z,unique,resolved,2026-10-04T02:11:41+00:00,2026-10-01,processed,2026-10-04T02:41:38+00:00
A0342,49 Roseland St,Cambridge,MA,,MA,Cambridge,,incorporated,"Cambridge, MA",verified,"Census Geocoder/TIGER-Line; matched_address=49 ROSELAND ST, CAMBRIDGE, MA, 02140; place_geoid=2511000; benchmark=Public_AR_Current",2026-10-04T00:49:15+00:00,Existing legal city/state match Census/TIGERweb incorporated-place boundaries.,1910,verified,original:Cambridge Property Database FY2026 (waa7-ibdu); public_parcel:Cambridge Property Database FY2026 (waa7-ibdu),Original and public parcel values agree.,,6,6,6,exact,verified,original units; official use-code mapping; use-description interpretation; current public parcel lookup,Compatible evidence supports an exact unit count of 6. Evidence: reported_units=6; use_code_range=4..8; use_description_range=4..8; public_parcel_units=6.,multifamily_residential,verified,official use-code mapping; use-description interpretation,Use code and use description agree on multifamily_residential.,111,4-8-UNIT-APT; Residential,verified_official_codebook,4-8-UNIT-APT,Apartment property with 4 to 8 units,interpreted_explicit_range,"{""use_code"": """", ""use_description"": """"}",Cambridge Property Database FY2026 (waa7-ibdu),2026-10-01T22:50Z,unique,resolved,2026-10-04T02:11:41+00:00,2026-10-01,processed,2026-10-04T02:41:38+00:00
A0343,408-410 5TH ST,Newark,NJ,10997,NJ,Newark,,unknown,"Newark, NJ",partial,Existing legal-city mapping retained; Census lookup did not independently verify the boundary.,2026-10-04T00:49:15+00:00,Census Geocoder did not return coordinates; jurisdiction was not independently verified.,unknown,unknown,none,No usable year-built value was available from either source.,,5..,5,,range,verified,official use-code mapping,Compatible evidence supports a unit-count range of 5... Evidence: use_code_range=5...,multifamily_residential,verified,official use-code mapping; use-description interpretation,One property-use source is available: use code=multifamily_residential.,4C,Apartments; class 4C; 5 units or more,verified_official_codebook,4SB,Building-description shorthand; no reliable unit count can be extracted from the description alone,insufficient_description_for_unit_count,"{""use_code"": ""New Jersey property tax class 4C"", ""use_description"": ""Stories indicated: 4""}",NJOGIS Parcels & MOD-IV Composite,2026-10-01T22:50Z,unresolved_candidates,unknown,2026-10-04T02:11:41+00:00,2026-10-01,processed,2026-10-04T02:41:38+00:00
A0344,238 & 242 GARFIELD AVE.,Jersey City,NJ,07304,NJ,Jersey City,,incorporated,"Jersey City, NJ",verified,"Census Geocoder/TIGER-Line; matched_address=242 GARFIELD AVE, JERSEY CITY, NJ, 07305; place_geoid=3436000; benchmark=Public_AR_Current",2026-10-04T00:49:15+00:00,Existing legal city/state match Census/TIGERweb incorporated-place boundaries.,1928,verified,original:NJOGIS Parcels & MOD-IV Composite; public_parcel:NJOGIS Parcels & MOD-IV Composite,Original and public parcel values agree.,,44,44,44,exact,verified,official use-code mapping; use-description interpretation,Compatible evidence supports an exact unit count of 44. Evidence: use_code_range=5..; use_description_range=44..44.,multifamily_residential,verified,official use-code mapping; use-description interpretation,Use code and use description agree on multifamily_residential.,4C,Apartments; class 4C; 5 units or more,verified_official_codebook,4S-B-44U,Building description explicitly indicates 44 units,parsed_explicit_unit_count,"{""use_code"": ""New Jersey property tax class 4C"", ""use_description"": ""Stories indicated: 4""}",NJOGIS Parcels & MOD-IV Composite,2026-10-01T22:50Z,unique,resolved,2026-10-04T02:11:41+00:00,2026-10-01,processed,2026-10-04T02:41:38+00:00
A0345,153 W VERNON AVE,Los Angeles,CA,90037,CA,Los Angeles,,incorporated,"Los Angeles, CA",verified,"Census Geocoder/TIGER-Line; matched_address=153 W VERNON AVE, LOS ANGELES, CA, 90037; place_geoid=0644000; benchmark=Public_AR_Current",2026-10-04T00:49:15+00:00,Existing legal city/state match Census/TIGERweb incorporated-place boundaries.,1921,verified,original:LA County eGIS parcels; public_parcel:LA County eGIS parcels,Original and public parcel values agree.,,5,5,5,exact,verified,original units; official use-code mapping; use-description interpretation; current public parcel lookup,Compatible evidence supports an exact unit count of 5. Evidence: reported_units=5; use_code_range=5..; use_description_range=5..; public_parcel_units=5.,multifamily_residential,verified,official use-code mapping; use-description interpretation,Use code and use description agree on multifamily_residential.,0500,Multi-Family Residence; five or more apartments or units; 4 stories or less; final character unused or unknown,verified_official_codebook,Five or more apartments,Five or more apartments,interpreted_explicit_range,"{""use_code"": ""4 stories or less"", ""use_description"": """"}",LA County eGIS parcels,2026-10-01T22:50Z,unique,resolved,2026-10-04T02:11:41+00:00,2026-10-01,processed,2026-10-04T02:41:38+00:00
A0346,AUBURN DR,San Diego,CA,92105,CA,San Diego,,unknown,"San Diego, CA",partial,Existing legal-city mapping retained; Census lookup did not independently verify the boundary.,2026-10-04T00:49:15+00:00,Census Geocoder did not return coordinates; jurisdiction was not independently verified.,unknown,unknown,none,No usable year-built value was available from either source.,,8,8,8,exact,verified,original units; official use-code mapping; use-description interpretation,Compatible evidence supports an exact unit count of 8. Evidence: reported_units=8; use_code_range=5..15; use_description_range=5...,multifamily_residential,verified,official use-code mapping; use-description interpretation,Use code and use description agree on multifamily_residential.,14,MULTIPLE 5 TO 15 UNITS-GENERIC,verified_government_dataset_documentation,SANDAG asr_landuse 14-16 (5+ units),Multiple-residential property in an ASR_LANDUSE category representing 5 or more units,interpreted_explicit_range,"{""use_code"": ""Generic multiple-residential classification"", ""use_description"": ""ASR_LANDUSE family 14-16""}",SANDAG/SanGIS parcels,2026-10-01T22:50Z,unresolved_candidates,unknown,2026-10-04T02:11:41+00:00,2026-10-01,processed,2026-10-04T02:41:38+00:00
A0347,2142 2ND AVE,San Diego,CA,92101,CA,San Diego,,incorporated,"San Diego, CA",verified,"Census Geocoder/TIGER-Line; matched_address=2142 2ND AVE, SAN DIEGO, CA, 92101; place_geoid=0666000; benchmark=Public_AR_Current",2026-10-04T00:49:15+00:00,Existing legal city/state match Census/TIGERweb incorporated-place boundaries.,unknown,unknown,none,No usable year-built value was available from either source. Public parcel reported an unusable year value (25); it was not inferred or expanded.,,9,9,9,exact,verified,original units; official use-code mapping; use-description interpretation; current public parcel lookup,Compatible evidence supports an exact unit count of 9. Evidence: reported_units=9; use_code_range=5..15; use_description_range=5..; public_parcel_units=9.,multifamily_residential,verified,official use-code mapping; use-description interpretation,Use code and use description agree on multifamily_residential.,14,MULTIPLE 5 TO 15 UNITS-GENERIC,verified_government_dataset_documentation,SANDAG asr_landuse 14-16 (5+ units),Multiple-residential property in an ASR_LANDUSE category representing 5 or more units,interpreted_explicit_range,"{""use_code"": ""Generic multiple-residential classification"", ""use_description"": ""ASR_LANDUSE family 14-16""}",SANDAG/SanGIS parcels,2026-10-01T22:50Z,unique,resolved,2026-10-04T02:11:41+00:00,2026-10-01,processed,2026-10-04T02:41:38+00:00
A0348,229 CLINTON ST,Hoboken,NJ,08755,NJ,Hoboken,,incorporated,"Hoboken, NJ",verified,"Census Geocoder/TIGER-Line; matched_address=229 CLINTON ST, HOBOKEN, NJ, 07030; place_geoid=3432250; benchmark=Public_AR_Current",2026-10-04T00:49:15+00:00,Existing legal city/state match Census/TIGERweb incorporated-place boundaries.,unknown,unknown,none,No usable year-built value was available from either source.,,7,7,7,exact,verified,official use-code mapping; use-description interpretation; current public parcel lookup,Compatible evidence supports an exact unit count of 7. Evidence: use_code_range=5..; use_description_range=7..7; public_parcel_units=7.,multifamily_residential,verified,official use-code mapping; use-description interpretation,Use code and use description agree on multifamily_residential.,4C,Apartments; class 4C; 5 units or more,verified_official_codebook,4F-7U,Building description explicitly indicates 7 units,parsed_explicit_unit_count,"{""use_code"": ""New Jersey property tax class 4C"", ""use_description"": """"}",NJOGIS Parcels & MOD-IV Composite,2026-10-01T22:50Z,unique,resolved,2026-10-04T02:11:41+00:00,2026-10-01,processed,2026-10-04T02:41:38+00:00
A0349,2400 DANA ST,Berkeley,CA,94704,CA,Berkeley,,incorporated,"Berkeley, CA",verified,"Census Geocoder/TIGER-Line; matched_address=2400 DANA ST, BERKELEY, CA, 94704; place_geoid=0606000; benchmark=Public_AR_Current",2026-10-04T00:49:15+00:00,Existing legal city/state match Census/TIGERweb incorporated-place boundaries.,unknown,unknown,none,No usable year-built value was available from either source.,,6,6,6,exact,verified,official use-code mapping; use-description interpretation; current public parcel lookup,Compatible evidence supports an exact unit count of 6. Evidence: use_code_range=5..; use_description_range=5..; public_parcel_units=6.,multifamily_residential,verified,official use-code mapping; use-description interpretation,Use code and use description agree on multifamily_residential.,7700,Multiple residential building of 5 or more units,verified_official_codebook,Alameda County use code (5+ units),Five or more residential units,interpreted_explicit_range,"{""use_code"": """", ""use_description"": """"}",Alameda County parcels,2026-10-01T22:50Z,unique,resolved,2026-10-04T02:11:41+00:00,2026-10-01,processed,2026-10-04T02:41:38+00:00
A0350,1051 WEST SIDE AVE.,Jersey City,NJ,07446,NJ,Jersey City,,incorporated,"Jersey City, NJ",verified,"Census Geocoder/TIGER-Line; matched_address=1051 W SIDE AVE, JERSEY CITY, NJ, 07306; place_geoid=3436000; benchmark=Public_AR_Current",2026-10-04T00:49:15+00:00,Existing legal city/state match Census/TIGERweb incorporated-place boundaries.,1900,verified,original:NJOGIS Parcels & MOD-IV Composite; public_parcel:NJOGIS Parcels & MOD-IV Composite,Original and public parcel values agree.,,6,6,6,exact,verified,official use-code mapping; use-description interpretation,Compatible evidence supports an exact unit count of 6. Evidence: use_code_range=5..; use_description_range=6..6.,multifamily_residential,verified,official use-code mapping; use-description interpretation,Use code and use description agree on multifamily_residential.,4C,Apartments; class 4C; 5 units or more,verified_official_codebook,3S-B-D-6U-NH,Building description explicitly indicates 6 units,parsed_explicit_unit_count,"{""use_code"": ""New Jersey property tax class 4C"", ""use_description"": ""Stories indicated: 3; No heat indicated""}",NJOGIS Parcels & MOD-IV Composite,2026-10-01T22:50Z,unique,resolved,2026-10-04T02:11:41+00:00,2026-10-01,processed,2026-10-04T02:41:38+00:00
A0351,628 HYDE ST,San Francisco,CA,,CA,San Francisco,,incorporated,"San Francisco, CA",verified,"Census Geocoder/TIGER-Line; matched_address=628 HYDE ST, SAN FRANCISCO, CA, 94109; place_geoid=0667000; benchmark=Public_AR_Current",2026-10-04T00:49:15+00:00,Existing legal city/state match Census/TIGERweb incorporated-place boundaries.,1907,verified,original:DataSF wv5m-vpq2 (2025 roll); public_parcel:DataSF wv5m-vpq2 (2025 roll),Original and public parcel values agree.,,7,7,7,exact,verified,original units; official use-code mapping; use-description interpretation; current public parcel lookup,Compatible evidence supports an exact unit count of 7. Evidence: reported_units=7; use_code_range=5..14; use_description_range=5..14; public_parcel_units=7.,multifamily_residential,verified,official use-code mapping; use-description interpretation,Use code and use description agree on multifamily_residential.,A5,Apartment 5 to 14 units,verified_government_published_codebook,Apartment 5 to 14 Units,Apartment property with 5 to 14 units,interpreted_explicit_range,"{""use_code"": """", ""use_description"": """"}",DataSF wv5m-vpq2 (2025 roll),2026-10-01T22:50Z,multiple_candidates,resolved,2026-10-04T02:11:41+00:00,2026-10-01,processed,2026-10-04T02:41:38+00:00
A0352,40-42 MT PROSPECT AVE,Newark,NJ,07083,NJ,Newark,,unknown,"Newark, NJ",partial,Existing legal-city mapping retained; Census lookup did not independently verify the boundary.,2026-10-04T00:49:15+00:00,Census Geocoder did not return coordinates; jurisdiction was not independently verified.,1900,verified,original:NJOGIS Parcels & MOD-IV Composite; public_parcel:NJOGIS Parcels & MOD-IV Composite,Original and public parcel values agree.,,unknown,,,unknown,conflict,official use-code mapping; current public parcel lookup,Unit evidence conflicts; final value is unknown. Evidence: use_code_range=5..; public_parcel_units=1.,multifamily_residential,verified,official use-code mapping; use-description interpretation,One property-use source is available: use code=multifamily_residential.,4C,Apartments; class 4C; 5 units or more,verified_official_codebook,3SB,Building-description shorthand; no reliable unit count can be extracted from the description alone,insufficient_description_for_unit_count,"{""use_code"": ""New Jersey property tax class 4C"", ""use_description"": ""Stories indicated: 3""}",NJOGIS Parcels & MOD-IV Composite,2026-10-01T22:50Z,unique,resolved,2026-10-04T02:11:41+00:00,2026-10-01,processed,2026-10-04T02:41:38+00:00
A0353,1044 E JEFFERSON BLVD,Los Angeles,CA,90011,CA,Los Angeles,,incorporated,"Los Angeles, CA",verified,"Census Geocoder/TIGER-Line; matched_address=1044 E JEFFERSON BLVD, LOS ANGELES, CA, 90011; place_geoid=0644000; benchmark=Public_AR_Current",2026-10-04T00:49:15+00:00,Existing legal city/state match Census/TIGERweb incorporated-place boundaries.,unknown,unknown,none,No usable year-built value was available from either source.,,5..,5,,range,verified,official use-code mapping; use-description interpretation,Compatible evidence supports a unit-count range of 5... Evidence: use_code_range=5..; use_description_range=5...,multifamily_residential,verified,official use-code mapping; use-description interpretation,Use code and use description agree on multifamily_residential.,0500,Multi-Family Residence; five or more apartments or units; 4 stories or less; final character unused or unknown,verified_official_codebook,Five or more apartments,Five or more apartments,interpreted_explicit_range,"{""use_code"": ""4 stories or less"", ""use_description"": """"}",LA County eGIS parcels,2026-10-01T22:50Z,unresolved_candidates,unknown,2026-10-04T02:11:41+00:00,2026-10-01,processed,2026-10-04T02:41:38+00:00
A0354,73 LUBEC ST,East Boston,MA,02128,MA,Boston,,incorporated,"Boston, MA",verified,"Census Geocoder/TIGER-Line; matched_address=73 LUBEC ST, EAST BOSTON, MA, 02128; place_geoid=2507000; benchmark=Public_AR_Current",2026-10-04T00:49:15+00:00,Existing legal city/state match Census/TIGERweb incorporated-place boundaries.,1899,verified,original:Boston Property Assessment FY2026; public_parcel:Boston Property Assessment FY2026,Original and public parcel values agree.,,7..30,7,30,range,verified,official use-code mapping; use-description interpretation,Compatible evidence supports a unit-count range of 7..30. Evidence: use_code_range=7..30; use_description_range=7..30.,multifamily_residential,verified,official use-code mapping; use-description interpretation,Use code and use description agree on multifamily_residential.,A/112,APT 7-30 UNITS,verified_official_dataset,APT 7-30 UNITS,Apartment property with 7 to 30 units,interpreted_explicit_range,"{""use_code"": """", ""use_description"": """"}",Boston Property Assessment FY2026,2026-10-01T22:50Z,unique,resolved,2026-10-04T02:11:41+00:00,2026-10-01,processed,2026-10-04T02:41:38+00:00
A0355,10701 AMESTOY AVE,Los Angeles,CA,91344,CA,Los Angeles,,incorporated,"Los Angeles, CA",verified,"Census Geocoder/TIGER-Line; matched_address=10701 AMESTOY AVE, GRANADA HILLS, CA, 91344; place_geoid=0644000; benchmark=Public_AR_Current",2026-10-04T00:49:15+00:00,Existing legal city/state match Census/TIGERweb incorporated-place boundaries.,1986,verified,original:LA County eGIS parcels; public_parcel:LA County eGIS parcels,Original and public parcel values agree.,,7,7,7,exact,verified,original units; official use-code mapping; use-description interpretation; current public parcel lookup,Compatible evidence supports an exact unit count of 7. Evidence: reported_units=7; use_code_range=5..; use_description_range=5..; public_parcel_units=7.,multifamily_residential,verified,official use-code mapping; use-description interpretation,Use code and use description agree on multifamily_residential.,0500,Multi-Family Residence; five or more apartments or units; 4 stories or less; final character unused or unknown,verified_official_codebook,Five or more apartments,Five or more apartments,interpreted_explicit_range,"{""use_code"": ""4 stories or less"", ""use_description"": """"}",LA County eGIS parcels,2026-10-01T22:50Z,unique,resolved,2026-10-04T02:11:41+00:00,2026-10-01,processed,2026-10-04T02:41:38+00:00
A0356,16 Brainerd RD,Allston,MA,02134,MA,Boston,,incorporated,"Boston, MA",verified,"Census Geocoder/TIGER-Line; matched_address=16 BRAINERD RD, ALLSTON, MA, 02134; place_geoid=2507000; benchmark=Public_AR_Current",2026-10-04T00:49:15+00:00,Existing legal city/state match Census/TIGERweb incorporated-place boundaries.,1930,verified,original:Boston Property Assessment FY2026; public_parcel:Boston Property Assessment FY2026,Original and public parcel values agree.,,7..30,7,30,range,verified,official use-code mapping; use-description interpretation,Compatible evidence supports a unit-count range of 7..30. Evidence: use_code_range=7..30; use_description_range=7..30.,multifamily_residential,verified,official use-code mapping; use-description interpretation,Use code and use description agree on multifamily_residential.,A/112,APT 7-30 UNITS,verified_official_dataset,APT 7-30 UNITS,Apartment property with 7 to 30 units,interpreted_explicit_range,"{""use_code"": """", ""use_description"": """"}",Boston Property Assessment FY2026,2026-10-01T22:50Z,unique,resolved,2026-10-04T02:11:41+00:00,2026-10-01,processed,2026-10-04T02:41:38+00:00
A0357,173 07TH ST,San Francisco,CA,,CA,San Francisco,,unknown,"San Francisco, CA",partial,Existing legal-city mapping retained; Census lookup did not independently verify the boundary.,2026-10-04T00:49:15+00:00,Census Geocoder did not return coordinates; jurisdiction was not independently verified.,1997,verified,original:DataSF wv5m-vpq2 (2025 roll); public_parcel:DataSF wv5m-vpq2 (2025 roll),Original and public parcel values agree.,,29,29,29,exact,verified,original units; official use-code mapping; use-description interpretation; current public parcel lookup,Compatible evidence supports an exact unit count of 29. Evidence: reported_units=29; use_code_range=15..; use_description_range=15..; public_parcel_units=29.,multifamily_residential,verified,official use-code mapping; use-description interpretation,Use code and use description agree on multifamily_residential.,A15,Apartment 15 units or more,verified_government_published_codebook,Apartment 15 Units or more,Apartment property with 15 or more units,interpreted_explicit_range,"{""use_code"": """", ""use_description"": """"}",DataSF wv5m-vpq2 (2025 roll),2026-10-01T22:50Z,multiple_candidates,resolved,2026-10-04T02:11:41+00:00,2026-10-01,processed,2026-10-04T02:41:38+00:00
A0358,717 N 6TH ST,Newark,NJ,07110,NJ,Newark,,incorporated,"Newark, NJ",verified,"Census Geocoder/TIGER-Line; matched_address=717 N 6TH ST, NEWARK, NJ, 07107; place_geoid=3451000; benchmark=Public_AR_Current",2026-10-04T00:49:15+00:00,Existing legal city/state match Census/TIGERweb incorporated-place boundaries.,unknown,unknown,none,No usable year-built value was available from either source.,,5..,5,,range,verified,official use-code mapping,Compatible evidence supports a unit-count range of 5... Evidence: use_code_range=5...,multifamily_residential,verified,official use-code mapping; use-description interpretation,One property-use source is available: use code=multifamily_residential.,4C,Apartments; class 4C; 5 units or more,verified_official_codebook,3SB-2UG,Building-description shorthand; no reliable unit count can be extracted from the description alone,insufficient_description_for_unit_count,"{""use_code"": ""New Jersey property tax class 4C"", ""use_description"": ""Stories indicated: 3""}",NJOGIS Parcels & MOD-IV Composite,2026-10-01T22:50Z,unresolved_candidates,unknown,2026-10-04T02:11:41+00:00,2026-10-01,processed,2026-10-04T02:41:38+00:00
A0359,925 PARK AVE,Hoboken,NJ,07306,NJ,Hoboken,,incorporated,"Hoboken, NJ",verified,"Census Geocoder/TIGER-Line; matched_address=925 PARK AVE, HOBOKEN, NJ, 07030; place_geoid=3432250; benchmark=Public_AR_Current",2026-10-04T00:49:15+00:00,Existing legal city/state match Census/TIGERweb incorporated-place boundaries.,unknown,unknown,none,No usable year-built value was available from either source.,,10,10,10,exact,verified,official use-code mapping; use-description interpretation; current public parcel lookup,Compatible evidence supports an exact unit count of 10. Evidence: use_code_range=5..; use_description_range=10..10; public_parcel_units=10.,multifamily_residential,verified,official use-code mapping; use-description interpretation,Use code and use description agree on multifamily_residential.,4C,Apartments; class 4C; 5 units or more,verified_official_codebook,5B-10U-H-BA,Building description explicitly indicates 10 units,parsed_explicit_unit_count,"{""use_code"": ""New Jersey property tax class 4C"", ""use_description"": ""Heat indicated""}",NJOGIS Parcels & MOD-IV Composite,2026-10-01T22:50Z,unique,resolved,2026-10-04T02:11:41+00:00,2026-10-01,processed,2026-10-04T02:41:38+00:00
A0360,140 NEW YORK AVE.,Jersey City,NJ,10977,NJ,Jersey City,,incorporated,"Jersey City, NJ",verified,"Census Geocoder/TIGER-Line; matched_address=140 NEW YORK AVE, JERSEY CITY, NJ, 07307; place_geoid=3436000; benchmark=Public_AR_Current",2026-10-04T00:49:15+00:00,Existing legal city/state match Census/TIGERweb incorporated-place boundaries.,1924,verified,original:NJOGIS Parcels & MOD-IV Composite; public_parcel:NJOGIS Parcels & MOD-IV Composite,Original and public parcel values agree.,,14,14,14,exact,verified,official use-code mapping; use-description interpretation,Compatible evidence supports an exact unit count of 14. Evidence: use_code_range=5..; use_description_range=14..14.,multifamily_residential,verified,official use-code mapping; use-description interpretation,Use code and use description agree on multifamily_residential.,4C,Apartments; class 4C; 5 units or more,verified_official_codebook,3S-B-A-14U-H,Building description explicitly indicates 14 units,parsed_explicit_unit_count,"{""use_code"": ""New Jersey property tax class 4C"", ""use_description"": ""Stories indicated: 3; Heat indicated""}",NJOGIS Parcels & MOD-IV Composite,2026-10-01T22:50Z,unique,resolved,2026-10-04T02:11:41+00:00,2026-10-01,processed,2026-10-04T02:41:38+00:00
A0361,15 Berkshire St,Cambridge,MA,,MA,Cambridge,,incorporated,"Cambridge, MA",verified,"Census Geocoder/TIGER-Line; matched_address=15 BERKSHIRE ST, CAMBRIDGE, MA, 02141; place_geoid=2511000; benchmark=Public_AR_Current",2026-10-04T00:49:15+00:00,Existing legal city/state match Census/TIGERweb incorporated-place boundaries.,1915,verified,original:Cambridge Property Database FY2026 (waa7-ibdu); public_parcel:Cambridge Property Database FY2026 (waa7-ibdu),Original and public parcel values agree.,,6,6,6,exact,verified,original units; official use-code mapping; use-description interpretation; current public parcel lookup,Compatible evidence supports an exact unit count of 6. Evidence: reported_units=6; use_code_range=4..8; use_description_range=4..8; public_parcel_units=6.,multifamily_residential,verified,official use-code mapping; use-description interpretation,Use code and use description agree on multifamily_residential.,111,4-8-UNIT-APT; Residential,verified_official_codebook,4-8-UNIT-APT,Apartment property with 4 to 8 units,interpreted_explicit_range,"{""use_code"": """", ""use_description"": """"}",Cambridge Property Database FY2026 (waa7-ibdu),2026-10-01T22:50Z,unique,resolved,2026-10-04T02:11:41+00:00,2026-10-01,processed,2026-10-04T02:41:38+00:00
A0362,368 RIVERWAY ST,Boston,MA,02115,MA,Boston,,incorporated,"Boston, MA",verified,"Census Geocoder/TIGER-Line; matched_address=368 RIVERWAY, BOSTON, MA, 02115; place_geoid=2507000; benchmark=Public_AR_Current",2026-10-04T00:49:15+00:00,Existing legal city/state match Census/TIGERweb incorporated-place boundaries.,1920,verified,original:Boston Property Assessment FY2026; public_parcel:Boston Property Assessment FY2026,Original and public parcel values agree.,,7..30,7,30,range,verified,official use-code mapping; use-description interpretation,Compatible evidence supports a unit-count range of 7..30. Evidence: use_code_range=7..30; use_description_range=7..30.,multifamily_residential,verified,official use-code mapping; use-description interpretation,Use code and use description agree on multifamily_residential.,A/112,APT 7-30 UNITS,verified_official_dataset,APT 7-30 UNITS,Apartment property with 7 to 30 units,interpreted_explicit_range,"{""use_code"": """", ""use_description"": """"}",Boston Property Assessment FY2026,2026-10-01T22:50Z,unique,resolved,2026-10-04T02:11:41+00:00,2026-10-01,processed,2026-10-04T02:41:38+00:00
A0363,2451 SHATTUCK AVE,Berkeley,CA,94704,CA,Berkeley,,incorporated,"Berkeley, CA",verified,"Census Geocoder/TIGER-Line; matched_address=2451 SHATTUCK AVE, BERKELEY, CA, 94704; place_geoid=0606000; benchmark=Public_AR_Current",2026-10-04T00:49:15+00:00,Existing legal city/state match Census/TIGERweb incorporated-place boundaries.,2004,verified,public_parcel:Alameda County parcels,Public parcel value used because the original value was missing.,,100,100,100,exact,verified,official use-code mapping; use-description interpretation; current public parcel lookup,Compatible evidence supports an exact unit count of 100. Evidence: use_code_range=5..; use_description_range=5..; public_parcel_units=100.,multifamily_residential,verified,official use-code mapping; use-description interpretation,Use code and use description agree on multifamily_residential.,7700,Multiple residential building of 5 or more units,verified_official_codebook,Alameda County use code (5+ units),Five or more residential units,interpreted_explicit_range,"{""use_code"": """", ""use_description"": """"}",Alameda County parcels,2026-10-01T22:50Z,unique,resolved,2026-10-04T02:11:41+00:00,2026-10-01,processed,2026-10-04T02:41:38+00:00
A0364,125 03RD AV,San Francisco,CA,,CA,San Francisco,,unknown,"San Francisco, CA",partial,Existing legal-city mapping retained; Census lookup did not independently verify the boundary.,2026-10-04T00:49:15+00:00,Census Geocoder did not return coordinates; jurisdiction was not independently verified.,1964,verified,original:DataSF wv5m-vpq2 (2025 roll); public_parcel:DataSF wv5m-vpq2 (2025 roll),Original and public parcel values agree.,,6,6,6,exact,verified,original units; official use-code mapping; use-description interpretation; current public parcel lookup,Compatible evidence supports an exact unit count of 6. Evidence: reported_units=6; use_code_range=5..14; use_description_range=5..14; public_parcel_units=6.,multifamily_residential,verified,official use-code mapping; use-description interpretation,Use code and use description agree on multifamily_residential.,A5,Apartment 5 to 14 units,verified_government_published_codebook,Apartment 5 to 14 Units,Apartment property with 5 to 14 units,interpreted_explicit_range,"{""use_code"": """", ""use_description"": """"}",DataSF wv5m-vpq2 (2025 roll),2026-10-01T22:50Z,multiple_candidates,resolved,2026-10-04T02:11:41+00:00,2026-10-01,processed,2026-10-04T02:41:38+00:00
A0365,3940 IDAHO ST,San Diego,CA,92104,CA,San Diego,,incorporated,"San Diego, CA",verified,"Census Geocoder/TIGER-Line; matched_address=3940 IDAHO ST, SAN DIEGO, CA, 92104; place_geoid=0666000; benchmark=Public_AR_Current",2026-10-04T00:49:15+00:00,Existing legal city/state match Census/TIGERweb incorporated-place boundaries.,unknown,unknown,none,No usable year-built value was available from either source. Public parcel reported an unusable year value (61); it was not inferred or expanded.,,12,12,12,exact,verified,original units; official use-code mapping; use-description interpretation; current public parcel lookup,Compatible evidence supports an exact unit count of 12. Evidence: reported_units=12; use_code_range=5..15; use_description_range=5..; public_parcel_units=12.,multifamily_residential,verified,official use-code mapping; use-description interpretation,Use code and use description agree on multifamily_residential.,14,MULTIPLE 5 TO 15 UNITS-GENERIC,verified_government_dataset_documentation,SANDAG asr_landuse 14-16 (5+ units),Multiple-residential property in an ASR_LANDUSE category representing 5 or more units,interpreted_explicit_range,"{""use_code"": ""Generic multiple-residential classification"", ""use_description"": ""ASR_LANDUSE family 14-16""}",SANDAG/SanGIS parcels,2026-10-01T22:50Z,unique,resolved,2026-10-04T02:11:41+00:00,2026-10-01,processed,2026-10-04T02:41:38+00:00
A0366,230 Everett ST,East Boston,MA,02128,MA,Boston,,incorporated,"Boston, MA",verified,"Census Geocoder/TIGER-Line; matched_address=230 EVERETT ST, EAST BOSTON, MA, 02128; place_geoid=2507000; benchmark=Public_AR_Current",2026-10-04T00:49:15+00:00,Existing legal city/state match Census/TIGERweb incorporated-place boundaries.,2024,verified,original:Boston Property Assessment FY2026; public_parcel:Boston Property Assessment FY2026,Original and public parcel values agree.,,unknown,,,unknown,missing,none,No usable unit-count evidence was available. Public parcel status: missing.,multifamily_residential,verified,official use-code mapping; use-description interpretation,Use code and use description agree on multifamily_residential.,A/120,LUXURY APARTMENT,verified_official_dataset,LUXURY APARTMENT,Luxury apartment property,interpreted_use_only,"{""use_code"": ""Luxury apartment"", ""use_description"": ""Luxury apartment classification""}",Boston Property Assessment FY2026,2026-10-01T22:50Z,unique,resolved,2026-10-04T02:11:41+00:00,2026-10-01,processed,2026-10-04T02:41:38+00:00
A0367,219 S 35TH ST,San Diego,CA,92113,CA,San Diego,,incorporated,"San Diego, CA",verified,"Census Geocoder/TIGER-Line; matched_address=219 S 35TH ST, SAN DIEGO, CA, 92113; place_geoid=0666000; benchmark=Public_AR_Current",2026-10-04T00:49:15+00:00,Existing legal city/state match Census/TIGERweb incorporated-place boundaries.,unknown,unknown,none,No usable year-built value was available from either source.,,7,7,7,exact,verified,original units; official use-code mapping; use-description interpretation,Compatible evidence supports an exact unit count of 7. Evidence: reported_units=7; use_code_range=5..15; use_description_range=5...,multifamily_residential,verified,official use-code mapping; use-description interpretation,Use code and use description agree on multifamily_residential.,14,MULTIPLE 5 TO 15 UNITS-GENERIC,verified_government_dataset_documentation,SANDAG asr_landuse 14-16 (5+ units),Multiple-residential property in an ASR_LANDUSE category representing 5 or more units,interpreted_explicit_range,"{""use_code"": ""Generic multiple-residential classification"", ""use_description"": ""ASR_LANDUSE family 14-16""}",SANDAG/SanGIS parcels,2026-10-01T22:50Z,unresolved_candidates,unknown,2026-10-04T02:11:41+00:00,2026-10-01,processed,2026-10-04T02:41:38+00:00
A0368,1430 FRANCISCO ST,San Francisco,CA,,CA,San Francisco,,incorporated,"San Francisco, CA",verified,"Census Geocoder/TIGER-Line; matched_address=1430 FRANCISCO ST, SAN FRANCISCO, CA, 94123; place_geoid=0667000; benchmark=Public_AR_Current",2026-10-04T00:49:15+00:00,Existing legal city/state match Census/TIGERweb incorporated-place boundaries.,1926,verified,original:DataSF wv5m-vpq2 (2025 roll); public_parcel:DataSF wv5m-vpq2 (2025 roll),Original and public parcel values agree.,,12,12,12,exact,verified,original units; official use-code mapping; use-description interpretation; current public parcel lookup,Compatible evidence supports an exact unit count of 12. Evidence: reported_units=12; use_code_range=5..14; use_description_range=5..14; public_parcel_units=12.,multifamily_residential,verified,official use-code mapping; use-description interpretation,Use code and use description agree on multifamily_residential.,A5,Apartment 5 to 14 units,verified_government_published_codebook,Apartment 5 to 14 Units,Apartment property with 5 to 14 units,interpreted_explicit_range,"{""use_code"": """", ""use_description"": """"}",DataSF wv5m-vpq2 (2025 roll),2026-10-01T22:50Z,multiple_candidates,resolved,2026-10-04T02:11:41+00:00,2026-10-01,processed,2026-10-04T02:41:38+00:00
A0369,3260 CALIFORNIA ST,Berkeley,CA,94703,CA,Berkeley,,incorporated,"Berkeley, CA",verified,"Census Geocoder/TIGER-Line; matched_address=3260 CALIFORNIA ST, BERKELEY, CA, 94703; place_geoid=0606000; benchmark=Public_AR_Current",2026-10-04T00:49:15+00:00,Existing legal city/state match Census/TIGERweb incorporated-place boundaries.,unknown,unknown,none,No usable year-built value was available from either source.,,5,5,5,exact,verified,official use-code mapping; use-description interpretation; current public parcel lookup,Compatible evidence supports an exact unit count of 5. Evidence: use_code_range=5..; use_description_range=5..; public_parcel_units=5.,multifamily_residential,verified,official use-code mapping; use-description interpretation,Use code and use description agree on multifamily_residential.,7700,Multiple residential building of 5 or more units,verified_official_codebook,Alameda County use code (5+ units),Five or more residential units,interpreted_explicit_range,"{""use_code"": """", ""use_description"": """"}",Alameda County parcels,2026-10-01T22:50Z,unique,resolved,2026-10-04T02:11:41+00:00,2026-10-01,processed,2026-10-04T02:41:38+00:00
A0370,2222 TOBERMAN ST,Los Angeles,CA,90007,CA,Los Angeles,,incorporated,"Los Angeles, CA",verified,"Census Geocoder/TIGER-Line; matched_address=2222 TOBERMAN ST, LOS ANGELES, CA, 90007; place_geoid=0644000; benchmark=Public_AR_Current",2026-10-04T00:49:15+00:00,Existing legal city/state match Census/TIGERweb incorporated-place boundaries.,1924,verified,original:LA County eGIS parcels; public_parcel:LA County eGIS parcels,Original and public parcel values agree.,,unknown,,,unknown,conflict,original units; official use-code mapping; use-description interpretation; current public parcel lookup,Unit evidence conflicts; final value is unknown. Evidence: reported_units=6; use_code_range=5..; use_description_range=5..; public_parcel_units=2.,multifamily_residential,verified,official use-code mapping; use-description interpretation,Use code and use description agree on multifamily_residential.,0500,Multi-Family Residence; five or more apartments or units; 4 stories or less; final character unused or unknown,verified_official_codebook,Five or more apartments,Five or more apartments,interpreted_explicit_range,"{""use_code"": ""4 stories or less"", ""use_description"": """"}",LA County eGIS parcels,2026-10-01T22:50Z,unique,resolved,2026-10-04T02:11:41+00:00,2026-10-01,processed,2026-10-04T02:41:38+00:00
A0371,76-80 BRUEN ST,Newark,NJ,07105,NJ,Newark,,incorporated,"Newark, NJ",verified,"Census Geocoder/TIGER-Line; matched_address=80 BRUEN ST, NEWARK, NJ, 07105; place_geoid=3451000; benchmark=Public_AR_Current",2026-10-04T00:49:15+00:00,Existing legal city/state match Census/TIGERweb incorporated-place boundaries.,unknown,unknown,none,No usable year-built value was available from either source.,,unknown,,,unknown,conflict,official use-code mapping; current public parcel lookup,Unit evidence conflicts; final value is unknown. Evidence: use_code_range=5..; public_parcel_units=1.,multifamily_residential,verified,official use-code mapping; use-description interpretation,One property-use source is available: use code=multifamily_residential.,4C,Apartments; class 4C; 5 units or more,verified_official_codebook,USCB16UG,Building-description shorthand; no reliable unit count can be extracted from the description alone,insufficient_description_for_unit_count,"{""use_code"": ""New Jersey property tax class 4C"", ""use_description"": """"}",NJOGIS Parcels & MOD-IV Composite,2026-10-01T22:50Z,unique,resolved,2026-10-04T02:11:41+00:00,2026-10-01,processed,2026-10-04T02:41:38+00:00
A0372,314 SEVENTH ST.,Jersey City,NJ,07302,NJ,Jersey City,,incorporated,"Jersey City, NJ",verified,"Census Geocoder/TIGER-Line; matched_address=314 7TH ST, JERSEY CITY, NJ, 07302; place_geoid=3436000; benchmark=Public_AR_Current",2026-10-04T00:49:15+00:00,Existing legal city/state match Census/TIGERweb incorporated-place boundaries.,unknown,unknown,none,No usable year-built value was available from either source.,,7,7,7,exact,verified,official use-code mapping; use-description interpretation,Compatible evidence supports an exact unit count of 7. Evidence: use_code_range=5..; use_description_range=7..7.,multifamily_residential,verified,official use-code mapping; use-description interpretation,Use code and use description agree on multifamily_residential.,4C,Apartments; class 4C; 5 units or more,verified_official_codebook,4S-B-D-7U-NH-G,Building description explicitly indicates 7 units,parsed_explicit_unit_count,"{""use_code"": ""New Jersey property tax class 4C"", ""use_description"": ""Stories indicated: 4; Garage indicated; No heat indicated""}",NJOGIS Parcels & MOD-IV Composite,2026-10-01T22:50Z,unique,resolved,2026-10-04T02:11:41+00:00,2026-10-01,processed,2026-10-04T02:41:38+00:00
A0373,1315 SPRUCE ST,Berkeley,CA,94709,CA,Berkeley,,incorporated,"Berkeley, CA",verified,"Census Geocoder/TIGER-Line; matched_address=1315 SPRUCE ST, BERKELEY, CA, 94709; place_geoid=0606000; benchmark=Public_AR_Current",2026-10-04T00:49:15+00:00,Existing legal city/state match Census/TIGERweb incorporated-place boundaries.,unknown,unknown,none,No usable year-built value was available from either source.,,6,6,6,exact,verified,official use-code mapping; use-description interpretation; current public parcel lookup,Compatible evidence supports an exact unit count of 6. Evidence: use_code_range=5..; use_description_range=5..; public_parcel_units=6.,multifamily_residential,verified,official use-code mapping; use-description interpretation,Use code and use description agree on multifamily_residential.,7200,Residential property converted to 5 or more units,verified_official_codebook,Alameda County use code (5+ units),Five or more residential units,interpreted_explicit_range,"{""use_code"": """", ""use_description"": """"}",Alameda County parcels,2026-10-01T22:50Z,unique,resolved,2026-10-04T02:11:41+00:00,2026-10-01,processed,2026-10-04T02:41:38+00:00
A0374,686 S ARDMORE AVE,Los Angeles,CA,90005,CA,Los Angeles,,incorporated,"Los Angeles, CA",verified,"Census Geocoder/TIGER-Line; matched_address=686 S ARDMORE AVE, LOS ANGELES, CA, 90005; place_geoid=0644000; benchmark=Public_AR_Current",2026-10-04T00:49:15+00:00,Existing legal city/state match Census/TIGERweb incorporated-place boundaries.,1990,verified,original:LA County eGIS parcels; public_parcel:LA County eGIS parcels,Original and public parcel values agree.,,15,15,15,exact,verified,original units; official use-code mapping; use-description interpretation; current public parcel lookup,Compatible evidence supports an exact unit count of 15. Evidence: reported_units=15; use_code_range=5..; use_description_range=5..; public_parcel_units=15.,multifamily_residential,verified,official use-code mapping; use-description interpretation,Use code and use description agree on multifamily_residential.,0500,Multi-Family Residence; five or more apartments or units; 4 stories or less; final character unused or unknown,verified_official_codebook,Five or more apartments,Five or more apartments,interpreted_explicit_range,"{""use_code"": ""4 stories or less"", ""use_description"": """"}",LA County eGIS parcels,2026-10-01T22:50Z,unique,resolved,2026-10-04T02:11:41+00:00,2026-10-01,processed,2026-10-04T02:41:38+00:00
A0375,1880 FULTON ST,San Francisco,CA,,CA,San Francisco,,incorporated,"San Francisco, CA",verified,"Census Geocoder/TIGER-Line; matched_address=1880 FULTON ST, SAN FRANCISCO, CA, 94117; place_geoid=0667000; benchmark=Public_AR_Current",2026-10-04T00:49:15+00:00,Existing legal city/state match Census/TIGERweb incorporated-place boundaries.,1921,verified,original:DataSF wv5m-vpq2 (2025 roll); public_parcel:DataSF wv5m-vpq2 (2025 roll),Original and public parcel values agree.,,9,9,9,exact,verified,original units; official use-code mapping; use-description interpretation; current public parcel lookup,Compatible evidence supports an exact unit count of 9. Evidence: reported_units=9; use_code_range=5..14; use_description_range=5..14; public_parcel_units=9.,multifamily_residential,verified,official use-code mapping; use-description interpretation,Use code and use description agree on multifamily_residential.,A5,Apartment 5 to 14 units,verified_government_published_codebook,Apartment 5 to 14 Units,Apartment property with 5 to 14 units,interpreted_explicit_range,"{""use_code"": """", ""use_description"": """"}",DataSF wv5m-vpq2 (2025 roll),2026-10-01T22:50Z,multiple_candidates,resolved,2026-10-04T02:11:41+00:00,2026-10-01,processed,2026-10-04T02:41:38+00:00
A0376,ST JAMES ST,Roxbury,MA,02119,MA,Boston,,unknown,"Boston, MA",partial,Existing legal-city mapping retained; Census lookup did not independently verify the boundary.,2026-10-04T00:49:15+00:00,Census Geocoder did not return coordinates; jurisdiction was not independently verified.,unknown,unknown,none,No usable year-built value was available from either source.,,unknown,,,unknown,missing,none,No usable unit-count evidence was available. Public parcel status: address_not_aligned.,subsidized_multifamily,verified,official use-code mapping; use-description interpretation,Use code and use description agree on subsidized_multifamily.,A/125,SUBSD HOUSING S-8,verified_official_dataset,SUBSD HOUSING S- 8,Subsidized Section 8 housing classification,interpreted_use_only,"{""use_code"": ""Section 8 subsidized housing indicator"", ""use_description"": ""Section 8 subsidized housing indicator""}",Boston Property Assessment FY2026,2026-10-01T22:50Z,unresolved_candidates,unknown,2026-10-04T02:11:41+00:00,2026-10-01,processed,2026-10-04T02:41:38+00:00
A0377,206 BLOOMFIELD ST,Hoboken,NJ,10003,NJ,Hoboken,,incorporated,"Hoboken, NJ",verified,"Census Geocoder/TIGER-Line; matched_address=206 BLOOMFIELD ST, HOBOKEN, NJ, 07030; place_geoid=3432250; benchmark=Public_AR_Current",2026-10-04T00:49:15+00:00,Existing legal city/state match Census/TIGERweb incorporated-place boundaries.,unknown,unknown,none,No usable year-built value was available from either source.,,14,14,14,exact,verified,official use-code mapping; use-description interpretation; current public parcel lookup,Compatible evidence supports an exact unit count of 14. Evidence: use_code_range=5..; use_description_range=14..14; public_parcel_units=14.,multifamily_residential,verified,official use-code mapping; use-description interpretation,Use code and use description agree on multifamily_residential.,4C,Apartments; class 4C; 5 units or more,verified_official_codebook,5B-14U-H-BA,Building description explicitly indicates 14 units,parsed_explicit_unit_count,"{""use_code"": ""New Jersey property tax class 4C"", ""use_description"": ""Heat indicated""}",NJOGIS Parcels & MOD-IV Composite,2026-10-01T22:50Z,unique,resolved,2026-10-04T02:11:41+00:00,2026-10-01,processed,2026-10-04T02:41:38+00:00
A0378,4053 IDAHO ST,San Diego,CA,92104,CA,San Diego,,incorporated,"San Diego, CA",verified,"Census Geocoder/TIGER-Line; matched_address=4053 IDAHO ST, SAN DIEGO, CA, 92104; place_geoid=0666000; benchmark=Public_AR_Current",2026-10-04T00:49:15+00:00,Existing legal city/state match Census/TIGERweb incorporated-place boundaries.,unknown,unknown,none,No usable year-built value was available from either source. Public parcel reported an unusable year value (68); it was not inferred or expanded.,,9,9,9,exact,verified,original units; official use-code mapping; use-description interpretation; current public parcel lookup,Compatible evidence supports an exact unit count of 9. Evidence: reported_units=9; use_code_range=5..15; use_description_range=5..; public_parcel_units=9.,multifamily_residential,verified,official use-code mapping; use-description interpretation,Use code and use description agree on multifamily_residential.,14,MULTIPLE 5 TO 15 UNITS-GENERIC,verified_government_dataset_documentation,SANDAG asr_landuse 14-16 (5+ units),Multiple-residential property in an ASR_LANDUSE category representing 5 or more units,interpreted_explicit_range,"{""use_code"": ""Generic multiple-residential classification"", ""use_description"": ""ASR_LANDUSE family 14-16""}",SANDAG/SanGIS parcels,2026-10-01T22:50Z,unique,resolved,2026-10-04T02:11:41+00:00,2026-10-01,processed,2026-10-04T02:41:38+00:00
A0379,1336 BRUNNER ST,San Diego,CA,92110,CA,San Diego,,incorporated,"San Diego, CA",verified,"Census Geocoder/TIGER-Line; matched_address=1336 BRUNNER ST, SAN DIEGO, CA, 92110; place_geoid=0666000; benchmark=Public_AR_Current",2026-10-04T00:49:15+00:00,Existing legal city/state match Census/TIGERweb incorporated-place boundaries.,unknown,unknown,none,No usable year-built value was available from either source. Public parcel reported an unusable year value (95); it was not inferred or expanded.,,12,12,12,exact,verified,original units; official use-code mapping; use-description interpretation; current public parcel lookup,Compatible evidence supports an exact unit count of 12. Evidence: reported_units=12; use_code_range=5..15; use_description_range=5..; public_parcel_units=12.,multifamily_residential,verified,official use-code mapping; use-description interpretation,Use code and use description agree on multifamily_residential.,14,MULTIPLE 5 TO 15 UNITS-GENERIC,verified_government_dataset_documentation,SANDAG asr_landuse 14-16 (5+ units),Multiple-residential property in an ASR_LANDUSE category representing 5 or more units,interpreted_explicit_range,"{""use_code"": ""Generic multiple-residential classification"", ""use_description"": ""ASR_LANDUSE family 14-16""}",SANDAG/SanGIS parcels,2026-10-01T22:50Z,unique,resolved,2026-10-04T02:11:41+00:00,2026-10-01,processed,2026-10-04T02:41:38+00:00
A0380,GREENVILLE ST,Roxbury,MA,02119,MA,Boston,,unknown,"Boston, MA",partial,Existing legal-city mapping retained; Census lookup did not independently verify the boundary.,2026-10-04T00:49:15+00:00,Census Geocoder did not return coordinates; jurisdiction was not independently verified.,unknown,unknown,none,No usable year-built value was available from either source.,,unknown,,,unknown,missing,none,No usable unit-count evidence was available. Public parcel status: address_not_aligned.,subsidized_multifamily,verified,official use-code mapping; use-description interpretation,Use code and use description agree on subsidized_multifamily.,A/125,SUBSD HOUSING S-8,verified_official_dataset,SUBSD HOUSING S- 8,Subsidized Section 8 housing classification,interpreted_use_only,"{""use_code"": ""Section 8 subsidized housing indicator"", ""use_description"": ""Section 8 subsidized housing indicator""}",Boston Property Assessment FY2026,2026-10-01T22:50Z,unresolved_candidates,unknown,2026-10-04T02:11:41+00:00,2026-10-01,processed,2026-10-04T02:41:38+00:00
A0381,521-523 MARKET ST,Newark,NJ,07105,NJ,Newark,,incorporated,"Newark, NJ",verified,"Census Geocoder/TIGER-Line; matched_address=523 MARKET ST, NEWARK, NJ, 07105; place_geoid=3451000; benchmark=Public_AR_Current",2026-10-04T00:49:15+00:00,Existing legal city/state match Census/TIGERweb incorporated-place boundaries.,unknown,unknown,none,No usable year-built value was available from either source.,,unknown,,,unknown,conflict,official use-code mapping; current public parcel lookup,Unit evidence conflicts; final value is unknown. Evidence: use_code_range=5..; public_parcel_units=1.,multifamily_residential,verified,official use-code mapping; use-description interpretation,One property-use source is available: use code=multifamily_residential.,4C,Apartments; class 4C; 5 units or more,verified_official_codebook,3S.B.,Building-description shorthand; no reliable unit count can be extracted from the description alone,insufficient_description_for_unit_count,"{""use_code"": ""New Jersey property tax class 4C"", ""use_description"": ""Stories indicated: 3""}",NJOGIS Parcels & MOD-IV Composite,2026-10-01T22:50Z,unique,resolved,2026-10-04T02:11:41+00:00,2026-10-01,processed,2026-10-04T02:41:38+00:00
A0382,119 DAY ST,San Francisco,CA,,CA,San Francisco,,incorporated,"San Francisco, CA",verified,"Census Geocoder/TIGER-Line; matched_address=119 DAY ST, SAN FRANCISCO, CA, 94131; place_geoid=0667000; benchmark=Public_AR_Current",2026-10-04T00:49:15+00:00,Existing legal city/state match Census/TIGERweb incorporated-place boundaries.,1964,verified,original:DataSF wv5m-vpq2 (2025 roll); public_parcel:DataSF wv5m-vpq2 (2025 roll),Original and public parcel values agree.,,10,10,10,exact,verified,original units; official use-code mapping; use-description interpretation; current public parcel lookup,Compatible evidence supports an exact unit count of 10. Evidence: reported_units=10; use_code_range=5..14; use_description_range=5..14; public_parcel_units=10.,multifamily_residential,verified,official use-code mapping; use-description interpretation,Use code and use description agree on multifamily_residential.,A5,Apartment 5 to 14 units,verified_government_published_codebook,Apartment 5 to 14 Units,Apartment property with 5 to 14 units,interpreted_explicit_range,"{""use_code"": """", ""use_description"": """"}",DataSF wv5m-vpq2 (2025 roll),2026-10-01T22:50Z,multiple_candidates,resolved,2026-10-04T02:11:41+00:00,2026-10-01,processed,2026-10-04T02:41:38+00:00
A0383,1908 CALIFORNIA ST,Berkeley,CA,94703,CA,Berkeley,,incorporated,"Berkeley, CA",verified,"Census Geocoder/TIGER-Line; matched_address=1908 CALIFORNIA ST, BERKELEY, CA, 94703; place_geoid=0606000; benchmark=Public_AR_Current",2026-10-04T00:49:15+00:00,Existing legal city/state match Census/TIGERweb incorporated-place boundaries.,unknown,unknown,none,No usable year-built value was available from either source.,,11,11,11,exact,verified,official use-code mapping; use-description interpretation; current public parcel lookup,Compatible evidence supports an exact unit count of 11. Evidence: use_code_range=5..; use_description_range=5..; public_parcel_units=11.,multifamily_residential,verified,official use-code mapping; use-description interpretation,Use code and use description agree on multifamily_residential.,7700,Multiple residential building of 5 or more units,verified_official_codebook,Alameda County use code (5+ units),Five or more residential units,interpreted_explicit_range,"{""use_code"": """", ""use_description"": """"}",Alameda County parcels,2026-10-01T22:50Z,unique,resolved,2026-10-04T02:11:41+00:00,2026-10-01,processed,2026-10-04T02:41:38+00:00
A0384,21 GUERRERO ST,San Francisco,CA,,CA,San Francisco,,unknown,"San Francisco, CA",partial,Existing legal-city mapping retained; Census lookup did not independently verify the boundary.,2026-10-04T00:49:15+00:00,Census Geocoder did not return coordinates; jurisdiction was not independently verified.,1925,verified,original:DataSF wv5m-vpq2 (2025 roll),Original value retained because no usable public parcel value was available.,,7,7,7,exact,verified,original units; official use-code mapping; use-description interpretation,Compatible evidence supports an exact unit count of 7. Evidence: reported_units=7; use_code_range=5..14; use_description_range=5..14.,multifamily_residential,verified,official use-code mapping; use-description interpretation,Use code and use description agree on multifamily_residential.,A5,Apartment 5 to 14 units,verified_government_published_codebook,Apartment 5 to 14 Units,Apartment property with 5 to 14 units,interpreted_explicit_range,"{""use_code"": """", ""use_description"": """"}",DataSF wv5m-vpq2 (2025 roll),2026-10-01T22:50Z,unresolved_candidates,unknown,2026-10-04T02:11:41+00:00,2026-10-01,processed,2026-10-04T02:41:38+00:00
A0385,1059 UNION ST,San Francisco,CA,,CA,San Francisco,,incorporated,"San Francisco, CA",verified,"Census Geocoder/TIGER-Line; matched_address=1059 UNION ST, SAN FRANCISCO, CA, 94133; place_geoid=0667000; benchmark=Public_AR_Current",2026-10-04T00:49:15+00:00,Existing legal city/state match Census/TIGERweb incorporated-place boundaries.,1986,verified,original:DataSF wv5m-vpq2 (2025 roll); public_parcel:DataSF wv5m-vpq2 (2025 roll),Original and public parcel values agree.,,16,16,16,exact,verified,original units; official use-code mapping; use-description interpretation; current public parcel lookup,Compatible evidence supports an exact unit count of 16. Evidence: reported_units=16; use_code_range=15..; use_description_range=15..; public_parcel_units=16.,multifamily_residential,verified,official use-code mapping; use-description interpretation,Use code and use description agree on multifamily_residential.,A15,Apartment 15 units or more,verified_government_published_codebook,Apartment 15 Units or more,Apartment property with 15 or more units,interpreted_explicit_range,"{""use_code"": """", ""use_description"": """"}",DataSF wv5m-vpq2 (2025 roll),2026-10-01T22:50Z,multiple_candidates,resolved,2026-10-04T02:11:41+00:00,2026-10-01,processed,2026-10-04T02:41:38+00:00
A0386,3654 ARIZONA ST,San Diego,CA,92104,CA,San Diego,,incorporated,"San Diego, CA",verified,"Census Geocoder/TIGER-Line; matched_address=3654 ARIZONA ST, SAN DIEGO, CA, 92104; place_geoid=0666000; benchmark=Public_AR_Current",2026-10-04T00:49:15+00:00,Existing legal city/state match Census/TIGERweb incorporated-place boundaries.,unknown,unknown,none,No usable year-built value was available from either source. Public parcel reported an unusable year value (87); it was not inferred or expanded.,,7,7,7,exact,verified,original units; official use-code mapping; use-description interpretation; current public parcel lookup,Compatible evidence supports an exact unit count of 7. Evidence: reported_units=7; use_code_range=5..15; use_description_range=5..; public_parcel_units=7.,multifamily_residential,verified,official use-code mapping; use-description interpretation,Use code and use description agree on multifamily_residential.,14,MULTIPLE 5 TO 15 UNITS-GENERIC,verified_government_dataset_documentation,SANDAG asr_landuse 14-16 (5+ units),Multiple-residential property in an ASR_LANDUSE category representing 5 or more units,interpreted_explicit_range,"{""use_code"": ""Generic multiple-residential classification"", ""use_description"": ""ASR_LANDUSE family 14-16""}",SANDAG/SanGIS parcels,2026-10-01T22:50Z,unique,resolved,2026-10-04T02:11:41+00:00,2026-10-01,processed,2026-10-04T02:41:38+00:00
A0387,10303 CAMINITO ALVAREZ,San Diego,CA,92126,CA,San Diego,,incorporated,"San Diego, CA",verified,"Census Geocoder/TIGER-Line; matched_address=10303 CMT ALVAREZ, SAN DIEGO, CA, 92126; place_geoid=0666000; benchmark=Public_AR_Current",2026-10-04T00:49:15+00:00,Existing legal city/state match Census/TIGERweb incorporated-place boundaries.,unknown,unknown,none,No usable year-built value was available from either source.,,152,152,152,exact,verified,original units; official use-code mapping; use-description interpretation,Compatible evidence supports an exact unit count of 152. Evidence: reported_units=152; use_code_range=61..; use_description_range=5...,multifamily_residential,verified,official use-code mapping; use-description interpretation,Use code and use description agree on multifamily_residential.,16,MULTIPLE 61 UNITS AND UP-GENERIC,verified_government_dataset_documentation,SANDAG asr_landuse 14-16 (5+ units),Multiple-residential property in an ASR_LANDUSE category representing 5 or more units,interpreted_explicit_range,"{""use_code"": ""Generic multiple-residential classification"", ""use_description"": ""ASR_LANDUSE family 14-16""}",SANDAG/SanGIS parcels,2026-10-01T22:50Z,unique,unknown,2026-10-04T02:11:41+00:00,2026-10-01,processed,2026-10-04T02:41:38+00:00
A0388,157-155 CLERK ST.,Jersey City,NJ,07305,NJ,Jersey City,,incorporated,"Jersey City, NJ",verified,"Census Geocoder/TIGER-Line; matched_address=155 CLERK ST, JERSEY CITY, NJ, 07305; place_geoid=3436000; benchmark=Public_AR_Current",2026-10-04T00:49:15+00:00,Existing legal city/state match Census/TIGERweb incorporated-place boundaries.,unknown,unknown,none,No usable year-built value was available from either source.,,6,6,6,exact,verified,official use-code mapping; use-description interpretation,Compatible evidence supports an exact unit count of 6. Evidence: use_code_range=5..; use_description_range=6..6.,multifamily_residential,verified,official use-code mapping; use-description interpretation,Use code and use description agree on multifamily_residential.,4C,Apartments; class 4C; 5 units or more,verified_official_codebook,3S-F-D-6U-H,Building description explicitly indicates 6 units,parsed_explicit_unit_count,"{""use_code"": ""New Jersey property tax class 4C"", ""use_description"": ""Stories indicated: 3; Heat indicated""}",NJOGIS Parcels & MOD-IV Composite,2026-10-01T22:50Z,unique,unknown,2026-10-04T02:11:41+00:00,2026-10-01,processed,2026-10-04T02:41:38+00:00
A0389,923 GARDEN ST,Hoboken,NJ,07068,NJ,Hoboken,,incorporated,"Hoboken, NJ",verified,"Census Geocoder/TIGER-Line; matched_address=923 GARDEN ST, HOBOKEN, NJ, 07030; place_geoid=3432250; benchmark=Public_AR_Current",2026-10-04T00:49:15+00:00,Existing legal city/state match Census/TIGERweb incorporated-place boundaries.,unknown,unknown,none,No usable year-built value was available from either source.,,10,10,10,exact,verified,official use-code mapping; use-description interpretation; current public parcel lookup,Compatible evidence supports an exact unit count of 10. Evidence: use_code_range=5..; use_description_range=10..10; public_parcel_units=10.,multifamily_residential,verified,official use-code mapping; use-description interpretation,Use code and use description agree on multifamily_residential.,4C,Apartments; class 4C; 5 units or more,verified_official_codebook,5B-10U-H-BA,Building description explicitly indicates 10 units,parsed_explicit_unit_count,"{""use_code"": ""New Jersey property tax class 4C"", ""use_description"": ""Heat indicated""}",NJOGIS Parcels & MOD-IV Composite,2026-10-01T22:50Z,unique,resolved,2026-10-04T02:11:41+00:00,2026-10-01,processed,2026-10-04T02:41:38+00:00
A0390,70 DARCY ST,Newark,NJ,07202,NJ,Newark,,incorporated,"Newark, NJ",verified,"Census Geocoder/TIGER-Line; matched_address=70 DARCY ST, NEWARK, NJ, 07105; place_geoid=3451000; benchmark=Public_AR_Current",2026-10-04T00:49:15+00:00,Existing legal city/state match Census/TIGERweb incorporated-place boundaries.,unknown,unknown,none,No usable year-built value was available from either source.,,unknown,,,unknown,conflict,official use-code mapping; current public parcel lookup,Unit evidence conflicts; final value is unknown. Evidence: use_code_range=5..; public_parcel_units=1.,multifamily_residential,verified,official use-code mapping; use-description interpretation,One property-use source is available: use code=multifamily_residential.,4C,Apartments; class 4C; 5 units or more,verified_official_codebook,3S.F.,Building-description shorthand; no reliable unit count can be extracted from the description alone,insufficient_description_for_unit_count,"{""use_code"": ""New Jersey property tax class 4C"", ""use_description"": ""Stories indicated: 3""}",NJOGIS Parcels & MOD-IV Composite,2026-10-01T22:50Z,unique,resolved,2026-10-04T02:11:41+00:00,2026-10-01,processed,2026-10-04T02:41:38+00:00
A0391,265 22ND ST,San Diego,CA,92102,CA,San Diego,,incorporated,"San Diego, CA",verified,"Census Geocoder/TIGER-Line; matched_address=265 22ND ST, SAN DIEGO, CA, 92102; place_geoid=0666000; benchmark=Public_AR_Current",2026-10-04T00:49:15+00:00,Existing legal city/state match Census/TIGERweb incorporated-place boundaries.,unknown,unknown,none,No usable year-built value was available from either source. Public parcel reported an unusable year value (06); it was not inferred or expanded.,,9,9,9,exact,verified,original units; official use-code mapping; use-description interpretation; current public parcel lookup,Compatible evidence supports an exact unit count of 9. Evidence: reported_units=9; use_code_range=5..15; use_description_range=5..; public_parcel_units=9.,multifamily_residential,verified,official use-code mapping; use-description interpretation,Use code and use description agree on multifamily_residential.,14,MULTIPLE 5 TO 15 UNITS-GENERIC,verified_government_dataset_documentation,SANDAG asr_landuse 14-16 (5+ units),Multiple-residential property in an ASR_LANDUSE category representing 5 or more units,interpreted_explicit_range,"{""use_code"": ""Generic multiple-residential classification"", ""use_description"": ""ASR_LANDUSE family 14-16""}",SANDAG/SanGIS parcels,2026-10-01T22:50Z,unique,resolved,2026-10-04T02:11:41+00:00,2026-10-01,processed,2026-10-04T02:41:38+00:00
A0392,4545 N 39TH ST,San Diego,CA,92116,CA,San Diego,,incorporated,"San Diego, CA",verified,"Census Geocoder/TIGER-Line; matched_address=4545 39TH ST, SAN DIEGO, CA, 92116; place_geoid=0666000; benchmark=Public_AR_Current",2026-10-04T00:49:15+00:00,Existing legal city/state match Census/TIGERweb incorporated-place boundaries.,unknown,unknown,none,No usable year-built value was available from either source.,,7,7,7,exact,verified,original units; official use-code mapping; use-description interpretation,Compatible evidence supports an exact unit count of 7. Evidence: reported_units=7; use_code_range=5..15; use_description_range=5...,multifamily_residential,verified,official use-code mapping; use-description interpretation,Use code and use description agree on multifamily_residential.,14,MULTIPLE 5 TO 15 UNITS-GENERIC,verified_government_dataset_documentation,SANDAG asr_landuse 14-16 (5+ units),Multiple-residential property in an ASR_LANDUSE category representing 5 or more units,interpreted_explicit_range,"{""use_code"": ""Generic multiple-residential classification"", ""use_description"": ""ASR_LANDUSE family 14-16""}",SANDAG/SanGIS parcels,2026-10-01T22:50Z,unresolved_candidates,unknown,2026-10-04T02:11:41+00:00,2026-10-01,processed,2026-10-04T02:41:38+00:00
A0393,91 JORDAN AVE.,Jersey City,NJ,07081,NJ,Jersey City,,incorporated,"Jersey City, NJ",verified,"Census Geocoder/TIGER-Line; matched_address=91 JORDAN AVE, JERSEY CITY, NJ, 07306; place_geoid=3436000; benchmark=Public_AR_Current",2026-10-04T00:49:15+00:00,Existing legal city/state match Census/TIGERweb incorporated-place boundaries.,unknown,unknown,none,No usable year-built value was available from either source.,,21,21,21,exact,verified,official use-code mapping; use-description interpretation,Compatible evidence supports an exact unit count of 21. Evidence: use_code_range=5..; use_description_range=21..21.,multifamily_residential,verified,official use-code mapping; use-description interpretation,Use code and use description agree on multifamily_residential.,4C,Apartments; class 4C; 5 units or more,verified_official_codebook,4S-BA-21U-H,Building description explicitly indicates 21 units,parsed_explicit_unit_count,"{""use_code"": ""New Jersey property tax class 4C"", ""use_description"": ""Stories indicated: 4; Heat indicated""}",NJOGIS Parcels & MOD-IV Composite,2026-10-01T22:50Z,unique,resolved,2026-10-04T02:11:41+00:00,2026-10-01,processed,2026-10-04T02:41:38+00:00
A0394,45 RAVINE AVE.,Jersey City,NJ,07302,NJ,Jersey City,,incorporated,"Jersey City, NJ",verified,"Census Geocoder/TIGER-Line; matched_address=45 RAVINE AVE, JERSEY CITY, NJ, 07307; place_geoid=3436000; benchmark=Public_AR_Current",2026-10-04T00:49:15+00:00,Existing legal city/state match Census/TIGERweb incorporated-place boundaries.,1912,verified,original:NJOGIS Parcels & MOD-IV Composite; public_parcel:NJOGIS Parcels & MOD-IV Composite,Original and public parcel values agree.,,13,13,13,exact,verified,official use-code mapping; use-description interpretation,Compatible evidence supports an exact unit count of 13. Evidence: use_code_range=5..; use_description_range=13..13.,multifamily_residential,verified,official use-code mapping; use-description interpretation,Use code and use description agree on multifamily_residential.,4C,Apartments; class 4C; 5 units or more,verified_official_codebook,3S-B-A-13U-H,Building description explicitly indicates 13 units,parsed_explicit_unit_count,"{""use_code"": ""New Jersey property tax class 4C"", ""use_description"": ""Stories indicated: 3; Heat indicated""}",NJOGIS Parcels & MOD-IV Composite,2026-10-01T22:50Z,unique,resolved,2026-10-04T02:11:41+00:00,2026-10-01,processed,2026-10-04T02:41:38+00:00
A0395,1632 RUSSELL ST,Berkeley,CA,94703,CA,Berkeley,,incorporated,"Berkeley, CA",verified,"Census Geocoder/TIGER-Line; matched_address=1632 RUSSELL ST, BERKELEY, CA, 94703; place_geoid=0606000; benchmark=Public_AR_Current",2026-10-04T00:49:15+00:00,Existing legal city/state match Census/TIGERweb incorporated-place boundaries.,1962,verified,public_parcel:Alameda County parcels,Public parcel value used because the original value was missing.,,5,5,5,exact,verified,official use-code mapping; use-description interpretation; current public parcel lookup,Compatible evidence supports an exact unit count of 5. Evidence: use_code_range=5..; use_description_range=5..; public_parcel_units=5.,multifamily_residential,verified,official use-code mapping; use-description interpretation,Use code and use description agree on multifamily_residential.,7700,Multiple residential building of 5 or more units,verified_official_codebook,Alameda County use code (5+ units),Five or more residential units,interpreted_explicit_range,"{""use_code"": """", ""use_description"": """"}",Alameda County parcels,2026-10-01T22:50Z,unique,resolved,2026-10-04T02:11:41+00:00,2026-10-01,processed,2026-10-04T02:41:38+00:00
A0396,3244 CLAIREMONT DR,San Diego,CA,92117,CA,San Diego,,incorporated,"San Diego, CA",verified,"Census Geocoder/TIGER-Line; matched_address=3244 CLAIREMONT DR, SAN DIEGO, CA, 92117; place_geoid=0666000; benchmark=Public_AR_Current",2026-10-04T00:49:15+00:00,Existing legal city/state match Census/TIGERweb incorporated-place boundaries.,unknown,unknown,none,No usable year-built value was available from either source. Public parcel reported an unusable year value (25); it was not inferred or expanded.,,6,6,6,exact,verified,original units; official use-code mapping; use-description interpretation; current public parcel lookup,Compatible evidence supports an exact unit count of 6. Evidence: reported_units=6; use_code_range=5..15; use_description_range=5..; public_parcel_units=6.,multifamily_residential,verified,official use-code mapping; use-description interpretation,Use code and use description agree on multifamily_residential.,14,MULTIPLE 5 TO 15 UNITS-GENERIC,verified_government_dataset_documentation,SANDAG asr_landuse 14-16 (5+ units),Multiple-residential property in an ASR_LANDUSE category representing 5 or more units,interpreted_explicit_range,"{""use_code"": ""Generic multiple-residential classification"", ""use_description"": ""ASR_LANDUSE family 14-16""}",SANDAG/SanGIS parcels,2026-10-01T22:50Z,unique,resolved,2026-10-04T02:11:41+00:00,2026-10-01,processed,2026-10-04T02:41:38+00:00
A0397,1677 BUSH ST,San Francisco,CA,,CA,San Francisco,,incorporated,"San Francisco, CA",verified,"Census Geocoder/TIGER-Line; matched_address=1677 BUSH ST, SAN FRANCISCO, CA, 94109; place_geoid=0667000; benchmark=Public_AR_Current",2026-10-04T00:49:15+00:00,Existing legal city/state match Census/TIGERweb incorporated-place boundaries.,1900,verified,original:DataSF wv5m-vpq2 (2025 roll); public_parcel:DataSF wv5m-vpq2 (2025 roll),Original and public parcel values agree.,,21,21,21,exact,verified,original units; official use-code mapping; use-description interpretation; current public parcel lookup,Compatible evidence supports an exact unit count of 21. Evidence: reported_units=21; use_code_range=15..; use_description_range=15..; public_parcel_units=21.,multifamily_residential,verified,official use-code mapping; use-description interpretation,Use code and use description agree on multifamily_residential.,A15,Apartment 15 units or more,verified_government_published_codebook,Apartment 15 Units or more,Apartment property with 15 or more units,interpreted_explicit_range,"{""use_code"": """", ""use_description"": """"}",DataSF wv5m-vpq2 (2025 roll),2026-10-01T22:50Z,multiple_candidates,resolved,2026-10-04T02:11:41+00:00,2026-10-01,processed,2026-10-04T02:41:38+00:00
A0398,890 GREEN ST,San Francisco,CA,,CA,San Francisco,,incorporated,"San Francisco, CA",verified,"Census Geocoder/TIGER-Line; matched_address=890 GREEN ST, SAN FRANCISCO, CA, 94133; place_geoid=0667000; benchmark=Public_AR_Current",2026-10-04T00:49:15+00:00,Existing legal city/state match Census/TIGERweb incorporated-place boundaries.,1908,verified,original:DataSF wv5m-vpq2 (2025 roll); public_parcel:DataSF wv5m-vpq2 (2025 roll),Original and public parcel values agree.,,unknown,,,unknown,conflict,original units; official use-code mapping; use-description interpretation; current public parcel lookup,Unit evidence conflicts; final value is unknown. Evidence: reported_units=5; use_code_range=..4; use_description_range=..4; public_parcel_units=5.,residential_tic,verified,official use-code mapping; use-description interpretation,Use code and use description agree on residential_tic.,TIC,"TIC building, 4 units or fewer",verified_government_published_codebook,TIC Bldg 4 units or less,Tenancy-in-common building with 4 units or fewer,interpreted_explicit_range,"{""use_code"": ""Tenancy-in-common classification"", ""use_description"": ""Tenancy-in-common classification""}",DataSF wv5m-vpq2 (2025 roll),2026-10-01T22:50Z,multiple_candidates,resolved,2026-10-04T02:11:41+00:00,2026-10-01,processed,2026-10-04T02:41:38+00:00
A0399,227 WILLOW AVE,Hoboken,NJ,07643,NJ,Hoboken,,incorporated,"Hoboken, NJ",verified,"Census Geocoder/TIGER-Line; matched_address=227 WILLOW AVE, HOBOKEN, NJ, 07030; place_geoid=3432250; benchmark=Public_AR_Current",2026-10-04T00:49:15+00:00,Existing legal city/state match Census/TIGERweb incorporated-place boundaries.,unknown,unknown,none,No usable year-built value was available from either source.,,9,9,9,exact,verified,official use-code mapping; use-description interpretation; current public parcel lookup,Compatible evidence supports an exact unit count of 9. Evidence: use_code_range=5..; use_description_range=9..9; public_parcel_units=9.,multifamily_residential,verified,official use-code mapping; use-description interpretation,Use code and use description agree on multifamily_residential.,4C,Apartments; class 4C; 5 units or more,verified_official_codebook,4B-9U,Building description explicitly indicates 9 units,parsed_explicit_unit_count,"{""use_code"": ""New Jersey property tax class 4C"", ""use_description"": """"}",NJOGIS Parcels & MOD-IV Composite,2026-10-01T22:50Z,unique,resolved,2026-10-04T02:11:41+00:00,2026-10-01,processed,2026-10-04T02:41:38+00:00
A0400,174 MT PROSPECT AVE,Newark,NJ,07107,NJ,Newark,,unknown,"Newark, NJ",partial,Existing legal-city mapping retained; Census lookup did not independently verify the boundary.,2026-10-04T00:49:15+00:00,Census Geocoder did not return coordinates; jurisdiction was not independently verified.,unknown,unknown,none,No usable year-built value was available from either source.,,unknown,,,unknown,conflict,official use-code mapping; current public parcel lookup,Unit evidence conflicts; final value is unknown. Evidence: use_code_range=5..; public_parcel_units=1.,multifamily_residential,verified,official use-code mapping; use-description interpretation,One property-use source is available: use code=multifamily_residential.,4C,Apartments; class 4C; 5 units or more,verified_official_codebook,3SB,Building-description shorthand; no reliable unit count can be extracted from the description alone,insufficient_description_for_unit_count,"{""use_code"": ""New Jersey property tax class 4C"", ""use_description"": ""Stories indicated: 3""}",NJOGIS Parcels & MOD-IV Composite,2026-10-01T22:50Z,unique,resolved,2026-10-04T02:11:41+00:00,2026-10-01,processed,2026-10-04T02:41:38+00:00
A0401,257 14TH ST,San Francisco,CA,,CA,San Francisco,,incorporated,"San Francisco, CA",verified,"Census Geocoder/TIGER-Line; matched_address=257 14TH ST, SAN FRANCISCO, CA, 94103; place_geoid=0667000; benchmark=Public_AR_Current",2026-10-04T00:49:15+00:00,Existing legal city/state match Census/TIGERweb incorporated-place boundaries.,1908,verified,original:DataSF wv5m-vpq2 (2025 roll); public_parcel:DataSF wv5m-vpq2 (2025 roll),Original and public parcel values agree.,,6,6,6,exact,verified,original units; official use-code mapping; use-description interpretation,Compatible evidence supports an exact unit count of 6. Evidence: reported_units=6; use_code_range=5..14; use_description_range=5..14.,multifamily_residential,verified,official use-code mapping; use-description interpretation,Use code and use description agree on multifamily_residential.,A5,Apartment 5 to 14 units,verified_government_published_codebook,Apartment 5 to 14 Units,Apartment property with 5 to 14 units,interpreted_explicit_range,"{""use_code"": """", ""use_description"": """"}",DataSF wv5m-vpq2 (2025 roll),2026-10-01T22:50Z,multiple_candidates,conflicting_facts,2026-10-04T02:11:41+00:00,2026-10-01,processed,2026-10-04T02:41:38+00:00
A0402,2914 LARKIN ST,San Francisco,CA,,CA,San Francisco,,incorporated,"San Francisco, CA",verified,"Census Geocoder/TIGER-Line; matched_address=2914 LARKIN ST, SAN FRANCISCO, CA, 94109; place_geoid=0667000; benchmark=Public_AR_Current",2026-10-04T00:49:15+00:00,Existing legal city/state match Census/TIGERweb incorporated-place boundaries.,1900,verified,original:DataSF wv5m-vpq2 (2025 roll); public_parcel:DataSF wv5m-vpq2 (2025 roll),Original and public parcel values agree.,,5,5,5,exact,verified,original units; official use-code mapping; use-description interpretation; current public parcel lookup,Compatible evidence supports an exact unit count of 5. Evidence: reported_units=5; use_code_range=5..14; use_description_range=5..14; public_parcel_units=5.,multifamily_residential,verified,official use-code mapping; use-description interpretation,Use code and use description agree on multifamily_residential.,F5,Flats 5 to 14 units,verified_government_published_codebook,Flats 5 to 14 units,Flats with 5 to 14 units,interpreted_explicit_range,"{""use_code"": """", ""use_description"": """"}",DataSF wv5m-vpq2 (2025 roll),2026-10-01T22:50Z,multiple_candidates,resolved,2026-10-04T02:11:41+00:00,2026-10-01,processed,2026-10-04T02:41:38+00:00
A0403,45 Myrtle ST,Boston,MA,02114,MA,Boston,,incorporated,"Boston, MA",verified,"Census Geocoder/TIGER-Line; matched_address=45 MYRTLE ST, BOSTON, MA, 02114; place_geoid=2507000; benchmark=Public_AR_Current",2026-10-04T00:49:15+00:00,Existing legal city/state match Census/TIGERweb incorporated-place boundaries.,1899,verified,original:Boston Property Assessment FY2026; public_parcel:Boston Property Assessment FY2026,Original and public parcel values agree.,,unknown,,,unknown,missing,none,No usable unit-count evidence was available. Public parcel status: missing.,subsidized_multifamily,verified,official use-code mapping; use-description interpretation,Use code and use description agree on subsidized_multifamily.,A/125,SUBSD HOUSING S-8,verified_official_dataset,SUBSD HOUSING S- 8,Subsidized Section 8 housing classification,interpreted_use_only,"{""use_code"": ""Section 8 subsidized housing indicator"", ""use_description"": ""Section 8 subsidized housing indicator""}",Boston Property Assessment FY2026,2026-10-01T22:50Z,unique,resolved,2026-10-04T02:11:41+00:00,2026-10-01,processed,2026-10-04T02:41:38+00:00
A0404,240 BOWERS ST.,Jersey City,NJ,07603,NJ,Jersey City,,incorporated,"Jersey City, NJ",verified,"Census Geocoder/TIGER-Line; matched_address=240 BOWERS ST, JERSEY CITY, NJ, 07307; place_geoid=3436000; benchmark=Public_AR_Current",2026-10-04T00:49:15+00:00,Existing legal city/state match Census/TIGERweb incorporated-place boundaries.,1900,verified,original:NJOGIS Parcels & MOD-IV Composite; public_parcel:NJOGIS Parcels & MOD-IV Composite,Original and public parcel values agree.,,8,8,8,exact,verified,official use-code mapping; use-description interpretation,Compatible evidence supports an exact unit count of 8. Evidence: use_code_range=5..; use_description_range=8..8.,multifamily_residential,verified,official use-code mapping; use-description interpretation,Use code and use description agree on multifamily_residential.,4C,Apartments; class 4C; 5 units or more,verified_official_codebook,3S-F-D-8U-H,Building description explicitly indicates 8 units,parsed_explicit_unit_count,"{""use_code"": ""New Jersey property tax class 4C"", ""use_description"": ""Stories indicated: 3; Heat indicated""}",NJOGIS Parcels & MOD-IV Composite,2026-10-01T22:50Z,unique,resolved,2026-10-04T02:11:41+00:00,2026-10-01,processed,2026-10-04T02:41:38+00:00
A0405,10214 FERNGLEN AVE,Los Angeles,CA,91042,CA,Los Angeles,,incorporated,"Los Angeles, CA",verified,"Census Geocoder/TIGER-Line; matched_address=10214 FERNGLEN AVE, TUJUNGA, CA, 91042; place_geoid=0644000; benchmark=Public_AR_Current",2026-10-04T00:49:15+00:00,Existing legal city/state match Census/TIGERweb incorporated-place boundaries.,2008,verified,original:LA County eGIS parcels; public_parcel:LA County eGIS parcels,Original and public parcel values agree.,,6,6,6,exact,verified,original units; official use-code mapping; use-description interpretation; current public parcel lookup,Compatible evidence supports an exact unit count of 6. Evidence: reported_units=6; use_code_range=5..; use_description_range=5..; public_parcel_units=6.,multifamily_residential,verified,official use-code mapping; use-description interpretation,Use code and use description agree on multifamily_residential.,0500,Multi-Family Residence; five or more apartments or units; 4 stories or less; final character unused or unknown,verified_official_codebook,Five or more apartments,Five or more apartments,interpreted_explicit_range,"{""use_code"": ""4 stories or less"", ""use_description"": """"}",LA County eGIS parcels,2026-10-01T22:50Z,unique,resolved,2026-10-04T02:11:41+00:00,2026-10-01,processed,2026-10-04T02:41:38+00:00
A0406,170 W Springfield ST,Boston,MA,02118,MA,Boston,,incorporated,"Boston, MA",verified,"Census Geocoder/TIGER-Line; matched_address=170 W SPRINGFIELD ST, BOSTON, MA, 02118; place_geoid=2507000; benchmark=Public_AR_Current",2026-10-04T00:49:15+00:00,Existing legal city/state match Census/TIGERweb incorporated-place boundaries.,1899,verified,original:Boston Property Assessment FY2026; public_parcel:Boston Property Assessment FY2026,Original and public parcel values agree.,,unknown,,,unknown,missing,none,No usable unit-count evidence was available. Public parcel status: missing.,subsidized_multifamily,verified,official use-code mapping; use-description interpretation,Use code and use description agree on subsidized_multifamily.,A/125,SUBSD HOUSING S-8,verified_official_dataset,SUBSD HOUSING S- 8,Subsidized Section 8 housing classification,interpreted_use_only,"{""use_code"": ""Section 8 subsidized housing indicator"", ""use_description"": ""Section 8 subsidized housing indicator""}",Boston Property Assessment FY2026,2026-10-01T22:50Z,unique,resolved,2026-10-04T02:11:41+00:00,2026-10-01,processed,2026-10-04T02:41:38+00:00
A0407,4188 GREENBUSH AVE,Los Angeles,CA,91423,CA,Los Angeles,,incorporated,"Los Angeles, CA",verified,"Census Geocoder/TIGER-Line; matched_address=4188 GREENBUSH AVE, SHERMAN OAKS, CA, 91423; place_geoid=0644000; benchmark=Public_AR_Current",2026-10-04T00:49:15+00:00,Existing legal city/state match Census/TIGERweb incorporated-place boundaries.,1964,verified,original:LA County eGIS parcels; public_parcel:LA County eGIS parcels,Original and public parcel values agree.,,10,10,10,exact,verified,original units; official use-code mapping; use-description interpretation; current public parcel lookup,Compatible evidence supports an exact unit count of 10. Evidence: reported_units=10; use_code_range=5..; use_description_range=5..; public_parcel_units=10.,multifamily_residential,verified,official use-code mapping; use-description interpretation,Use code and use description agree on multifamily_residential.,0500,Multi-Family Residence; five or more apartments or units; 4 stories or less; final character unused or unknown,verified_official_codebook,Five or more apartments,Five or more apartments,interpreted_explicit_range,"{""use_code"": ""4 stories or less"", ""use_description"": """"}",LA County eGIS parcels,2026-10-01T22:50Z,unique,resolved,2026-10-04T02:11:41+00:00,2026-10-01,processed,2026-10-04T02:41:38+00:00
A0408,14375 POLK ST,Los Angeles,CA,91342,CA,Los Angeles,,incorporated,"Los Angeles, CA",verified,"Census Geocoder/TIGER-Line; matched_address=14375 POLK ST, SYLMAR, CA, 91342; place_geoid=0644000; benchmark=Public_AR_Current",2026-10-04T00:49:15+00:00,Existing legal city/state match Census/TIGERweb incorporated-place boundaries.,1964,verified,original:LA County eGIS parcels; public_parcel:LA County eGIS parcels,Original and public parcel values agree.,,23,23,23,exact,verified,original units; official use-code mapping; use-description interpretation; current public parcel lookup,Compatible evidence supports an exact unit count of 23. Evidence: reported_units=23; use_code_range=5..; use_description_range=5..; public_parcel_units=23.,multifamily_residential,verified,official use-code mapping; use-description interpretation,Use code and use description agree on multifamily_residential.,0500,Multi-Family Residence; five or more apartments or units; 4 stories or less; final character unused or unknown,verified_official_codebook,Five or more apartments,Five or more apartments,interpreted_explicit_range,"{""use_code"": ""4 stories or less"", ""use_description"": """"}",LA County eGIS parcels,2026-10-01T22:50Z,unique,resolved,2026-10-04T02:11:41+00:00,2026-10-01,processed,2026-10-04T02:41:38+00:00
A0409,4428 GRESHAM ST,San Diego,CA,92109,CA,San Diego,,incorporated,"San Diego, CA",verified,"Census Geocoder/TIGER-Line; matched_address=4428 GRESHAM ST, SAN DIEGO, CA, 92109; place_geoid=0666000; benchmark=Public_AR_Current",2026-10-04T00:49:15+00:00,Existing legal city/state match Census/TIGERweb incorporated-place boundaries.,unknown,unknown,none,No usable year-built value was available from either source. Public parcel reported an unusable year value (42); it was not inferred or expanded.,,5,5,5,exact,verified,original units; official use-code mapping; use-description interpretation; current public parcel lookup,Compatible evidence supports an exact unit count of 5. Evidence: reported_units=5; use_code_range=5..15; use_description_range=5..; public_parcel_units=5.,multifamily_residential,verified,official use-code mapping; use-description interpretation,Use code and use description agree on multifamily_residential.,14,MULTIPLE 5 TO 15 UNITS-GENERIC,verified_government_dataset_documentation,SANDAG asr_landuse 14-16 (5+ units),Multiple-residential property in an ASR_LANDUSE category representing 5 or more units,interpreted_explicit_range,"{""use_code"": ""Generic multiple-residential classification"", ""use_description"": ""ASR_LANDUSE family 14-16""}",SANDAG/SanGIS parcels,2026-10-01T22:50Z,unique,resolved,2026-10-04T02:11:41+00:00,2026-10-01,processed,2026-10-04T02:41:38+00:00
A0410,319 SUMMIT AVE.,Jersey City,NJ,07306,NJ,Jersey City,,incorporated,"Jersey City, NJ",verified,"Census Geocoder/TIGER-Line; matched_address=319 SUMMIT AVE, JERSEY CITY, NJ, 07306; place_geoid=3436000; benchmark=Public_AR_Current",2026-10-04T00:49:15+00:00,Existing legal city/state match Census/TIGERweb incorporated-place boundaries.,1920,verified,original:NJOGIS Parcels & MOD-IV Composite; public_parcel:NJOGIS Parcels & MOD-IV Composite,Original and public parcel values agree.,,21,21,21,exact,verified,official use-code mapping; use-description interpretation,Compatible evidence supports an exact unit count of 21. Evidence: use_code_range=5..; use_description_range=21..21.,multifamily_residential,verified,official use-code mapping; use-description interpretation,Use code and use description agree on multifamily_residential.,4C,Apartments; class 4C; 5 units or more,verified_official_codebook,4-S-BT-21U-H,Building description explicitly indicates 21 units,parsed_explicit_unit_count,"{""use_code"": ""New Jersey property tax class 4C"", ""use_description"": ""Heat indicated""}",NJOGIS Parcels & MOD-IV Composite,2026-10-01T22:50Z,unique,resolved,2026-10-04T02:11:41+00:00,2026-10-01,processed,2026-10-04T02:41:38+00:00
A0411,1833 BERKELEY WAY,Berkeley,CA,94703,CA,Berkeley,,incorporated,"Berkeley, CA",verified,"Census Geocoder/TIGER-Line; matched_address=1833 BERKELEY WAY, BERKELEY, CA, 94703; place_geoid=0606000; benchmark=Public_AR_Current",2026-10-04T00:49:15+00:00,Existing legal city/state match Census/TIGERweb incorporated-place boundaries.,unknown,unknown,none,No usable year-built value was available from either source.,,5,5,5,exact,verified,official use-code mapping; use-description interpretation; current public parcel lookup,Compatible evidence supports an exact unit count of 5. Evidence: use_code_range=5..; use_description_range=5..; public_parcel_units=5.,multifamily_residential,verified,official use-code mapping; use-description interpretation,Use code and use description agree on multifamily_residential.,7200,Residential property converted to 5 or more units,verified_official_codebook,Alameda County use code (5+ units),Five or more residential units,interpreted_explicit_range,"{""use_code"": """", ""use_description"": """"}",Alameda County parcels,2026-10-01T22:50Z,unique,resolved,2026-10-04T02:11:41+00:00,2026-10-01,processed,2026-10-04T02:41:38+00:00
A0412,229-231 GRAFTON AVE,Newark,NJ,07003,NJ,Newark,,incorporated,"Newark, NJ",verified,"Census Geocoder/TIGER-Line; matched_address=231 GRAFTON AVE, NEWARK, NJ, 07104; place_geoid=3451000; benchmark=Public_AR_Current",2026-10-04T00:49:15+00:00,Existing legal city/state match Census/TIGERweb incorporated-place boundaries.,unknown,unknown,none,No usable year-built value was available from either source.,,unknown,,,unknown,conflict,official use-code mapping; current public parcel lookup,Unit evidence conflicts; final value is unknown. Evidence: use_code_range=5..; public_parcel_units=1.,multifamily_residential,verified,official use-code mapping; use-description interpretation,One property-use source is available: use code=multifamily_residential.,4C,Apartments; class 4C; 5 units or more,verified_official_codebook,3SF,Building-description shorthand; no reliable unit count can be extracted from the description alone,insufficient_description_for_unit_count,"{""use_code"": ""New Jersey property tax class 4C"", ""use_description"": ""Stories indicated: 3""}",NJOGIS Parcels & MOD-IV Composite,2026-10-01T22:50Z,unique,resolved,2026-10-04T02:11:41+00:00,2026-10-01,processed,2026-10-04T02:41:38+00:00
A0413,2209 GRAND AVE,San Diego,CA,92109,CA,San Diego,,incorporated,"San Diego, CA",verified,"Census Geocoder/TIGER-Line; matched_address=2209 GRAND AVE, SAN DIEGO, CA, 92109; place_geoid=0666000; benchmark=Public_AR_Current",2026-10-04T00:49:15+00:00,Existing legal city/state match Census/TIGERweb incorporated-place boundaries.,unknown,unknown,none,No usable year-built value was available from either source. Public parcel reported an unusable year value (70); it was not inferred or expanded.,,8,8,8,exact,verified,original units; official use-code mapping; use-description interpretation; current public parcel lookup,Compatible evidence supports an exact unit count of 8. Evidence: reported_units=8; use_code_range=5..15; use_description_range=5..; public_parcel_units=8.,multifamily_residential,verified,official use-code mapping; use-description interpretation,Use code and use description agree on multifamily_residential.,14,MULTIPLE 5 TO 15 UNITS-GENERIC,verified_government_dataset_documentation,SANDAG asr_landuse 14-16 (5+ units),Multiple-residential property in an ASR_LANDUSE category representing 5 or more units,interpreted_explicit_range,"{""use_code"": ""Generic multiple-residential classification"", ""use_description"": ""ASR_LANDUSE family 14-16""}",SANDAG/SanGIS parcels,2026-10-01T22:50Z,unique,resolved,2026-10-04T02:11:41+00:00,2026-10-01,processed,2026-10-04T02:41:38+00:00
A0414,1987 CALIFORNIA ST,San Francisco,CA,,CA,San Francisco,,incorporated,"San Francisco, CA",verified,"Census Geocoder/TIGER-Line; matched_address=1987 CALIFORNIA ST, SAN FRANCISCO, CA, 94109; place_geoid=0667000; benchmark=Public_AR_Current",2026-10-04T00:49:15+00:00,Existing legal city/state match Census/TIGERweb incorporated-place boundaries.,1922,verified,original:DataSF wv5m-vpq2 (2025 roll); public_parcel:DataSF wv5m-vpq2 (2025 roll),Original and public parcel values agree.,,9,9,9,exact,verified,original units; official use-code mapping; use-description interpretation; current public parcel lookup,Compatible evidence supports an exact unit count of 9. Evidence: reported_units=9; use_code_range=5..14; use_description_range=5..14; public_parcel_units=9.,multifamily_residential,verified,official use-code mapping; use-description interpretation,Use code and use description agree on multifamily_residential.,A5,Apartment 5 to 14 units,verified_government_published_codebook,Apartment 5 to 14 Units,Apartment property with 5 to 14 units,interpreted_explicit_range,"{""use_code"": """", ""use_description"": """"}",DataSF wv5m-vpq2 (2025 roll),2026-10-01T22:50Z,multiple_candidates,resolved,2026-10-04T02:11:41+00:00,2026-10-01,processed,2026-10-04T02:41:38+00:00
A0415,95 WAYNE ST.,Jersey City,NJ,07302,NJ,Jersey City,,incorporated,"Jersey City, NJ",verified,"Census Geocoder/TIGER-Line; matched_address=95 WAYNE ST, JERSEY CITY, NJ, 07302; place_geoid=3436000; benchmark=Public_AR_Current",2026-10-04T00:49:15+00:00,Existing legal city/state match Census/TIGERweb incorporated-place boundaries.,unknown,unknown,none,No usable year-built value was available from either source. Public parcel reported an unusable year value (1); it was not inferred or expanded.,,46,46,46,exact,verified,official use-code mapping; use-description interpretation,Compatible evidence supports an exact unit count of 46. Evidence: use_code_range=5..; use_description_range=46..46.,multifamily_residential,verified,official use-code mapping; use-description interpretation,Use code and use description agree on multifamily_residential.,4C,Apartments; class 4C; 5 units or more,verified_official_codebook,4S-B-A-46U-H,Building description explicitly indicates 46 units,parsed_explicit_unit_count,"{""use_code"": ""New Jersey property tax class 4C"", ""use_description"": ""Stories indicated: 4; Heat indicated""}",NJOGIS Parcels & MOD-IV Composite,2026-10-01T22:50Z,unique,resolved,2026-10-04T02:11:41+00:00,2026-10-01,processed,2026-10-04T02:41:38+00:00
A0416,882 PAVONIA AVE.,Jersey City,NJ,10281,NJ,Jersey City,,incorporated,"Jersey City, NJ",verified,"Census Geocoder/TIGER-Line; matched_address=882 PAVONIA AVE, JERSEY CITY, NJ, 07306; place_geoid=3436000; benchmark=Public_AR_Current",2026-10-04T00:49:15+00:00,Existing legal city/state match Census/TIGERweb incorporated-place boundaries.,unknown,unknown,none,No usable year-built value was available from either source.,,21,21,21,exact,verified,official use-code mapping; use-description interpretation,Compatible evidence supports an exact unit count of 21. Evidence: use_code_range=5..; use_description_range=21..21.,multifamily_residential,verified,official use-code mapping; use-description interpretation,Use code and use description agree on multifamily_residential.,4C,Apartments; class 4C; 5 units or more,verified_official_codebook,5S-BT-B-C-21U-H,Building description explicitly indicates 21 units,parsed_explicit_unit_count,"{""use_code"": ""New Jersey property tax class 4C"", ""use_description"": ""Stories indicated: 5; Heat indicated""}",NJOGIS Parcels & MOD-IV Composite,2026-10-01T22:50Z,unique,resolved,2026-10-04T02:11:41+00:00,2026-10-01,processed,2026-10-04T02:41:38+00:00
A0417,4957 CAHUENGA BLVD,Los Angeles,CA,91601,CA,Los Angeles,,incorporated,"Los Angeles, CA",verified,"Census Geocoder/TIGER-Line; matched_address=4957 CAHUENGA BLVD, NORTH HOLLYWOOD, CA, 91601; place_geoid=0644000; benchmark=Public_AR_Current",2026-10-04T00:49:15+00:00,Existing legal city/state match Census/TIGERweb incorporated-place boundaries.,unknown,unknown,none,No usable year-built value was available from either source. Public parcel reported an unusable year value (0000); it was not inferred or expanded.,,5,5,5,exact,verified,original units; official use-code mapping; use-description interpretation; current public parcel lookup,Compatible evidence supports an exact unit count of 5. Evidence: reported_units=5; use_code_range=5..; use_description_range=5..; public_parcel_units=5.,multifamily_residential,verified,official use-code mapping; use-description interpretation,Use code and use description agree on multifamily_residential.,0500,Multi-Family Residence; five or more apartments or units; 4 stories or less; final character unused or unknown,verified_official_codebook,Five or more apartments,Five or more apartments,interpreted_explicit_range,"{""use_code"": ""4 stories or less"", ""use_description"": """"}",LA County eGIS parcels,2026-10-01T22:50Z,unique,resolved,2026-10-04T02:11:41+00:00,2026-10-01,processed,2026-10-04T02:41:38+00:00
A0418,221 SIP AVE.,Jersey City,NJ,07009,NJ,Jersey City,,incorporated,"Jersey City, NJ",verified,"Census Geocoder/TIGER-Line; matched_address=221 SIP AVE, JERSEY CITY, NJ, 07306; place_geoid=3436000; benchmark=Public_AR_Current",2026-10-04T00:49:15+00:00,Existing legal city/state match Census/TIGERweb incorporated-place boundaries.,unknown,unknown,none,No usable year-built value was available from either source.,,12,12,12,exact,verified,official use-code mapping; use-description interpretation,Compatible evidence supports an exact unit count of 12. Evidence: use_code_range=5..; use_description_range=12..12.,multifamily_residential,verified,official use-code mapping; use-description interpretation,Use code and use description agree on multifamily_residential.,4C,Apartments; class 4C; 5 units or more,verified_official_codebook,3S-FD-12U-H,Building description explicitly indicates 12 units,parsed_explicit_unit_count,"{""use_code"": ""New Jersey property tax class 4C"", ""use_description"": ""Stories indicated: 3; Heat indicated""}",NJOGIS Parcels & MOD-IV Composite,2026-10-01T22:50Z,unique,resolved,2026-10-04T02:11:41+00:00,2026-10-01,processed,2026-10-04T02:41:38+00:00
A0419,1538 HENRY ST,Berkeley,CA,94709,CA,Berkeley,,incorporated,"Berkeley, CA",verified,"Census Geocoder/TIGER-Line; matched_address=1538 HENRY ST, BERKELEY, CA, 94709; place_geoid=0606000; benchmark=Public_AR_Current",2026-10-04T00:49:15+00:00,Existing legal city/state match Census/TIGERweb incorporated-place boundaries.,unknown,unknown,none,No usable year-built value was available from either source.,,6,6,6,exact,verified,official use-code mapping; use-description interpretation; current public parcel lookup,Compatible evidence supports an exact unit count of 6. Evidence: use_code_range=5..; use_description_range=5..; public_parcel_units=6.,multifamily_residential,verified,official use-code mapping; use-description interpretation,Use code and use description agree on multifamily_residential.,7700,Multiple residential building of 5 or more units,verified_official_codebook,Alameda County use code (5+ units),Five or more residential units,interpreted_explicit_range,"{""use_code"": """", ""use_description"": """"}",Alameda County parcels,2026-10-01T22:50Z,unique,resolved,2026-10-04T02:11:41+00:00,2026-10-01,processed,2026-10-04T02:41:38+00:00
A0420,4419 CLEVELAND AVE,San Diego,CA,92116,CA,San Diego,,incorporated,"San Diego, CA",verified,"Census Geocoder/TIGER-Line; matched_address=4419 CLEVELAND AVE, SAN DIEGO, CA, 92116; place_geoid=0666000; benchmark=Public_AR_Current",2026-10-04T00:49:15+00:00,Existing legal city/state match Census/TIGERweb incorporated-place boundaries.,unknown,unknown,none,No usable year-built value was available from either source. Public parcel reported an unusable year value (72); it was not inferred or expanded.,,10,10,10,exact,verified,original units; official use-code mapping; use-description interpretation; current public parcel lookup,Compatible evidence supports an exact unit count of 10. Evidence: reported_units=10; use_code_range=5..15; use_description_range=5..; public_parcel_units=10.,multifamily_residential,verified,official use-code mapping; use-description interpretation,Use code and use description agree on multifamily_residential.,14,MULTIPLE 5 TO 15 UNITS-GENERIC,verified_government_dataset_documentation,SANDAG asr_landuse 14-16 (5+ units),Multiple-residential property in an ASR_LANDUSE category representing 5 or more units,interpreted_explicit_range,"{""use_code"": ""Generic multiple-residential classification"", ""use_description"": ""ASR_LANDUSE family 14-16""}",SANDAG/SanGIS parcels,2026-10-01T22:50Z,unique,resolved,2026-10-04T02:11:41+00:00,2026-10-01,processed,2026-10-04T02:41:38+00:00
A0421,17106 CHATSWORTH ST   APT 0001,Los Angeles,CA,91344,CA,Los Angeles,,incorporated,"Los Angeles, CA",verified,"Census Geocoder/TIGER-Line; matched_address=17106 CHATSWORTH ST, GRANADA HILLS, CA, 91344; place_geoid=0644000; benchmark=Public_AR_Current",2026-10-04T00:49:15+00:00,Existing legal city/state match Census/TIGERweb incorporated-place boundaries.,1964,verified,original:LA County eGIS parcels; public_parcel:LA County eGIS parcels,Original and public parcel values agree.,,6,6,6,exact,verified,original units; official use-code mapping; use-description interpretation; current public parcel lookup,Compatible evidence supports an exact unit count of 6. Evidence: reported_units=6; use_code_range=5..; use_description_range=5..; public_parcel_units=6.,multifamily_residential,verified,official use-code mapping; use-description interpretation,Use code and use description agree on multifamily_residential.,0500,Multi-Family Residence; five or more apartments or units; 4 stories or less; final character unused or unknown,verified_official_codebook,Five or more apartments,Five or more apartments,interpreted_explicit_range,"{""use_code"": ""4 stories or less"", ""use_description"": """"}",LA County eGIS parcels,2026-10-01T22:50Z,unique,resolved,2026-10-04T02:11:41+00:00,2026-10-01,processed,2026-10-04T02:41:38+00:00
A0422,21-23 Marion St,Cambridge,MA,,MA,Cambridge,,incorporated,"Cambridge, MA",verified,"Census Geocoder/TIGER-Line; matched_address=23 MARION ST, CAMBRIDGE, MA, 02141; place_geoid=2511000; benchmark=Public_AR_Current",2026-10-04T00:49:15+00:00,Existing legal city/state match Census/TIGERweb incorporated-place boundaries.,1900,verified,original:Cambridge Property Database FY2026 (waa7-ibdu); public_parcel:Cambridge Property Database FY2026 (waa7-ibdu),Original and public parcel values agree.,,6,6,6,exact,verified,original units; official use-code mapping; use-description interpretation; current public parcel lookup,Compatible evidence supports an exact unit count of 6. Evidence: reported_units=6; use_code_range=4..8; use_description_range=4..8; public_parcel_units=6.,multifamily_residential,verified,official use-code mapping; use-description interpretation,Use code and use description agree on multifamily_residential.,111,4-8-UNIT-APT; Residential,verified_official_codebook,4-8-UNIT-APT,Apartment property with 4 to 8 units,interpreted_explicit_range,"{""use_code"": """", ""use_description"": """"}",Cambridge Property Database FY2026 (waa7-ibdu),2026-10-01T22:50Z,unique,resolved,2026-10-04T02:11:41+00:00,2026-10-01,processed,2026-10-04T02:41:38+00:00
A0423,10 CAMELOT CT,Brighton,MA,02135,MA,Boston,,incorporated,"Boston, MA",verified,"Census Geocoder/TIGER-Line; matched_address=10 CAMELOT CT, BRIGHTON, MA, 02135; place_geoid=2507000; benchmark=Public_AR_Current",2026-10-04T00:49:15+00:00,Existing legal city/state match Census/TIGERweb incorporated-place boundaries.,1965,verified,original:Boston Property Assessment FY2026; public_parcel:Boston Property Assessment FY2026,Original and public parcel values agree.,,7..30,7,30,range,verified,official use-code mapping; use-description interpretation,Compatible evidence supports a unit-count range of 7..30. Evidence: use_code_range=7..30; use_description_range=7..30.,multifamily_residential,verified,official use-code mapping; use-description interpretation,Use code and use description agree on multifamily_residential.,A/112,APT 7-30 UNITS,verified_official_dataset,APT 7-30 UNITS,Apartment property with 7 to 30 units,interpreted_explicit_range,"{""use_code"": """", ""use_description"": """"}",Boston Property Assessment FY2026,2026-10-01T22:50Z,unique,resolved,2026-10-04T02:11:41+00:00,2026-10-01,processed,2026-10-04T02:41:38+00:00
A0424,208 JEFFERSON ST,Hoboken,NJ,07030,NJ,Hoboken,,incorporated,"Hoboken, NJ",verified,"Census Geocoder/TIGER-Line; matched_address=208 JEFFERSON ST, HOBOKEN, NJ, 07030; place_geoid=3432250; benchmark=Public_AR_Current",2026-10-04T00:49:15+00:00,Existing legal city/state match Census/TIGERweb incorporated-place boundaries.,unknown,unknown,none,No usable year-built value was available from either source.,,8,8,8,exact,verified,official use-code mapping; use-description interpretation; current public parcel lookup,Compatible evidence supports an exact unit count of 8. Evidence: use_code_range=5..; use_description_range=8..8; public_parcel_units=8.,multifamily_residential,verified,official use-code mapping; use-description interpretation,Use code and use description agree on multifamily_residential.,4C,Apartments; class 4C; 5 units or more,verified_official_codebook,4F-8U,Building description explicitly indicates 8 units,parsed_explicit_unit_count,"{""use_code"": ""New Jersey property tax class 4C"", ""use_description"": """"}",NJOGIS Parcels & MOD-IV Composite,2026-10-01T22:50Z,unique,resolved,2026-10-04T02:11:41+00:00,2026-10-01,processed,2026-10-04T02:41:38+00:00
A0425,650 POST ST,San Francisco,CA,,CA,San Francisco,,incorporated,"San Francisco, CA",verified,"Census Geocoder/TIGER-Line; matched_address=650 POST ST, SAN FRANCISCO, CA, 94109; place_geoid=0667000; benchmark=Public_AR_Current",2026-10-04T00:49:15+00:00,Existing legal city/state match Census/TIGERweb incorporated-place boundaries.,1916,verified,original:DataSF wv5m-vpq2 (2025 roll); public_parcel:DataSF wv5m-vpq2 (2025 roll),Original and public parcel values agree.,,23,23,23,exact,verified,original units; official use-code mapping; use-description interpretation; current public parcel lookup,Compatible evidence supports an exact unit count of 23. Evidence: reported_units=23; use_code_range=15..; use_description_range=15..; public_parcel_units=23.,multifamily_residential,verified,official use-code mapping; use-description interpretation,Use code and use description agree on multifamily_residential.,A15,Apartment 15 units or more,verified_government_published_codebook,Apartment 15 Units or more,Apartment property with 15 or more units,interpreted_explicit_range,"{""use_code"": """", ""use_description"": """"}",DataSF wv5m-vpq2 (2025 roll),2026-10-01T22:50Z,multiple_candidates,resolved,2026-10-04T02:11:41+00:00,2026-10-01,processed,2026-10-04T02:41:38+00:00
A0426,1307 COLUSA ST,San Diego,CA,92110,CA,San Diego,,incorporated,"San Diego, CA",verified,"Census Geocoder/TIGER-Line; matched_address=1307 COLUSA ST, SAN DIEGO, CA, 92110; place_geoid=0666000; benchmark=Public_AR_Current",2026-10-04T00:49:15+00:00,Existing legal city/state match Census/TIGERweb incorporated-place boundaries.,unknown,unknown,none,No usable year-built value was available from either source. Public parcel reported an unusable year value (74); it was not inferred or expanded.,,12,12,12,exact,verified,original units; official use-code mapping; use-description interpretation; current public parcel lookup,Compatible evidence supports an exact unit count of 12. Evidence: reported_units=12; use_code_range=5..15; use_description_range=5..; public_parcel_units=12.,multifamily_residential,verified,official use-code mapping; use-description interpretation,Use code and use description agree on multifamily_residential.,14,MULTIPLE 5 TO 15 UNITS-GENERIC,verified_government_dataset_documentation,SANDAG asr_landuse 14-16 (5+ units),Multiple-residential property in an ASR_LANDUSE category representing 5 or more units,interpreted_explicit_range,"{""use_code"": ""Generic multiple-residential classification"", ""use_description"": ""ASR_LANDUSE family 14-16""}",SANDAG/SanGIS parcels,2026-10-01T22:50Z,unique,resolved,2026-10-04T02:11:41+00:00,2026-10-01,processed,2026-10-04T02:41:38+00:00
A0427,7665 FOUNTAIN AVE,Los Angeles,CA,90046,CA,Los Angeles,,incorporated,"Los Angeles, CA",verified,"Census Geocoder/TIGER-Line; matched_address=7665 W FOUNTAIN AVE, LOS ANGELES, CA, 90046; place_geoid=0644000; benchmark=Public_AR_Current",2026-10-04T00:49:15+00:00,Existing legal city/state match Census/TIGERweb incorporated-place boundaries.,1986,verified,original:LA County eGIS parcels; public_parcel:LA County eGIS parcels,Original and public parcel values agree.,,15,15,15,exact,verified,original units; official use-code mapping; use-description interpretation; current public parcel lookup,Compatible evidence supports an exact unit count of 15. Evidence: reported_units=15; use_code_range=5..; use_description_range=5..; public_parcel_units=15.,multifamily_residential,verified,official use-code mapping; use-description interpretation,Use code and use description agree on multifamily_residential.,0500,Multi-Family Residence; five or more apartments or units; 4 stories or less; final character unused or unknown,verified_official_codebook,Five or more apartments,Five or more apartments,interpreted_explicit_range,"{""use_code"": ""4 stories or less"", ""use_description"": """"}",LA County eGIS parcels,2026-10-01T22:50Z,unique,resolved,2026-10-04T02:11:41+00:00,2026-10-01,processed,2026-10-04T02:41:38+00:00
A0428,312-314 MT PROSPECT AVE,Newark,NJ,07109,NJ,Newark,,unknown,"Newark, NJ",partial,Existing legal-city mapping retained; Census lookup did not independently verify the boundary.,2026-10-04T00:49:15+00:00,Census Geocoder did not return coordinates; jurisdiction was not independently verified.,unknown,unknown,none,No usable year-built value was available from either source.,,unknown,,,unknown,conflict,official use-code mapping; current public parcel lookup,Unit evidence conflicts; final value is unknown. Evidence: use_code_range=5..; public_parcel_units=1.,multifamily_residential,verified,official use-code mapping; use-description interpretation,Use code and use description agree on multifamily_residential.,4C,Apartments; class 4C; 5 units or more,verified_official_codebook,Apartments (class 4C),Apartments; New Jersey property tax class 4C,interpreted_use_only,"{""use_code"": ""New Jersey property tax class 4C"", ""use_description"": ""Class 4C""}",NJOGIS Parcels & MOD-IV Composite,2026-10-01T22:50Z,unique,resolved,2026-10-04T02:11:41+00:00,2026-10-01,processed,2026-10-04T02:41:38+00:00
A0429,12 BLACKWOOD ST,Boston,MA,02115,MA,Boston,,incorporated,"Boston, MA",verified,"Census Geocoder/TIGER-Line; matched_address=12 BLACKWOOD ST, BOSTON, MA, 02115; place_geoid=2507000; benchmark=Public_AR_Current",2026-10-04T00:49:15+00:00,Existing legal city/state match Census/TIGERweb incorporated-place boundaries.,1899,verified,original:Boston Property Assessment FY2026; public_parcel:Boston Property Assessment FY2026,Original and public parcel values agree.,,7..30,7,30,range,verified,official use-code mapping; use-description interpretation,Compatible evidence supports a unit-count range of 7..30. Evidence: use_code_range=7..30; use_description_range=7..30.,multifamily_residential,verified,official use-code mapping; use-description interpretation,Use code and use description agree on multifamily_residential.,A/112,APT 7-30 UNITS,verified_official_dataset,APT 7-30 UNITS,Apartment property with 7 to 30 units,interpreted_explicit_range,"{""use_code"": """", ""use_description"": """"}",Boston Property Assessment FY2026,2026-10-01T22:50Z,unique,resolved,2026-10-04T02:11:41+00:00,2026-10-01,processed,2026-10-04T02:41:38+00:00
A0430,1950 ADDISON ST,Berkeley,CA,94704,CA,Berkeley,,incorporated,"Berkeley, CA",verified,"Census Geocoder/TIGER-Line; matched_address=1950 ADDISON ST, BERKELEY, CA, 94704; place_geoid=0606000; benchmark=Public_AR_Current",2026-10-04T00:49:15+00:00,Existing legal city/state match Census/TIGERweb incorporated-place boundaries.,2020,verified,public_parcel:Alameda County parcels,Public parcel value used because the original value was missing.,,107,107,107,exact,verified,use-description interpretation; current public parcel lookup,Compatible evidence supports an exact unit count of 107. Evidence: use_description_range=5..; public_parcel_units=107.,multifamily_residential,verified,official use-code mapping; use-description interpretation,Use code and use description agree on multifamily_residential.,7800,Residential high-rise (7 or more stories),verified_official_codebook,Alameda County use code (5+ units),Five or more residential units,interpreted_explicit_range,"{""use_code"": ""7 or more stories"", ""use_description"": """"}",Alameda County parcels,2026-10-01T22:50Z,unique,resolved,2026-10-04T02:11:41+00:00,2026-10-01,processed,2026-10-04T02:41:38+00:00
A0431,245 EUCLID AVE,San Diego,CA,92114,CA,San Diego,,incorporated,"San Diego, CA",verified,"Census Geocoder/TIGER-Line; matched_address=245 EUCLID AVE, SAN DIEGO, CA, 92114; place_geoid=0666000; benchmark=Public_AR_Current",2026-10-04T00:49:15+00:00,Existing legal city/state match Census/TIGERweb incorporated-place boundaries.,unknown,unknown,none,No usable year-built value was available from either source. Public parcel reported an unusable year value (80); it was not inferred or expanded.,,5,5,5,exact,verified,original units; official use-code mapping; use-description interpretation; current public parcel lookup,Compatible evidence supports an exact unit count of 5. Evidence: reported_units=5; use_code_range=5..15; use_description_range=5..; public_parcel_units=5.,multifamily_residential,verified,official use-code mapping; use-description interpretation,Use code and use description agree on multifamily_residential.,14,MULTIPLE 5 TO 15 UNITS-GENERIC,verified_government_dataset_documentation,SANDAG asr_landuse 14-16 (5+ units),Multiple-residential property in an ASR_LANDUSE category representing 5 or more units,interpreted_explicit_range,"{""use_code"": ""Generic multiple-residential classification"", ""use_description"": ""ASR_LANDUSE family 14-16""}",SANDAG/SanGIS parcels,2026-10-01T22:50Z,unique,resolved,2026-10-04T02:11:41+00:00,2026-10-01,processed,2026-10-04T02:41:38+00:00
A0432,14605 RAYEN ST,Los Angeles,CA,91402,CA,Los Angeles,,incorporated,"Los Angeles, CA",verified,"Census Geocoder/TIGER-Line; matched_address=14605 RAYEN ST, PANORAMA CITY, CA, 91402; place_geoid=0644000; benchmark=Public_AR_Current",2026-10-04T00:49:15+00:00,Existing legal city/state match Census/TIGERweb incorporated-place boundaries.,1978,verified,original:LA County eGIS parcels; public_parcel:LA County eGIS parcels,Original and public parcel values agree.,,23,23,23,exact,verified,original units; official use-code mapping; use-description interpretation; current public parcel lookup,Compatible evidence supports an exact unit count of 23. Evidence: reported_units=23; use_code_range=5..; use_description_range=5..; public_parcel_units=23.,multifamily_residential,verified,official use-code mapping; use-description interpretation,Use code and use description agree on multifamily_residential.,0500,Multi-Family Residence; five or more apartments or units; 4 stories or less; final character unused or unknown,verified_official_codebook,Five or more apartments,Five or more apartments,interpreted_explicit_range,"{""use_code"": ""4 stories or less"", ""use_description"": """"}",LA County eGIS parcels,2026-10-01T22:50Z,unique,resolved,2026-10-04T02:11:41+00:00,2026-10-01,processed,2026-10-04T02:41:38+00:00
A0433,720 W 27TH ST,Los Angeles,CA,90007,CA,Los Angeles,,incorporated,"Los Angeles, CA",verified,"Census Geocoder/TIGER-Line; matched_address=720 W 27TH ST, LOS ANGELES, CA, 90007; place_geoid=0644000; benchmark=Public_AR_Current",2026-10-04T00:49:15+00:00,Existing legal city/state match Census/TIGERweb incorporated-place boundaries.,1964,verified,original:LA County eGIS parcels; public_parcel:LA County eGIS parcels,Original and public parcel values agree.,,58,58,58,exact,verified,original units; official use-code mapping; use-description interpretation; current public parcel lookup,Compatible evidence supports an exact unit count of 58. Evidence: reported_units=58; use_code_range=5..; use_description_range=5..; public_parcel_units=58.,multifamily_residential,verified,official use-code mapping; use-description interpretation,Use code and use description agree on multifamily_residential.,0501,Multi-Family Residence; five or more apartments or units; 4 stories or less; pool,verified_official_codebook,Five or more apartments,Five or more apartments,interpreted_explicit_range,"{""use_code"": ""4 stories or less; pool"", ""use_description"": """"}",LA County eGIS parcels,2026-10-01T22:50Z,unique,resolved,2026-10-04T02:11:41+00:00,2026-10-01,processed,2026-10-04T02:41:38+00:00
A0434,1225 HYDE ST,San Francisco,CA,,CA,San Francisco,,incorporated,"San Francisco, CA",verified,"Census Geocoder/TIGER-Line; matched_address=1225 HYDE ST, SAN FRANCISCO, CA, 94109; place_geoid=0667000; benchmark=Public_AR_Current",2026-10-04T00:49:15+00:00,Existing legal city/state match Census/TIGERweb incorporated-place boundaries.,1913,verified,original:DataSF wv5m-vpq2 (2025 roll); public_parcel:DataSF wv5m-vpq2 (2025 roll),Original and public parcel values agree.,,8,8,8,exact,verified,original units; official use-code mapping; use-description interpretation; current public parcel lookup,Compatible evidence supports an exact unit count of 8. Evidence: reported_units=8; use_code_range=5..14; use_description_range=5..14; public_parcel_units=8.,multifamily_residential,verified,official use-code mapping; use-description interpretation,Use code and use description agree on multifamily_residential.,A5,Apartment 5 to 14 units,verified_government_published_codebook,Apartment 5 to 14 Units,Apartment property with 5 to 14 units,interpreted_explicit_range,"{""use_code"": """", ""use_description"": """"}",DataSF wv5m-vpq2 (2025 roll),2026-10-01T22:50Z,multiple_candidates,resolved,2026-10-04T02:11:41+00:00,2026-10-01,processed,2026-10-04T02:41:38+00:00
A0435,310 MONROE ST,Hoboken,NJ,07632,NJ,Hoboken,,incorporated,"Hoboken, NJ",verified,"Census Geocoder/TIGER-Line; matched_address=310 MONROE ST, HOBOKEN, NJ, 07030; place_geoid=3432250; benchmark=Public_AR_Current",2026-10-04T00:49:15+00:00,Existing legal city/state match Census/TIGERweb incorporated-place boundaries.,unknown,unknown,none,No usable year-built value was available from either source.,,8,8,8,exact,verified,official use-code mapping; use-description interpretation; current public parcel lookup,Compatible evidence supports an exact unit count of 8. Evidence: use_code_range=5..; use_description_range=8..8; public_parcel_units=8.,multifamily_residential,verified,official use-code mapping; use-description interpretation,Use code and use description agree on multifamily_residential.,4C,Apartments; class 4C; 5 units or more,verified_official_codebook,4B-8U-H,Building description explicitly indicates 8 units,parsed_explicit_unit_count,"{""use_code"": ""New Jersey property tax class 4C"", ""use_description"": ""Heat indicated""}",NJOGIS Parcels & MOD-IV Composite,2026-10-01T22:50Z,unique,resolved,2026-10-04T02:11:41+00:00,2026-10-01,processed,2026-10-04T02:41:38+00:00
A0436,832 WILLOW AVE,Hoboken,NJ,07030,NJ,Hoboken,,incorporated,"Hoboken, NJ",verified,"Census Geocoder/TIGER-Line; matched_address=832 WILLOW AVE, HOBOKEN, NJ, 07030; place_geoid=3432250; benchmark=Public_AR_Current",2026-10-04T00:49:15+00:00,Existing legal city/state match Census/TIGERweb incorporated-place boundaries.,unknown,unknown,none,No usable year-built value was available from either source.,,25,25,25,exact,verified,official use-code mapping; use-description interpretation,Compatible evidence supports an exact unit count of 25. Evidence: use_code_range=5..; use_description_range=25..25.,multifamily_residential,verified,official use-code mapping; use-description interpretation,Use code and use description agree on multifamily_residential.,4C,Apartments; class 4C; 5 units or more,verified_official_codebook,5B-6B-25U-H-BA,Building description explicitly indicates 25 units,parsed_explicit_unit_count,"{""use_code"": ""New Jersey property tax class 4C"", ""use_description"": ""Heat indicated""}",NJOGIS Parcels & MOD-IV Composite,2026-10-01T22:50Z,unique,resolved,2026-10-04T02:11:41+00:00,2026-10-01,processed,2026-10-04T02:41:38+00:00
A0437,2969 SAN MARINO ST,Los Angeles,CA,90006,CA,Los Angeles,,incorporated,"Los Angeles, CA",verified,"Census Geocoder/TIGER-Line; matched_address=2969 SAN MARINO ST, LOS ANGELES, CA, 90006; place_geoid=0644000; benchmark=Public_AR_Current",2026-10-04T00:49:15+00:00,Existing legal city/state match Census/TIGERweb incorporated-place boundaries.,2004,verified,original:LA County eGIS parcels; public_parcel:LA County eGIS parcels,Original and public parcel values agree.,,20,20,20,exact,verified,original units; official use-code mapping; use-description interpretation; current public parcel lookup,Compatible evidence supports an exact unit count of 20. Evidence: reported_units=20; use_code_range=5..; use_description_range=5..; public_parcel_units=20.,multifamily_residential,verified,official use-code mapping; use-description interpretation,Use code and use description agree on multifamily_residential.,0500,Multi-Family Residence; five or more apartments or units; 4 stories or less; final character unused or unknown,verified_official_codebook,Five or more apartments,Five or more apartments,interpreted_explicit_range,"{""use_code"": ""4 stories or less"", ""use_description"": """"}",LA County eGIS parcels,2026-10-01T22:50Z,unique,resolved,2026-10-04T02:11:41+00:00,2026-10-01,processed,2026-10-04T02:41:38+00:00
A0438,60-62 CAMBRIDGE AVE,Jersey City,NJ,07430,NJ,Jersey City,,incorporated,"Jersey City, NJ",verified,"Census Geocoder/TIGER-Line; matched_address=62 CAMBRIDGE AVE, JERSEY CITY, NJ, 07307; place_geoid=3436000; benchmark=Public_AR_Current",2026-10-04T00:49:15+00:00,Existing legal city/state match Census/TIGERweb incorporated-place boundaries.,unknown,unknown,none,No usable year-built value was available from either source.,,12,12,12,exact,verified,official use-code mapping; use-description interpretation,Compatible evidence supports an exact unit count of 12. Evidence: use_code_range=5..; use_description_range=12..12.,multifamily_residential,verified,official use-code mapping; use-description interpretation,Use code and use description agree on multifamily_residential.,4C,Apartments; class 4C; 5 units or more,verified_official_codebook,3S-F-A-12U-H,Building description explicitly indicates 12 units,parsed_explicit_unit_count,"{""use_code"": ""New Jersey property tax class 4C"", ""use_description"": ""Stories indicated: 3; Heat indicated""}",NJOGIS Parcels & MOD-IV Composite,2026-10-01T22:50Z,unresolved_candidates,unknown,2026-10-04T02:11:41+00:00,2026-10-01,processed,2026-10-04T02:41:38+00:00
A0439,225 25TH AV,San Francisco,CA,,CA,San Francisco,,incorporated,"San Francisco, CA",verified,"Census Geocoder/TIGER-Line; matched_address=225 25TH AVE, SAN FRANCISCO, CA, 94121; place_geoid=0667000; benchmark=Public_AR_Current",2026-10-04T00:49:15+00:00,Existing legal city/state match Census/TIGERweb incorporated-place boundaries.,1988,verified,original:DataSF wv5m-vpq2 (2025 roll); public_parcel:DataSF wv5m-vpq2 (2025 roll),Original and public parcel values agree.,,7,7,7,exact,verified,original units; official use-code mapping; use-description interpretation,Compatible evidence supports an exact unit count of 7. Evidence: reported_units=7; use_code_range=5..14; use_description_range=5..14.,multifamily_residential,verified,official use-code mapping; use-description interpretation,Use code and use description agree on multifamily_residential.,A5,Apartment 5 to 14 units,verified_government_published_codebook,Apartment 5 to 14 Units,Apartment property with 5 to 14 units,interpreted_explicit_range,"{""use_code"": """", ""use_description"": """"}",DataSF wv5m-vpq2 (2025 roll),2026-10-01T22:50Z,multiple_candidates,conflicting_facts,2026-10-04T02:11:41+00:00,2026-10-01,processed,2026-10-04T02:41:38+00:00
A0440,4042 FULTON ST,San Francisco,CA,,CA,San Francisco,,incorporated,"San Francisco, CA",verified,"Census Geocoder/TIGER-Line; matched_address=4042 FULTON ST, SAN FRANCISCO, CA, 94118; place_geoid=0667000; benchmark=Public_AR_Current",2026-10-04T00:49:15+00:00,Existing legal city/state match Census/TIGERweb incorporated-place boundaries.,1921,verified,original:DataSF wv5m-vpq2 (2025 roll); public_parcel:DataSF wv5m-vpq2 (2025 roll),Original and public parcel values agree.,,5,5,5,exact,verified,original units; official use-code mapping; use-description interpretation; current public parcel lookup,Compatible evidence supports an exact unit count of 5. Evidence: reported_units=5; use_code_range=5..14; use_description_range=5..14; public_parcel_units=5.,multifamily_residential,verified,official use-code mapping; use-description interpretation,Use code and use description agree on multifamily_residential.,A5,Apartment 5 to 14 units,verified_government_published_codebook,Apartment 5 to 14 Units,Apartment property with 5 to 14 units,interpreted_explicit_range,"{""use_code"": """", ""use_description"": """"}",DataSF wv5m-vpq2 (2025 roll),2026-10-01T22:50Z,multiple_candidates,resolved,2026-10-04T02:11:41+00:00,2026-10-01,processed,2026-10-04T02:41:38+00:00
A0441,4017 ILLINOIS ST,San Diego,CA,92104,CA,San Diego,,incorporated,"San Diego, CA",verified,"Census Geocoder/TIGER-Line; matched_address=4017 ILLINOIS ST, SAN DIEGO, CA, 92104; place_geoid=0666000; benchmark=Public_AR_Current",2026-10-04T00:49:15+00:00,Existing legal city/state match Census/TIGERweb incorporated-place boundaries.,unknown,unknown,none,No usable year-built value was available from either source. Public parcel reported an unusable year value (30); it was not inferred or expanded.,,6,6,6,exact,verified,original units; official use-code mapping; use-description interpretation; current public parcel lookup,Compatible evidence supports an exact unit count of 6. Evidence: reported_units=6; use_code_range=5..15; use_description_range=5..; public_parcel_units=6.,multifamily_residential,verified,official use-code mapping; use-description interpretation,Use code and use description agree on multifamily_residential.,14,MULTIPLE 5 TO 15 UNITS-GENERIC,verified_government_dataset_documentation,SANDAG asr_landuse 14-16 (5+ units),Multiple-residential property in an ASR_LANDUSE category representing 5 or more units,interpreted_explicit_range,"{""use_code"": ""Generic multiple-residential classification"", ""use_description"": ""ASR_LANDUSE family 14-16""}",SANDAG/SanGIS parcels,2026-10-01T22:50Z,unique,resolved,2026-10-04T02:11:41+00:00,2026-10-01,processed,2026-10-04T02:41:38+00:00
A0442,7014 LANEWOOD AVE,Los Angeles,CA,90028,CA,Los Angeles,,incorporated,"Los Angeles, CA",verified,"Census Geocoder/TIGER-Line; matched_address=7014 LANEWOOD AVE, LOS ANGELES, CA, 90028; place_geoid=0644000; benchmark=Public_AR_Current",2026-10-04T00:49:15+00:00,Existing legal city/state match Census/TIGERweb incorporated-place boundaries.,1986,verified,original:LA County eGIS parcels; public_parcel:LA County eGIS parcels,Original and public parcel values agree.,,18,18,18,exact,verified,original units; official use-code mapping; use-description interpretation; current public parcel lookup,Compatible evidence supports an exact unit count of 18. Evidence: reported_units=18; use_code_range=5..; use_description_range=5..; public_parcel_units=18.,multifamily_residential,verified,official use-code mapping; use-description interpretation,Use code and use description agree on multifamily_residential.,0500,Multi-Family Residence; five or more apartments or units; 4 stories or less; final character unused or unknown,verified_official_codebook,Five or more apartments,Five or more apartments,interpreted_explicit_range,"{""use_code"": ""4 stories or less"", ""use_description"": """"}",LA County eGIS parcels,2026-10-01T22:50Z,unique,resolved,2026-10-04T02:11:41+00:00,2026-10-01,processed,2026-10-04T02:41:38+00:00
A0443,3526 FAIRMOUNT AVE,San Diego,CA,92105,CA,San Diego,,incorporated,"San Diego, CA",verified,"Census Geocoder/TIGER-Line; matched_address=3526 FAIRMOUNT AVE, SAN DIEGO, CA, 92105; place_geoid=0666000; benchmark=Public_AR_Current",2026-10-04T00:49:15+00:00,Existing legal city/state match Census/TIGERweb incorporated-place boundaries.,unknown,unknown,none,No usable year-built value was available from either source. Public parcel reported an unusable year value (85); it was not inferred or expanded.,,16,16,16,exact,verified,original units; official use-code mapping; use-description interpretation; current public parcel lookup,Compatible evidence supports an exact unit count of 16. Evidence: reported_units=16; use_code_range=16..60; use_description_range=5..; public_parcel_units=16.,multifamily_residential,verified,official use-code mapping; use-description interpretation,Use code and use description agree on multifamily_residential.,15,MULTIPLE 16 TO 60 UNITS-GENERIC,verified_government_dataset_documentation,SANDAG asr_landuse 14-16 (5+ units),Multiple-residential property in an ASR_LANDUSE category representing 5 or more units,interpreted_explicit_range,"{""use_code"": ""Generic multiple-residential classification"", ""use_description"": ""ASR_LANDUSE family 14-16""}",SANDAG/SanGIS parcels,2026-10-01T22:50Z,unique,resolved,2026-10-04T02:11:41+00:00,2026-10-01,processed,2026-10-04T02:41:38+00:00
A0444,231 COMMONWEALTH AV,Boston,MA,02116,MA,Boston,,incorporated,"Boston, MA",verified,"Census Geocoder/TIGER-Line; matched_address=231 COMMONWEALTH AVE, BOSTON, MA, 02116; place_geoid=2507000; benchmark=Public_AR_Current",2026-10-04T00:49:15+00:00,Existing legal city/state match Census/TIGERweb incorporated-place boundaries.,1899,verified,original:Boston Property Assessment FY2026; public_parcel:Boston Property Assessment FY2026,Original and public parcel values agree.,,7..30,7,30,range,verified,official use-code mapping; use-description interpretation,Compatible evidence supports a unit-count range of 7..30. Evidence: use_code_range=7..30; use_description_range=7..30.,multifamily_residential,verified,official use-code mapping; use-description interpretation,Use code and use description agree on multifamily_residential.,A/112,APT 7-30 UNITS,verified_official_dataset,APT 7-30 UNITS,Apartment property with 7 to 30 units,interpreted_explicit_range,"{""use_code"": """", ""use_description"": """"}",Boston Property Assessment FY2026,2026-10-01T22:50Z,unique,resolved,2026-10-04T02:11:41+00:00,2026-10-01,processed,2026-10-04T02:41:38+00:00
A0445,8790 VAN NUYS BLVD,Los Angeles,CA,91402,CA,Los Angeles,,incorporated,"Los Angeles, CA",verified,"Census Geocoder/TIGER-Line; matched_address=8790 VAN NUYS BLVD, PANORAMA CITY, CA, 91402; place_geoid=0644000; benchmark=Public_AR_Current",2026-10-04T00:49:15+00:00,Existing legal city/state match Census/TIGERweb incorporated-place boundaries.,1977,verified,original:LA County eGIS parcels; public_parcel:LA County eGIS parcels,Original and public parcel values agree.,,25,25,25,exact,verified,original units; official use-code mapping; use-description interpretation; current public parcel lookup,Compatible evidence supports an exact unit count of 25. Evidence: reported_units=25; use_code_range=5..; use_description_range=5..; public_parcel_units=25.,multifamily_residential,verified,official use-code mapping; use-description interpretation,Use code and use description agree on multifamily_residential.,0500,Multi-Family Residence; five or more apartments or units; 4 stories or less; final character unused or unknown,verified_official_codebook,Five or more apartments,Five or more apartments,interpreted_explicit_range,"{""use_code"": ""4 stories or less"", ""use_description"": """"}",LA County eGIS parcels,2026-10-01T22:50Z,unique,resolved,2026-10-04T02:11:41+00:00,2026-10-01,processed,2026-10-04T02:41:38+00:00
A0446,610 COLUMBUS AV,Boston,MA,02118,MA,Boston,,incorporated,"Boston, MA",verified,"Census Geocoder/TIGER-Line; matched_address=610 COLUMBUS AVE, BOSTON, MA, 02118; place_geoid=2507000; benchmark=Public_AR_Current",2026-10-04T00:49:15+00:00,Existing legal city/state match Census/TIGERweb incorporated-place boundaries.,1899,verified,original:Boston Property Assessment FY2026; public_parcel:Boston Property Assessment FY2026,Original and public parcel values agree.,,7..30,7,30,range,verified,official use-code mapping; use-description interpretation,Compatible evidence supports a unit-count range of 7..30. Evidence: use_code_range=7..30; use_description_range=7..30.,multifamily_residential,verified,official use-code mapping; use-description interpretation,Use code and use description agree on multifamily_residential.,A/112,APT 7-30 UNITS,verified_official_dataset,APT 7-30 UNITS,Apartment property with 7 to 30 units,interpreted_explicit_range,"{""use_code"": """", ""use_description"": """"}",Boston Property Assessment FY2026,2026-10-01T22:50Z,unique,resolved,2026-10-04T02:11:41+00:00,2026-10-01,processed,2026-10-04T02:41:38+00:00
A0447,208 CLINTON ST,Hoboken,NJ,07030,NJ,Hoboken,,incorporated,"Hoboken, NJ",verified,"Census Geocoder/TIGER-Line; matched_address=208 CLINTON ST, HOBOKEN, NJ, 07030; place_geoid=3432250; benchmark=Public_AR_Current",2026-10-04T00:49:15+00:00,Existing legal city/state match Census/TIGERweb incorporated-place boundaries.,unknown,unknown,none,No usable year-built value was available from either source.,,35,35,35,exact,verified,official use-code mapping; use-description interpretation; current public parcel lookup,Compatible evidence supports an exact unit count of 35. Evidence: use_code_range=5..; use_description_range=35..35; public_parcel_units=35.,multifamily_residential,verified,official use-code mapping; use-description interpretation,Use code and use description agree on multifamily_residential.,4C,Apartments; class 4C; 5 units or more,verified_official_codebook,5B-35U-G,Building description explicitly indicates 35 units,parsed_explicit_unit_count,"{""use_code"": ""New Jersey property tax class 4C"", ""use_description"": ""Garage indicated""}",NJOGIS Parcels & MOD-IV Composite,2026-10-01T22:50Z,unique,resolved,2026-10-04T02:11:41+00:00,2026-10-01,processed,2026-10-04T02:41:38+00:00
A0448,151-153 LAFAYETTE ST,Newark,NJ,07105,NJ,Newark,,incorporated,"Newark, NJ",verified,"Census Geocoder/TIGER-Line; matched_address=153 LAFAYETTE ST, NEWARK, NJ, 07105; place_geoid=3451000; benchmark=Public_AR_Current",2026-10-04T00:49:15+00:00,Existing legal city/state match Census/TIGERweb incorporated-place boundaries.,unknown,unknown,none,No usable year-built value was available from either source.,,unknown,,,unknown,conflict,official use-code mapping; current public parcel lookup,Unit evidence conflicts; final value is unknown. Evidence: use_code_range=5..; public_parcel_units=1.,multifamily_residential,verified,official use-code mapping; use-description interpretation,One property-use source is available: use code=multifamily_residential.,4C,Apartments; class 4C; 5 units or more,verified_official_codebook,3SB,Building-description shorthand; no reliable unit count can be extracted from the description alone,insufficient_description_for_unit_count,"{""use_code"": ""New Jersey property tax class 4C"", ""use_description"": ""Stories indicated: 3""}",NJOGIS Parcels & MOD-IV Composite,2026-10-01T22:50Z,unique,resolved,2026-10-04T02:11:41+00:00,2026-10-01,processed,2026-10-04T02:41:38+00:00
A0449,338 CLINTON PL,Newark,NJ,08701,NJ,Newark,,incorporated,"Newark, NJ",verified,"Census Geocoder/TIGER-Line; matched_address=338 CLINTON PL, NEWARK, NJ, 07112; place_geoid=3451000; benchmark=Public_AR_Current",2026-10-04T00:49:15+00:00,Existing legal city/state match Census/TIGERweb incorporated-place boundaries.,unknown,unknown,none,No usable year-built value was available from either source.,,unknown,,,unknown,conflict,official use-code mapping; current public parcel lookup,Unit evidence conflicts; final value is unknown. Evidence: use_code_range=5..; public_parcel_units=1.,multifamily_residential,verified,official use-code mapping; use-description interpretation,One property-use source is available: use code=multifamily_residential.,4C,Apartments; class 4C; 5 units or more,verified_official_codebook,3SB,Building-description shorthand; no reliable unit count can be extracted from the description alone,insufficient_description_for_unit_count,"{""use_code"": ""New Jersey property tax class 4C"", ""use_description"": ""Stories indicated: 3""}",NJOGIS Parcels & MOD-IV Composite,2026-10-01T22:50Z,unique,resolved,2026-10-04T02:11:41+00:00,2026-10-01,processed,2026-10-04T02:41:38+00:00
A0450,94 NEPTUNE AVE.,Jersey City,NJ,11211,NJ,Jersey City,,incorporated,"Jersey City, NJ",verified,"Census Geocoder/TIGER-Line; matched_address=94 NEPTUNE AVE, JERSEY CITY, NJ, 07305; place_geoid=3436000; benchmark=Public_AR_Current",2026-10-04T00:49:15+00:00,Existing legal city/state match Census/TIGERweb incorporated-place boundaries.,unknown,unknown,none,No usable year-built value was available from either source.,,6,6,6,exact,verified,official use-code mapping; use-description interpretation,Compatible evidence supports an exact unit count of 6. Evidence: use_code_range=5..; use_description_range=6..6.,multifamily_residential,verified,official use-code mapping; use-description interpretation,Use code and use description agree on multifamily_residential.,4C,Apartments; class 4C; 5 units or more,verified_official_codebook,3S-F-D-6U-NH,Building description explicitly indicates 6 units,parsed_explicit_unit_count,"{""use_code"": ""New Jersey property tax class 4C"", ""use_description"": ""Stories indicated: 3; No heat indicated""}",NJOGIS Parcels & MOD-IV Composite,2026-10-01T22:50Z,unique,resolved,2026-10-04T02:11:41+00:00,2026-10-01,processed,2026-10-04T02:41:38+00:00
A0451,7300 VALMONT ST,Los Angeles,CA,91042,CA,Los Angeles,,incorporated,"Los Angeles, CA",verified,"Census Geocoder/TIGER-Line; matched_address=7300 VALMONT ST, TUJUNGA, CA, 91042; place_geoid=0644000; benchmark=Public_AR_Current",2026-10-04T00:49:15+00:00,Existing legal city/state match Census/TIGERweb incorporated-place boundaries.,1989,verified,original:LA County eGIS parcels; public_parcel:LA County eGIS parcels,Original and public parcel values agree.,,8,8,8,exact,verified,original units; official use-code mapping; use-description interpretation; current public parcel lookup,Compatible evidence supports an exact unit count of 8. Evidence: reported_units=8; use_code_range=5..; use_description_range=5..; public_parcel_units=8.,multifamily_residential,verified,official use-code mapping; use-description interpretation,Use code and use description agree on multifamily_residential.,0500,Multi-Family Residence; five or more apartments or units; 4 stories or less; final character unused or unknown,verified_official_codebook,Five or more apartments,Five or more apartments,interpreted_explicit_range,"{""use_code"": ""4 stories or less"", ""use_description"": """"}",LA County eGIS parcels,2026-10-01T22:50Z,unique,resolved,2026-10-04T02:11:41+00:00,2026-10-01,processed,2026-10-04T02:41:38+00:00
A0452,1310 N LAS PALMAS AVE,Los Angeles,CA,90028,CA,Los Angeles,,incorporated,"Los Angeles, CA",verified,"Census Geocoder/TIGER-Line; matched_address=1310 N LAS PALMAS AVE, LOS ANGELES, CA, 90028; place_geoid=0644000; benchmark=Public_AR_Current",2026-10-04T00:49:15+00:00,Existing legal city/state match Census/TIGERweb incorporated-place boundaries.,1952,verified,original:LA County eGIS parcels; public_parcel:LA County eGIS parcels,Original and public parcel values agree.,,8,8,8,exact,verified,original units; official use-code mapping; use-description interpretation; current public parcel lookup,Compatible evidence supports an exact unit count of 8. Evidence: reported_units=8; use_code_range=5..; use_description_range=5..; public_parcel_units=8.,multifamily_residential,verified,official use-code mapping; use-description interpretation,Use code and use description agree on multifamily_residential.,0500,Multi-Family Residence; five or more apartments or units; 4 stories or less; final character unused or unknown,verified_official_codebook,Five or more apartments,Five or more apartments,interpreted_explicit_range,"{""use_code"": ""4 stories or less"", ""use_description"": """"}",LA County eGIS parcels,2026-10-01T22:50Z,unique,resolved,2026-10-04T02:11:41+00:00,2026-10-01,processed,2026-10-04T02:41:38+00:00
A0453,11 Carlisle St,Cambridge,MA,,MA,Cambridge,,incorporated,"Cambridge, MA",verified,"Census Geocoder/TIGER-Line; matched_address=11 CARLISLE ST, CAMBRIDGE, MA, 02139; place_geoid=2511000; benchmark=Public_AR_Current",2026-10-04T00:49:15+00:00,Existing legal city/state match Census/TIGERweb incorporated-place boundaries.,1910,verified,original:Cambridge Property Database FY2026 (waa7-ibdu); public_parcel:Cambridge Property Database FY2026 (waa7-ibdu),Original and public parcel values agree.,,6,6,6,exact,verified,original units; official use-code mapping; use-description interpretation; current public parcel lookup,Compatible evidence supports an exact unit count of 6. Evidence: reported_units=6; use_code_range=4..8; use_description_range=4..8; public_parcel_units=6.,multifamily_residential,verified,official use-code mapping; use-description interpretation,Use code and use description agree on multifamily_residential.,111,4-8-UNIT-APT; Residential,verified_official_codebook,4-8-UNIT-APT,Apartment property with 4 to 8 units,interpreted_explicit_range,"{""use_code"": """", ""use_description"": """"}",Cambridge Property Database FY2026 (waa7-ibdu),2026-10-01T22:50Z,unique,resolved,2026-10-04T02:11:41+00:00,2026-10-01,processed,2026-10-04T02:41:38+00:00
A0454,8944 COLUMBUS AVE,Los Angeles,CA,91343,CA,Los Angeles,,incorporated,"Los Angeles, CA",verified,"Census Geocoder/TIGER-Line; matched_address=8944 COLUMBUS AVE, NORTH HILLS, CA, 91343; place_geoid=0644000; benchmark=Public_AR_Current",2026-10-04T00:49:15+00:00,Existing legal city/state match Census/TIGERweb incorporated-place boundaries.,1959,verified,original:LA County eGIS parcels; public_parcel:LA County eGIS parcels,Original and public parcel values agree.,,6,6,6,exact,verified,original units; official use-code mapping; use-description interpretation; current public parcel lookup,Compatible evidence supports an exact unit count of 6. Evidence: reported_units=6; use_code_range=5..; use_description_range=5..; public_parcel_units=6.,multifamily_residential,verified,official use-code mapping; use-description interpretation,Use code and use description agree on multifamily_residential.,0500,Multi-Family Residence; five or more apartments or units; 4 stories or less; final character unused or unknown,verified_official_codebook,Five or more apartments,Five or more apartments,interpreted_explicit_range,"{""use_code"": ""4 stories or less"", ""use_description"": """"}",LA County eGIS parcels,2026-10-01T22:50Z,unique,resolved,2026-10-04T02:11:41+00:00,2026-10-01,processed,2026-10-04T02:41:38+00:00
A0455,78 STEVENS AVE.,Jersey City,NJ,07108,NJ,Jersey City,,incorporated,"Jersey City, NJ",verified,"Census Geocoder/TIGER-Line; matched_address=78 STEVENS AVE, JERSEY CITY, NJ, 07305; place_geoid=3436000; benchmark=Public_AR_Current",2026-10-04T00:49:15+00:00,Existing legal city/state match Census/TIGERweb incorporated-place boundaries.,unknown,unknown,none,No usable year-built value was available from either source.,,17,17,17,exact,verified,official use-code mapping; use-description interpretation,Compatible evidence supports an exact unit count of 17. Evidence: use_code_range=5..; use_description_range=17..17.,multifamily_residential,verified,official use-code mapping; use-description interpretation,Use code and use description agree on multifamily_residential.,4C,Apartments; class 4C; 5 units or more,verified_official_codebook,4S-B-A-17U-H,Building description explicitly indicates 17 units,parsed_explicit_unit_count,"{""use_code"": ""New Jersey property tax class 4C"", ""use_description"": ""Stories indicated: 4; Heat indicated""}",NJOGIS Parcels & MOD-IV Composite,2026-10-01T22:50Z,unique,resolved,2026-10-04T02:11:41+00:00,2026-10-01,processed,2026-10-04T02:41:38+00:00
A0456,2151 CHATSWORTH BLVD,San Diego,CA,92107,CA,San Diego,,incorporated,"San Diego, CA",verified,"Census Geocoder/TIGER-Line; matched_address=2151 CHATSWORTH BLVD, SAN DIEGO, CA, 92107; place_geoid=0666000; benchmark=Public_AR_Current",2026-10-04T00:49:15+00:00,Existing legal city/state match Census/TIGERweb incorporated-place boundaries.,unknown,unknown,none,No usable year-built value was available from either source. Public parcel reported an unusable year value (48); it was not inferred or expanded.,,17,17,17,exact,verified,original units; official use-code mapping; use-description interpretation; current public parcel lookup,Compatible evidence supports an exact unit count of 17. Evidence: reported_units=17; use_code_range=16..60; use_description_range=5..; public_parcel_units=17.,multifamily_residential,verified,official use-code mapping; use-description interpretation,Use code and use description agree on multifamily_residential.,15,MULTIPLE 16 TO 60 UNITS-GENERIC,verified_government_dataset_documentation,SANDAG asr_landuse 14-16 (5+ units),Multiple-residential property in an ASR_LANDUSE category representing 5 or more units,interpreted_explicit_range,"{""use_code"": ""Generic multiple-residential classification"", ""use_description"": ""ASR_LANDUSE family 14-16""}",SANDAG/SanGIS parcels,2026-10-01T22:50Z,unique,resolved,2026-10-04T02:11:41+00:00,2026-10-01,processed,2026-10-04T02:41:38+00:00
A0457,1856 GREEN ST,San Francisco,CA,,CA,San Francisco,,incorporated,"San Francisco, CA",verified,"Census Geocoder/TIGER-Line; matched_address=1856 GREEN ST, SAN FRANCISCO, CA, 94123; place_geoid=0667000; benchmark=Public_AR_Current",2026-10-04T00:49:15+00:00,Existing legal city/state match Census/TIGERweb incorporated-place boundaries.,1906,verified,original:DataSF wv5m-vpq2 (2025 roll); public_parcel:DataSF wv5m-vpq2 (2025 roll),Original and public parcel values agree.,,5,5,5,exact,verified,original units; official use-code mapping; use-description interpretation; current public parcel lookup,Compatible evidence supports an exact unit count of 5. Evidence: reported_units=5; use_code_range=5..14; use_description_range=5..14; public_parcel_units=5.,multifamily_residential,verified,official use-code mapping; use-description interpretation,Use code and use description agree on multifamily_residential.,A5,Apartment 5 to 14 units,verified_government_published_codebook,Apartment 5 to 14 Units,Apartment property with 5 to 14 units,interpreted_explicit_range,"{""use_code"": """", ""use_description"": """"}",DataSF wv5m-vpq2 (2025 roll),2026-10-01T22:50Z,multiple_candidates,resolved,2026-10-04T02:11:41+00:00,2026-10-01,processed,2026-10-04T02:41:38+00:00
A0458,1670 E 48TH PL,Los Angeles,CA,90011,CA,Los Angeles,,incorporated,"Los Angeles, CA",verified,"Census Geocoder/TIGER-Line; matched_address=1670 E 48TH PL, LOS ANGELES, CA, 90011; place_geoid=0644000; benchmark=Public_AR_Current",2026-10-04T00:49:15+00:00,Existing legal city/state match Census/TIGERweb incorporated-place boundaries.,1963,verified,original:LA County eGIS parcels; public_parcel:LA County eGIS parcels,Original and public parcel values agree.,,6,6,6,exact,verified,original units; official use-code mapping; use-description interpretation; current public parcel lookup,Compatible evidence supports an exact unit count of 6. Evidence: reported_units=6; use_code_range=5..; use_description_range=5..; public_parcel_units=6.,multifamily_residential,verified,official use-code mapping; use-description interpretation,Use code and use description agree on multifamily_residential.,0500,Multi-Family Residence; five or more apartments or units; 4 stories or less; final character unused or unknown,verified_official_codebook,Five or more apartments,Five or more apartments,interpreted_explicit_range,"{""use_code"": ""4 stories or less"", ""use_description"": """"}",LA County eGIS parcels,2026-10-01T22:50Z,unique,resolved,2026-10-04T02:11:41+00:00,2026-10-01,processed,2026-10-04T02:41:38+00:00
A0459,202 SOUTH ST.,Jersey City,NJ,07423,NJ,Jersey City,,incorporated,"Jersey City, NJ",verified,"Census Geocoder/TIGER-Line; matched_address=202 SOUTH ST, JERSEY CITY, NJ, 07307; place_geoid=3436000; benchmark=Public_AR_Current",2026-10-04T00:49:15+00:00,Existing legal city/state match Census/TIGERweb incorporated-place boundaries.,1915,verified,original:NJOGIS Parcels & MOD-IV Composite; public_parcel:NJOGIS Parcels & MOD-IV Composite,Original and public parcel values agree.,,7,7,7,exact,verified,official use-code mapping; use-description interpretation,Compatible evidence supports an exact unit count of 7. Evidence: use_code_range=5..; use_description_range=7..7.,multifamily_residential,verified,official use-code mapping; use-description interpretation,Use code and use description agree on multifamily_residential.,4C,Apartments; class 4C; 5 units or more,verified_official_codebook,3S-F-7U,Building description explicitly indicates 7 units,parsed_explicit_unit_count,"{""use_code"": ""New Jersey property tax class 4C"", ""use_description"": ""Stories indicated: 3""}",NJOGIS Parcels & MOD-IV Composite,2026-10-01T22:50Z,unique,resolved,2026-10-04T02:11:41+00:00,2026-10-01,processed,2026-10-04T02:41:38+00:00
A0460,223-229 SHEPHARD AVE,Newark,NJ,11204,NJ,Newark,,incorporated,"Newark, NJ",verified,"Census Geocoder/TIGER-Line; matched_address=229 SHEPHARD AVE, NEWARK, NJ, 07112; place_geoid=3451000; benchmark=Public_AR_Current",2026-10-04T00:49:15+00:00,Existing legal city/state match Census/TIGERweb incorporated-place boundaries.,unknown,unknown,none,No usable year-built value was available from either source.,,unknown,,,unknown,conflict,official use-code mapping; current public parcel lookup,Unit evidence conflicts; final value is unknown. Evidence: use_code_range=5..; public_parcel_units=1.,multifamily_residential,verified,official use-code mapping; use-description interpretation,One property-use source is available: use code=multifamily_residential.,4C,Apartments; class 4C; 5 units or more,verified_official_codebook,3SB,Building-description shorthand; no reliable unit count can be extracted from the description alone,insufficient_description_for_unit_count,"{""use_code"": ""New Jersey property tax class 4C"", ""use_description"": ""Stories indicated: 3""}",NJOGIS Parcels & MOD-IV Composite,2026-10-01T22:50Z,unique,resolved,2026-10-04T02:11:41+00:00,2026-10-01,processed,2026-10-04T02:41:38+00:00
A0461,735 11TH AV,San Francisco,CA,,CA,San Francisco,,incorporated,"San Francisco, CA",verified,"Census Geocoder/TIGER-Line; matched_address=735 11TH AVE, SAN FRANCISCO, CA, 94118; place_geoid=0667000; benchmark=Public_AR_Current",2026-10-04T00:49:15+00:00,Existing legal city/state match Census/TIGERweb incorporated-place boundaries.,1923,verified,original:DataSF wv5m-vpq2 (2025 roll); public_parcel:DataSF wv5m-vpq2 (2025 roll),Original and public parcel values agree.,,5,5,5,exact,verified,original units; official use-code mapping; use-description interpretation; current public parcel lookup,Compatible evidence supports an exact unit count of 5. Evidence: reported_units=5; use_code_range=5..14; use_description_range=5..14; public_parcel_units=5.,multifamily_residential,verified,official use-code mapping; use-description interpretation,Use code and use description agree on multifamily_residential.,A5,Apartment 5 to 14 units,verified_government_published_codebook,Apartment 5 to 14 Units,Apartment property with 5 to 14 units,interpreted_explicit_range,"{""use_code"": """", ""use_description"": """"}",DataSF wv5m-vpq2 (2025 roll),2026-10-01T22:50Z,multiple_candidates,resolved,2026-10-04T02:11:41+00:00,2026-10-01,processed,2026-10-04T02:41:38+00:00
A0462,128 ST. PAULS AVE.,Jersey City,NJ,11211,NJ,Jersey City,,incorporated,"Jersey City, NJ",verified,"Census Geocoder/TIGER-Line; matched_address=128 ST PAULS AVE, JERSEY CITY, NJ, 07306; place_geoid=3436000; benchmark=Public_AR_Current",2026-10-04T00:49:15+00:00,Existing legal city/state match Census/TIGERweb incorporated-place boundaries.,1890,verified,original:NJOGIS Parcels & MOD-IV Composite; public_parcel:NJOGIS Parcels & MOD-IV Composite,Original and public parcel values agree.,,6,6,6,exact,verified,official use-code mapping; use-description interpretation,Compatible evidence supports an exact unit count of 6. Evidence: use_code_range=5..; use_description_range=6..6.,multifamily_residential,verified,official use-code mapping; use-description interpretation,Use code and use description agree on multifamily_residential.,4C,Apartments; class 4C; 5 units or more,verified_official_codebook,3S-F-D-6U,Building description explicitly indicates 6 units,parsed_explicit_unit_count,"{""use_code"": ""New Jersey property tax class 4C"", ""use_description"": ""Stories indicated: 3""}",NJOGIS Parcels & MOD-IV Composite,2026-10-01T22:50Z,unique,resolved,2026-10-04T02:11:41+00:00,2026-10-01,processed,2026-10-04T02:41:38+00:00
A0463,4 BEECHWOOD ST,Dorchester,MA,02121,MA,Boston,,incorporated,"Boston, MA",verified,"Census Geocoder/TIGER-Line; matched_address=4 BEECHWOOD ST, DORCHESTER, MA, 02121; place_geoid=2507000; benchmark=Public_AR_Current",2026-10-04T00:49:15+00:00,Existing legal city/state match Census/TIGERweb incorporated-place boundaries.,2007,verified,original:Boston Property Assessment FY2026; public_parcel:Boston Property Assessment FY2026,Original and public parcel values agree.,,unknown,,,unknown,missing,none,No usable unit-count evidence was available. Public parcel status: missing.,subsidized_multifamily,verified,official use-code mapping; use-description interpretation,Use code and use description agree on subsidized_multifamily.,A/125,SUBSD HOUSING S-8,verified_official_dataset,SUBSD HOUSING S- 8,Subsidized Section 8 housing classification,interpreted_use_only,"{""use_code"": ""Section 8 subsidized housing indicator"", ""use_description"": ""Section 8 subsidized housing indicator""}",Boston Property Assessment FY2026,2026-10-01T22:50Z,unique,resolved,2026-10-04T02:11:41+00:00,2026-10-01,processed,2026-10-04T02:41:38+00:00
A0464,2-98 DABNEY ST,Roxbury,MA,02119,MA,Boston,,incorporated,"Boston, MA",verified,"Census Geocoder/TIGER-Line; matched_address=98 DABNEY ST, ROXBURY, MA, 02119; place_geoid=2507000; benchmark=Public_AR_Current",2026-10-04T00:49:15+00:00,Existing legal city/state match Census/TIGERweb incorporated-place boundaries.,1966,verified,original:Boston Property Assessment FY2026; public_parcel:Boston Property Assessment FY2026,Original and public parcel values agree.,,unknown,,,unknown,missing,none,No usable unit-count evidence was available. Public parcel status: missing.,subsidized_multifamily,verified,official use-code mapping; use-description interpretation,Use code and use description agree on subsidized_multifamily.,A/125,SUBSD HOUSING S-8,verified_official_dataset,SUBSD HOUSING S- 8,Subsidized Section 8 housing classification,interpreted_use_only,"{""use_code"": ""Section 8 subsidized housing indicator"", ""use_description"": ""Section 8 subsidized housing indicator""}",Boston Property Assessment FY2026,2026-10-01T22:50Z,unique,resolved,2026-10-04T02:11:41+00:00,2026-10-01,processed,2026-10-04T02:41:38+00:00
A0465,141 Oxford St,Cambridge,MA,,MA,Cambridge,,incorporated,"Cambridge, MA",verified,"Census Geocoder/TIGER-Line; matched_address=141 OXFORD ST, CAMBRIDGE, MA, 02140; place_geoid=2511000; benchmark=Public_AR_Current",2026-10-04T00:49:15+00:00,Existing legal city/state match Census/TIGERweb incorporated-place boundaries.,1915,verified,original:Cambridge Property Database FY2026 (waa7-ibdu); public_parcel:Cambridge Property Database FY2026 (waa7-ibdu),Original and public parcel values agree.,,8,8,8,exact,verified,original units; official use-code mapping; use-description interpretation; current public parcel lookup,Compatible evidence supports an exact unit count of 8. Evidence: reported_units=8; use_code_range=4..8; use_description_range=4..8; public_parcel_units=8.,multifamily_residential,verified,official use-code mapping; use-description interpretation,Use code and use description agree on multifamily_residential.,111,4-8-UNIT-APT; Residential,verified_official_codebook,4-8-UNIT-APT,Apartment property with 4 to 8 units,interpreted_explicit_range,"{""use_code"": """", ""use_description"": """"}",Cambridge Property Database FY2026 (waa7-ibdu),2026-10-01T22:50Z,unique,resolved,2026-10-04T02:11:41+00:00,2026-10-01,processed,2026-10-04T02:41:38+00:00
A0466,115 NORWAY ST,Boston,MA,02115,MA,Boston,,incorporated,"Boston, MA",verified,"Census Geocoder/TIGER-Line; matched_address=115 NORWAY ST, BOSTON, MA, 02115; place_geoid=2507000; benchmark=Public_AR_Current",2026-10-04T00:49:15+00:00,Existing legal city/state match Census/TIGERweb incorporated-place boundaries.,1920,verified,original:Boston Property Assessment FY2026; public_parcel:Boston Property Assessment FY2026,Original and public parcel values agree.,,7..30,7,30,range,verified,official use-code mapping; use-description interpretation,Compatible evidence supports a unit-count range of 7..30. Evidence: use_code_range=7..30; use_description_range=7..30.,multifamily_residential,verified,official use-code mapping; use-description interpretation,Use code and use description agree on multifamily_residential.,A/112,APT 7-30 UNITS,verified_official_dataset,APT 7-30 UNITS,Apartment property with 7 to 30 units,interpreted_explicit_range,"{""use_code"": """", ""use_description"": """"}",Boston Property Assessment FY2026,2026-10-01T22:50Z,unique,resolved,2026-10-04T02:11:41+00:00,2026-10-01,processed,2026-10-04T02:41:38+00:00
A0467,24 ST ALBANS RD,Boston,MA,02115,MA,Boston,,incorporated,"Boston, MA",verified,"Census Geocoder/TIGER-Line; matched_address=24 ST ALBANS RD, BOSTON, MA, 02115; place_geoid=2507000; benchmark=Public_AR_Current",2026-10-04T00:49:15+00:00,Existing legal city/state match Census/TIGERweb incorporated-place boundaries.,1923,verified,original:Boston Property Assessment FY2026; public_parcel:Boston Property Assessment FY2026,Original and public parcel values agree.,,unknown,,,unknown,missing,none,No usable unit-count evidence was available. Public parcel status: missing.,subsidized_multifamily,verified,official use-code mapping; use-description interpretation,Use code and use description agree on subsidized_multifamily.,A/125,SUBSD HOUSING S-8,verified_official_dataset,SUBSD HOUSING S- 8,Subsidized Section 8 housing classification,interpreted_use_only,"{""use_code"": ""Section 8 subsidized housing indicator"", ""use_description"": ""Section 8 subsidized housing indicator""}",Boston Property Assessment FY2026,2026-10-01T22:50Z,unique,resolved,2026-10-04T02:11:41+00:00,2026-10-01,processed,2026-10-04T02:41:38+00:00
A0468,13 Shepard St,Cambridge,MA,,MA,Cambridge,,incorporated,"Cambridge, MA",verified,"Census Geocoder/TIGER-Line; matched_address=13 SHEPARD ST, CAMBRIDGE, MA, 02138; place_geoid=2511000; benchmark=Public_AR_Current",2026-10-04T00:49:15+00:00,Existing legal city/state match Census/TIGERweb incorporated-place boundaries.,1910,verified,original:Cambridge Property Database FY2026 (waa7-ibdu); public_parcel:Cambridge Property Database FY2026 (waa7-ibdu),Original and public parcel values agree.,,6,6,6,exact,verified,original units; official use-code mapping; use-description interpretation; current public parcel lookup,Compatible evidence supports an exact unit count of 6. Evidence: reported_units=6; use_code_range=4..8; use_description_range=4..8; public_parcel_units=6.,multifamily_residential,verified,official use-code mapping; use-description interpretation,Use code and use description agree on multifamily_residential.,111,4-8-UNIT-APT; Residential,verified_official_codebook,4-8-UNIT-APT,Apartment property with 4 to 8 units,interpreted_explicit_range,"{""use_code"": """", ""use_description"": """"}",Cambridge Property Database FY2026 (waa7-ibdu),2026-10-01T22:50Z,unique,resolved,2026-10-04T02:11:41+00:00,2026-10-01,processed,2026-10-04T02:41:38+00:00
A0469,2701 SHATTUCK AVE,Berkeley,CA,94705,CA,Berkeley,,incorporated,"Berkeley, CA",verified,"Census Geocoder/TIGER-Line; matched_address=2701 SHATTUCK AVE, BERKELEY, CA, 94705; place_geoid=0606000; benchmark=Public_AR_Current",2026-10-04T00:49:15+00:00,Existing legal city/state match Census/TIGERweb incorporated-place boundaries.,2024,verified,public_parcel:Alameda County parcels,Public parcel value used because the original value was missing.,,57,57,57,exact,verified,official use-code mapping; use-description interpretation; current public parcel lookup,Compatible evidence supports an exact unit count of 57. Evidence: use_code_range=5..; use_description_range=5..; public_parcel_units=57.,multifamily_residential,verified,official use-code mapping; use-description interpretation,Use code and use description agree on multifamily_residential.,7700,Multiple residential building of 5 or more units,verified_official_codebook,Alameda County use code (5+ units),Five or more residential units,interpreted_explicit_range,"{""use_code"": """", ""use_description"": """"}",Alameda County parcels,2026-10-01T22:50Z,unique,resolved,2026-10-04T02:11:41+00:00,2026-10-01,processed,2026-10-04T02:41:38+00:00
A0470,1919 CURTIS ST,Berkeley,CA,94702,CA,Berkeley,,incorporated,"Berkeley, CA",verified,"Census Geocoder/TIGER-Line; matched_address=1919 CURTIS ST, BERKELEY, CA, 94702; place_geoid=0606000; benchmark=Public_AR_Current",2026-10-04T00:49:15+00:00,Existing legal city/state match Census/TIGERweb incorporated-place boundaries.,1949,verified,public_parcel:Alameda County parcels,Public parcel value used because the original value was missing.,,10,10,10,exact,verified,official use-code mapping; use-description interpretation; current public parcel lookup,Compatible evidence supports an exact unit count of 10. Evidence: use_code_range=5..; use_description_range=5..; public_parcel_units=10.,multifamily_residential,verified,official use-code mapping; use-description interpretation,Use code and use description agree on multifamily_residential.,7700,Multiple residential building of 5 or more units,verified_official_codebook,Alameda County use code (5+ units),Five or more residential units,interpreted_explicit_range,"{""use_code"": """", ""use_description"": """"}",Alameda County parcels,2026-10-01T22:50Z,unique,resolved,2026-10-04T02:11:41+00:00,2026-10-01,processed,2026-10-04T02:41:38+00:00
A0471,332-334 GARDEN ST,Hoboken,NJ,07604,NJ,Hoboken,,incorporated,"Hoboken, NJ",verified,"Census Geocoder/TIGER-Line; matched_address=334 GARDEN ST, HOBOKEN, NJ, 07030; place_geoid=3432250; benchmark=Public_AR_Current",2026-10-04T00:49:15+00:00,Existing legal city/state match Census/TIGERweb incorporated-place boundaries.,unknown,unknown,none,No usable year-built value was available from either source.,,10,10,10,exact,verified,official use-code mapping; use-description interpretation; current public parcel lookup,Compatible evidence supports an exact unit count of 10. Evidence: use_code_range=5..; use_description_range=10..10; public_parcel_units=10.,multifamily_residential,verified,official use-code mapping; use-description interpretation,Use code and use description agree on multifamily_residential.,4C,Apartments; class 4C; 5 units or more,verified_official_codebook,4 1/2B-10U-BA,Building description explicitly indicates 10 units,parsed_explicit_unit_count,"{""use_code"": ""New Jersey property tax class 4C"", ""use_description"": """"}",NJOGIS Parcels & MOD-IV Composite,2026-10-01T22:50Z,unique,resolved,2026-10-04T02:11:41+00:00,2026-10-01,processed,2026-10-04T02:41:38+00:00
A0472,321 WILLOW AVE,Hoboken,NJ,07030,NJ,Hoboken,,incorporated,"Hoboken, NJ",verified,"Census Geocoder/TIGER-Line; matched_address=321 WILLOW AVE, HOBOKEN, NJ, 07030; place_geoid=3432250; benchmark=Public_AR_Current",2026-10-04T00:49:15+00:00,Existing legal city/state match Census/TIGERweb incorporated-place boundaries.,unknown,unknown,none,No usable year-built value was available from either source.,,12,12,12,exact,verified,official use-code mapping; use-description interpretation; current public parcel lookup,Compatible evidence supports an exact unit count of 12. Evidence: use_code_range=5..; use_description_range=12..12; public_parcel_units=12.,multifamily_residential,verified,official use-code mapping; use-description interpretation,Use code and use description agree on multifamily_residential.,4C,Apartments; class 4C; 5 units or more,verified_official_codebook,5B-12U-BA,Building description explicitly indicates 12 units,parsed_explicit_unit_count,"{""use_code"": ""New Jersey property tax class 4C"", ""use_description"": """"}",NJOGIS Parcels & MOD-IV Composite,2026-10-01T22:50Z,unique,resolved,2026-10-04T02:11:41+00:00,2026-10-01,processed,2026-10-04T02:41:38+00:00
A0473,20 Phillips ST,Boston,MA,02114,MA,Boston,,incorporated,"Boston, MA",verified,"Census Geocoder/TIGER-Line; matched_address=20 PHILLIPS ST, BOSTON, MA, 02114; place_geoid=2507000; benchmark=Public_AR_Current",2026-10-04T00:49:15+00:00,Existing legal city/state match Census/TIGERweb incorporated-place boundaries.,1899,verified,original:Boston Property Assessment FY2026; public_parcel:Boston Property Assessment FY2026,Original and public parcel values agree.,,7..30,7,30,range,verified,official use-code mapping; use-description interpretation,Compatible evidence supports a unit-count range of 7..30. Evidence: use_code_range=7..30; use_description_range=7..30.,multifamily_residential,verified,official use-code mapping; use-description interpretation,Use code and use description agree on multifamily_residential.,A/112,APT 7-30 UNITS,verified_official_dataset,APT 7-30 UNITS,Apartment property with 7 to 30 units,interpreted_explicit_range,"{""use_code"": """", ""use_description"": """"}",Boston Property Assessment FY2026,2026-10-01T22:50Z,unique,resolved,2026-10-04T02:11:41+00:00,2026-10-01,processed,2026-10-04T02:41:38+00:00
A0474,3438 MCKINLEY AVE,Los Angeles,CA,90011,CA,Los Angeles,,incorporated,"Los Angeles, CA",verified,"Census Geocoder/TIGER-Line; matched_address=3438 MCKINLEY AVE, LOS ANGELES, CA, 90011; place_geoid=0644000; benchmark=Public_AR_Current",2026-10-04T00:49:15+00:00,Existing legal city/state match Census/TIGERweb incorporated-place boundaries.,1928,verified,original:LA County eGIS parcels; public_parcel:LA County eGIS parcels,Original and public parcel values agree.,,8,8,8,exact,verified,original units; official use-code mapping; use-description interpretation; current public parcel lookup,Compatible evidence supports an exact unit count of 8. Evidence: reported_units=8; use_code_range=5..; use_description_range=5..; public_parcel_units=8.,multifamily_residential,verified,official use-code mapping; use-description interpretation,Use code and use description agree on multifamily_residential.,0500,Multi-Family Residence; five or more apartments or units; 4 stories or less; final character unused or unknown,verified_official_codebook,Five or more apartments,Five or more apartments,interpreted_explicit_range,"{""use_code"": ""4 stories or less"", ""use_description"": """"}",LA County eGIS parcels,2026-10-01T22:50Z,unique,resolved,2026-10-04T02:11:41+00:00,2026-10-01,processed,2026-10-04T02:41:38+00:00
A0475,361 FIRST ST,Hoboken,NJ,07030,NJ,Hoboken,,incorporated,"Hoboken, NJ",verified,"Census Geocoder/TIGER-Line; matched_address=361 1ST ST, HOBOKEN, NJ, 07030; place_geoid=3432250; benchmark=Public_AR_Current",2026-10-04T00:49:15+00:00,Existing legal city/state match Census/TIGERweb incorporated-place boundaries.,unknown,unknown,none,No usable year-built value was available from either source.,,7,7,7,exact,verified,official use-code mapping; use-description interpretation; current public parcel lookup,Compatible evidence supports an exact unit count of 7. Evidence: use_code_range=5..; use_description_range=7..7; public_parcel_units=7.,multifamily_residential,verified,official use-code mapping; use-description interpretation,Use code and use description agree on multifamily_residential.,4C,Apartments; class 4C; 5 units or more,verified_official_codebook,4B-7U-H,Building description explicitly indicates 7 units,parsed_explicit_unit_count,"{""use_code"": ""New Jersey property tax class 4C"", ""use_description"": ""Heat indicated""}",NJOGIS Parcels & MOD-IV Composite,2026-10-01T22:50Z,unique,resolved,2026-10-04T02:11:41+00:00,2026-10-01,processed,2026-10-04T02:41:38+00:00
A0476,26-28 COTTAGE ST,Newark,NJ,07840,NJ,Newark,,incorporated,"Newark, NJ",verified,"Census Geocoder/TIGER-Line; matched_address=28 COTTAGE ST, NEWARK, NJ, 07102; place_geoid=3451000; benchmark=Public_AR_Current",2026-10-04T00:49:15+00:00,Existing legal city/state match Census/TIGERweb incorporated-place boundaries.,unknown,unknown,none,No usable year-built value was available from either source.,,unknown,,,unknown,conflict,official use-code mapping; current public parcel lookup,Unit evidence conflicts; final value is unknown. Evidence: use_code_range=5..; public_parcel_units=1.,multifamily_residential,verified,official use-code mapping; use-description interpretation,One property-use source is available: use code=multifamily_residential.,4C,Apartments; class 4C; 5 units or more,verified_official_codebook,2SF2UG,Building-description shorthand; no reliable unit count can be extracted from the description alone,insufficient_description_for_unit_count,"{""use_code"": ""New Jersey property tax class 4C"", ""use_description"": """"}",NJOGIS Parcels & MOD-IV Composite,2026-10-01T22:50Z,unique,resolved,2026-10-04T02:11:41+00:00,2026-10-01,processed,2026-10-04T02:41:38+00:00
A0477,2250 MISSION ST,San Francisco,CA,,CA,San Francisco,,incorporated,"San Francisco, CA",verified,"Census Geocoder/TIGER-Line; matched_address=2250 MISSION ST, SAN FRANCISCO, CA, 94110; place_geoid=0667000; benchmark=Public_AR_Current",2026-10-04T00:49:15+00:00,Existing legal city/state match Census/TIGERweb incorporated-place boundaries.,1975,verified,original:DataSF wv5m-vpq2 (2025 roll); public_parcel:DataSF wv5m-vpq2 (2025 roll),Original and public parcel values agree.,,19,19,19,exact,verified,original units; official use-code mapping; use-description interpretation,Compatible evidence supports an exact unit count of 19. Evidence: reported_units=19; use_code_range=15..; use_description_range=15...,multifamily_residential,verified,official use-code mapping; use-description interpretation,Use code and use description agree on multifamily_residential.,A15,Apartment 15 units or more,verified_government_published_codebook,Apartment 15 Units or more,Apartment property with 15 or more units,interpreted_explicit_range,"{""use_code"": """", ""use_description"": """"}",DataSF wv5m-vpq2 (2025 roll),2026-10-01T22:50Z,multiple_candidates,conflicting_facts,2026-10-04T02:11:41+00:00,2026-10-01,processed,2026-10-04T02:41:38+00:00
A0478,3860 CHEROKEE AVE,San Diego,CA,92104,CA,San Diego,,incorporated,"San Diego, CA",verified,"Census Geocoder/TIGER-Line; matched_address=3860 CHEROKEE AVE, SAN DIEGO, CA, 92104; place_geoid=0666000; benchmark=Public_AR_Current",2026-10-04T00:49:15+00:00,Existing legal city/state match Census/TIGERweb incorporated-place boundaries.,unknown,unknown,none,No usable year-built value was available from either source. Public parcel reported an unusable year value (64); it was not inferred or expanded.,,9,9,9,exact,verified,original units; official use-code mapping; use-description interpretation; current public parcel lookup,Compatible evidence supports an exact unit count of 9. Evidence: reported_units=9; use_code_range=5..15; use_description_range=5..; public_parcel_units=9.,multifamily_residential,verified,official use-code mapping; use-description interpretation,Use code and use description agree on multifamily_residential.,14,MULTIPLE 5 TO 15 UNITS-GENERIC,verified_government_dataset_documentation,SANDAG asr_landuse 14-16 (5+ units),Multiple-residential property in an ASR_LANDUSE category representing 5 or more units,interpreted_explicit_range,"{""use_code"": ""Generic multiple-residential classification"", ""use_description"": ""ASR_LANDUSE family 14-16""}",SANDAG/SanGIS parcels,2026-10-01T22:50Z,unique,resolved,2026-10-04T02:11:41+00:00,2026-10-01,processed,2026-10-04T02:41:38+00:00
A0479,12948 MOORPARK ST,Los Angeles,CA,91604,CA,Los Angeles,,incorporated,"Los Angeles, CA",verified,"Census Geocoder/TIGER-Line; matched_address=12948 MOORPARK ST, STUDIO CITY, CA, 91604; place_geoid=0644000; benchmark=Public_AR_Current",2026-10-04T00:49:15+00:00,Existing legal city/state match Census/TIGERweb incorporated-place boundaries.,1990,verified,original:LA County eGIS parcels; public_parcel:LA County eGIS parcels,Original and public parcel values agree.,,8,8,8,exact,verified,original units; official use-code mapping; use-description interpretation; current public parcel lookup,Compatible evidence supports an exact unit count of 8. Evidence: reported_units=8; use_code_range=5..; use_description_range=5..; public_parcel_units=8.,multifamily_residential,verified,official use-code mapping; use-description interpretation,Use code and use description agree on multifamily_residential.,0500,Multi-Family Residence; five or more apartments or units; 4 stories or less; final character unused or unknown,verified_official_codebook,Five or more apartments,Five or more apartments,interpreted_explicit_range,"{""use_code"": ""4 stories or less"", ""use_description"": """"}",LA County eGIS parcels,2026-10-01T22:50Z,unique,resolved,2026-10-04T02:11:41+00:00,2026-10-01,processed,2026-10-04T02:41:38+00:00
A0480,4046 N 43RD ST,San Diego,CA,92105,CA,San Diego,,incorporated,"San Diego, CA",verified,"Census Geocoder/TIGER-Line; matched_address=4046 43RD ST, SAN DIEGO, CA, 92105; place_geoid=0666000; benchmark=Public_AR_Current",2026-10-04T00:49:15+00:00,Existing legal city/state match Census/TIGERweb incorporated-place boundaries.,unknown,unknown,none,No usable year-built value was available from either source.,,11,11,11,exact,verified,original units; official use-code mapping; use-description interpretation,Compatible evidence supports an exact unit count of 11. Evidence: reported_units=11; use_code_range=5..15; use_description_range=5...,multifamily_residential,verified,official use-code mapping; use-description interpretation,Use code and use description agree on multifamily_residential.,14,MULTIPLE 5 TO 15 UNITS-GENERIC,verified_government_dataset_documentation,SANDAG asr_landuse 14-16 (5+ units),Multiple-residential property in an ASR_LANDUSE category representing 5 or more units,interpreted_explicit_range,"{""use_code"": ""Generic multiple-residential classification"", ""use_description"": ""ASR_LANDUSE family 14-16""}",SANDAG/SanGIS parcels,2026-10-01T22:50Z,unresolved_candidates,unknown,2026-10-04T02:11:41+00:00,2026-10-01,processed,2026-10-04T02:41:38+00:00
A0481,536 LEAVENWORTH ST,San Francisco,CA,,CA,San Francisco,,incorporated,"San Francisco, CA",verified,"Census Geocoder/TIGER-Line; matched_address=536 LEAVENWORTH ST, SAN FRANCISCO, CA, 94109; place_geoid=0667000; benchmark=Public_AR_Current",2026-10-04T00:49:15+00:00,Existing legal city/state match Census/TIGERweb incorporated-place boundaries.,1925,verified,original:DataSF wv5m-vpq2 (2025 roll); public_parcel:DataSF wv5m-vpq2 (2025 roll),Original and public parcel values agree.,,63,63,63,exact,verified,original units; official use-code mapping; use-description interpretation; current public parcel lookup,Compatible evidence supports an exact unit count of 63. Evidence: reported_units=63; use_code_range=15..; use_description_range=15..; public_parcel_units=63.,multifamily_residential,verified,official use-code mapping; use-description interpretation,Use code and use description agree on multifamily_residential.,A15,Apartment 15 units or more,verified_government_published_codebook,Apartment 15 Units or more,Apartment property with 15 or more units,interpreted_explicit_range,"{""use_code"": """", ""use_description"": """"}",DataSF wv5m-vpq2 (2025 roll),2026-10-01T22:50Z,multiple_candidates,resolved,2026-10-04T02:11:41+00:00,2026-10-01,processed,2026-10-04T02:41:38+00:00
A0482,101 CLIFTON PL.,Jersey City,NJ,10982,NJ,Jersey City,,incorporated,"Jersey City, NJ",verified,"Census Geocoder/TIGER-Line; matched_address=101 CLIFTON PL, JERSEY CITY, NJ, 07304; place_geoid=3436000; benchmark=Public_AR_Current",2026-10-04T00:49:15+00:00,Existing legal city/state match Census/TIGERweb incorporated-place boundaries.,unknown,unknown,none,No usable year-built value was available from either source. Public parcel reported an unusable year value (3); it was not inferred or expanded.,,25,25,25,exact,verified,official use-code mapping; use-description interpretation,Compatible evidence supports an exact unit count of 25. Evidence: use_code_range=5..; use_description_range=25..25.,multifamily_residential,verified,official use-code mapping; use-description interpretation,Use code and use description agree on multifamily_residential.,4C,Apartments; class 4C; 5 units or more,verified_official_codebook,4S-B-A-25U-H,Building description explicitly indicates 25 units,parsed_explicit_unit_count,"{""use_code"": ""New Jersey property tax class 4C"", ""use_description"": ""Stories indicated: 4; Heat indicated""}",NJOGIS Parcels & MOD-IV Composite,2026-10-01T22:50Z,unique,resolved,2026-10-04T02:11:41+00:00,2026-10-01,processed,2026-10-04T02:41:38+00:00
A0483,1580 MARKET ST,San Francisco,CA,,CA,San Francisco,,incorporated,"San Francisco, CA",verified,"Census Geocoder/TIGER-Line; matched_address=1580 MARKET ST, SAN FRANCISCO, CA, 94102; place_geoid=0667000; benchmark=Public_AR_Current",2026-10-04T00:49:15+00:00,Existing legal city/state match Census/TIGERweb incorporated-place boundaries.,1917,verified,original:DataSF wv5m-vpq2 (2025 roll); public_parcel:DataSF wv5m-vpq2 (2025 roll),Original and public parcel values agree.,,72,72,72,exact,verified,original units; official use-code mapping; use-description interpretation,Compatible evidence supports an exact unit count of 72. Evidence: reported_units=72; use_code_range=15..; use_description_range=15...,multifamily_residential,verified,official use-code mapping; use-description interpretation,Use code and use description agree on multifamily_residential.,A15,Apartment 15 units or more,verified_government_published_codebook,Apartment 15 Units or more,Apartment property with 15 or more units,interpreted_explicit_range,"{""use_code"": """", ""use_description"": """"}",DataSF wv5m-vpq2 (2025 roll),2026-10-01T22:50Z,multiple_candidates,conflicting_facts,2026-10-04T02:11:41+00:00,2026-10-01,processed,2026-10-04T02:41:38+00:00
A0484,1801 08TH AV,San Francisco,CA,,CA,San Francisco,,unknown,"San Francisco, CA",partial,Existing legal-city mapping retained; Census lookup did not independently verify the boundary.,2026-10-04T00:49:15+00:00,Census Geocoder did not return coordinates; jurisdiction was not independently verified.,1948,verified,original:DataSF wv5m-vpq2 (2025 roll); public_parcel:DataSF wv5m-vpq2 (2025 roll),Original and public parcel values agree.,,5,5,5,exact,verified,original units; official use-code mapping; use-description interpretation; current public parcel lookup,Compatible evidence supports an exact unit count of 5. Evidence: reported_units=5; use_code_range=5..14; use_description_range=5..14; public_parcel_units=5.,multifamily_residential,verified,official use-code mapping; use-description interpretation,Use code and use description agree on multifamily_residential.,A5,Apartment 5 to 14 units,verified_government_published_codebook,Apartment 5 to 14 Units,Apartment property with 5 to 14 units,interpreted_explicit_range,"{""use_code"": """", ""use_description"": """"}",DataSF wv5m-vpq2 (2025 roll),2026-10-01T22:50Z,multiple_candidates,resolved,2026-10-04T02:11:41+00:00,2026-10-01,processed,2026-10-04T02:41:38+00:00
A0485,296-302 Western Ave,Cambridge,MA,,MA,Cambridge,,incorporated,"Cambridge, MA",verified,"Census Geocoder/TIGER-Line; matched_address=302 WESTERN AVE, CAMBRIDGE, MA, 02139; place_geoid=2511000; benchmark=Public_AR_Current",2026-10-04T00:49:15+00:00,Existing legal city/state match Census/TIGERweb incorporated-place boundaries.,1920,verified,original:Cambridge Property Database FY2026 (waa7-ibdu); public_parcel:Cambridge Property Database FY2026 (waa7-ibdu),Original and public parcel values agree.,,6,6,6,exact,verified,original units; official use-code mapping; use-description interpretation; current public parcel lookup,Compatible evidence supports an exact unit count of 6. Evidence: reported_units=6; use_code_range=4..8; use_description_range=4..8; public_parcel_units=6.,multifamily_residential,verified,official use-code mapping; use-description interpretation,Use code and use description agree on multifamily_residential.,111,4-8-UNIT-APT; Residential,verified_official_codebook,4-8-UNIT-APT,Apartment property with 4 to 8 units,interpreted_explicit_range,"{""use_code"": """", ""use_description"": """"}",Cambridge Property Database FY2026 (waa7-ibdu),2026-10-01T22:50Z,unique,resolved,2026-10-04T02:11:41+00:00,2026-10-01,processed,2026-10-04T02:41:38+00:00
A0486,2280 MISSION ST,San Francisco,CA,,CA,San Francisco,,incorporated,"San Francisco, CA",verified,"Census Geocoder/TIGER-Line; matched_address=2280 MISSION ST, SAN FRANCISCO, CA, 94110; place_geoid=0667000; benchmark=Public_AR_Current",2026-10-04T00:49:15+00:00,Existing legal city/state match Census/TIGERweb incorporated-place boundaries.,1910,verified,original:DataSF wv5m-vpq2 (2025 roll); public_parcel:DataSF wv5m-vpq2 (2025 roll),Original and public parcel values agree.,,9,9,9,exact,verified,original units; official use-code mapping; use-description interpretation; current public parcel lookup,Compatible evidence supports an exact unit count of 9. Evidence: reported_units=9; use_code_range=5..14; use_description_range=5..14; public_parcel_units=9.,multifamily_residential,verified,official use-code mapping; use-description interpretation,Use code and use description agree on multifamily_residential.,A5,Apartment 5 to 14 units,verified_government_published_codebook,Apartment 5 to 14 Units,Apartment property with 5 to 14 units,interpreted_explicit_range,"{""use_code"": """", ""use_description"": """"}",DataSF wv5m-vpq2 (2025 roll),2026-10-01T22:50Z,multiple_candidates,conflicting_facts,2026-10-04T02:11:41+00:00,2026-10-01,processed,2026-10-04T02:41:38+00:00
A0487,2118 FILLMORE ST,San Francisco,CA,,CA,San Francisco,,incorporated,"San Francisco, CA",verified,"Census Geocoder/TIGER-Line; matched_address=2118 FILLMORE ST, SAN FRANCISCO, CA, 94115; place_geoid=0667000; benchmark=Public_AR_Current",2026-10-04T00:49:15+00:00,Existing legal city/state match Census/TIGERweb incorporated-place boundaries.,1900,verified,original:DataSF wv5m-vpq2 (2025 roll); public_parcel:DataSF wv5m-vpq2 (2025 roll),Original and public parcel values agree.,,11,11,11,exact,verified,original units; official use-code mapping; use-description interpretation; current public parcel lookup,Compatible evidence supports an exact unit count of 11. Evidence: reported_units=11; use_code_range=5..14; use_description_range=5..14; public_parcel_units=11.,multifamily_residential,verified,official use-code mapping; use-description interpretation,Use code and use description agree on multifamily_residential.,A5,Apartment 5 to 14 units,verified_government_published_codebook,Apartment 5 to 14 Units,Apartment property with 5 to 14 units,interpreted_explicit_range,"{""use_code"": """", ""use_description"": """"}",DataSF wv5m-vpq2 (2025 roll),2026-10-01T22:50Z,multiple_candidates,conflicting_facts,2026-10-04T02:11:41+00:00,2026-10-01,processed,2026-10-04T02:41:38+00:00
A0488,197 BEACON ST,Boston,MA,02116,MA,Boston,,incorporated,"Boston, MA",verified,"Census Geocoder/TIGER-Line; matched_address=197 BEACON ST, BOSTON, MA, 02116; place_geoid=2507000; benchmark=Public_AR_Current",2026-10-04T00:49:15+00:00,Existing legal city/state match Census/TIGERweb incorporated-place boundaries.,1900,verified,original:Boston Property Assessment FY2026; public_parcel:Boston Property Assessment FY2026,Original and public parcel values agree.,,7..30,7,30,range,verified,official use-code mapping; use-description interpretation,Compatible evidence supports a unit-count range of 7..30. Evidence: use_code_range=7..30; use_description_range=7..30.,multifamily_residential,verified,official use-code mapping; use-description interpretation,Use code and use description agree on multifamily_residential.,A/112,APT 7-30 UNITS,verified_official_dataset,APT 7-30 UNITS,Apartment property with 7 to 30 units,interpreted_explicit_range,"{""use_code"": """", ""use_description"": """"}",Boston Property Assessment FY2026,2026-10-01T22:50Z,unique,resolved,2026-10-04T02:11:41+00:00,2026-10-01,processed,2026-10-04T02:41:38+00:00
A0489,204 GRAND ST,Hoboken,NJ,06901,NJ,Hoboken,,incorporated,"Hoboken, NJ",verified,"Census Geocoder/TIGER-Line; matched_address=204 GRAND ST, HOBOKEN, NJ, 07030; place_geoid=3432250; benchmark=Public_AR_Current",2026-10-04T00:49:15+00:00,Existing legal city/state match Census/TIGERweb incorporated-place boundaries.,2000,verified,original:NJOGIS Parcels & MOD-IV Composite; public_parcel:NJOGIS Parcels & MOD-IV Composite,Original and public parcel values agree.,,30,30,30,exact,verified,official use-code mapping; use-description interpretation; current public parcel lookup,Compatible evidence supports an exact unit count of 30. Evidence: use_code_range=5..; use_description_range=30..30; public_parcel_units=30.,multifamily_residential,verified,official use-code mapping; use-description interpretation,Use code and use description agree on multifamily_residential.,4C,Apartments; class 4C; 5 units or more,verified_official_codebook,6B-30U-G,Building description explicitly indicates 30 units,parsed_explicit_unit_count,"{""use_code"": ""New Jersey property tax class 4C"", ""use_description"": ""Garage indicated""}",NJOGIS Parcels & MOD-IV Composite,2026-10-01T22:50Z,unique,resolved,2026-10-04T02:11:41+00:00,2026-10-01,processed,2026-10-04T02:41:38+00:00
A0490,526 ADAMS ST,Hoboken,NJ,07030,NJ,Hoboken,,incorporated,"Hoboken, NJ",verified,"Census Geocoder/TIGER-Line; matched_address=526 ADAMS ST, HOBOKEN, NJ, 07030; place_geoid=3432250; benchmark=Public_AR_Current",2026-10-04T00:49:15+00:00,Existing legal city/state match Census/TIGERweb incorporated-place boundaries.,unknown,unknown,none,No usable year-built value was available from either source.,,10,10,10,exact,verified,official use-code mapping; use-description interpretation,Compatible evidence supports an exact unit count of 10. Evidence: use_code_range=5..; use_description_range=10..10.,multifamily_residential,verified,official use-code mapping; use-description interpretation,Use code and use description agree on multifamily_residential.,4C,Apartments; class 4C; 5 units or more,verified_official_codebook,4F-8U-C/3F-2U,"Building description contains multiple structures with unit counts 8, 2; combined total 10 units",parsed_explicit_unit_count,"{""use_code"": ""New Jersey property tax class 4C"", ""use_description"": """"}",NJOGIS Parcels & MOD-IV Composite,2026-10-01T22:50Z,unique,resolved,2026-10-04T02:11:41+00:00,2026-10-01,processed,2026-10-04T02:41:38+00:00
A0491,37 IRVING ST,Newark,NJ,07104,NJ,Newark,,incorporated,"Newark, NJ",verified,"Census Geocoder/TIGER-Line; matched_address=37 IRVING ST, NEWARK, NJ, 07104; place_geoid=3451000; benchmark=Public_AR_Current",2026-10-04T00:49:15+00:00,Existing legal city/state match Census/TIGERweb incorporated-place boundaries.,unknown,unknown,none,No usable year-built value was available from either source.,,unknown,,,unknown,conflict,official use-code mapping; current public parcel lookup,Unit evidence conflicts; final value is unknown. Evidence: use_code_range=5..; public_parcel_units=1.,multifamily_residential,verified,official use-code mapping; use-description interpretation,One property-use source is available: use code=multifamily_residential.,4C,Apartments; class 4C; 5 units or more,verified_official_codebook,3SF,Building-description shorthand; no reliable unit count can be extracted from the description alone,insufficient_description_for_unit_count,"{""use_code"": ""New Jersey property tax class 4C"", ""use_description"": ""Stories indicated: 3""}",NJOGIS Parcels & MOD-IV Composite,2026-10-01T22:50Z,unique,resolved,2026-10-04T02:11:41+00:00,2026-10-01,processed,2026-10-04T02:41:38+00:00
A0492,800 S HARVARD BLVD,Los Angeles,CA,90005,CA,Los Angeles,,incorporated,"Los Angeles, CA",verified,"Census Geocoder/TIGER-Line; matched_address=800 S HARVARD BLVD, LOS ANGELES, CA, 90005; place_geoid=0644000; benchmark=Public_AR_Current",2026-10-04T00:49:15+00:00,Existing legal city/state match Census/TIGERweb incorporated-place boundaries.,2019,verified,original:LA County eGIS parcels; public_parcel:LA County eGIS parcels,Original and public parcel values agree.,,131,131,131,exact,verified,original units; official use-code mapping; use-description interpretation; current public parcel lookup,Compatible evidence supports an exact unit count of 131. Evidence: reported_units=131; use_code_range=5..; use_description_range=5..; public_parcel_units=131.,multifamily_residential,verified,official use-code mapping; use-description interpretation,Use code and use description agree on multifamily_residential.,0551,Multi-Family Residence; five or more apartments or units; 5 stories or more; pool,verified_official_codebook,Five or more apartments,Five or more apartments,interpreted_explicit_range,"{""use_code"": ""5 stories or more; pool"", ""use_description"": """"}",LA County eGIS parcels,2026-10-01T22:50Z,unique,resolved,2026-10-04T02:11:41+00:00,2026-10-01,processed,2026-10-04T02:41:38+00:00
A0493,4450 GEARY BL,San Francisco,CA,,CA,San Francisco,,incorporated,"San Francisco, CA",verified,"Census Geocoder/TIGER-Line; matched_address=4450 GEARY BLVD, SAN FRANCISCO, CA, 94118; place_geoid=0667000; benchmark=Public_AR_Current",2026-10-04T00:49:15+00:00,Existing legal city/state match Census/TIGERweb incorporated-place boundaries.,1916,verified,original:DataSF wv5m-vpq2 (2025 roll); public_parcel:DataSF wv5m-vpq2 (2025 roll),Original and public parcel values agree.,,10,10,10,exact,verified,original units; official use-code mapping; use-description interpretation; current public parcel lookup,Compatible evidence supports an exact unit count of 10. Evidence: reported_units=10; use_code_range=5..14; use_description_range=5..14; public_parcel_units=10.,multifamily_residential,verified,official use-code mapping; use-description interpretation,Use code and use description agree on multifamily_residential.,A5,Apartment 5 to 14 units,verified_government_published_codebook,Apartment 5 to 14 Units,Apartment property with 5 to 14 units,interpreted_explicit_range,"{""use_code"": """", ""use_description"": """"}",DataSF wv5m-vpq2 (2025 roll),2026-10-01T22:50Z,multiple_candidates,resolved,2026-10-04T02:11:41+00:00,2026-10-01,processed,2026-10-04T02:41:38+00:00
A0494,2641 FRANKLIN ST,San Francisco,CA,,CA,San Francisco,,incorporated,"San Francisco, CA",verified,"Census Geocoder/TIGER-Line; matched_address=2641 FRANKLIN ST, SAN FRANCISCO, CA, 94123; place_geoid=0667000; benchmark=Public_AR_Current",2026-10-04T00:49:15+00:00,Existing legal city/state match Census/TIGERweb incorporated-place boundaries.,1923,verified,original:DataSF wv5m-vpq2 (2025 roll); public_parcel:DataSF wv5m-vpq2 (2025 roll),Original and public parcel values agree.,,6,6,6,exact,verified,original units; official use-code mapping; use-description interpretation; current public parcel lookup,Compatible evidence supports an exact unit count of 6. Evidence: reported_units=6; use_code_range=5..14; use_description_range=5..14; public_parcel_units=6.,multifamily_residential,verified,official use-code mapping; use-description interpretation,Use code and use description agree on multifamily_residential.,A5,Apartment 5 to 14 units,verified_government_published_codebook,Apartment 5 to 14 Units,Apartment property with 5 to 14 units,interpreted_explicit_range,"{""use_code"": """", ""use_description"": """"}",DataSF wv5m-vpq2 (2025 roll),2026-10-01T22:50Z,multiple_candidates,resolved,2026-10-04T02:11:41+00:00,2026-10-01,processed,2026-10-04T02:41:38+00:00
A0495,230 VAN HORNE ST.,Jersey City,NJ,11219,NJ,Jersey City,,incorporated,"Jersey City, NJ",verified,"Census Geocoder/TIGER-Line; matched_address=230 VAN HORNE ST, JERSEY CITY, NJ, 07304; place_geoid=3436000; benchmark=Public_AR_Current",2026-10-04T00:49:15+00:00,Existing legal city/state match Census/TIGERweb incorporated-place boundaries.,1895,verified,original:NJOGIS Parcels & MOD-IV Composite; public_parcel:NJOGIS Parcels & MOD-IV Composite,Original and public parcel values agree.,,6,6,6,exact,verified,official use-code mapping; use-description interpretation,Compatible evidence supports an exact unit count of 6. Evidence: use_code_range=5..; use_description_range=6..6.,multifamily_residential,verified,official use-code mapping; use-description interpretation,Use code and use description agree on multifamily_residential.,4C,Apartments; class 4C; 5 units or more,verified_official_codebook,3S-B-D-6U-NH,Building description explicitly indicates 6 units,parsed_explicit_unit_count,"{""use_code"": ""New Jersey property tax class 4C"", ""use_description"": ""Stories indicated: 3; No heat indicated""}",NJOGIS Parcels & MOD-IV Composite,2026-10-01T22:50Z,unique,resolved,2026-10-04T02:11:41+00:00,2026-10-01,processed,2026-10-04T02:41:38+00:00
A0496,512 32ND ST,San Diego,CA,92102,CA,San Diego,,incorporated,"San Diego, CA",verified,"Census Geocoder/TIGER-Line; matched_address=512 32ND ST, SAN DIEGO, CA, 92102; place_geoid=0666000; benchmark=Public_AR_Current",2026-10-04T00:49:15+00:00,Existing legal city/state match Census/TIGERweb incorporated-place boundaries.,unknown,unknown,none,No usable year-built value was available from either source. Public parcel reported an unusable year value (40); it was not inferred or expanded.,,8,8,8,exact,verified,original units; official use-code mapping; use-description interpretation; current public parcel lookup,Compatible evidence supports an exact unit count of 8. Evidence: reported_units=8; use_code_range=5..15; use_description_range=5..; public_parcel_units=8.,multifamily_residential,verified,official use-code mapping; use-description interpretation,Use code and use description agree on multifamily_residential.,14,MULTIPLE 5 TO 15 UNITS-GENERIC,verified_government_dataset_documentation,SANDAG asr_landuse 14-16 (5+ units),Multiple-residential property in an ASR_LANDUSE category representing 5 or more units,interpreted_explicit_range,"{""use_code"": ""Generic multiple-residential classification"", ""use_description"": ""ASR_LANDUSE family 14-16""}",SANDAG/SanGIS parcels,2026-10-01T22:50Z,unique,resolved,2026-10-04T02:11:41+00:00,2026-10-01,processed,2026-10-04T02:41:38+00:00
A0497,3750 29TH ST,San Diego,CA,92104,CA,San Diego,,incorporated,"San Diego, CA",verified,"Census Geocoder/TIGER-Line; matched_address=3750 29TH ST, SAN DIEGO, CA, 92104; place_geoid=0666000; benchmark=Public_AR_Current",2026-10-04T00:49:15+00:00,Existing legal city/state match Census/TIGERweb incorporated-place boundaries.,unknown,unknown,none,No usable year-built value was available from either source.,,5,5,5,exact,verified,original units; official use-code mapping; use-description interpretation,Compatible evidence supports an exact unit count of 5. Evidence: reported_units=5; use_code_range=5..15; use_description_range=5...,multifamily_residential,verified,official use-code mapping; use-description interpretation,Use code and use description agree on multifamily_residential.,14,MULTIPLE 5 TO 15 UNITS-GENERIC,verified_government_dataset_documentation,SANDAG asr_landuse 14-16 (5+ units),Multiple-residential property in an ASR_LANDUSE category representing 5 or more units,interpreted_explicit_range,"{""use_code"": ""Generic multiple-residential classification"", ""use_description"": ""ASR_LANDUSE family 14-16""}",SANDAG/SanGIS parcels,2026-10-01T22:50Z,unresolved_candidates,unknown,2026-10-04T02:11:41+00:00,2026-10-01,processed,2026-10-04T02:41:38+00:00
A0498,684-686 SUMMER AVE,Newark,NJ,07644,NJ,Newark,,incorporated,"Newark, NJ",verified,"Census Geocoder/TIGER-Line; matched_address=686 SUMMER AVE, NEWARK, NJ, 07104; place_geoid=3451000; benchmark=Public_AR_Current",2026-10-04T00:49:15+00:00,Existing legal city/state match Census/TIGERweb incorporated-place boundaries.,unknown,unknown,none,No usable year-built value was available from either source.,,unknown,,,unknown,conflict,official use-code mapping; current public parcel lookup,Unit evidence conflicts; final value is unknown. Evidence: use_code_range=5..; public_parcel_units=1.,multifamily_residential,verified,official use-code mapping; use-description interpretation,One property-use source is available: use code=multifamily_residential.,4C,Apartments; class 4C; 5 units or more,verified_official_codebook,3SB,Building-description shorthand; no reliable unit count can be extracted from the description alone,insufficient_description_for_unit_count,"{""use_code"": ""New Jersey property tax class 4C"", ""use_description"": ""Stories indicated: 3""}",NJOGIS Parcels & MOD-IV Composite,2026-10-01T22:50Z,unique,resolved,2026-10-04T02:11:41+00:00,2026-10-01,processed,2026-10-04T02:41:38+00:00
A0499,8519 WILLIS AVE,Los Angeles,CA,91402,CA,Los Angeles,,incorporated,"Los Angeles, CA",verified,"Census Geocoder/TIGER-Line; matched_address=8519 WILLIS AVE, PANORAMA CITY, CA, 91402; place_geoid=0644000; benchmark=Public_AR_Current",2026-10-04T00:49:15+00:00,Existing legal city/state match Census/TIGERweb incorporated-place boundaries.,1962,verified,original:LA County eGIS parcels; public_parcel:LA County eGIS parcels,Original and public parcel values agree.,,33,33,33,exact,verified,original units; official use-code mapping; use-description interpretation; current public parcel lookup,Compatible evidence supports an exact unit count of 33. Evidence: reported_units=33; use_code_range=5..; use_description_range=5..; public_parcel_units=33.,multifamily_residential,verified,official use-code mapping; use-description interpretation,Use code and use description agree on multifamily_residential.,0501,Multi-Family Residence; five or more apartments or units; 4 stories or less; pool,verified_official_codebook,Five or more apartments,Five or more apartments,interpreted_explicit_range,"{""use_code"": ""4 stories or less; pool"", ""use_description"": """"}",LA County eGIS parcels,2026-10-01T22:50Z,unique,resolved,2026-10-04T02:11:41+00:00,2026-10-01,processed,2026-10-04T02:41:38+00:00
A0500,8811 BURNET AVE,Los Angeles,CA,91343,CA,Los Angeles,,incorporated,"Los Angeles, CA",verified,"Census Geocoder/TIGER-Line; matched_address=8811 BURNET AVE, NORTH HILLS, CA, 91343; place_geoid=0644000; benchmark=Public_AR_Current",2026-10-04T00:49:15+00:00,Existing legal city/state match Census/TIGERweb incorporated-place boundaries.,1954,verified,original:LA County eGIS parcels; public_parcel:LA County eGIS parcels,Original and public parcel values agree.,,36,36,36,exact,verified,original units; official use-code mapping; use-description interpretation; current public parcel lookup,Compatible evidence supports an exact unit count of 36. Evidence: reported_units=36; use_code_range=5..; use_description_range=5..; public_parcel_units=36.,multifamily_residential,verified,official use-code mapping; use-description interpretation,Use code and use description agree on multifamily_residential.,0500,Multi-Family Residence; five or more apartments or units; 4 stories or less; final character unused or unknown,verified_official_codebook,Five or more apartments,Five or more apartments,interpreted_explicit_range,"{""use_code"": ""4 stories or less"", ""use_description"": """"}",LA County eGIS parcels,2026-10-01T22:50Z,unique,resolved,2026-10-04T02:11:41+00:00,2026-10-01,processed,2026-10-04T02:41:38+00:00
