address_id,street_address,postal_city,state,zip,source_dataset,parcel_match_status,parcel_candidate_count,parcel_id,parcel_address,parcel_city,parcel_zip,parcel_year_built_raw,parcel_year_built_field,parcel_units_raw,parcel_units_field,parcel_use_code_raw,parcel_use_code_field,parcel_use_description_raw,parcel_use_description_field,source_url,source_version,retrieved_at,match_note
A0001,6238 DE LONGPRE AVE,Los Angeles,CA,90028,LA County eGIS parcels,unique,1,5546022008,6238 DE LONGPRE AVE LOS ANGELES CA 90028,LOS ANGELES CA,90028-8265,1927,YearBuilt1,32,Units1,0500,UseCode,Five or more apartments,UseDescription,https://cache.gis.lacounty.gov/cache/rest/services/LACounty_Cache/LACounty_Parcel/FeatureServer/0,2026,2026-10-04T01:51:09+00:00,
A0002,1031-1035 CLINTON ST,Hoboken,NJ,07030,NJOGIS Parcels & MOD-IV Composite,unique,1,0905_162_4,1031-1035 CLINTON ST,HOBOKEN CITY,07030,2001,YR_CONSTR,20,DWELL/COMM_DWELL,4C,PROP_CLASS,,PROP_USE,https://services2.arcgis.com/XVOqAjTOJ5P6ngMu/arcgis/rest/services/Parcels_Composite_NJ_WM/FeatureServer/0,1761714000000,2026-10-04T01:51:10+00:00,
A0003,876-878 S 14TH ST,Newark,NJ,11219,NJOGIS Parcels & MOD-IV Composite,ambiguous,2,0714_3010_57,876-878 S 15TH ST,NEWARK CITY,11205,1907,YR_CONSTR,2,DWELL/COMM_DWELL,2,PROP_CLASS,,PROP_USE,https://services2.arcgis.com/XVOqAjTOJ5P6ngMu/arcgis/rest/services/Parcels_Composite_NJ_WM/FeatureServer/0,1772427600000,2026-10-04T01:51:10+00:00,
A0004,10050 MOUNTAIR AVE,Los Angeles,CA,91042,LA County eGIS parcels,unique,1,2568009025,10050 MOUNTAIR AVE LOS ANGELES CA 91042,LOS ANGELES CA,91042-3676,1964,YearBuilt1,39,Units1,0500,UseCode,Five or more apartments,UseDescription,https://cache.gis.lacounty.gov/cache/rest/services/LACounty_Cache/LACounty_Parcel/FeatureServer/0,2026,2026-10-04T01:51:11+00:00,
A0005,1609 ADDISON ST,Berkeley,CA,94703,Alameda County parcels,unique,1,056 200401500,1609 ADDISON ST BERKELEY 94703,BERKELEY,94703,,YearBuilt,6,Units,7700,UseCode,,,https://gis.cityofberkeley.info/arcgis3/rest/services/Public/GISPortal/MapServer/1,current,2026-10-04T01:51:12+00:00,
A0006,69-71 WESTLAND AV,Boston,MA,02115,Boston Property Assessment FY2026,unique,1,0401466000,69 WESTLAND AV  ,Boston,02115,1900,YR_BUILT,,RES_UNITS,A,LU,SUBSD HOUSING S- 8,LU_DESC,https://data.boston.gov/dataset/e02c44d2-3c64-459c-8fe2-e1ce5f38a035/resource/ee73430d-96c0-423e-ad21-c4cfb54c8961/download/fy2026-property-assessment-data_rev.csv,FY2026,2026-10-04T01:51:12+00:00,
A0007,4257 SAN PEDRO PL,Los Angeles,CA,90011,LA County eGIS parcels,unique,1,5113034020,4257 SAN PEDRO PL LOS ANGELES CA 90011,LOS ANGELES CA,90011-2917,1913,YearBuilt1,4,Units1,0500,UseCode,Five or more apartments,UseDescription,https://cache.gis.lacounty.gov/cache/rest/services/LACounty_Cache/LACounty_Parcel/FeatureServer/0,2026,2026-10-04T01:51:13+00:00,
A0008,1065 SUMMIT AVENUE,Jersey City,NJ,78746,NJOGIS Parcels & MOD-IV Composite,unique,1,0906_2102_4,1065 SUMMIT AVENUE,JERSEY CITY CITY,78746,,YR_CONSTR,,DWELL/COMM_DWELL,4C,PROP_CLASS,021,PROP_USE,https://services2.arcgis.com/XVOqAjTOJ5P6ngMu/arcgis/rest/services/Parcels_Composite_NJ_WM/FeatureServer/0,1761714000000,2026-10-04T01:51:14+00:00,
A0009,322-322.5 Western Ave,Cambridge,MA,,Cambridge Property Database FY2026 (waa7-ibdu),unique,1,126-3,322-322.5 Western Ave,Cambridge,,1915,condition_yearbuilt,6,interior_numunits,111,stateclasscode,4-8-UNIT-APT,propertyclass/exterior_occupancy,https://data.cambridgema.gov/resource/waa7-ibdu.json,2026,2026-10-04T01:51:14+00:00,
A0010,134 Oxford St,Cambridge,MA,,Cambridge Property Database FY2026 (waa7-ibdu),unique,1,151-70,134 Oxford St,Cambridge,,1915,condition_yearbuilt,6,interior_numunits,111,stateclasscode,4-8-UNIT-APT,propertyclass/exterior_occupancy,https://data.cambridgema.gov/resource/waa7-ibdu.json,2026,2026-10-04T01:51:15+00:00,
A0011,834-836 RAYMOND BLVD,Newark,NJ,08805,NJOGIS Parcels & MOD-IV Composite,unique,1,0714_2003_12,834-836 RAYMOND BLVD,NEWARK CITY,08805,,YR_CONSTR,1,DWELL/COMM_DWELL,4C,PROP_CLASS,029,PROP_USE,https://services2.arcgis.com/XVOqAjTOJ5P6ngMu/arcgis/rest/services/Parcels_Composite_NJ_WM/FeatureServer/0,1772427600000,2026-10-04T01:51:16+00:00,
A0012,1064 SUMMIT AVE.,Jersey City,NJ,07728,NJOGIS Parcels & MOD-IV Composite,unique,1,0906_1502_3,1064 SUMMIT AVE.,JERSEY CITY CITY,07728,1900,YR_CONSTR,,DWELL/COMM_DWELL,4C,PROP_CLASS,029,PROP_USE,https://services2.arcgis.com/XVOqAjTOJ5P6ngMu/arcgis/rest/services/Parcels_Composite_NJ_WM/FeatureServer/0,1761714000000,2026-10-04T01:51:16+00:00,
A0013,137 N 11TH ST,Newark,NJ,07107,NJOGIS Parcels & MOD-IV Composite,unique,1,0714_1927_56,137 N 11TH ST,NEWARK CITY,07107,,YR_CONSTR,1,DWELL/COMM_DWELL,4C,PROP_CLASS,029,PROP_USE,https://services2.arcgis.com/XVOqAjTOJ5P6ngMu/arcgis/rest/services/Parcels_Composite_NJ_WM/FeatureServer/0,1772427600000,2026-10-04T01:51:16+00:00,
A0014,5907 CAHUENGA BLVD,Los Angeles,CA,91601,LA County eGIS parcels,unique,1,2415014010,5907 CAHUENGA BLVD LOS ANGELES CA 91601,LOS ANGELES CA,91601-1506,1947,YearBuilt1,7,Units1,0500,UseCode,Five or more apartments,UseDescription,https://cache.gis.lacounty.gov/cache/rest/services/LACounty_Cache/LACounty_Parcel/FeatureServer/0,2026,2026-10-04T01:51:16+00:00,
A0015,15 Everett St,Cambridge,MA,,Cambridge Property Database FY2026 (waa7-ibdu),unique,1,157-51,15 Everett St,Cambridge,,1930,condition_yearbuilt,83,interior_numunits,112,stateclasscode,>8-UNIT-APT,propertyclass/exterior_occupancy,https://data.cambridgema.gov/resource/waa7-ibdu.json,2026,2026-10-04T01:51:17+00:00,
A0016,3515 FILLMORE ST,San Francisco,CA,,DataSF wv5m-vpq2 (2025 roll),ambiguous,19,0467A014,0000 3515 FILLMORE            ST0000,San Francisco,,1926,year_property_built,21.0,number_of_units,MRES,use_code,Multi-Family Residential,use_definition,https://data.sfgov.org/resource/wv5m-vpq2.json,2025,2026-10-04T01:51:17+00:00,
A0017,225 DUNCAN AVE.,Jersey City,NJ,10949,NJOGIS Parcels & MOD-IV Composite,unique,1,0906_16101_17,225 DUNCAN AVE.,JERSEY CITY CITY,10949,,YR_CONSTR,,DWELL/COMM_DWELL,4C,PROP_CLASS,029,PROP_USE,https://services2.arcgis.com/XVOqAjTOJ5P6ngMu/arcgis/rest/services/Parcels_Composite_NJ_WM/FeatureServer/0,1761714000000,2026-10-04T01:51:21+00:00,
A0018,1906 BONITA AVE,Berkeley,CA,94704,Alameda County parcels,unique,1,057 205800500,1906 BONITA AVE BERKELEY 94704,BERKELEY,94704,,YearBuilt,5,Units,7200,UseCode,,,https://gis.cityofberkeley.info/arcgis3/rest/services/Public/GISPortal/MapServer/1,current,2026-10-04T01:51:21+00:00,
A0019,3820 HAINES ST,San Diego,CA,92109,SANDAG/SanGIS parcels,unique,1,4234241500,3820 HAINES ST,SAN DIEGO,92109-6367,62,year_effective,16,unitqty,15,asr_landuse,,,https://geo.sandag.org/server/rest/services/hosted/Parcels/FeatureServer/0,current,2026-10-04T01:51:21+00:00,
A0020,646-648 N 6TH ST,Newark,NJ,07083,NJOGIS Parcels & MOD-IV Composite,unique,1,0714_641_5.01,646-648 N 6TH ST,NEWARK CITY,07083,,YR_CONSTR,1,DWELL/COMM_DWELL,4C,PROP_CLASS,029,PROP_USE,https://services2.arcgis.com/XVOqAjTOJ5P6ngMu/arcgis/rest/services/Parcels_Composite_NJ_WM/FeatureServer/0,1772427600000,2026-10-04T01:51:22+00:00,
A0021,22 PRECITA AV,San Francisco,CA,,DataSF wv5m-vpq2 (2025 roll),ambiguous,12,5518021,0000 0022 PRECITA             AV0000,San Francisco,,1963,year_property_built,6.0,number_of_units,MRES,use_code,Multi-Family Residential,use_definition,https://data.sfgov.org/resource/wv5m-vpq2.json,2025,2026-10-04T01:51:22+00:00,
A0022,10908 HARTSOOK ST,Los Angeles,CA,91601,LA County eGIS parcels,unique,1,2419002027,10908 HARTSOOK ST LOS ANGELES CA 91601,LOS ANGELES CA,91601-3961,2012,YearBuilt1,5,Units1,0500,UseCode,Five or more apartments,UseDescription,https://cache.gis.lacounty.gov/cache/rest/services/LACounty_Cache/LACounty_Parcel/FeatureServer/0,2026,2026-10-04T01:51:24+00:00,
A0023,843 IROLO ST,Los Angeles,CA,90005,LA County eGIS parcels,unique,1,5094020029,843 IROLO ST LOS ANGELES CA 90005,LOS ANGELES CA,90005-2465,1987,YearBuilt1,33,Units1,0500,UseCode,Five or more apartments,UseDescription,https://cache.gis.lacounty.gov/cache/rest/services/LACounty_Cache/LACounty_Parcel/FeatureServer/0,2026,2026-10-04T01:51:25+00:00,
A0024,227 Charles St,Cambridge,MA,,Cambridge Property Database FY2026 (waa7-ibdu),unique,1,26-170,227 Charles St,Cambridge,,1920,condition_yearbuilt,6,interior_numunits,111,stateclasscode,4-8-UNIT-APT,propertyclass/exterior_occupancy,https://data.cambridgema.gov/resource/waa7-ibdu.json,2026,2026-10-04T01:51:26+00:00,
A0025,2341 8TH ST,Berkeley,CA,94710,Alameda County parcels,unique,1,056 193702001,2341 8TH ST BERKELEY 94710,BERKELEY,94710,,YearBuilt,10,Units,7700,UseCode,,,https://gis.cityofberkeley.info/arcgis3/rest/services/Public/GISPortal/MapServer/1,current,2026-10-04T01:51:27+00:00,
A0026,59 OAK ST.,Jersey City,NJ,07306,NJOGIS Parcels & MOD-IV Composite,unique,1,0906_19503_34,59 OAK ST.,JERSEY CITY CITY,07306,1901,YR_CONSTR,,DWELL/COMM_DWELL,4C,PROP_CLASS,,PROP_USE,https://services2.arcgis.com/XVOqAjTOJ5P6ngMu/arcgis/rest/services/Parcels_Composite_NJ_WM/FeatureServer/0,1761714000000,2026-10-04T01:51:27+00:00,
A0027,3918 FULTON ST,San Francisco,CA,,DataSF wv5m-vpq2 (2025 roll),ambiguous,38,1658015A,0000 3918 FULTON              ST0000,San Francisco,,1923,year_property_built,6.0,number_of_units,MRES,use_code,Multi-Family Residential,use_definition,https://data.sfgov.org/resource/wv5m-vpq2.json,2018,2026-10-04T01:51:27+00:00,
A0028,585 5TH ST,Newark,NJ,07107,NJOGIS Parcels & MOD-IV Composite,ambiguous,2,0714_597_50,585 N 6TH ST,NEWARK CITY,07107,1910,YR_CONSTR,3,DWELL/COMM_DWELL,2,PROP_CLASS,,PROP_USE,https://services2.arcgis.com/XVOqAjTOJ5P6ngMu/arcgis/rest/services/Parcels_Composite_NJ_WM/FeatureServer/0,1772427600000,2026-10-04T01:51:32+00:00,
A0029,280-284 VERONA AVE,Newark,NJ,07653,NJOGIS Parcels & MOD-IV Composite,unique,1,0714_810_1,280-284 VERONA AVE,NEWARK CITY,07653,,YR_CONSTR,1,DWELL/COMM_DWELL,4C,PROP_CLASS,029,PROP_USE,https://services2.arcgis.com/XVOqAjTOJ5P6ngMu/arcgis/rest/services/Parcels_Composite_NJ_WM/FeatureServer/0,1772427600000,2026-10-04T01:51:32+00:00,
A0030,2051 DIVISADERO ST,San Francisco,CA,,DataSF wv5m-vpq2 (2025 roll),ambiguous,19,1025002,2053 2051 DIVISADERO          ST0000,San Francisco,,1908,year_property_built,5.0,number_of_units,MRES,use_code,Multi-Family Residential,use_definition,https://data.sfgov.org/resource/wv5m-vpq2.json,2014,2026-10-04T01:51:32+00:00,
A0031,5624 S SAN PEDRO ST,Los Angeles,CA,90011,LA County eGIS parcels,unique,1,5101009039,5624 S SAN PEDRO ST LOS ANGELES CA 90011,LOS ANGELES CA,90011-5136,1911,YearBuilt1,1,Units1,0500,UseCode,Five or more apartments,UseDescription,https://cache.gis.lacounty.gov/cache/rest/services/LACounty_Cache/LACounty_Parcel/FeatureServer/0,2026,2026-10-04T01:51:36+00:00,
A0032,63 OAK ST.,Jersey City,NJ,08820,NJOGIS Parcels & MOD-IV Composite,unique,1,0906_19503_32,63 OAK ST.,JERSEY CITY CITY,08820,,YR_CONSTR,,DWELL/COMM_DWELL,4C,PROP_CLASS,,PROP_USE,https://services2.arcgis.com/XVOqAjTOJ5P6ngMu/arcgis/rest/services/Parcels_Composite_NJ_WM/FeatureServer/0,1761714000000,2026-10-04T01:51:37+00:00,
A0033,1260 KEARNY ST,San Francisco,CA,,DataSF wv5m-vpq2 (2025 roll),ambiguous,19,0133028,0000 1260 KEARNY              ST0000,San Francisco,,1910,year_property_built,5.0,number_of_units,MRES,use_code,Multi-Family Residential,use_definition,https://data.sfgov.org/resource/wv5m-vpq2.json,2025,2026-10-04T01:51:37+00:00,
A0034,25 Gore St,Cambridge,MA,,Cambridge Property Database FY2026 (waa7-ibdu),unique,1,20-12,25 Gore St,Cambridge,,1886,condition_yearbuilt,6,interior_numunits,111,stateclasscode,4-8-UNIT-APT,propertyclass/exterior_occupancy,https://data.cambridgema.gov/resource/waa7-ibdu.json,2026,2026-10-04T01:51:38+00:00,
A0035,5239 HARMONY AVE,Los Angeles,CA,91601,LA County eGIS parcels,unique,1,2416009031,5239 HARMONY AVE LOS ANGELES CA 91601,LOS ANGELES CA,91601-5532,1997,YearBuilt1,14,Units1,0500,UseCode,Five or more apartments,UseDescription,https://cache.gis.lacounty.gov/cache/rest/services/LACounty_Cache/LACounty_Parcel/FeatureServer/0,2026,2026-10-04T01:51:39+00:00,
A0036,33 WARD ST,South Boston,MA,02127,Boston Property Assessment FY2026,unique,1,0700676000,33 WARD ST  ,Boston,02127,2019,YR_BUILT,,RES_UNITS,A,LU,APT 7-30 UNITS,LU_DESC,https://data.boston.gov/dataset/e02c44d2-3c64-459c-8fe2-e1ce5f38a035/resource/ee73430d-96c0-423e-ad21-c4cfb54c8961/download/fy2026-property-assessment-data_rev.csv,FY2026,2026-10-04T01:51:40+00:00,
A0037,770 IROLO ST,Los Angeles,CA,90005,LA County eGIS parcels,unique,1,5094004010,770 IROLO ST LOS ANGELES CA 90005,LOS ANGELES CA,90005-2370,2001,YearBuilt1,47,Units1,0500,UseCode,Five or more apartments,UseDescription,https://cache.gis.lacounty.gov/cache/rest/services/LACounty_Cache/LACounty_Parcel/FeatureServer/0,2026,2026-10-04T01:51:40+00:00,
A0038,154 YUKON ST,San Francisco,CA,,DataSF wv5m-vpq2 (2025 roll),ambiguous,19,2716057,0160 0154 YUKON               ST0000,San Francisco,,1908,year_property_built,5.0,number_of_units,MRES,use_code,Multi-Family Residential,use_definition,https://data.sfgov.org/resource/wv5m-vpq2.json,2022,2026-10-04T01:51:41+00:00,
A0039,1 Craigie St,Cambridge,MA,,Cambridge Property Database FY2026 (waa7-ibdu),unique,1,224-12,1 Craigie St,Cambridge,,1910,condition_yearbuilt,32,interior_numunits,112,stateclasscode,>8-UNIT-APT,propertyclass/exterior_occupancy,https://data.cambridgema.gov/resource/waa7-ibdu.json,2026,2026-10-04T01:51:43+00:00,
A0040,69-75 JACKSON ST,Hoboken,NJ,07030,NJOGIS Parcels & MOD-IV Composite,unique,1,0905_15_5,69-75 JACKSON ST,HOBOKEN CITY,07030,,YR_CONSTR,31,DWELL/COMM_DWELL,4C,PROP_CLASS,,PROP_USE,https://services2.arcgis.com/XVOqAjTOJ5P6ngMu/arcgis/rest/services/Parcels_Composite_NJ_WM/FeatureServer/0,1761714000000,2026-10-04T01:51:43+00:00,
A0041,122 TIFFANY AV,San Francisco,CA,,DataSF wv5m-vpq2 (2025 roll),ambiguous,19,6597007S,0144 0122 TIFFANY             AV0000,San Francisco,,1900,year_property_built,12.0,number_of_units,MRES,use_code,Multi-Family Residential,use_definition,https://data.sfgov.org/resource/wv5m-vpq2.json,2012,2026-10-04T01:51:44+00:00,
A0042,320 FORREST ST.,Jersey City,NJ,07304,NJOGIS Parcels & MOD-IV Composite,unique,1,0906_19503_44,320 FORREST ST.,JERSEY CITY CITY,07304,1912,YR_CONSTR,,DWELL/COMM_DWELL,4C,PROP_CLASS,,PROP_USE,https://services2.arcgis.com/XVOqAjTOJ5P6ngMu/arcgis/rest/services/Parcels_Composite_NJ_WM/FeatureServer/0,1761714000000,2026-10-04T01:51:46+00:00,
A0043,4 Orchard St,Cambridge,MA,,Cambridge Property Database FY2026 (waa7-ibdu),unique,1,179-38,4 Orchard St,Cambridge,,1920,condition_yearbuilt,6,interior_numunits,111,stateclasscode,4-8-UNIT-APT,propertyclass/exterior_occupancy,https://data.cambridgema.gov/resource/waa7-ibdu.json,2026,2026-10-04T01:51:46+00:00,
A0044,773-775 SANDFORD AVE,Newark,NJ,11211,NJOGIS Parcels & MOD-IV Composite,unique,1,0714_4132_3,773-775 SANDFORD AVE,NEWARK CITY,11211,,YR_CONSTR,1,DWELL/COMM_DWELL,4C,PROP_CLASS,100,PROP_USE,https://services2.arcgis.com/XVOqAjTOJ5P6ngMu/arcgis/rest/services/Parcels_Composite_NJ_WM/FeatureServer/0,1772427600000,2026-10-04T01:51:46+00:00,
A0045,12829 BRANFORD ST,Los Angeles,CA,91331,LA County eGIS parcels,unique,1,2626014030,12829 BRANFORD ST LOS ANGELES CA 91331,LOS ANGELES CA,91331-4206,1987,YearBuilt1,65,Units1,0501,UseCode,Five or more apartments,UseDescription,https://cache.gis.lacounty.gov/cache/rest/services/LACounty_Cache/LACounty_Parcel/FeatureServer/0,2026,2026-10-04T01:51:46+00:00,
A0046,8-12 Soden St,Cambridge,MA,,Cambridge Property Database FY2026 (waa7-ibdu),unique,1,124-91,8-12 Soden St,Cambridge,,1975,condition_yearbuilt,44,interior_numunits,112,stateclasscode,>8-UNIT-APT,propertyclass/exterior_occupancy,https://data.cambridgema.gov/resource/waa7-ibdu.json,2026,2026-10-04T01:51:47+00:00,
A0047,14 RUTGERS AVE.,Jersey City,NJ,07304,NJOGIS Parcels & MOD-IV Composite,unique,1,0906_28201_24,14 RUTGERS AVE.,JERSEY CITY CITY,07304,1913,YR_CONSTR,,DWELL/COMM_DWELL,4C,PROP_CLASS,,PROP_USE,https://services2.arcgis.com/XVOqAjTOJ5P6ngMu/arcgis/rest/services/Parcels_Composite_NJ_WM/FeatureServer/0,1761714000000,2026-10-04T01:51:48+00:00,
A0048,1619 COMMONWEALTH AV,Brighton,MA,02135,Boston Property Assessment FY2026,unique,1,2101918000,1619 COMMONWEALTH AV  ,Boston,02135,1899,YR_BUILT,,RES_UNITS,A,LU,APT 7-30 UNITS,LU_DESC,https://data.boston.gov/dataset/e02c44d2-3c64-459c-8fe2-e1ce5f38a035/resource/ee73430d-96c0-423e-ad21-c4cfb54c8961/download/fy2026-property-assessment-data_rev.csv,FY2026,2026-10-04T01:51:48+00:00,
A0049,721 CLINTON ST,Hoboken,NJ,07856,NJOGIS Parcels & MOD-IV Composite,unique,1,0905_159_7,721 CLINTON ST,HOBOKEN CITY,07856,,YR_CONSTR,,DWELL/COMM_DWELL,4C,PROP_CLASS,029,PROP_USE,https://services2.arcgis.com/XVOqAjTOJ5P6ngMu/arcgis/rest/services/Parcels_Composite_NJ_WM/FeatureServer/0,1761714000000,2026-10-04T01:51:49+00:00,
A0050,36 HOFF ST,San Francisco,CA,,DataSF wv5m-vpq2 (2025 roll),ambiguous,19,3569088,0000 0036 HOFF                ST0000,San Francisco,,1986,year_property_built,49.0,number_of_units,MRES,use_code,Multi-Family Residential,use_definition,https://data.sfgov.org/resource/wv5m-vpq2.json,2020,2026-10-04T01:51:49+00:00,
A0051,65 OAKLAND AVE.,Jersey City,NJ,07423,NJOGIS Parcels & MOD-IV Composite,unique,1,0906_5701_11,65 OAKLAND AVE.,JERSEY CITY CITY,07423,1,YR_CONSTR,,DWELL/COMM_DWELL,4C,PROP_CLASS,,PROP_USE,https://services2.arcgis.com/XVOqAjTOJ5P6ngMu/arcgis/rest/services/Parcels_Composite_NJ_WM/FeatureServer/0,1761714000000,2026-10-04T01:51:53+00:00,
A0052,88 Gardner ST,Allston,MA,02134,Boston Property Assessment FY2026,unique,1,2100538000,88 Gardner ST  ,Boston,02134,1965,YR_BUILT,,RES_UNITS,A,LU,APT 7-30 UNITS,LU_DESC,https://data.boston.gov/dataset/e02c44d2-3c64-459c-8fe2-e1ce5f38a035/resource/ee73430d-96c0-423e-ad21-c4cfb54c8961/download/fy2026-property-assessment-data_rev.csv,FY2026,2026-10-04T01:51:53+00:00,
A0053,32 Garrison ST,Boston,MA,02116,Boston Property Assessment FY2026,unique,1,0400972000,32 Garrison ST  ,Boston,02116,1990,YR_BUILT,,RES_UNITS,A,LU,LUXURY APARTMENT,LU_DESC,https://data.boston.gov/dataset/e02c44d2-3c64-459c-8fe2-e1ce5f38a035/resource/ee73430d-96c0-423e-ad21-c4cfb54c8961/download/fy2026-property-assessment-data_rev.csv,FY2026,2026-10-04T01:51:54+00:00,
A0054,13 Shetland ST,Roxbury,MA,02119,Boston Property Assessment FY2026,unique,1,0800437000,13 Shetland ST  ,Boston,02119,2020,YR_BUILT,,RES_UNITS,A,LU,APT 7-30 UNITS,LU_DESC,https://data.boston.gov/dataset/e02c44d2-3c64-459c-8fe2-e1ce5f38a035/resource/ee73430d-96c0-423e-ad21-c4cfb54c8961/download/fy2026-property-assessment-data_rev.csv,FY2026,2026-10-04T01:51:55+00:00,
A0055,305 10TH AV,San Francisco,CA,,DataSF wv5m-vpq2 (2025 roll),ambiguous,7,1442002,0000 0305 10TH                AV0000,San Francisco,,1963,year_property_built,6.0,number_of_units,MRES,use_code,Multi-Family Residential,use_definition,https://data.sfgov.org/resource/wv5m-vpq2.json,2024,2026-10-04T01:51:55+00:00,
A0056,41-43 Edgerly RD,Boston,MA,02115,Boston Property Assessment FY2026,unique,1,0401409000,41 Edgerly RD  ,Boston,02115,1920,YR_BUILT,,RES_UNITS,A,LU,APT 7-30 UNITS,LU_DESC,https://data.boston.gov/dataset/e02c44d2-3c64-459c-8fe2-e1ce5f38a035/resource/ee73430d-96c0-423e-ad21-c4cfb54c8961/download/fy2026-property-assessment-data_rev.csv,FY2026,2026-10-04T01:51:56+00:00,
A0057,57 STONE ST,Newark,NJ,07012,NJOGIS Parcels & MOD-IV Composite,unique,1,0714_485_10,57 STONE ST,NEWARK CITY,07012,,YR_CONSTR,1,DWELL/COMM_DWELL,4C,PROP_CLASS,020,PROP_USE,https://services2.arcgis.com/XVOqAjTOJ5P6ngMu/arcgis/rest/services/Parcels_Composite_NJ_WM/FeatureServer/0,1772427600000,2026-10-04T01:51:57+00:00,
A0058,3137 BOSTON AVE,San Diego,CA,92113,SANDAG/SanGIS parcels,unique,1,5502602600,3137 BOSTON AVE,SAN DIEGO,92113-3745,69,year_effective,7,unitqty,14,asr_landuse,,,https://geo.sandag.org/server/rest/services/hosted/Parcels/FeatureServer/0,current,2026-10-04T01:51:57+00:00,
A0059,84-86 WALNUT ST,Newark,NJ,07078,NJOGIS Parcels & MOD-IV Composite,unique,1,0714_877_21,84-86 WALNUT ST,NEWARK CITY,07078,,YR_CONSTR,1,DWELL/COMM_DWELL,4C,PROP_CLASS,029,PROP_USE,https://services2.arcgis.com/XVOqAjTOJ5P6ngMu/arcgis/rest/services/Parcels_Composite_NJ_WM/FeatureServer/0,1772427600000,2026-10-04T01:51:57+00:00,
A0060,5737 WILLOWCREST AVE,Los Angeles,CA,91601,LA County eGIS parcels,unique,1,2415021020,5737 WILLOWCREST AVE LOS ANGELES CA 91601,LOS ANGELES CA,91601-2124,1962,YearBuilt1,8,Units1,0500,UseCode,Five or more apartments,UseDescription,https://cache.gis.lacounty.gov/cache/rest/services/LACounty_Cache/LACounty_Parcel/FeatureServer/0,2026,2026-10-04T01:51:57+00:00,
A0061,106 18TH AV,San Francisco,CA,,DataSF wv5m-vpq2 (2025 roll),ambiguous,13,1366044,0000 0106 07TH                AV0000,San Francisco,,1909,year_property_built,1.0,number_of_units,SRES,use_code,Single Family Residential,use_definition,https://data.sfgov.org/resource/wv5m-vpq2.json,2022,2026-10-04T01:51:58+00:00,
A0062,77 HOFF ST,San Francisco,CA,,DataSF wv5m-vpq2 (2025 roll),ambiguous,19,3569017D,0081 0077 HOFF                ST0000,San Francisco,,1906,year_property_built,6.0,number_of_units,MRES,use_code,Multi-Family Residential,use_definition,https://data.sfgov.org/resource/wv5m-vpq2.json,2024,2026-10-04T01:51:59+00:00,
A0063,11 Cortes ST,Boston,MA,02116,Boston Property Assessment FY2026,ambiguous,2,0501101000,11 Cortes ST  ,Boston,02116,1899,YR_BUILT,,RES_UNITS,A,LU,APT 7-30 UNITS,LU_DESC,https://data.boston.gov/dataset/e02c44d2-3c64-459c-8fe2-e1ce5f38a035/resource/ee73430d-96c0-423e-ad21-c4cfb54c8961/download/fy2026-property-assessment-data_rev.csv,FY2026,2026-10-04T01:52:02+00:00,
A0064,24-26 Concord Ave,Cambridge,MA,,Cambridge Property Database FY2026 (waa7-ibdu),ambiguous,2,216-34,24-26 Concord Ave,Cambridge,,1890,condition_yearbuilt,84,interior_numunits,112,stateclasscode,>8-UNIT-APT,propertyclass/exterior_occupancy,https://data.cambridgema.gov/resource/waa7-ibdu.json,2026,2026-10-04T01:52:03+00:00,
A0065,63 Bailey ST,Dorchester,MA,02124,Boston Property Assessment FY2026,unique,1,1704522020,63 Bailey ST  ,Boston,02124,,YR_BUILT,,RES_UNITS,A,LU,LUXURY APARTMENT,LU_DESC,https://data.boston.gov/dataset/e02c44d2-3c64-459c-8fe2-e1ce5f38a035/resource/ee73430d-96c0-423e-ad21-c4cfb54c8961/download/fy2026-property-assessment-data_rev.csv,FY2026,2026-10-04T01:52:03+00:00,
A0066,1318 N ORANGE DR,Los Angeles,CA,90028,LA County eGIS parcels,unique,1,5548023103,1318 N ORANGE DR LOS ANGELES CA 90028,LOS ANGELES CA,90028-7559,1988,YearBuilt1,36,Units1,0500,UseCode,Five or more apartments,UseDescription,https://cache.gis.lacounty.gov/cache/rest/services/LACounty_Cache/LACounty_Parcel/FeatureServer/0,2026,2026-10-04T01:52:04+00:00,
A0067,1335 N VISTA ST,Los Angeles,CA,90046,LA County eGIS parcels,unique,1,5550023014,1335 N VISTA ST LOS ANGELES CA 90046,LOS ANGELES CA,90046-4824,1954,YearBuilt1,8,Units1,0500,UseCode,Five or more apartments,UseDescription,https://cache.gis.lacounty.gov/cache/rest/services/LACounty_Cache/LACounty_Parcel/FeatureServer/0,2026,2026-10-04T01:52:05+00:00,
A0068,40-42 Clearway ST,Boston,MA,02115,Boston Property Assessment FY2026,unique,1,0401193000,40 Clearway ST  ,Boston,02115,1920,YR_BUILT,,RES_UNITS,A,LU,APT 7-30 UNITS,LU_DESC,https://data.boston.gov/dataset/e02c44d2-3c64-459c-8fe2-e1ce5f38a035/resource/ee73430d-96c0-423e-ad21-c4cfb54c8961/download/fy2026-property-assessment-data_rev.csv,FY2026,2026-10-04T01:52:06+00:00,
A0069,2277 UNION ST,San Francisco,CA,,DataSF wv5m-vpq2 (2025 roll),ambiguous,19,0539025,2299 2277 UNION               ST0000,San Francisco,,1900,year_property_built,8.0,number_of_units,COMR,use_code,Commercial Retail,use_definition,https://data.sfgov.org/resource/wv5m-vpq2.json,2014,2026-10-04T01:52:06+00:00,
A0070,43 Fayette St,Cambridge,MA,,Cambridge Property Database FY2026 (waa7-ibdu),unique,1,113-47,43 Fayette St,Cambridge,,1910,condition_yearbuilt,7,interior_numunits,111,stateclasscode,4-8-UNIT-APT,propertyclass/exterior_occupancy,https://data.cambridgema.gov/resource/waa7-ibdu.json,2026,2026-10-04T01:52:10+00:00,
A0071,14.5-16 Vandine St,Cambridge,MA,,Cambridge Property Database FY2026 (waa7-ibdu),no_match,0,,,,,,,,,,,,,https://data.cambridgema.gov/resource/waa7-ibdu.json,,2026-10-04T01:52:10+00:00,
A0072,1251 10TH AV,San Francisco,CA,,DataSF wv5m-vpq2 (2025 roll),ambiguous,89,1703010,1253 1251 47TH                AV0000,San Francisco,,1904,year_property_built,1.0,number_of_units,SRES,use_code,Single Family Residential,use_definition,https://data.sfgov.org/resource/wv5m-vpq2.json,2022,2026-10-04T01:52:10+00:00,
A0073,35-37 Inman St,Cambridge,MA,,Cambridge Property Database FY2026 (waa7-ibdu),unique,1,118-55,35-37 Inman St,Cambridge,,1900,condition_yearbuilt,6,interior_numunits,111,stateclasscode,4-8-UNIT-APT,propertyclass/exterior_occupancy,https://data.cambridgema.gov/resource/waa7-ibdu.json,2026,2026-10-04T01:52:12+00:00,
A0074,717 S BERENDO ST,Los Angeles,CA,90005,LA County eGIS parcels,unique,1,5094009013,717 S BERENDO ST LOS ANGELES CA 90005,LOS ANGELES CA,90005-1650,1963,YearBuilt1,34,Units1,0500,UseCode,Five or more apartments,UseDescription,https://cache.gis.lacounty.gov/cache/rest/services/LACounty_Cache/LACounty_Parcel/FeatureServer/0,2026,2026-10-04T01:52:12+00:00,
A0075,27 Everett St,Cambridge,MA,,Cambridge Property Database FY2026 (waa7-ibdu),unique,1,157-19,27 Everett St,Cambridge,,1880,condition_yearbuilt,10,interior_numunits,112,stateclasscode,>8-UNIT-APT,propertyclass/exterior_occupancy,https://data.cambridgema.gov/resource/waa7-ibdu.json,2026,2026-10-04T01:52:14+00:00,
A0076,304 E KINNEY ST,Newark,NJ,07033,NJOGIS Parcels & MOD-IV Composite,unique,1,0714_958_45,304 E KINNEY ST,NEWARK CITY,07033,,YR_CONSTR,1,DWELL/COMM_DWELL,4C,PROP_CLASS,029,PROP_USE,https://services2.arcgis.com/XVOqAjTOJ5P6ngMu/arcgis/rest/services/Parcels_Composite_NJ_WM/FeatureServer/0,1772427600000,2026-10-04T01:52:14+00:00,
A0077,91 Brookline St,Cambridge,MA,,Cambridge Property Database FY2026 (waa7-ibdu),unique,1,94-91,91 Brookline St,Cambridge,,1902,condition_yearbuilt,6,interior_numunits,111,stateclasscode,4-8-UNIT-APT,propertyclass/exterior_occupancy,https://data.cambridgema.gov/resource/waa7-ibdu.json,2026,2026-10-04T01:52:14+00:00,
A0078,115 BAYVIEW AVE.,Jersey City,NJ,07304,NJOGIS Parcels & MOD-IV Composite,unique,1,0906_24001_26,115 BAYVIEW AVE.,JERSEY CITY CITY,07304,,YR_CONSTR,,DWELL/COMM_DWELL,4C,PROP_CLASS,,PROP_USE,https://services2.arcgis.com/XVOqAjTOJ5P6ngMu/arcgis/rest/services/Parcels_Composite_NJ_WM/FeatureServer/0,1761714000000,2026-10-04T01:52:15+00:00,
A0079,2361 PORTLAND ST,Los Angeles,CA,90007,LA County eGIS parcels,unique,1,5124010016,2361 PORTLAND ST LOS ANGELES CA 90007,LOS ANGELES CA,90007-1917,1912,YearBuilt1,8,Units1,0500,UseCode,Five or more apartments,UseDescription,https://cache.gis.lacounty.gov/cache/rest/services/LACounty_Cache/LACounty_Parcel/FeatureServer/0,2026,2026-10-04T01:52:15+00:00,
A0080,690 S CATALINA ST,Los Angeles,CA,90005,LA County eGIS parcels,unique,1,5094007022,690 S CATALINA ST LOS ANGELES CA 90005,LOS ANGELES CA,90005-1740,2002,YearBuilt1,90,Units1,0500,UseCode,Five or more apartments,UseDescription,https://cache.gis.lacounty.gov/cache/rest/services/LACounty_Cache/LACounty_Parcel/FeatureServer/0,2026,2026-10-04T01:52:16+00:00,
A0081,145 TAYLOR ST,San Francisco,CA,,DataSF wv5m-vpq2 (2025 roll),ambiguous,19,0339019,0000 0145 TAYLOR              ST0000,San Francisco,,2005,year_property_built,69.0,number_of_units,COMM,use_code,Commercial Misc,use_definition,https://data.sfgov.org/resource/wv5m-vpq2.json,2007,2026-10-04T01:52:16+00:00,
A0082,63 Inman St,Cambridge,MA,,Cambridge Property Database FY2026 (waa7-ibdu),unique,1,114-94,63 Inman St,Cambridge,,1880,condition_yearbuilt,16,interior_numunits,112,stateclasscode,>8-UNIT-APT,propertyclass/exterior_occupancy,https://data.cambridgema.gov/resource/waa7-ibdu.json,2026,2026-10-04T01:52:18+00:00,
A0083,38 KENILWORTH ST,Roxbury,MA,02119,Boston Property Assessment FY2026,unique,1,0903209000,38 KENILWORTH ST  ,Boston,02119,1890,YR_BUILT,,RES_UNITS,A,LU,SUBSD HOUSING S- 8,LU_DESC,https://data.boston.gov/dataset/e02c44d2-3c64-459c-8fe2-e1ce5f38a035/resource/ee73430d-96c0-423e-ad21-c4cfb54c8961/download/fy2026-property-assessment-data_rev.csv,FY2026,2026-10-04T01:52:19+00:00,
A0084,1725 CHESTNUT ST,San Francisco,CA,,DataSF wv5m-vpq2 (2025 roll),ambiguous,19,0494020,0000 1725 CHESTNUT            ST0000,San Francisco,,1908,year_property_built,5.0,number_of_units,MRES,use_code,Multi-Family Residential,use_definition,https://data.sfgov.org/resource/wv5m-vpq2.json,2018,2026-10-04T01:52:20+00:00,
A0085,1101 CHURCH ST,San Francisco,CA,,DataSF wv5m-vpq2 (2025 roll),ambiguous,19,3650037B,0000 1101 CHURCH              ST0000,San Francisco,,1926,year_property_built,6.0,number_of_units,MRES,use_code,Multi-Family Residential,use_definition,https://data.sfgov.org/resource/wv5m-vpq2.json,2009,2026-10-04T01:52:23+00:00,
A0086,67 Plymouth St,Cambridge,MA,,Cambridge Property Database FY2026 (waa7-ibdu),unique,1,78-47,67 Plymouth St,Cambridge,,1837,condition_yearbuilt,5,interior_numunits,111,stateclasscode,4-8-UNIT-APT,propertyclass/exterior_occupancy,https://data.cambridgema.gov/resource/waa7-ibdu.json,2026,2026-10-04T01:52:24+00:00,
A0087,323 BLOOMFIELD ST,Hoboken,NJ,07504,NJOGIS Parcels & MOD-IV Composite,unique,1,0905_202_12,323 BLOOMFIELD ST,HOBOKEN CITY,07504,,YR_CONSTR,16,DWELL/COMM_DWELL,4C,PROP_CLASS,,PROP_USE,https://services2.arcgis.com/XVOqAjTOJ5P6ngMu/arcgis/rest/services/Parcels_Composite_NJ_WM/FeatureServer/0,1761714000000,2026-10-04T01:52:25+00:00,
A0088,201 CLEMENT ST,San Francisco,CA,,DataSF wv5m-vpq2 (2025 roll),ambiguous,10,1435001,0000 0201 CLEMENT             ST0000,San Francisco,,1908,year_property_built,9.0,number_of_units,MRES,use_code,Multi-Family Residential,use_definition,https://data.sfgov.org/resource/wv5m-vpq2.json,2022,2026-10-04T01:52:25+00:00,
A0089,935 PARK AVE,Hoboken,NJ,07030,NJOGIS Parcels & MOD-IV Composite,unique,1,0905_184_19,935 PARK AVE,HOBOKEN CITY,07030,,YR_CONSTR,10,DWELL/COMM_DWELL,4C,PROP_CLASS,738,PROP_USE,https://services2.arcgis.com/XVOqAjTOJ5P6ngMu/arcgis/rest/services/Parcels_Composite_NJ_WM/FeatureServer/0,1761714000000,2026-10-04T01:52:27+00:00,
A0090,30 JACKSON ST,Newark,NJ,07105,NJOGIS Parcels & MOD-IV Composite,unique,1,0714_1999_40,30 JACKSON ST,NEWARK CITY,07105,,YR_CONSTR,1,DWELL/COMM_DWELL,4C,PROP_CLASS,029,PROP_USE,https://services2.arcgis.com/XVOqAjTOJ5P6ngMu/arcgis/rest/services/Parcels_Composite_NJ_WM/FeatureServer/0,1772427600000,2026-10-04T01:52:27+00:00,
A0091,2229 DWIGHT WAY,Berkeley,CA,94704,Alameda County parcels,unique,1,055 188900901,2229 DWIGHT WAY BERKELEY 94704,BERKELEY,94704,,YearBuilt,8,Units,7700,UseCode,,,https://gis.cityofberkeley.info/arcgis3/rest/services/Public/GISPortal/MapServer/1,current,2026-10-04T01:52:27+00:00,
A0092,2514 PIEDMONT AVE,Berkeley,CA,94704,Alameda County parcels,unique,1,055 185000401,2514 PIEDMONT AVE BERKELEY 94704,BERKELEY,94704,,YearBuilt,32,Units,7700,UseCode,,,https://gis.cityofberkeley.info/arcgis3/rest/services/Public/GISPortal/MapServer/1,current,2026-10-04T01:52:27+00:00,
A0093,90 BICKFORD ST,Jamaica Plain,MA,02130,Boston Property Assessment FY2026,unique,1,1002334010,90 BICKFORD ST  ,Boston,02130,2004,YR_BUILT,,RES_UNITS,A,LU,ELDERLY HOME,LU_DESC,https://data.boston.gov/dataset/e02c44d2-3c64-459c-8fe2-e1ce5f38a035/resource/ee73430d-96c0-423e-ad21-c4cfb54c8961/download/fy2026-property-assessment-data_rev.csv,FY2026,2026-10-04T01:52:27+00:00,
A0094,1371 27TH ST,San Diego,CA,92154,SANDAG/SanGIS parcels,unique,1,6301500600,1371 27TH ST,SAN DIEGO,92154-3287,85,year_effective,88,unitqty,16,asr_landuse,,,https://geo.sandag.org/server/rest/services/hosted/Parcels/FeatureServer/0,current,2026-10-04T01:52:28+00:00,
A0095,23 Elm St,Cambridge,MA,,Cambridge Property Database FY2026 (waa7-ibdu),unique,1,88-51,23 Elm St,Cambridge,,1900,condition_yearbuilt,6,interior_numunits,111,stateclasscode,4-8-UNIT-APT,propertyclass/exterior_occupancy,https://data.cambridgema.gov/resource/waa7-ibdu.json,2026,2026-10-04T01:52:28+00:00,
A0096,81 WESTLAND AV,Boston,MA,02115,Boston Property Assessment FY2026,unique,1,0401471000,81 WESTLAND AV  ,Boston,02115,1910,YR_BUILT,,RES_UNITS,A,LU,SUBSD HOUSING S- 8,LU_DESC,https://data.boston.gov/dataset/e02c44d2-3c64-459c-8fe2-e1ce5f38a035/resource/ee73430d-96c0-423e-ad21-c4cfb54c8961/download/fy2026-property-assessment-data_rev.csv,FY2026,2026-10-04T01:52:29+00:00,
A0097,1560 MASON ST,San Francisco,CA,,DataSF wv5m-vpq2 (2025 roll),ambiguous,19,0148018,0000 1560 MASON               ST0000,San Francisco,,1907,year_property_built,8.0,number_of_units,MRES,use_code,Multi-Family Residential,use_definition,https://data.sfgov.org/resource/wv5m-vpq2.json,2020,2026-10-04T01:52:30+00:00,
A0098,WILLOWWOOD ST,Dorchester,MA,02124,Boston Property Assessment FY2026,no_match,0,,,,,,,,,,,,,https://data.boston.gov/dataset/e02c44d2-3c64-459c-8fe2-e1ce5f38a035/resource/ee73430d-96c0-423e-ad21-c4cfb54c8961/download/fy2026-property-assessment-data_rev.csv,,2026-10-04T01:52:31+00:00,
A0099,822 WASHINGTON ST,Hoboken,NJ,07458,NJOGIS Parcels & MOD-IV Composite,unique,1,0905_207_23.02,822 WASHINGTON ST,HOBOKEN CITY,07458,,YR_CONSTR,5,DWELL/COMM_DWELL,4C,PROP_CLASS,,PROP_USE,https://services2.arcgis.com/XVOqAjTOJ5P6ngMu/arcgis/rest/services/Parcels_Composite_NJ_WM/FeatureServer/0,1761714000000,2026-10-04T01:52:32+00:00,
A0100,4732 BANCROFT ST,San Diego,CA,92116,SANDAG/SanGIS parcels,unique,1,4393822300,4732 BANCROFT ST,SAN DIEGO,92116-1663,85,year_effective,7,unitqty,14,asr_landuse,,,https://geo.sandag.org/server/rest/services/hosted/Parcels/FeatureServer/0,current,2026-10-04T01:52:32+00:00,
A0101,315-319 FAIRMOUNT AVENUE,Jersey City,NJ,07039,NJOGIS Parcels & MOD-IV Composite,unique,1,0906_16501_11,315-319 FAIRMOUNT AVENUE,JERSEY CITY CITY,07039,,YR_CONSTR,,DWELL/COMM_DWELL,4C,PROP_CLASS,,PROP_USE,https://services2.arcgis.com/XVOqAjTOJ5P6ngMu/arcgis/rest/services/Parcels_Composite_NJ_WM/FeatureServer/0,1761714000000,2026-10-04T01:52:32+00:00,
A0102,124 BLOOMFIELD ST,Hoboken,NJ,10003,NJOGIS Parcels & MOD-IV Composite,unique,1,0905_188_31,124 BLOOMFIELD ST,HOBOKEN CITY,10003,,YR_CONSTR,5,DWELL/COMM_DWELL,4C,PROP_CLASS,738,PROP_USE,https://services2.arcgis.com/XVOqAjTOJ5P6ngMu/arcgis/rest/services/Parcels_Composite_NJ_WM/FeatureServer/0,1761714000000,2026-10-04T01:52:32+00:00,
A0103,2161 ALLSTON WAY,Berkeley,CA,94704,Alameda County parcels,unique,1,057 203100300,2161 ALLSTON WAY BERKELEY 94704,BERKELEY,94704,2002,YearBuilt,60,Units,7700,UseCode,,,https://gis.cityofberkeley.info/arcgis3/rest/services/Public/GISPortal/MapServer/1,current,2026-10-04T01:52:33+00:00,
A0104,409 5TH ST,Newark,NJ,07012,NJOGIS Parcels & MOD-IV Composite,ambiguous,2,0714_1950_49,409 5TH ST,NEWARK CITY,07012,,YR_CONSTR,1,DWELL/COMM_DWELL,4C,PROP_CLASS,029,PROP_USE,https://services2.arcgis.com/XVOqAjTOJ5P6ngMu/arcgis/rest/services/Parcels_Composite_NJ_WM/FeatureServer/0,1772427600000,2026-10-04T01:52:33+00:00,
A0105,140 PORTOLA DR,San Francisco,CA,,DataSF wv5m-vpq2 (2025 roll),ambiguous,19,2847084,0000 0140 PORTOLA             DR0000,San Francisco,,2019,year_property_built,7.0,number_of_units,MRES,use_code,Multi-Family Residential,use_definition,https://data.sfgov.org/resource/wv5m-vpq2.json,2022,2026-10-04T01:52:33+00:00,
A0106,250 FREMONT ST,San Francisco,CA,,DataSF wv5m-vpq2 (2025 roll),ambiguous,23,3737046,0000 0250 FREMONT             ST0000,San Francisco,,,year_property_built,60.0,number_of_units,MRES,use_code,Multi-Family Residential,use_definition,https://data.sfgov.org/resource/wv5m-vpq2.json,2022,2026-10-04T01:52:34+00:00,
A0107,10635 SHERMAN GROVE AVE,Los Angeles,CA,91040,LA County eGIS parcels,unique,1,2555031004,10635 SHERMAN GROVE AVE LOS ANGELES CA 91040,LOS ANGELES CA,91040-2702,1978,YearBuilt1,20,Units1,0500,UseCode,Five or more apartments,UseDescription,https://cache.gis.lacounty.gov/cache/rest/services/LACounty_Cache/LACounty_Parcel/FeatureServer/0,2026,2026-10-04T01:52:39+00:00,
A0108,13 JEFFERSON AVE.,Jersey City,NJ,07030,NJOGIS Parcels & MOD-IV Composite,unique,1,0906_5902_15,13 JEFFERSON AVE.,JERSEY CITY CITY,07030,,YR_CONSTR,,DWELL/COMM_DWELL,4C,PROP_CLASS,,PROP_USE,https://services2.arcgis.com/XVOqAjTOJ5P6ngMu/arcgis/rest/services/Parcels_Composite_NJ_WM/FeatureServer/0,1761714000000,2026-10-04T01:52:39+00:00,
A0109,2922 OTIS ST,Berkeley,CA,94703,Alameda County parcels,unique,1,053 159901000,2922 OTIS ST BERKELEY 94703,BERKELEY,94703,1961,YearBuilt,5,Units,7700,UseCode,,,https://gis.cityofberkeley.info/arcgis3/rest/services/Public/GISPortal/MapServer/1,current,2026-10-04T01:52:40+00:00,
A0110,130-132 2ND AVE,Newark,NJ,07055,NJOGIS Parcels & MOD-IV Composite,unique,1,0714_556_3,130-132 2ND AVE,NEWARK CITY,07055,,YR_CONSTR,1,DWELL/COMM_DWELL,4C,PROP_CLASS,029,PROP_USE,https://services2.arcgis.com/XVOqAjTOJ5P6ngMu/arcgis/rest/services/Parcels_Composite_NJ_WM/FeatureServer/0,1772427600000,2026-10-04T01:52:40+00:00,
A0111,10075 TUJUNGA CANYON BLVD,Los Angeles,CA,91042,LA County eGIS parcels,unique,1,2568015053,10075 TUJUNGA CANYON BLVD LOS ANGELES CA 91042,LOS ANGELES CA,91042-2071,1984,YearBuilt1,40,Units1,0500,UseCode,Five or more apartments,UseDescription,https://cache.gis.lacounty.gov/cache/rest/services/LACounty_Cache/LACounty_Parcel/FeatureServer/0,2026,2026-10-04T01:52:40+00:00,
A0112,448 BRODERICK ST,San Francisco,CA,,DataSF wv5m-vpq2 (2025 roll),ambiguous,7,1204027,0464 0448 BRODERICK           ST0000,San Francisco,,1905,year_property_built,9.0,number_of_units,MRES,use_code,Multi-Family Residential,use_definition,https://data.sfgov.org/resource/wv5m-vpq2.json,2021,2026-10-04T01:52:41+00:00,
A0113,3151 ETON AVE,Berkeley,CA,94705,Alameda County parcels,unique,1,052 156316600,3151 ETON AVE BERKELEY 94705,BERKELEY,94705,1920,YearBuilt,5,Units,7700,UseCode,,,https://gis.cityofberkeley.info/arcgis3/rest/services/Public/GISPortal/MapServer/1,current,2026-10-04T01:52:42+00:00,
A0114,3743 INDIA ST,San Diego,CA,92103,SANDAG/SanGIS parcels,unique,1,4515910300,3743 INDIA ST,SAN DIEGO,92103-3727,00,year_effective,6,unitqty,14,asr_landuse,,,https://geo.sandag.org/server/rest/services/hosted/Parcels/FeatureServer/0,current,2026-10-04T01:52:42+00:00,
A0115,397 05TH AV,San Francisco,CA,,DataSF wv5m-vpq2 (2025 roll),ambiguous,15,1404022A,0397 0395 29TH                AV0000,San Francisco,,1923,year_property_built,2.0,number_of_units,MRES,use_code,Multi-Family Residential,use_definition,https://data.sfgov.org/resource/wv5m-vpq2.json,2024,2026-10-04T01:52:43+00:00,
A0116,36 PROSPECT ST.,Jersey City,NJ,07111,NJOGIS Parcels & MOD-IV Composite,unique,1,0906_5801_27,36 PROSPECT ST.,JERSEY CITY CITY,07111,1923,YR_CONSTR,,DWELL/COMM_DWELL,4C,PROP_CLASS,,PROP_USE,https://services2.arcgis.com/XVOqAjTOJ5P6ngMu/arcgis/rest/services/Parcels_Composite_NJ_WM/FeatureServer/0,1761714000000,2026-10-04T01:52:44+00:00,
A0117,1733 N CHEROKEE AVE,Los Angeles,CA,90028,LA County eGIS parcels,unique,1,5547009016,1733 N CHEROKEE AVE LOS ANGELES CA 90028,LOS ANGELES CA,90028-4817,1924,YearBuilt1,40,Units1,0500,UseCode,Five or more apartments,UseDescription,https://cache.gis.lacounty.gov/cache/rest/services/LACounty_Cache/LACounty_Parcel/FeatureServer/0,2026,2026-10-04T01:52:44+00:00,
A0118,18-34 KINGBIRD RD,Dorchester,MA,02124,Boston Property Assessment FY2026,unique,1,1405196950,18 KINGBIRD RD  ,Boston,02124,2009,YR_BUILT,,RES_UNITS,A,LU,SUBSD HOUSING S- 8,LU_DESC,https://data.boston.gov/dataset/e02c44d2-3c64-459c-8fe2-e1ce5f38a035/resource/ee73430d-96c0-423e-ad21-c4cfb54c8961/download/fy2026-property-assessment-data_rev.csv,FY2026,2026-10-04T01:52:45+00:00,
A0119,607 ADAMS ST,Hoboken,NJ,07030,NJOGIS Parcels & MOD-IV Composite,unique,1,0905_78_4,607 ADAMS ST,HOBOKEN CITY,07030,,YR_CONSTR,6,DWELL/COMM_DWELL,4C,PROP_CLASS,,PROP_USE,https://services2.arcgis.com/XVOqAjTOJ5P6ngMu/arcgis/rest/services/Parcels_Composite_NJ_WM/FeatureServer/0,1761714000000,2026-10-04T01:52:46+00:00,
A0120,139 ELM ST,Newark,NJ,07105,NJOGIS Parcels & MOD-IV Composite,unique,1,0714_192_28,139 ELM ST,NEWARK CITY,07105,,YR_CONSTR,1,DWELL/COMM_DWELL,4C,PROP_CLASS,100,PROP_USE,https://services2.arcgis.com/XVOqAjTOJ5P6ngMu/arcgis/rest/services/Parcels_Composite_NJ_WM/FeatureServer/0,1772427600000,2026-10-04T01:52:46+00:00,
A0121,4079 FRONT ST,San Diego,CA,92103,SANDAG/SanGIS parcels,unique,1,4444923800,4079 FRONT ST,SAN DIEGO,92103-2078,87,year_effective,22,unitqty,15,asr_landuse,,,https://geo.sandag.org/server/rest/services/hosted/Parcels/FeatureServer/0,current,2026-10-04T01:52:46+00:00,
A0122,4812 S BROADWAY,Los Angeles,CA,90037,LA County eGIS parcels,unique,1,5110017001,4812 S BROADWAY LOS ANGELES CA 90037,LOS ANGELES CA,90037-3275,1909,YearBuilt1,8,Units1,0500,UseCode,Five or more apartments,UseDescription,https://cache.gis.lacounty.gov/cache/rest/services/LACounty_Cache/LACounty_Parcel/FeatureServer/0,2026,2026-10-04T01:52:46+00:00,
A0123,123 Condor ST,East Boston,MA,02128,Boston Property Assessment FY2026,unique,1,0103362000,123 Condor ST  ,Boston,02128,2013,YR_BUILT,,RES_UNITS,A,LU,SUBSD HOUSING S- 8,LU_DESC,https://data.boston.gov/dataset/e02c44d2-3c64-459c-8fe2-e1ce5f38a035/resource/ee73430d-96c0-423e-ad21-c4cfb54c8961/download/fy2026-property-assessment-data_rev.csv,FY2026,2026-10-04T01:52:47+00:00,
A0124,33-35 Brookline St,Cambridge,MA,,Cambridge Property Database FY2026 (waa7-ibdu),unique,1,93-64,33-35 Brookline St,Cambridge,,1929,condition_yearbuilt,16,interior_numunits,112,stateclasscode,>8-UNIT-APT,propertyclass/exterior_occupancy,https://data.cambridgema.gov/resource/waa7-ibdu.json,2026,2026-10-04T01:52:47+00:00,
A0125,227 GRAND ST,Hoboken,NJ,07030,NJOGIS Parcels & MOD-IV Composite,unique,1,0905_42_13,227 GRAND ST,HOBOKEN CITY,07030,,YR_CONSTR,5,DWELL/COMM_DWELL,4C,PROP_CLASS,635,PROP_USE,https://services2.arcgis.com/XVOqAjTOJ5P6ngMu/arcgis/rest/services/Parcels_Composite_NJ_WM/FeatureServer/0,1761714000000,2026-10-04T01:52:48+00:00,
A0126,1350 POTRERO AV,San Francisco,CA,,DataSF wv5m-vpq2 (2025 roll),ambiguous,19,4276019,1356 1350 POTRERO             AV0000,San Francisco,,1927,year_property_built,8.0,number_of_units,MRES,use_code,Multi-Family Residential,use_definition,https://data.sfgov.org/resource/wv5m-vpq2.json,2016,2026-10-04T01:52:48+00:00,
A0127,10029 SEPULVEDA BLVD,Los Angeles,CA,91345,LA County eGIS parcels,unique,1,2660008034,10029 SEPULVEDA BLVD LOS ANGELES CA 91345,LOS ANGELES CA,91345-2932,1964,YearBuilt1,5,Units1,050C,UseCode,Five or more apartments,UseDescription,https://cache.gis.lacounty.gov/cache/rest/services/LACounty_Cache/LACounty_Parcel/FeatureServer/0,2026,2026-10-04T01:52:50+00:00,
A0128,Harvard ST,Dorchester,MA,02124,Boston Property Assessment FY2026,no_match,0,,,,,,,,,,,,,https://data.boston.gov/dataset/e02c44d2-3c64-459c-8fe2-e1ce5f38a035/resource/ee73430d-96c0-423e-ad21-c4cfb54c8961/download/fy2026-property-assessment-data_rev.csv,,2026-10-04T01:52:51+00:00,
A0129,526-532 MULBERRY ST,Newark,NJ,07039,NJOGIS Parcels & MOD-IV Composite,unique,1,0714_1181_1,526-532 MULBERRY ST,NEWARK CITY,07039,,YR_CONSTR,1,DWELL/COMM_DWELL,4C,PROP_CLASS,029,PROP_USE,https://services2.arcgis.com/XVOqAjTOJ5P6ngMu/arcgis/rest/services/Parcels_Composite_NJ_WM/FeatureServer/0,1772427600000,2026-10-04T01:52:51+00:00,
A0130,554 MARKET ST,Newark,NJ,07205,NJOGIS Parcels & MOD-IV Composite,unique,1,0714_1998_1,554 MARKET ST,NEWARK CITY,07205,,YR_CONSTR,1,DWELL/COMM_DWELL,4C,PROP_CLASS,029,PROP_USE,https://services2.arcgis.com/XVOqAjTOJ5P6ngMu/arcgis/rest/services/Parcels_Composite_NJ_WM/FeatureServer/0,1772427600000,2026-10-04T01:52:52+00:00,
A0131,43 POPLAR ST.,Jersey City,NJ,07307,NJOGIS Parcels & MOD-IV Composite,unique,1,0906_803_5,43 POPLAR ST.,JERSEY CITY CITY,07307,1900,YR_CONSTR,,DWELL/COMM_DWELL,4C,PROP_CLASS,029,PROP_USE,https://services2.arcgis.com/XVOqAjTOJ5P6ngMu/arcgis/rest/services/Parcels_Composite_NJ_WM/FeatureServer/0,1761714000000,2026-10-04T01:52:52+00:00,
A0132,587 N 6TH ST,Newark,NJ,11205,NJOGIS Parcels & MOD-IV Composite,unique,1,0714_597_51,587 N 6TH ST,NEWARK CITY,11205,,YR_CONSTR,1,DWELL/COMM_DWELL,4C,PROP_CLASS,100,PROP_USE,https://services2.arcgis.com/XVOqAjTOJ5P6ngMu/arcgis/rest/services/Parcels_Composite_NJ_WM/FeatureServer/0,1772427600000,2026-10-04T01:52:52+00:00,
A0133,8819 LANKERSHIM BLVD,Los Angeles,CA,91352,LA County eGIS parcels,unique,1,2631012064,8819 LANKERSHIM BLVD LOS ANGELES CA 91352,LOS ANGELES CA,91352-2518,1956,YearBuilt1,6,Units1,0500,UseCode,Five or more apartments,UseDescription,https://cache.gis.lacounty.gov/cache/rest/services/LACounty_Cache/LACounty_Parcel/FeatureServer/0,2026,2026-10-04T01:52:52+00:00,
A0134,101 Norfolk ST,Dorchester,MA,02124,Boston Property Assessment FY2026,ambiguous,2,0800803000,101 NORFOLK AV  ,Boston,02119,,YR_BUILT,,RES_UNITS,CL,LU,INDUSTRIAL LAND,LU_DESC,https://data.boston.gov/dataset/e02c44d2-3c64-459c-8fe2-e1ce5f38a035/resource/ee73430d-96c0-423e-ad21-c4cfb54c8961/download/fy2026-property-assessment-data_rev.csv,FY2026,2026-10-04T01:52:53+00:00,
A0135,843 CLAY ST,San Francisco,CA,,DataSF wv5m-vpq2 (2025 roll),ambiguous,19,0225020,0853 0843 CLAY                ST0000,San Francisco,,1908,year_property_built,29.0,number_of_units,MRES,use_code,Multi-Family Residential,use_definition,https://data.sfgov.org/resource/wv5m-vpq2.json,2020,2026-10-04T01:52:53+00:00,
A0136,920 HUDSON ST,Hoboken,NJ,07030,NJOGIS Parcels & MOD-IV Composite,unique,1,0905_220_29,920 HUDSON ST,HOBOKEN CITY,07030,,YR_CONSTR,26,DWELL/COMM_DWELL,4C,PROP_CLASS,635,PROP_USE,https://services2.arcgis.com/XVOqAjTOJ5P6ngMu/arcgis/rest/services/Parcels_Composite_NJ_WM/FeatureServer/0,1761714000000,2026-10-04T01:52:54+00:00,
A0137,65-71 NORFLOK ST,Newark,NJ,07003,NJOGIS Parcels & MOD-IV Composite,unique,1,0714_2839_15,65-71 NORFLOK ST,NEWARK CITY,07003,,YR_CONSTR,1,DWELL/COMM_DWELL,4C,PROP_CLASS,029,PROP_USE,https://services2.arcgis.com/XVOqAjTOJ5P6ngMu/arcgis/rest/services/Parcels_Composite_NJ_WM/FeatureServer/0,1772427600000,2026-10-04T01:52:55+00:00,
A0138,1033 E 51ST ST,Los Angeles,CA,90011,LA County eGIS parcels,unique,1,5108015015,1033 E 51ST ST LOS ANGELES CA 90011,LOS ANGELES CA,90011-4117,1959,YearBuilt1,4,Units1,0500,UseCode,Five or more apartments,UseDescription,https://cache.gis.lacounty.gov/cache/rest/services/LACounty_Cache/LACounty_Parcel/FeatureServer/0,2026,2026-10-04T01:52:55+00:00,
A0139,54 STUYVESANT AVE.,Jersey City,NJ,07042,NJOGIS Parcels & MOD-IV Composite,unique,1,0906_12003_29,54 STUYVESANT AVE.,JERSEY CITY CITY,07042,1910,YR_CONSTR,5,DWELL/COMM_DWELL,4C,PROP_CLASS,,PROP_USE,https://services2.arcgis.com/XVOqAjTOJ5P6ngMu/arcgis/rest/services/Parcels_Composite_NJ_WM/FeatureServer/0,1761714000000,2026-10-04T01:52:55+00:00,
A0140,459 BEACON ST,Boston,MA,02115,Boston Property Assessment FY2026,unique,1,0503655000,459 BEACON ST  ,Boston,02115,1910,YR_BUILT,,RES_UNITS,A,LU,APT 7-30 UNITS,LU_DESC,https://data.boston.gov/dataset/e02c44d2-3c64-459c-8fe2-e1ce5f38a035/resource/ee73430d-96c0-423e-ad21-c4cfb54c8961/download/fy2026-property-assessment-data_rev.csv,FY2026,2026-10-04T01:52:56+00:00,
A0141,2601 43RD AV,San Francisco,CA,,DataSF wv5m-vpq2 (2025 roll),ambiguous,92,0933030,0000 2601 CHESTNUT            ST0003,San Francisco,,1932,year_property_built,1.0,number_of_units,SRES,use_code,Single Family Residential,use_definition,https://data.sfgov.org/resource/wv5m-vpq2.json,2023,2026-10-04T01:52:56+00:00,
A0142,4615 AVALON BLVD,Los Angeles,CA,90011,LA County eGIS parcels,unique,1,5109016015,4615 AVALON BLVD LOS ANGELES CA 90011,LOS ANGELES CA,90011-5454,1957,YearBuilt1,8,Units1,0500,UseCode,Five or more apartments,UseDescription,https://cache.gis.lacounty.gov/cache/rest/services/LACounty_Cache/LACounty_Parcel/FeatureServer/0,2026,2026-10-04T01:52:58+00:00,
A0143,75 ELM HILL AV,Dorchester,MA,02121,Boston Property Assessment FY2026,unique,1,1202256000,75 ELM HILL AV  ,Boston,02121,,YR_BUILT,,RES_UNITS,A,LU,SUBSD HOUSING S- 8,LU_DESC,https://data.boston.gov/dataset/e02c44d2-3c64-459c-8fe2-e1ce5f38a035/resource/ee73430d-96c0-423e-ad21-c4cfb54c8961/download/fy2026-property-assessment-data_rev.csv,FY2026,2026-10-04T01:52:58+00:00,
A0144,112-114 Amory ST,Roxbury,MA,02119,Boston Property Assessment FY2026,unique,1,1101138000,112 Amory ST  ,Boston,02119,1910,YR_BUILT,,RES_UNITS,A,LU,APT 7-30 UNITS,LU_DESC,https://data.boston.gov/dataset/e02c44d2-3c64-459c-8fe2-e1ce5f38a035/resource/ee73430d-96c0-423e-ad21-c4cfb54c8961/download/fy2026-property-assessment-data_rev.csv,FY2026,2026-10-04T01:52:59+00:00,
A0145,4515 FELTON ST,San Diego,CA,92116,SANDAG/SanGIS parcels,unique,1,4475221300,4515 FELTON ST,SAN DIEGO,92116-4469,63,year_effective,8,unitqty,14,asr_landuse,,,https://geo.sandag.org/server/rest/services/hosted/Parcels/FeatureServer/0,current,2026-10-04T01:53:00+00:00,
A0146,93-95 HAWKINS ST,Newark,NJ,07105,NJOGIS Parcels & MOD-IV Composite,unique,1,0714_2383_9,93-95 HAWKINS ST,NEWARK CITY,07105,,YR_CONSTR,1,DWELL/COMM_DWELL,4C,PROP_CLASS,,PROP_USE,https://services2.arcgis.com/XVOqAjTOJ5P6ngMu/arcgis/rest/services/Parcels_Composite_NJ_WM/FeatureServer/0,1772427600000,2026-10-04T01:53:00+00:00,
A0147,2850 GOLDEN GATE AV,San Francisco,CA,,DataSF wv5m-vpq2 (2025 roll),ambiguous,19,1142014,0000 2850 GOLDEN GATE         AV0000,San Francisco,,1900,year_property_built,5.0,number_of_units,MRES,use_code,Multi-Family Residential,use_definition,https://data.sfgov.org/resource/wv5m-vpq2.json,2023,2026-10-04T01:53:00+00:00,
A0148,162-166 5TH ST,Newark,NJ,07105,NJOGIS Parcels & MOD-IV Composite,no_match,0,,,,,,,,,,,,,https://services2.arcgis.com/XVOqAjTOJ5P6ngMu/arcgis/rest/services/Parcels_Composite_NJ_WM/FeatureServer/0,,2026-10-04T01:53:01+00:00,
A0149,25 Everett ST,East Boston,MA,02128,Boston Property Assessment FY2026,ambiguous,2,0104940000,25 Everett ST  ,Boston,02128,2023,YR_BUILT,,RES_UNITS,A,LU,LUXURY APARTMENT,LU_DESC,https://data.boston.gov/dataset/e02c44d2-3c64-459c-8fe2-e1ce5f38a035/resource/ee73430d-96c0-423e-ad21-c4cfb54c8961/download/fy2026-property-assessment-data_rev.csv,FY2026,2026-10-04T01:53:02+00:00,
A0150,3784 E BROADWAY,San Diego,CA,92102,SANDAG/SanGIS parcels,no_match,0,,,,,,,,,,,,,https://geo.sandag.org/server/rest/services/hosted/Parcels/FeatureServer/0,,2026-10-04T01:53:02+00:00,
A0151,16 Queensberry ST,Boston,MA,02215,Boston Property Assessment FY2026,unique,1,0504270000,16 Queensberry ST  ,Boston,02215,1899,YR_BUILT,,RES_UNITS,A,LU,APT 7-30 UNITS,LU_DESC,https://data.boston.gov/dataset/e02c44d2-3c64-459c-8fe2-e1ce5f38a035/resource/ee73430d-96c0-423e-ad21-c4cfb54c8961/download/fy2026-property-assessment-data_rev.csv,FY2026,2026-10-04T01:53:02+00:00,
A0152,1669 SUNSET CLIFFS BLVD,San Diego,CA,92107,SANDAG/SanGIS parcels,unique,1,4483720100,1669 SUNSET CLIFFS BLVD,SAN DIEGO,92107-3323,41,year_effective,12,unitqty,14,asr_landuse,,,https://geo.sandag.org/server/rest/services/hosted/Parcels/FeatureServer/0,current,2026-10-04T01:53:03+00:00,
A0153,366 E 55TH ST,Los Angeles,CA,90011,LA County eGIS parcels,unique,1,5101010035,366 E 55TH ST LOS ANGELES CA 90011,LOS ANGELES CA,90011-5110,1924,YearBuilt1,4,Units1,0500,UseCode,Five or more apartments,UseDescription,https://cache.gis.lacounty.gov/cache/rest/services/LACounty_Cache/LACounty_Parcel/FeatureServer/0,2026,2026-10-04T01:53:03+00:00,
A0154,4568 IDAHO ST,San Diego,CA,92116,SANDAG/SanGIS parcels,unique,1,4451722900,4568 IDAHO ST,SAN DIEGO,92116-3158,60,year_effective,8,unitqty,14,asr_landuse,,,https://geo.sandag.org/server/rest/services/hosted/Parcels/FeatureServer/0,current,2026-10-04T01:53:04+00:00,
A0155,473 Harvard ST,Dorchester,MA,02124,Boston Property Assessment FY2026,unique,1,1405196455,473 Harvard ST  ,Boston,02124,,YR_BUILT,,RES_UNITS,A,LU,SUBSD HOUSING S- 8,LU_DESC,https://data.boston.gov/dataset/e02c44d2-3c64-459c-8fe2-e1ce5f38a035/resource/ee73430d-96c0-423e-ad21-c4cfb54c8961/download/fy2026-property-assessment-data_rev.csv,FY2026,2026-10-04T01:53:04+00:00,
A0156,290 GREEN ST,San Francisco,CA,,DataSF wv5m-vpq2 (2025 roll),ambiguous,13,0113016A,0000 0290 GREEN               ST0000,San Francisco,,1927,year_property_built,9.0,number_of_units,MRES,use_code,Multi-Family Residential,use_definition,https://data.sfgov.org/resource/wv5m-vpq2.json,2025,2026-10-04T01:53:05+00:00,
A0157,2701 RIDGE RD,Berkeley,CA,94709,Alameda County parcels,unique,1,058 220400801,2701 RIDGE RD BERKELEY 94709,BERKELEY,94709,,YearBuilt,12,Units,7700,UseCode,,,https://gis.cityofberkeley.info/arcgis3/rest/services/Public/GISPortal/MapServer/1,current,2026-10-04T01:53:06+00:00,
A0158,2522 HILGARD AVE,Berkeley,CA,94709,Alameda County parcels,unique,1,058 219701500,2522 HILGARD AVE BERKELEY 94709,BERKELEY,94709,,YearBuilt,6,Units,7700,UseCode,,,https://gis.cityofberkeley.info/arcgis3/rest/services/Public/GISPortal/MapServer/1,current,2026-10-04T01:53:06+00:00,
A0159,104 SUNSET AVE,Newark,NJ,11211,NJOGIS Parcels & MOD-IV Composite,unique,1,0714_4059_74,104 SUNSET AVE,NEWARK CITY,11211,,YR_CONSTR,1,DWELL/COMM_DWELL,4C,PROP_CLASS,999,PROP_USE,https://services2.arcgis.com/XVOqAjTOJ5P6ngMu/arcgis/rest/services/Parcels_Composite_NJ_WM/FeatureServer/0,1772427600000,2026-10-04T01:53:06+00:00,
A0160,86 CHARLES ST.,Jersey City,NJ,07642,NJOGIS Parcels & MOD-IV Composite,unique,1,0906_2705_37,86 CHARLES ST.,JERSEY CITY CITY,07642,1918,YR_CONSTR,,DWELL/COMM_DWELL,4C,PROP_CLASS,029,PROP_USE,https://services2.arcgis.com/XVOqAjTOJ5P6ngMu/arcgis/rest/services/Parcels_Composite_NJ_WM/FeatureServer/0,1761714000000,2026-10-04T01:53:07+00:00,
A0161,317 UNION ST.,Jersey City,NJ,07013,NJOGIS Parcels & MOD-IV Composite,unique,1,0906_20601_4,317 UNION ST.,JERSEY CITY CITY,07013,1930,YR_CONSTR,,DWELL/COMM_DWELL,4C,PROP_CLASS,,PROP_USE,https://services2.arcgis.com/XVOqAjTOJ5P6ngMu/arcgis/rest/services/Parcels_Composite_NJ_WM/FeatureServer/0,1761714000000,2026-10-04T01:53:07+00:00,
A0162,1640 N POINSETTIA PL,Los Angeles,CA,90046,LA County eGIS parcels,unique,1,5548009039,1640 N POINSETTIA PL LOS ANGELES CA 90046,LOS ANGELES CA,90046-3595,1987,YearBuilt1,24,Units1,0500,UseCode,Five or more apartments,UseDescription,https://cache.gis.lacounty.gov/cache/rest/services/LACounty_Cache/LACounty_Parcel/FeatureServer/0,2026,2026-10-04T01:53:08+00:00,
A0163,233-235 SECOND ST.,Jersey City,NJ,07042,NJOGIS Parcels & MOD-IV Composite,unique,1,0906_11402_12,233-235 SECOND ST.,JERSEY CITY CITY,07042,1870,YR_CONSTR,,DWELL/COMM_DWELL,4C,PROP_CLASS,,PROP_USE,https://services2.arcgis.com/XVOqAjTOJ5P6ngMu/arcgis/rest/services/Parcels_Composite_NJ_WM/FeatureServer/0,1761714000000,2026-10-04T01:53:08+00:00,
A0164,725 14TH ST,San Francisco,CA,,DataSF wv5m-vpq2 (2025 roll),ambiguous,36,1600003,0000 0725 44TH                AV0000,San Francisco,,1913,year_property_built,1.0,number_of_units,SRES,use_code,Single Family Residential,use_definition,https://data.sfgov.org/resource/wv5m-vpq2.json,2022,2026-10-04T01:53:08+00:00,
A0165,734 JAMAICA CT,San Diego,CA,92109,SANDAG/SanGIS parcels,unique,1,4236471000,734 JAMAICA CT,SAN DIEGO,92109-7721,58,year_effective,8,unitqty,14,asr_landuse,,,https://geo.sandag.org/server/rest/services/hosted/Parcels/FeatureServer/0,current,2026-10-04T01:53:10+00:00,
A0166,1 Potter Pk,Cambridge,MA,,Cambridge Property Database FY2026 (waa7-ibdu),unique,1,175-64,1 Potter Pk,Cambridge,,1900,condition_yearbuilt,5,interior_numunits,111,stateclasscode,4-8-UNIT-APT,propertyclass/exterior_occupancy,https://data.cambridgema.gov/resource/waa7-ibdu.json,2026,2026-10-04T01:53:10+00:00,
A0167,4616 FLORIDA ST,San Diego,CA,92116,SANDAG/SanGIS parcels,unique,1,4450511600,4616 FLORIDA ST,SAN DIEGO,92116-2711,54,year_effective,20,unitqty,15,asr_landuse,,,https://geo.sandag.org/server/rest/services/hosted/Parcels/FeatureServer/0,current,2026-10-04T01:53:29+00:00,
A0168,600 JACKSON/601 HARRISON,Hoboken,NJ,07030,NJOGIS Parcels & MOD-IV Composite,unique,1,0905_73_1,600 JACKSON/601 HARRISON,HOBOKEN CITY,07030,2007,YR_CONSTR,,DWELL/COMM_DWELL,4C,PROP_CLASS,,PROP_USE,https://services2.arcgis.com/XVOqAjTOJ5P6ngMu/arcgis/rest/services/Parcels_Composite_NJ_WM/FeatureServer/0,1761714000000,2026-10-04T01:57:32+00:00,
A0169,115 KILSYTH RD,Brighton,MA,02135,Boston Property Assessment FY2026,unique,1,2102080000,115 KILSYTH RD  ,Boston,02135,1920,YR_BUILT,,RES_UNITS,A,LU,APT 7-30 UNITS,LU_DESC,https://data.boston.gov/dataset/e02c44d2-3c64-459c-8fe2-e1ce5f38a035/resource/ee73430d-96c0-423e-ad21-c4cfb54c8961/download/fy2026-property-assessment-data_rev.csv,FY2026,2026-10-04T01:53:29+00:00,
A0170,8917 CEDROS AVE,Los Angeles,CA,91402,LA County eGIS parcels,unique,1,2651012183,8917 CEDROS AVE LOS ANGELES CA 91402,LOS ANGELES CA,91402-1600,1990,YearBuilt1,32,Units1,0500,UseCode,Five or more apartments,UseDescription,https://cache.gis.lacounty.gov/cache/rest/services/LACounty_Cache/LACounty_Parcel/FeatureServer/0,2026,2026-10-04T01:53:30+00:00,
A0171,127 OGDEN AVE.,Jersey City,NJ,07660,NJOGIS Parcels & MOD-IV Composite,unique,1,0906_5201_6,127 OGDEN AVE.,JERSEY CITY CITY,07660,1910,YR_CONSTR,,DWELL/COMM_DWELL,4C,PROP_CLASS,,PROP_USE,https://services2.arcgis.com/XVOqAjTOJ5P6ngMu/arcgis/rest/services/Parcels_Composite_NJ_WM/FeatureServer/0,1761714000000,2026-10-04T01:53:31+00:00,
A0172,8504 WILLIS AVE,Los Angeles,CA,91402,LA County eGIS parcels,unique,1,2653016046,8504 WILLIS AVE LOS ANGELES CA 91402,LOS ANGELES CA,91402-3455,1960,YearBuilt1,33,Units1,0500,UseCode,Five or more apartments,UseDescription,https://cache.gis.lacounty.gov/cache/rest/services/LACounty_Cache/LACounty_Parcel/FeatureServer/0,2026,2026-10-04T01:53:32+00:00,
A0173,13180 FOOTHILL BLVD,Los Angeles,CA,91342,LA County eGIS parcels,unique,1,2513025007,13180 FOOTHILL BLVD LOS ANGELES CA 91342,LOS ANGELES CA,91342-4829,1937,YearBuilt1,9,Units1,0500,UseCode,Five or more apartments,UseDescription,https://cache.gis.lacounty.gov/cache/rest/services/LACounty_Cache/LACounty_Parcel/FeatureServer/0,2026,2026-10-04T01:53:32+00:00,
A0174,84 Hampshire St,Cambridge,MA,,Cambridge Property Database FY2026 (waa7-ibdu),unique,1,77-76,84 Hampshire St,Cambridge,,1900,condition_yearbuilt,19,interior_numunits,112,stateclasscode,>8-UNIT-APT,propertyclass/exterior_occupancy,https://data.cambridgema.gov/resource/waa7-ibdu.json,2026,2026-10-04T01:53:33+00:00,
A0175,10 Dover St,Cambridge,MA,,Cambridge Property Database FY2026 (waa7-ibdu),unique,1,182-63,10 Dover St,Cambridge,,1922,condition_yearbuilt,6,interior_numunits,111,stateclasscode,4-8-UNIT-APT,propertyclass/exterior_occupancy,https://data.cambridgema.gov/resource/waa7-ibdu.json,2026,2026-10-04T01:53:34+00:00,
A0176,15 Chester St,Cambridge,MA,,Cambridge Property Database FY2026 (waa7-ibdu),ambiguous,2,182-86,15 Chester St,Cambridge,,1965,condition_yearbuilt,29,interior_numunits,112,stateclasscode,>8-UNIT-APT,propertyclass/exterior_occupancy,https://data.cambridgema.gov/resource/waa7-ibdu.json,2026,2026-10-04T01:53:34+00:00,
A0177,166 HIGHLAND AVE.,Jersey City,NJ,11201,NJOGIS Parcels & MOD-IV Composite,unique,1,0906_13203_60,166 HIGHLAND AVE.,JERSEY CITY CITY,11201,1912,YR_CONSTR,,DWELL/COMM_DWELL,4C,PROP_CLASS,029,PROP_USE,https://services2.arcgis.com/XVOqAjTOJ5P6ngMu/arcgis/rest/services/Parcels_Composite_NJ_WM/FeatureServer/0,1761714000000,2026-10-04T01:53:35+00:00,
A0178,5308 RIVERTON AVE,Los Angeles,CA,91601,LA County eGIS parcels,unique,1,2416023010,5308 RIVERTON AVE LOS ANGELES CA 91601,LOS ANGELES CA,91601-3325,1961,YearBuilt1,7,Units1,0500,UseCode,Five or more apartments,UseDescription,https://cache.gis.lacounty.gov/cache/rest/services/LACounty_Cache/LACounty_Parcel/FeatureServer/0,2026,2026-10-04T01:53:35+00:00,
A0179,7006 LANEWOOD AVE,Los Angeles,CA,90028,LA County eGIS parcels,unique,1,5548013011,7006 LANEWOOD AVE LOS ANGELES CA 90028,LOS ANGELES CA,90028-7027,1958,YearBuilt1,18,Units1,0500,UseCode,Five or more apartments,UseDescription,https://cache.gis.lacounty.gov/cache/rest/services/LACounty_Cache/LACounty_Parcel/FeatureServer/0,2026,2026-10-04T01:53:36+00:00,
A0180,845 S KINGSLEY DR,Los Angeles,CA,90005,LA County eGIS parcels,unique,1,5093022026,845 S KINGSLEY DR LOS ANGELES CA 90005,LOS ANGELES CA,90005-4360,1990,YearBuilt1,33,Units1,0500,UseCode,Five or more apartments,UseDescription,https://cache.gis.lacounty.gov/cache/rest/services/LACounty_Cache/LACounty_Parcel/FeatureServer/0,2026,2026-10-04T01:53:37+00:00,
A0181,931 GARDEN ST,Hoboken,NJ,07030,NJOGIS Parcels & MOD-IV Composite,unique,1,0905_196_16,931 GARDEN ST,HOBOKEN CITY,07030,,YR_CONSTR,10,DWELL/COMM_DWELL,4C,PROP_CLASS,,PROP_USE,https://services2.arcgis.com/XVOqAjTOJ5P6ngMu/arcgis/rest/services/Parcels_Composite_NJ_WM/FeatureServer/0,1761714000000,2026-10-04T01:53:38+00:00,
A0182,911-923 CLINTON ST,Hoboken,NJ,07030,NJOGIS Parcels & MOD-IV Composite,unique,1,0905_161_6,911-923 CLINTON ST,HOBOKEN CITY,07030,,YR_CONSTR,,DWELL/COMM_DWELL,4C,PROP_CLASS,,PROP_USE,https://services2.arcgis.com/XVOqAjTOJ5P6ngMu/arcgis/rest/services/Parcels_Composite_NJ_WM/FeatureServer/0,1761714000000,2026-10-04T01:53:38+00:00,
A0183,2427 HILGARD AVE,Berkeley,CA,94709,Alameda County parcels,unique,1,058 219501000,2427 HILGARD AVE BERKELEY 94709,BERKELEY,94709,1924,YearBuilt,15,Units,7700,UseCode,,,https://gis.cityofberkeley.info/arcgis3/rest/services/Public/GISPortal/MapServer/1,current,2026-10-04T01:53:38+00:00,
A0184,156 W 32ND ST,Los Angeles,CA,90007,LA County eGIS parcels,unique,1,5122006012,156 W 32ND ST LOS ANGELES CA 90007,LOS ANGELES CA,90007-3809,1907,YearBuilt1,16,Units1,0500,UseCode,Five or more apartments,UseDescription,https://cache.gis.lacounty.gov/cache/rest/services/LACounty_Cache/LACounty_Parcel/FeatureServer/0,2026,2026-10-04T01:53:38+00:00,
A0185,154 TERHUNE AVE.,Jersey City,NJ,07103,NJOGIS Parcels & MOD-IV Composite,unique,1,0906_26201_83,154 TERHUNE AVE.,JERSEY CITY CITY,07103,1922,YR_CONSTR,,DWELL/COMM_DWELL,4C,PROP_CLASS,,PROP_USE,https://services2.arcgis.com/XVOqAjTOJ5P6ngMu/arcgis/rest/services/Parcels_Composite_NJ_WM/FeatureServer/0,1761714000000,2026-10-04T01:53:39+00:00,
A0186,107 BEACON AVE.,Jersey City,NJ,07306,NJOGIS Parcels & MOD-IV Composite,unique,1,0906_5704_5,107 BEACON AVE.,JERSEY CITY CITY,07306,1,YR_CONSTR,5,DWELL/COMM_DWELL,4C,PROP_CLASS,029,PROP_USE,https://services2.arcgis.com/XVOqAjTOJ5P6ngMu/arcgis/rest/services/Parcels_Composite_NJ_WM/FeatureServer/0,1761714000000,2026-10-04T01:53:39+00:00,
A0187,146 CARLTON AVE.,Jersey City,NJ,07423,NJOGIS Parcels & MOD-IV Composite,unique,1,0906_4204_24,146 CARLTON AVE.,JERSEY CITY CITY,07423,1925,YR_CONSTR,,DWELL/COMM_DWELL,4C,PROP_CLASS,,PROP_USE,https://services2.arcgis.com/XVOqAjTOJ5P6ngMu/arcgis/rest/services/Parcels_Composite_NJ_WM/FeatureServer/0,1761714000000,2026-10-04T01:53:39+00:00,
A0188,2819 MCGEE AVE,Berkeley,CA,94703,Alameda County parcels,unique,1,053 167502000,2819 MCGEE AVE BERKELEY 94703,BERKELEY,94703,1960,YearBuilt,7,Units,7700,UseCode,,,https://gis.cityofberkeley.info/arcgis3/rest/services/Public/GISPortal/MapServer/1,current,2026-10-04T01:53:39+00:00,
A0189,1811 CARLETON ST,Berkeley,CA,94703,Alameda County parcels,unique,1,054 181201300,1811 CARLETON ST BERKELEY 94703,BERKELEY,94703,,YearBuilt,6,Units,7200,UseCode,,,https://gis.cityofberkeley.info/arcgis3/rest/services/Public/GISPortal/MapServer/1,current,2026-10-04T01:53:40+00:00,
A0190,283 ADAMS ST,Newark,NJ,07105,NJOGIS Parcels & MOD-IV Composite,unique,1,0714_956_68,283 ADAMS ST,NEWARK CITY,07105,,YR_CONSTR,1,DWELL/COMM_DWELL,4C,PROP_CLASS,029,PROP_USE,https://services2.arcgis.com/XVOqAjTOJ5P6ngMu/arcgis/rest/services/Parcels_Composite_NJ_WM/FeatureServer/0,1772427600000,2026-10-04T01:53:40+00:00,
A0191,60 Kirkland St,Cambridge,MA,,Cambridge Property Database FY2026 (waa7-ibdu),unique,1,142-28,60 Kirkland St,Cambridge,,1891,condition_yearbuilt,6,interior_numunits,111,stateclasscode,4-8-UNIT-APT,propertyclass/exterior_occupancy,https://data.cambridgema.gov/resource/waa7-ibdu.json,2026,2026-10-04T01:53:40+00:00,
A0192,780 POST ST,San Francisco,CA,,DataSF wv5m-vpq2 (2025 roll),ambiguous,19,0299009,0000 0780 POST                ST0000,San Francisco,,1916,year_property_built,36.0,number_of_units,MRES,use_code,Multi-Family Residential,use_definition,https://data.sfgov.org/resource/wv5m-vpq2.json,2008,2026-10-04T01:53:40+00:00,
A0193,1626 BONITA AVE,Berkeley,CA,94709,Alameda County parcels,unique,1,058 217101300,1626 BONITA AVE BERKELEY 94709,BERKELEY,94709,1961,YearBuilt,6,Units,7700,UseCode,,,https://gis.cityofberkeley.info/arcgis3/rest/services/Public/GISPortal/MapServer/1,current,2026-10-04T01:53:42+00:00,
A0194,72 Burbank ST,Boston,MA,02115,Boston Property Assessment FY2026,unique,1,0401475000,72 Burbank ST  ,Boston,02115,2022,YR_BUILT,,RES_UNITS,A,LU,SUBSD HOUSING S- 8,LU_DESC,https://data.boston.gov/dataset/e02c44d2-3c64-459c-8fe2-e1ce5f38a035/resource/ee73430d-96c0-423e-ad21-c4cfb54c8961/download/fy2026-property-assessment-data_rev.csv,FY2026,2026-10-04T01:53:42+00:00,
A0195,1850-1848 COMMONWEALTH AV,Brighton,MA,02135,Boston Property Assessment FY2026,unique,1,2102312000,1850 COMMONWEALTH AV  ,Boston,02135,1910,YR_BUILT,,RES_UNITS,A,LU,APT 7-30 UNITS,LU_DESC,https://data.boston.gov/dataset/e02c44d2-3c64-459c-8fe2-e1ce5f38a035/resource/ee73430d-96c0-423e-ad21-c4cfb54c8961/download/fy2026-property-assessment-data_rev.csv,FY2026,2026-10-04T01:53:43+00:00,
A0196,16915 BLACKHAWK ST,Los Angeles,CA,91344,LA County eGIS parcels,unique,1,2684012033,16915 BLACKHAWK ST LOS ANGELES CA 91344,LOS ANGELES CA,91344-7312,1962,YearBuilt1,30,Units1,0501,UseCode,Five or more apartments,UseDescription,https://cache.gis.lacounty.gov/cache/rest/services/LACounty_Cache/LACounty_Parcel/FeatureServer/0,2026,2026-10-04T01:53:43+00:00,
A0197,1611 62ND ST,Berkeley,CA,94703,Alameda County parcels,unique,1,052 152301502,1611 62ND ST BERKELEY 94703,BERKELEY,94703,,YearBuilt,7,Units,7200,UseCode,,,https://gis.cityofberkeley.info/arcgis3/rest/services/Public/GISPortal/MapServer/1,current,2026-10-04T01:53:44+00:00,
A0198,194 Havre ST,East Boston,MA,02128,Boston Property Assessment FY2026,unique,1,0106134000,194 Havre ST  ,Boston,02128,2019,YR_BUILT,,RES_UNITS,A,LU,APT 7-30 UNITS,LU_DESC,https://data.boston.gov/dataset/e02c44d2-3c64-459c-8fe2-e1ce5f38a035/resource/ee73430d-96c0-423e-ad21-c4cfb54c8961/download/fy2026-property-assessment-data_rev.csv,FY2026,2026-10-04T01:53:44+00:00,
A0199,42 Bay State Rd,Cambridge,MA,,Cambridge Property Database FY2026 (waa7-ibdu),unique,1,261-200,42 Bay State Rd,Cambridge,,2012,condition_yearbuilt,5,interior_numunits,111,stateclasscode,4-8-UNIT-APT,propertyclass/exterior_occupancy,https://data.cambridgema.gov/resource/waa7-ibdu.json,2026,2026-10-04T01:53:45+00:00,
A0200,1853 N HIGHLAND AVE,Los Angeles,CA,90028,LA County eGIS parcels,unique,1,5549018011,1853 N HIGHLAND AVE LOS ANGELES CA 90028,LOS ANGELES CA,90028-4519,0000,YearBuilt1,1,Units1,0500,UseCode,Five or more apartments,UseDescription,https://cache.gis.lacounty.gov/cache/rest/services/LACounty_Cache/LACounty_Parcel/FeatureServer/0,2026,2026-10-04T01:53:45+00:00,
A0201,2737 BENVENUE AVE,Berkeley,CA,94705,Alameda County parcels,unique,1,054 170902000,2737 BENVENUE AVE BERKELEY 94705,BERKELEY,94705,1908,YearBuilt,9,Units,7700,UseCode,,,https://gis.cityofberkeley.info/arcgis3/rest/services/Public/GISPortal/MapServer/1,current,2026-10-04T01:53:46+00:00,
A0202,1446 JACKSON ST,San Francisco,CA,,DataSF wv5m-vpq2 (2025 roll),ambiguous,19,0185013,0000 1446 JACKSON             ST0000,San Francisco,,1907,year_property_built,6.0,number_of_units,MRES,use_code,Multi-Family Residential,use_definition,https://data.sfgov.org/resource/wv5m-vpq2.json,2021,2026-10-04T01:53:47+00:00,
A0203,2986-2930 Washington ST,Roxbury,MA,02119,Boston Property Assessment FY2026,unique,1,1101752000,2986 Washington ST  ,Boston,02119,2002,YR_BUILT,,RES_UNITS,A,LU,SUBSD HOUSING S- 8,LU_DESC,https://data.boston.gov/dataset/e02c44d2-3c64-459c-8fe2-e1ce5f38a035/resource/ee73430d-96c0-423e-ad21-c4cfb54c8961/download/fy2026-property-assessment-data_rev.csv,FY2026,2026-10-04T01:53:48+00:00,
A0204,202-208 6TH AVE W,Newark,NJ,08736,NJOGIS Parcels & MOD-IV Composite,unique,1,0714_1914_35,202-208 6TH AVE W,NEWARK CITY,08736,,YR_CONSTR,1,DWELL/COMM_DWELL,4C,PROP_CLASS,029,PROP_USE,https://services2.arcgis.com/XVOqAjTOJ5P6ngMu/arcgis/rest/services/Parcels_Composite_NJ_WM/FeatureServer/0,1772427600000,2026-10-04T01:53:48+00:00,
A0205,2425 GRANT ST,Berkeley,CA,94703,Alameda County parcels,unique,1,055 190302300,2425 GRANT ST BERKELEY 94703,BERKELEY,94703,1962,YearBuilt,10,Units,7700,UseCode,,,https://gis.cityofberkeley.info/arcgis3/rest/services/Public/GISPortal/MapServer/1,current,2026-10-04T01:53:49+00:00,
A0206,401 43RD AV,San Francisco,CA,,DataSF wv5m-vpq2 (2025 roll),ambiguous,16,0115061,0000 0401 UNION               ST0301,San Francisco,,1979,year_property_built,1.0,number_of_units,SRES,use_code,Single Family Residential,use_definition,https://data.sfgov.org/resource/wv5m-vpq2.json,2024,2026-10-04T01:53:49+00:00,
A0207,705 W 23RD ST,Los Angeles,CA,90007,LA County eGIS parcels,unique,1,5124031008,705 W 23RD ST LOS ANGELES CA 90007,LOS ANGELES CA,90007-2039,1901,YearBuilt1,10,Units1,0500,UseCode,Five or more apartments,UseDescription,https://cache.gis.lacounty.gov/cache/rest/services/LACounty_Cache/LACounty_Parcel/FeatureServer/0,2026,2026-10-04T01:53:50+00:00,
A0208,126 ADAMS ST,Hoboken,NJ,07604,NJOGIS Parcels & MOD-IV Composite,unique,1,0905_30_16,126 ADAMS ST,HOBOKEN CITY,07604,,YR_CONSTR,8,DWELL/COMM_DWELL,4C,PROP_CLASS,,PROP_USE,https://services2.arcgis.com/XVOqAjTOJ5P6ngMu/arcgis/rest/services/Parcels_Composite_NJ_WM/FeatureServer/0,1761714000000,2026-10-04T01:53:51+00:00,
A0209,19 Trowbridge St,Cambridge,MA,,Cambridge Property Database FY2026 (waa7-ibdu),unique,1,134-14,19 Trowbridge St,Cambridge,,1910,condition_yearbuilt,6,interior_numunits,111,stateclasscode,4-8-UNIT-APT,propertyclass/exterior_occupancy,https://data.cambridgema.gov/resource/waa7-ibdu.json,2026,2026-10-04T01:53:51+00:00,
A0210,1432 N CURSON AVE,Los Angeles,CA,90046,LA County eGIS parcels,unique,1,5550026045,1432 N CURSON AVE LOS ANGELES CA 90046,LOS ANGELES CA,90046-4002,2016,YearBuilt1,9,Units1,0500,UseCode,Five or more apartments,UseDescription,https://cache.gis.lacounty.gov/cache/rest/services/LACounty_Cache/LACounty_Parcel/FeatureServer/0,2026,2026-10-04T01:53:51+00:00,
A0211,499 BEACON ST,Boston,MA,02215,Boston Property Assessment FY2026,unique,1,0503887000,499 BEACON ST  ,Boston,02215,1899,YR_BUILT,,RES_UNITS,A,LU,APT 7-30 UNITS,LU_DESC,https://data.boston.gov/dataset/e02c44d2-3c64-459c-8fe2-e1ce5f38a035/resource/ee73430d-96c0-423e-ad21-c4cfb54c8961/download/fy2026-property-assessment-data_rev.csv,FY2026,2026-10-04T01:53:52+00:00,
A0212,1311 SOUTH VAN NESS AV,San Francisco,CA,,DataSF wv5m-vpq2 (2025 roll),ambiguous,19,6519039,1315 1311 SOUTH VAN NESS      AV0000,San Francisco,,1900,year_property_built,5.0,number_of_units,MRES,use_code,Multi-Family Residential,use_definition,https://data.sfgov.org/resource/wv5m-vpq2.json,2022,2026-10-04T01:53:53+00:00,
A0213,11649 ACAMA ST,Los Angeles,CA,91604,LA County eGIS parcels,unique,1,2368014010,11649 ACAMA ST LOS ANGELES CA 91604,LOS ANGELES CA,91604-2960,1986,YearBuilt1,7,Units1,0500,UseCode,Five or more apartments,UseDescription,https://cache.gis.lacounty.gov/cache/rest/services/LACounty_Cache/LACounty_Parcel/FeatureServer/0,2026,2026-10-04T01:53:56+00:00,
A0214,358 Harvard St,Cambridge,MA,,Cambridge Property Database FY2026 (waa7-ibdu),unique,1,134-48,358 Harvard St,Cambridge,,1900,condition_yearbuilt,6,interior_numunits,111,stateclasscode,4-8-UNIT-APT,propertyclass/exterior_occupancy,https://data.cambridgema.gov/resource/waa7-ibdu.json,2026,2026-10-04T01:53:56+00:00,
A0215,2295 CALIFORNIA ST,San Francisco,CA,,DataSF wv5m-vpq2 (2025 roll),ambiguous,19,0652024,0000 2295 CALIFORNIA          ST0000,San Francisco,,1924,year_property_built,21.0,number_of_units,MRES,use_code,Multi-Family Residential,use_definition,https://data.sfgov.org/resource/wv5m-vpq2.json,2022,2026-10-04T01:53:57+00:00,
A0216,2309 HASTE ST,Berkeley,CA,94704,Alameda County parcels,unique,1,055 188301600,2309 HASTE ST BERKELEY 94704,BERKELEY,94704,,YearBuilt,8,Units,7700,UseCode,,,https://gis.cityofberkeley.info/arcgis3/rest/services/Public/GISPortal/MapServer/1,current,2026-10-04T01:53:59+00:00,
A0217,170-172 Maverick ST,East Boston,MA,02128,Boston Property Assessment FY2026,unique,1,0103916000,170 Maverick ST  ,Boston,02128,2011,YR_BUILT,,RES_UNITS,A,LU,SUBSD HOUSING S- 8,LU_DESC,https://data.boston.gov/dataset/e02c44d2-3c64-459c-8fe2-e1ce5f38a035/resource/ee73430d-96c0-423e-ad21-c4cfb54c8961/download/fy2026-property-assessment-data_rev.csv,FY2026,2026-10-04T01:53:59+00:00,
A0218,15 Richdale Ave,Cambridge,MA,,Cambridge Property Database FY2026 (waa7-ibdu),unique,1,178-122,15 Richdale Ave,Cambridge,,1910,condition_yearbuilt,46,interior_numunits,112,stateclasscode,>8-UNIT-APT,propertyclass/exterior_occupancy,https://data.cambridgema.gov/resource/waa7-ibdu.json,2026,2026-10-04T01:53:59+00:00,
A0219,3735 32ND ST,San Diego,CA,92104,SANDAG/SanGIS parcels,unique,1,4464910900,3735 32ND ST,SAN DIEGO,92104-7715,71,year_effective,8,unitqty,14,asr_landuse,,,https://geo.sandag.org/server/rest/services/hosted/Parcels/FeatureServer/0,current,2026-10-04T01:54:00+00:00,
A0220,21-23 Faulkner ST,Dorchester,MA,02122,Boston Property Assessment FY2026,unique,1,1600764000,21 Faulkner ST  ,Boston,02122,1900,YR_BUILT,,RES_UNITS,A,LU,SUBSD HOUSING S- 8,LU_DESC,https://data.boston.gov/dataset/e02c44d2-3c64-459c-8fe2-e1ce5f38a035/resource/ee73430d-96c0-423e-ad21-c4cfb54c8961/download/fy2026-property-assessment-data_rev.csv,FY2026,2026-10-04T01:54:00+00:00,
A0221,191 Park DR,Boston,MA,02215,Boston Property Assessment FY2026,ambiguous,2,2002184000,191 PARK ST  ,Boston,02132,1925,YR_BUILT,,RES_UNITS,R2,LU,TWO-FAM DWELLING,LU_DESC,https://data.boston.gov/dataset/e02c44d2-3c64-459c-8fe2-e1ce5f38a035/resource/ee73430d-96c0-423e-ad21-c4cfb54c8961/download/fy2026-property-assessment-data_rev.csv,FY2026,2026-10-04T01:54:01+00:00,
A0222,1901 VALLEJO ST,San Francisco,CA,,DataSF wv5m-vpq2 (2025 roll),ambiguous,19,0567001,0000 1901 VALLEJO             ST0000,San Francisco,,1960,year_property_built,8.0,number_of_units,MRES,use_code,Multi-Family Residential,use_definition,https://data.sfgov.org/resource/wv5m-vpq2.json,2014,2026-10-04T01:54:01+00:00,
A0223,504 COURT ST,Hoboken,NJ,07030,NJOGIS Parcels & MOD-IV Composite,ambiguous,3,0905_204_39.02,504 WASHINGTON ST,HOBOKEN CITY,07039,,YR_CONSTR,3,DWELL/COMM_DWELL,4A,PROP_CLASS,738,PROP_USE,https://services2.arcgis.com/XVOqAjTOJ5P6ngMu/arcgis/rest/services/Parcels_Composite_NJ_WM/FeatureServer/0,1761714000000,2026-10-04T01:54:03+00:00,
A0224,8727 TOBIAS AVE,Los Angeles,CA,91402,LA County eGIS parcels,unique,1,2653003021,8727 TOBIAS AVE LOS ANGELES CA 91402,LOS ANGELES CA,91402-2326,1960,YearBuilt1,13,Units1,0500,UseCode,Five or more apartments,UseDescription,https://cache.gis.lacounty.gov/cache/rest/services/LACounty_Cache/LACounty_Parcel/FeatureServer/0,2026,2026-10-04T01:54:03+00:00,
A0225,1627 JACKSON ST,San Francisco,CA,,DataSF wv5m-vpq2 (2025 roll),ambiguous,19,0598013,1629 1627 JACKSON             ST0000,San Francisco,,1913,year_property_built,9.0,number_of_units,MRES,use_code,Multi-Family Residential,use_definition,https://data.sfgov.org/resource/wv5m-vpq2.json,2024,2026-10-04T01:54:04+00:00,
A0226,663 MASSACHUSETTS AV,Boston,MA,02118,Boston Property Assessment FY2026,unique,1,0801580001,663 MASSACHUSETTS AV  ,Boston,02118,1905,YR_BUILT,,RES_UNITS,A,LU,SUBSD HOUSING S- 8,LU_DESC,https://data.boston.gov/dataset/e02c44d2-3c64-459c-8fe2-e1ce5f38a035/resource/ee73430d-96c0-423e-ad21-c4cfb54c8961/download/fy2026-property-assessment-data_rev.csv,FY2026,2026-10-04T01:54:06+00:00,
A0227,1401 HUDSON ST,Hoboken,NJ,07030,NJOGIS Parcels & MOD-IV Composite,unique,1,0905_263.03_1,1401 HUDSON ST,HOBOKEN CITY,07030,2010,YR_CONSTR,93,DWELL/COMM_DWELL,4C,PROP_CLASS,,PROP_USE,https://services2.arcgis.com/XVOqAjTOJ5P6ngMu/arcgis/rest/services/Parcels_Composite_NJ_WM/FeatureServer/0,1761714000000,2026-10-04T01:54:07+00:00,
A0228,225 COLLINGWOOD ST,San Francisco,CA,,DataSF wv5m-vpq2 (2025 roll),ambiguous,19,2696028,0227 0225 COLLINGWOOD         ST0000,San Francisco,,1907,year_property_built,5.0,number_of_units,MRES,use_code,Multi-Family Residential,use_definition,https://data.sfgov.org/resource/wv5m-vpq2.json,2008,2026-10-04T01:54:07+00:00,
A0229,5164 03RD ST,San Francisco,CA,,DataSF wv5m-vpq2 (2025 roll),ambiguous,19,5358016,5170 5164 03RD                ST0000,San Francisco,,1914,year_property_built,6.0,number_of_units,MRES,use_code,Multi-Family Residential,use_definition,https://data.sfgov.org/resource/wv5m-vpq2.json,2023,2026-10-04T01:54:09+00:00,
A0230,85 Hancock St,Cambridge,MA,,Cambridge Property Database FY2026 (waa7-ibdu),unique,1,116-92,85 Hancock St,Cambridge,,1996,condition_yearbuilt,18,interior_numunits,112,stateclasscode,>8-UNIT-APT,propertyclass/exterior_occupancy,https://data.cambridgema.gov/resource/waa7-ibdu.json,2026,2026-10-04T01:54:11+00:00,
A0231,521 ARGUELLO BL,San Francisco,CA,,DataSF wv5m-vpq2 (2025 roll),ambiguous,10,1543002A,0000 0521 ARGUELLO            BL0000,San Francisco,,1971,year_property_built,6.0,number_of_units,MRES,use_code,Multi-Family Residential,use_definition,https://data.sfgov.org/resource/wv5m-vpq2.json,2022,2026-10-04T01:54:11+00:00,
A0232,189 Third St,Cambridge,MA,,Cambridge Property Database FY2026 (waa7-ibdu),unique,1,17-13,189 Third St,Cambridge,,1900,condition_yearbuilt,6,interior_numunits,111,stateclasscode,4-8-UNIT-APT,propertyclass/exterior_occupancy,https://data.cambridgema.gov/resource/waa7-ibdu.json,2026,2026-10-04T01:54:13+00:00,
A0233,30 MEDFIELD ST,Boston,MA,02215,Boston Property Assessment FY2026,unique,1,2100117000,30 MEDFIELD ST  ,Boston,02215,1920,YR_BUILT,,RES_UNITS,A,LU,APT 7-30 UNITS,LU_DESC,https://data.boston.gov/dataset/e02c44d2-3c64-459c-8fe2-e1ce5f38a035/resource/ee73430d-96c0-423e-ad21-c4cfb54c8961/download/fy2026-property-assessment-data_rev.csv,FY2026,2026-10-04T01:54:14+00:00,
A0234,2212 BLAKE ST,Berkeley,CA,94704,Alameda County parcels,unique,1,055 182901900,2212 BLAKE ST BERKELEY 94704,BERKELEY,94704,,YearBuilt,13,Units,7700,UseCode,,,https://gis.cityofberkeley.info/arcgis3/rest/services/Public/GISPortal/MapServer/1,current,2026-10-04T01:54:14+00:00,
A0235,6736 SELMA AVE,Los Angeles,CA,90028,LA County eGIS parcels,unique,1,5547020027,6736 SELMA AVE LOS ANGELES CA 90028,LOS ANGELES CA,90028-6114,,YearBuilt1,,Units1,050V,UseCode,Five or more apartments,UseDescription,https://cache.gis.lacounty.gov/cache/rest/services/LACounty_Cache/LACounty_Parcel/FeatureServer/0,2026,2026-10-04T01:54:15+00:00,
A0236,1110 JACKSON ST,San Francisco,CA,,DataSF wv5m-vpq2 (2025 roll),ambiguous,19,0182037,0000 1110 JACKSON             ST0000,San Francisco,,1961,year_property_built,9.0,number_of_units,MRES,use_code,Multi-Family Residential,use_definition,https://data.sfgov.org/resource/wv5m-vpq2.json,2022,2026-10-04T01:54:15+00:00,
A0237,36 VALLEY ST,San Francisco,CA,,DataSF wv5m-vpq2 (2025 roll),ambiguous,12,6616014,0000 0036 VALLEY              ST0000,San Francisco,,1927,year_property_built,12.0,number_of_units,MRES,use_code,Multi-Family Residential,use_definition,https://data.sfgov.org/resource/wv5m-vpq2.json,2013,2026-10-04T01:54:18+00:00,
A0238,15256 ACRE ST,Los Angeles,CA,91343,LA County eGIS parcels,unique,1,2654010001,15256 ACRE ST LOS ANGELES CA 91343,LOS ANGELES CA,91343-5256,1957,YearBuilt1,6,Units1,0500,UseCode,Five or more apartments,UseDescription,https://cache.gis.lacounty.gov/cache/rest/services/LACounty_Cache/LACounty_Parcel/FeatureServer/0,2026,2026-10-04T01:54:20+00:00,
A0239,1476 UNIVERSITY AVE,Berkeley,CA,94702,Alameda County parcels,unique,1,056 199602500,1476 UNIVERSITY AVE BERKELEY 94702,BERKELEY,94702,,YearBuilt,18,Units,7700,UseCode,,,https://gis.cityofberkeley.info/arcgis3/rest/services/Public/GISPortal/MapServer/1,current,2026-10-04T01:54:20+00:00,
A0240,4135 38TH ST,San Diego,CA,92105,SANDAG/SanGIS parcels,unique,1,4473523500,4135 38TH ST,SAN DIEGO,92105-1351,79,year_effective,7,unitqty,14,asr_landuse,,,https://geo.sandag.org/server/rest/services/hosted/Parcels/FeatureServer/0,current,2026-10-04T01:54:21+00:00,
A0241,913 GARDEN ST,Hoboken,NJ,07030,NJOGIS Parcels & MOD-IV Composite,unique,1,0905_196_9.01,913 GARDEN ST,HOBOKEN CITY,07030,,YR_CONSTR,14,DWELL/COMM_DWELL,4C,PROP_CLASS,,PROP_USE,https://services2.arcgis.com/XVOqAjTOJ5P6ngMu/arcgis/rest/services/Parcels_Composite_NJ_WM/FeatureServer/0,1761714000000,2026-10-04T01:54:21+00:00,
A0242,85-87 SIERRA RD,Hyde Park,MA,02136,Boston Property Assessment FY2026,unique,1,1809798003,85 SIERRA RD  ,Boston,02136,1960,YR_BUILT,,RES_UNITS,A,LU,APT 7-30 UNITS,LU_DESC,https://data.boston.gov/dataset/e02c44d2-3c64-459c-8fe2-e1ce5f38a035/resource/ee73430d-96c0-423e-ad21-c4cfb54c8961/download/fy2026-property-assessment-data_rev.csv,FY2026,2026-10-04T01:54:21+00:00,
A0243,664 OCEAN AVE.,Jersey City,NJ,07305,NJOGIS Parcels & MOD-IV Composite,unique,1,0906_22701_34,664 OCEAN AVE.,JERSEY CITY CITY,07305,1910,YR_CONSTR,4,DWELL/COMM_DWELL,4C,PROP_CLASS,,PROP_USE,https://services2.arcgis.com/XVOqAjTOJ5P6ngMu/arcgis/rest/services/Parcels_Composite_NJ_WM/FeatureServer/0,1761714000000,2026-10-04T01:54:22+00:00,
A0244,1126 HUDSON ST,Hoboken,NJ,07030,NJOGIS Parcels & MOD-IV Composite,unique,1,0905_243_17,1126 HUDSON ST,HOBOKEN CITY,07030,,YR_CONSTR,12,DWELL/COMM_DWELL,4C,PROP_CLASS,,PROP_USE,https://services2.arcgis.com/XVOqAjTOJ5P6ngMu/arcgis/rest/services/Parcels_Composite_NJ_WM/FeatureServer/0,1761714000000,2026-10-04T01:54:22+00:00,
A0245,30 WEST HOWELL ST M-D,Dorchester,MA,02125,Boston Property Assessment FY2026,unique,1,0703441022,30 WEST HOWELL ST  M-D,Boston,02125,2018,YR_BUILT,,RES_UNITS,A,LU,LUXURY APARTMENT,LU_DESC,https://data.boston.gov/dataset/e02c44d2-3c64-459c-8fe2-e1ce5f38a035/resource/ee73430d-96c0-423e-ad21-c4cfb54c8961/download/fy2026-property-assessment-data_rev.csv,FY2026,2026-10-04T01:54:22+00:00,
A0246,4386 COPELAND AVE,San Diego,CA,92105,SANDAG/SanGIS parcels,unique,1,4710512600,4386 COPELAND AVE,SAN DIEGO,92105-1248,57,year_effective,8,unitqty,14,asr_landuse,,,https://geo.sandag.org/server/rest/services/hosted/Parcels/FeatureServer/0,current,2026-10-04T01:54:23+00:00,
A0247,4957 CAPE MAY AVE,San Diego,CA,92107,SANDAG/SanGIS parcels,unique,1,4482013100,4957 CAPE MAY AVE,SAN DIEGO,92107-2554,72,year_effective,10,unitqty,14,asr_landuse,,,https://geo.sandag.org/server/rest/services/hosted/Parcels/FeatureServer/0,current,2026-10-04T01:54:23+00:00,
A0248,941 S KENMORE AVE,Los Angeles,CA,90006,LA County eGIS parcels,unique,1,5094023030,941 S KENMORE AVE LOS ANGELES CA 90006,LOS ANGELES CA,90006-1558,1923,YearBuilt1,24,Units1,0500,UseCode,Five or more apartments,UseDescription,https://cache.gis.lacounty.gov/cache/rest/services/LACounty_Cache/LACounty_Parcel/FeatureServer/0,2026,2026-10-04T01:54:23+00:00,
A0249,498-500 HAWTHORNE AVE,Newark,NJ,10013,NJOGIS Parcels & MOD-IV Composite,unique,1,0714_3066_3,498-500 HAWTHORNE AVE,NEWARK CITY,10013,,YR_CONSTR,1,DWELL/COMM_DWELL,4C,PROP_CLASS,029,PROP_USE,https://services2.arcgis.com/XVOqAjTOJ5P6ngMu/arcgis/rest/services/Parcels_Composite_NJ_WM/FeatureServer/0,1772427600000,2026-10-04T01:54:24+00:00,
A0250,211 BALDWIN AVE.,Jersey City,NJ,07002,NJOGIS Parcels & MOD-IV Composite,unique,1,0906_10803_29.01,211 BALDWIN AVE.,JERSEY CITY CITY,07002,,YR_CONSTR,,DWELL/COMM_DWELL,4C,PROP_CLASS,,PROP_USE,https://services2.arcgis.com/XVOqAjTOJ5P6ngMu/arcgis/rest/services/Parcels_Composite_NJ_WM/FeatureServer/0,1761714000000,2026-10-04T01:54:24+00:00,
A0251,4663 33RD ST,San Diego,CA,92116,SANDAG/SanGIS parcels,ambiguous,2,4394411000,4663 33RD ST,SAN DIEGO,92116-6302,70,year_effective,8,unitqty,14,asr_landuse,,,https://geo.sandag.org/server/rest/services/hosted/Parcels/FeatureServer/0,current,2026-10-04T01:54:24+00:00,
A0252,15514 CHASE ST,Los Angeles,CA,91343,LA County eGIS parcels,unique,1,2654028031,15514 CHASE ST LOS ANGELES CA 91343,LOS ANGELES CA,91343-6583,1984,YearBuilt1,6,Units1,0500,UseCode,Five or more apartments,UseDescription,https://cache.gis.lacounty.gov/cache/rest/services/LACounty_Cache/LACounty_Parcel/FeatureServer/0,2026,2026-10-04T01:54:24+00:00,
A0253,2250 NORTH POINT ST,San Francisco,CA,,DataSF wv5m-vpq2 (2025 roll),ambiguous,19,0919003,0000 2250 NORTH POINT         ST0000,San Francisco,,1928,year_property_built,7.0,number_of_units,MRES,use_code,Multi-Family Residential,use_definition,https://data.sfgov.org/resource/wv5m-vpq2.json,2024,2026-10-04T01:54:25+00:00,
A0254,805 WASHINGTON ST,Hoboken,NJ,07030,NJOGIS Parcels & MOD-IV Composite,unique,1,0905_219_3,805 WASHINGTON ST,HOBOKEN CITY,07030,,YR_CONSTR,9,DWELL/COMM_DWELL,4C,PROP_CLASS,,PROP_USE,https://services2.arcgis.com/XVOqAjTOJ5P6ngMu/arcgis/rest/services/Parcels_Composite_NJ_WM/FeatureServer/0,1761714000000,2026-10-04T01:54:28+00:00,
A0255,851 E 51ST ST,Los Angeles,CA,90011,LA County eGIS parcels,unique,1,5108014027,851 E 51ST ST LOS ANGELES CA 90011,LOS ANGELES CA,90011-4113,1923,YearBuilt1,2,Units1,0500,UseCode,Five or more apartments,UseDescription,https://cache.gis.lacounty.gov/cache/rest/services/LACounty_Cache/LACounty_Parcel/FeatureServer/0,2026,2026-10-04T01:54:29+00:00,
A0256,327 JACKSON ST,Hoboken,NJ,07017,NJOGIS Parcels & MOD-IV Composite,unique,1,0905_47_13,327 JACKSON ST,HOBOKEN CITY,07017,,YR_CONSTR,20,DWELL/COMM_DWELL,4C,PROP_CLASS,738,PROP_USE,https://services2.arcgis.com/XVOqAjTOJ5P6ngMu/arcgis/rest/services/Parcels_Composite_NJ_WM/FeatureServer/0,1761714000000,2026-10-04T01:54:29+00:00,
A0257,5 COMMER CT,San Francisco,CA,,DataSF wv5m-vpq2 (2025 roll),no_match,0,,,,,,,,,,,,,https://data.sfgov.org/resource/wv5m-vpq2.json,,2026-10-04T01:54:30+00:00,
A0258,471 COLUMBIA RD,Dorchester,MA,02125,Boston Property Assessment FY2026,unique,1,1502618000,471 COLUMBIA RD  ,Boston,02125,1930,YR_BUILT,,RES_UNITS,A,LU,SUBSD HOUSING S- 8,LU_DESC,https://data.boston.gov/dataset/e02c44d2-3c64-459c-8fe2-e1ce5f38a035/resource/ee73430d-96c0-423e-ad21-c4cfb54c8961/download/fy2026-property-assessment-data_rev.csv,FY2026,2026-10-04T01:54:31+00:00,
A0259,872 NORTH POINT ST,San Francisco,CA,,DataSF wv5m-vpq2 (2025 roll),ambiguous,19,0025008,0880 0872 NORTH POINT         ST0000,San Francisco,,1900,year_property_built,5.0,number_of_units,MRES,use_code,Multi-Family Residential,use_definition,https://data.sfgov.org/resource/wv5m-vpq2.json,2021,2026-10-04T01:54:32+00:00,
A0260,2479 LE CONTE AVE,Berkeley,CA,94709,Alameda County parcels,unique,1,058 219300300,2479 LE CONTE AVE BERKELEY 94709,BERKELEY,94709,,YearBuilt,10,Units,7700,UseCode,,,https://gis.cityofberkeley.info/arcgis3/rest/services/Public/GISPortal/MapServer/1,current,2026-10-04T01:54:34+00:00,
A0261,525 ADAMS ST,Hoboken,NJ,07030,NJOGIS Parcels & MOD-IV Composite,unique,1,0905_70_6,525 ADAMS ST,HOBOKEN CITY,07030,,YR_CONSTR,10,DWELL/COMM_DWELL,4C,PROP_CLASS,,PROP_USE,https://services2.arcgis.com/XVOqAjTOJ5P6ngMu/arcgis/rest/services/Parcels_Composite_NJ_WM/FeatureServer/0,1761714000000,2026-10-04T01:54:34+00:00,
A0262,2924 E JUNIPER ST,San Diego,CA,92104,SANDAG/SanGIS parcels,no_match,0,,,,,,,,,,,,,https://geo.sandag.org/server/rest/services/hosted/Parcels/FeatureServer/0,,2026-10-04T01:54:34+00:00,
A0263,1636 M L KING JR WAY,Berkeley,CA,94709,Alameda County parcels,unique,1,058 216601801,1636 M L KING JR WAY BERKELEY 94709,BERKELEY,94709,,YearBuilt,14,Units,7700,UseCode,,,https://gis.cityofberkeley.info/arcgis3/rest/services/Public/GISPortal/MapServer/1,current,2026-10-04T01:54:34+00:00,
A0264,583-589 ELIZABETH AVE,Newark,NJ,11516,NJOGIS Parcels & MOD-IV Composite,unique,1,0714_3644_5,583-589 ELIZABETH AVE,NEWARK CITY,11516,,YR_CONSTR,1,DWELL/COMM_DWELL,4C,PROP_CLASS,021,PROP_USE,https://services2.arcgis.com/XVOqAjTOJ5P6ngMu/arcgis/rest/services/Parcels_Composite_NJ_WM/FeatureServer/0,1772427600000,2026-10-04T01:54:34+00:00,
A0265,102 BALDWIN AVE.,Jersey City,NJ,07306,NJOGIS Parcels & MOD-IV Composite,unique,1,0906_12306_11,102 BALDWIN AVE.,JERSEY CITY CITY,07306,1912,YR_CONSTR,,DWELL/COMM_DWELL,4C,PROP_CLASS,,PROP_USE,https://services2.arcgis.com/XVOqAjTOJ5P6ngMu/arcgis/rest/services/Parcels_Composite_NJ_WM/FeatureServer/0,1761714000000,2026-10-04T01:54:34+00:00,
A0266,52 BRIGHT ST.,Jersey City,NJ,10016,NJOGIS Parcels & MOD-IV Composite,unique,1,0906_13903_20,52 BRIGHT ST.,JERSEY CITY CITY,10016,,YR_CONSTR,,DWELL/COMM_DWELL,4C,PROP_CLASS,,PROP_USE,https://services2.arcgis.com/XVOqAjTOJ5P6ngMu/arcgis/rest/services/Parcels_Composite_NJ_WM/FeatureServer/0,1761714000000,2026-10-04T01:54:35+00:00,
A0267,1314 N VAN NESS AVE,Los Angeles,CA,90028,LA County eGIS parcels,unique,1,5545019913,1314 N VAN NESS AVE LOS ANGELES CA 90028,LOS ANGELES CA,90028-8567,,YearBuilt1,,Units1,050V,UseCode,Five or more apartments,UseDescription,https://cache.gis.lacounty.gov/cache/rest/services/LACounty_Cache/LACounty_Parcel/FeatureServer/0,current,2026-10-04T01:54:35+00:00,
A0268,1848 FRANKLIN ST,San Francisco,CA,,DataSF wv5m-vpq2 (2025 roll),ambiguous,19,0623007B,0000 1848 FRANKLIN            ST0000,San Francisco,,1914,year_property_built,7.0,number_of_units,MRES,use_code,Multi-Family Residential,use_definition,https://data.sfgov.org/resource/wv5m-vpq2.json,2017,2026-10-04T01:54:36+00:00,
A0269,1015 CLINTON ST,Hoboken,NJ,10003,NJOGIS Parcels & MOD-IV Composite,unique,1,0905_162_2,1015 CLINTON ST,HOBOKEN CITY,10003,,YR_CONSTR,14,DWELL/COMM_DWELL,4C,PROP_CLASS,,PROP_USE,https://services2.arcgis.com/XVOqAjTOJ5P6ngMu/arcgis/rest/services/Parcels_Composite_NJ_WM/FeatureServer/0,1761714000000,2026-10-04T01:54:37+00:00,
A0270,29 CONCORD ST,Jersey City,NJ,07306,NJOGIS Parcels & MOD-IV Composite,unique,1,0906_6808_19,29 CONCORD ST,JERSEY CITY CITY,07306,1890,YR_CONSTR,,DWELL/COMM_DWELL,4C,PROP_CLASS,,PROP_USE,https://services2.arcgis.com/XVOqAjTOJ5P6ngMu/arcgis/rest/services/Parcels_Composite_NJ_WM/FeatureServer/0,1761714000000,2026-10-04T01:54:37+00:00,
A0271,4115 LINCOLN WY,San Francisco,CA,,DataSF wv5m-vpq2 (2025 roll),ambiguous,19,1708048,0000 4115 LINCOLN             WY0000,San Francisco,,1928,year_property_built,13.0,number_of_units,MRES,use_code,Multi-Family Residential,use_definition,https://data.sfgov.org/resource/wv5m-vpq2.json,2024,2026-10-04T01:54:37+00:00,
A0272,5 Everett St,Cambridge,MA,,Cambridge Property Database FY2026 (waa7-ibdu),unique,1,157-52,5 Everett St,Cambridge,,1890,condition_yearbuilt,6,interior_numunits,111,stateclasscode,4-8-UNIT-APT,propertyclass/exterior_occupancy,https://data.cambridgema.gov/resource/waa7-ibdu.json,2026,2026-10-04T01:54:38+00:00,
A0273,3911 CENTRE ST,San Diego,CA,92103,SANDAG/SanGIS parcels,unique,1,4456420900,3911 CENTRE ST,SAN DIEGO,92103-3410,10,year_effective,10,unitqty,14,asr_landuse,,,https://geo.sandag.org/server/rest/services/hosted/Parcels/FeatureServer/0,current,2026-10-04T01:54:39+00:00,
A0274,7072 EASTMAN ST,San Diego,CA,92111,SANDAG/SanGIS parcels,unique,1,4312600300,7072 EASTMAN ST,SAN DIEGO,92111-6004,41,year_effective,6,unitqty,14,asr_landuse,,,https://geo.sandag.org/server/rest/services/hosted/Parcels/FeatureServer/0,current,2026-10-04T01:54:39+00:00,
A0275,4091 MORRELL ST,San Diego,CA,92109,SANDAG/SanGIS parcels,unique,1,4244330100,4091 MORRELL ST,SAN DIEGO,92109-6263,70,year_effective,7,unitqty,14,asr_landuse,,,https://geo.sandag.org/server/rest/services/hosted/Parcels/FeatureServer/0,current,2026-10-04T01:54:39+00:00,
A0276,4361 ILLINOIS ST,San Diego,CA,92104,SANDAG/SanGIS parcels,unique,1,4461810500,4361 ILLINOIS ST,SAN DIEGO,92104-1324,60,year_effective,6,unitqty,14,asr_landuse,,,https://geo.sandag.org/server/rest/services/hosted/Parcels/FeatureServer/0,current,2026-10-04T01:54:39+00:00,
A0277,2736 GRANT ST,Berkeley,CA,94703,Alameda County parcels,unique,1,054 172900300,2736 GRANT ST BERKELEY 94703,BERKELEY,94703,,YearBuilt,8,Units,7700,UseCode,,,https://gis.cityofberkeley.info/arcgis3/rest/services/Public/GISPortal/MapServer/1,current,2026-10-04T01:54:40+00:00,
A0278,1800 FRANKLIN ST,San Francisco,CA,,DataSF wv5m-vpq2 (2025 roll),ambiguous,19,0623006,0000 1800 FRANKLIN            ST0000,San Francisco,,1919,year_property_built,17.0,number_of_units,MRES,use_code,Multi-Family Residential,use_definition,https://data.sfgov.org/resource/wv5m-vpq2.json,2023,2026-10-04T01:54:40+00:00,
A0279,90 KENSINGTON AVE.,Jersey City,NJ,07302,NJOGIS Parcels & MOD-IV Composite,unique,1,0906_16402_36,90 KENSINGTON AVE.,JERSEY CITY CITY,07302,1925,YR_CONSTR,,DWELL/COMM_DWELL,4C,PROP_CLASS,,PROP_USE,https://services2.arcgis.com/XVOqAjTOJ5P6ngMu/arcgis/rest/services/Parcels_Composite_NJ_WM/FeatureServer/0,1761714000000,2026-10-04T01:57:32+00:00,
A0280,1215 11TH AV,San Francisco,CA,,DataSF wv5m-vpq2 (2025 roll),ambiguous,96,1720004,0000 1215 30TH                AV0000,San Francisco,,1923,year_property_built,1.0,number_of_units,SRES,use_code,Single Family Residential,use_definition,https://data.sfgov.org/resource/wv5m-vpq2.json,2022,2026-10-04T01:54:44+00:00,
A0281,1725 N GOWER ST,Los Angeles,CA,90028,LA County eGIS parcels,unique,1,5546032002,1725 N GOWER ST LOS ANGELES CA 90028,LOS ANGELES CA,90028-5432,1946,YearBuilt1,20,Units1,0500,UseCode,Five or more apartments,UseDescription,https://cache.gis.lacounty.gov/cache/rest/services/LACounty_Cache/LACounty_Parcel/FeatureServer/0,2026,2026-10-04T01:54:45+00:00,
A0282,2240 10TH ST,Berkeley,CA,94710,Alameda County parcels,unique,1,056 197501700,2240 10TH ST BERKELEY 94710,BERKELEY,94710,1947,YearBuilt,9,Units,7700,UseCode,,,https://gis.cityofberkeley.info/arcgis3/rest/services/Public/GISPortal/MapServer/1,current,2026-10-04T01:54:46+00:00,
A0283,90 BARTLETT ST,San Francisco,CA,,DataSF wv5m-vpq2 (2025 roll),ambiguous,19,3616062,0000 0090 BARTLETT            ST0000,San Francisco,,1986,year_property_built,51.0,number_of_units,MRES,use_code,Multi-Family Residential,use_definition,https://data.sfgov.org/resource/wv5m-vpq2.json,2020,2026-10-04T01:54:46+00:00,
A0284,345 Columbia St,Cambridge,MA,,Cambridge Property Database FY2026 (waa7-ibdu),unique,1,80-13,345 Columbia St,Cambridge,,1920,condition_yearbuilt,9,interior_numunits,112,stateclasscode,>8-UNIT-APT,propertyclass/exterior_occupancy,https://data.cambridgema.gov/resource/waa7-ibdu.json,2026,2026-10-04T01:54:48+00:00,
A0285,5255 HARMONY AVE,Los Angeles,CA,91601,LA County eGIS parcels,unique,1,2416009016,5255 HARMONY AVE LOS ANGELES CA 91601,LOS ANGELES CA,91601-3322,0000,YearBuilt1,8,Units1,0500,UseCode,Five or more apartments,UseDescription,https://cache.gis.lacounty.gov/cache/rest/services/LACounty_Cache/LACounty_Parcel/FeatureServer/0,2026,2026-10-04T01:54:48+00:00,
A0286,27 Irving Ter,Cambridge,MA,,Cambridge Property Database FY2026 (waa7-ibdu),unique,1,142-85,27 Irving Ter,Cambridge,,1925,condition_yearbuilt,29,interior_numunits,112,stateclasscode,>8-UNIT-APT,propertyclass/exterior_occupancy,https://data.cambridgema.gov/resource/waa7-ibdu.json,2026,2026-10-04T01:54:49+00:00,
A0287,404 GRAND ST,Hoboken,NJ,07075,NJOGIS Parcels & MOD-IV Composite,unique,1,0905_61_20,404 GRAND ST,HOBOKEN CITY,07075,,YR_CONSTR,7,DWELL/COMM_DWELL,4C,PROP_CLASS,,PROP_USE,https://services2.arcgis.com/XVOqAjTOJ5P6ngMu/arcgis/rest/services/Parcels_Composite_NJ_WM/FeatureServer/0,1761714000000,2026-10-04T01:54:50+00:00,
A0288,75 CLENDENNY AVE.,Jersey City,NJ,11211,NJOGIS Parcels & MOD-IV Composite,unique,1,0906_19303_25,75 CLENDENNY AVE.,JERSEY CITY CITY,11211,,YR_CONSTR,,DWELL/COMM_DWELL,4C,PROP_CLASS,029,PROP_USE,https://services2.arcgis.com/XVOqAjTOJ5P6ngMu/arcgis/rest/services/Parcels_Composite_NJ_WM/FeatureServer/0,1761714000000,2026-10-04T01:54:50+00:00,
A0289,1741 M L KING JR WAY,Berkeley,CA,94709,Alameda County parcels,unique,1,058 216901900,1741 M L KING JR WAY BERKELEY 94709,BERKELEY,94709,,YearBuilt,14,Units,7700,UseCode,,,https://gis.cityofberkeley.info/arcgis3/rest/services/Public/GISPortal/MapServer/1,current,2026-10-04T01:54:50+00:00,
A0290,21 Forest St,Cambridge,MA,,Cambridge Property Database FY2026 (waa7-ibdu),unique,1,153-28,21 Forest St,Cambridge,,1880,condition_yearbuilt,10,interior_numunits,112,stateclasscode,>8-UNIT-APT,propertyclass/exterior_occupancy,https://data.cambridgema.gov/resource/waa7-ibdu.json,2026,2026-10-04T01:54:50+00:00,
A0291,165 Cambridgepark Dr,Cambridge,MA,,Cambridge Property Database FY2026 (waa7-ibdu),unique,1,267.4-176,165 Cambridgepark Dr,Cambridge,,2014,condition_yearbuilt,244,interior_numunits,112,stateclasscode,>8-UNIT-APT,propertyclass/exterior_occupancy,https://data.cambridgema.gov/resource/waa7-ibdu.json,2026,2026-10-04T01:54:51+00:00,
A0292,24 Berkshire St,Cambridge,MA,,Cambridge Property Database FY2026 (waa7-ibdu),unique,1,40-143,24 Berkshire St,Cambridge,,2019,condition_yearbuilt,6,interior_numunits,111,stateclasscode,4-8-UNIT-APT,propertyclass/exterior_occupancy,https://data.cambridgema.gov/resource/waa7-ibdu.json,2026,2026-10-04T01:54:51+00:00,
A0293,1314 NATOMA ST,San Francisco,CA,,DataSF wv5m-vpq2 (2025 roll),ambiguous,19,3548060,1318 1314 NATOMA              ST0000,San Francisco,,1907,year_property_built,6.0,number_of_units,MRES,use_code,Multi-Family Residential,use_definition,https://data.sfgov.org/resource/wv5m-vpq2.json,2023,2026-10-04T01:54:52+00:00,
A0294,178 Richdale Ave,Cambridge,MA,,Cambridge Property Database FY2026 (waa7-ibdu),unique,1,202-17,178 Richdale Ave,Cambridge,,1920,condition_yearbuilt,6,interior_numunits,111,stateclasscode,4-8-UNIT-APT,propertyclass/exterior_occupancy,https://data.cambridgema.gov/resource/waa7-ibdu.json,2026,2026-10-04T01:54:53+00:00,
A0295,Harvard ST LOT 2A-13,Dorchester,MA,02124,Boston Property Assessment FY2026,no_match,0,,,,,,,,,,,,,https://data.boston.gov/dataset/e02c44d2-3c64-459c-8fe2-e1ce5f38a035/resource/ee73430d-96c0-423e-ad21-c4cfb54c8961/download/fy2026-property-assessment-data_rev.csv,,2026-10-04T01:54:54+00:00,
A0296,83-85 MCWHORTER ST,Newark,NJ,07105,NJOGIS Parcels & MOD-IV Composite,unique,1,0714_197_1,83-85 MCWHORTER ST,NEWARK CITY,07105,,YR_CONSTR,1,DWELL/COMM_DWELL,4C,PROP_CLASS,029,PROP_USE,https://services2.arcgis.com/XVOqAjTOJ5P6ngMu/arcgis/rest/services/Parcels_Composite_NJ_WM/FeatureServer/0,1772427600000,2026-10-04T01:54:55+00:00,
A0297,211-213 SUMMER AVE,Newark,NJ,11205,NJOGIS Parcels & MOD-IV Composite,unique,1,0714_526_4,211-213 SUMMER AVE,NEWARK CITY,11205,,YR_CONSTR,1,DWELL/COMM_DWELL,4C,PROP_CLASS,021,PROP_USE,https://services2.arcgis.com/XVOqAjTOJ5P6ngMu/arcgis/rest/services/Parcels_Composite_NJ_WM/FeatureServer/0,1772427600000,2026-10-04T01:54:55+00:00,
A0298,361 Washington St,Cambridge,MA,,Cambridge Property Database FY2026 (waa7-ibdu),unique,1,89-82,361 Washington St,Cambridge,,1900,condition_yearbuilt,6,interior_numunits,111,stateclasscode,4-8-UNIT-APT,propertyclass/exterior_occupancy,https://data.cambridgema.gov/resource/waa7-ibdu.json,2026,2026-10-04T01:54:55+00:00,
A0299,1037 WASHINGTON ST,Hoboken,NJ,10994,NJOGIS Parcels & MOD-IV Composite,unique,1,0905_221_12.01,1037 WASHINGTON ST,HOBOKEN CITY,10994,,YR_CONSTR,8,DWELL/COMM_DWELL,4C,PROP_CLASS,,PROP_USE,https://services2.arcgis.com/XVOqAjTOJ5P6ngMu/arcgis/rest/services/Parcels_Composite_NJ_WM/FeatureServer/0,1761714000000,2026-10-04T01:54:55+00:00,
A0300,36 Trowbridge St,Cambridge,MA,,Cambridge Property Database FY2026 (waa7-ibdu),unique,1,135-88,36 Trowbridge St,Cambridge,,1920,condition_yearbuilt,5,interior_numunits,111,stateclasscode,4-8-UNIT-APT,propertyclass/exterior_occupancy,https://data.cambridgema.gov/resource/waa7-ibdu.json,2026,2026-10-04T01:54:56+00:00,
A0301,165 Hampshire St,Cambridge,MA,,Cambridge Property Database FY2026 (waa7-ibdu),unique,1,84-70,165 Hampshire St,Cambridge,,1905,condition_yearbuilt,6,interior_numunits,111,stateclasscode,4-8-UNIT-APT,propertyclass/exterior_occupancy,https://data.cambridgema.gov/resource/waa7-ibdu.json,2026,2026-10-04T01:54:56+00:00,
A0302,4-6 Clinton St,Cambridge,MA,,Cambridge Property Database FY2026 (waa7-ibdu),unique,1,118-3,4-6 Clinton St,Cambridge,,1900,condition_yearbuilt,8,interior_numunits,111,stateclasscode,4-8-UNIT-APT,propertyclass/exterior_occupancy,https://data.cambridgema.gov/resource/waa7-ibdu.json,2026,2026-10-04T01:54:56+00:00,
A0303,188 E 35TH ST,Los Angeles,CA,90011,LA County eGIS parcels,unique,1,5120009009,188 E 35TH ST LOS ANGELES CA 90011,LOS ANGELES CA,90011-2315,1909,YearBuilt1,10,Units1,0500,UseCode,Five or more apartments,UseDescription,https://cache.gis.lacounty.gov/cache/rest/services/LACounty_Cache/LACounty_Parcel/FeatureServer/0,2026,2026-10-04T01:54:57+00:00,
A0304,4541 HAMILTON ST,San Diego,CA,92116,SANDAG/SanGIS parcels,unique,1,4451710700,4541 HAMILTON ST,SAN DIEGO,92116-3033,52,year_effective,7,unitqty,14,asr_landuse,,,https://geo.sandag.org/server/rest/services/hosted/Parcels/FeatureServer/0,current,2026-10-04T01:54:58+00:00,
A0305,638 45TH AV,San Francisco,CA,,DataSF wv5m-vpq2 (2025 roll),ambiguous,55,1587031,0000 0638 45TH                AV0000,San Francisco,,1908,year_property_built,5.0,number_of_units,MRES,use_code,Multi-Family Residential,use_definition,https://data.sfgov.org/resource/wv5m-vpq2.json,2022,2026-10-04T01:54:58+00:00,
A0306,335A Harvard St,Cambridge,MA,,Cambridge Property Database FY2026 (waa7-ibdu),no_match,0,,,,,,,,,,,,,https://data.cambridgema.gov/resource/waa7-ibdu.json,,2026-10-04T01:54:59+00:00,
A0307,294-296 VAN BUREN ST,Newark,NJ,07512,NJOGIS Parcels & MOD-IV Composite,unique,1,0714_978_38,294-296 VAN BUREN ST,NEWARK CITY,07512,,YR_CONSTR,1,DWELL/COMM_DWELL,4C,PROP_CLASS,029,PROP_USE,https://services2.arcgis.com/XVOqAjTOJ5P6ngMu/arcgis/rest/services/Parcels_Composite_NJ_WM/FeatureServer/0,1772427600000,2026-10-04T01:54:59+00:00,
A0308,1032 HUDSON ST,Hoboken,NJ,07024,NJOGIS Parcels & MOD-IV Composite,unique,1,0905_221_14,1032 HUDSON ST,HOBOKEN CITY,07024,,YR_CONSTR,11,DWELL/COMM_DWELL,4C,PROP_CLASS,,PROP_USE,https://services2.arcgis.com/XVOqAjTOJ5P6ngMu/arcgis/rest/services/Parcels_Composite_NJ_WM/FeatureServer/0,1761714000000,2026-10-04T01:55:00+00:00,
A0309,1706 N STANLEY AVE,Los Angeles,CA,90046,LA County eGIS parcels,unique,1,5551011007,1706 N STANLEY AVE LOS ANGELES CA 90046,LOS ANGELES CA,90046-2246,1951,YearBuilt1,6,Units1,0500,UseCode,Five or more apartments,UseDescription,https://cache.gis.lacounty.gov/cache/rest/services/LACounty_Cache/LACounty_Parcel/FeatureServer/0,2026,2026-10-04T01:55:00+00:00,
A0310,53-55 Ashford ST,Allston,MA,02134,Boston Property Assessment FY2026,unique,1,2100551000,53 Ashford ST  ,Boston,02134,1900,YR_BUILT,,RES_UNITS,A,LU,APT 7-30 UNITS,LU_DESC,https://data.boston.gov/dataset/e02c44d2-3c64-459c-8fe2-e1ce5f38a035/resource/ee73430d-96c0-423e-ad21-c4cfb54c8961/download/fy2026-property-assessment-data_rev.csv,FY2026,2026-10-04T01:55:00+00:00,
A0311,38-38- SOMME ST,Newark,NJ,07032,NJOGIS Parcels & MOD-IV Composite,no_match,0,,,,,,,,,,,,,https://services2.arcgis.com/XVOqAjTOJ5P6ngMu/arcgis/rest/services/Parcels_Composite_NJ_WM/FeatureServer/0,,2026-10-04T01:55:01+00:00,
A0312,25 ORLANDO ST,Mattapan,MA,02126,Boston Property Assessment FY2026,unique,1,1802200000,25 ORLANDO ST  ,Boston,02126,1965,YR_BUILT,,RES_UNITS,A,LU,SUBSD HOUSING S- 8,LU_DESC,https://data.boston.gov/dataset/e02c44d2-3c64-459c-8fe2-e1ce5f38a035/resource/ee73430d-96c0-423e-ad21-c4cfb54c8961/download/fy2026-property-assessment-data_rev.csv,FY2026,2026-10-04T01:55:01+00:00,
A0313,317-319 W RUNYON ST,Newark,NJ,11205,NJOGIS Parcels & MOD-IV Composite,unique,1,0714_3035_17,317-319 W RUNYON ST,NEWARK CITY,11205,,YR_CONSTR,1,DWELL/COMM_DWELL,4C,PROP_CLASS,999,PROP_USE,https://services2.arcgis.com/XVOqAjTOJ5P6ngMu/arcgis/rest/services/Parcels_Composite_NJ_WM/FeatureServer/0,1772427600000,2026-10-04T01:55:02+00:00,
A0314,6640 LELAND WAY,Los Angeles,CA,90028,LA County eGIS parcels,unique,1,5547025004,6640 LELAND WAY LOS ANGELES CA 90028,LOS ANGELES CA,90028-7871,1919,YearBuilt1,7,Units1,0500,UseCode,Five or more apartments,UseDescription,https://cache.gis.lacounty.gov/cache/rest/services/LACounty_Cache/LACounty_Parcel/FeatureServer/0,2026,2026-10-04T01:55:02+00:00,
A0315,5233 CARTWRIGHT AVE,Los Angeles,CA,91601,LA County eGIS parcels,unique,1,2416025021,5233 CARTWRIGHT AVE LOS ANGELES CA 91601,LOS ANGELES CA,91601-5427,1990,YearBuilt1,8,Units1,0500,UseCode,Five or more apartments,UseDescription,https://cache.gis.lacounty.gov/cache/rest/services/LACounty_Cache/LACounty_Parcel/FeatureServer/0,2026,2026-10-04T01:55:03+00:00,
A0316,3978 FLORIDA ST,San Diego,CA,92104,SANDAG/SanGIS parcels,unique,1,4456713100,3978 FLORIDA ST,SAN DIEGO,92104-2787,31,year_effective,8,unitqty,14,asr_landuse,,,https://geo.sandag.org/server/rest/services/hosted/Parcels/FeatureServer/0,current,2026-10-04T01:55:03+00:00,
A0317,2233 CHANNING WAY,Berkeley,CA,94704,Alameda County parcels,unique,1,055 188700600,2233 CHANNING WAY BERKELEY 94704,BERKELEY,94704,1958,YearBuilt,13,Units,7700,UseCode,,,https://gis.cityofberkeley.info/arcgis3/rest/services/Public/GISPortal/MapServer/1,current,2026-10-04T01:55:04+00:00,
A0318,2041 FRANCISCO ST,Berkeley,CA,94709,Alameda County parcels,unique,1,058 217500800,2041 FRANCISCO ST BERKELEY 94709,BERKELEY,94709,,YearBuilt,21,Units,7700,UseCode,,,https://gis.cityofberkeley.info/arcgis3/rest/services/Public/GISPortal/MapServer/1,current,2026-10-04T01:55:04+00:00,
A0319,2315 GRANT ST,Berkeley,CA,94703,Alameda County parcels,unique,1,055 190402600,2315 GRANT ST BERKELEY 94703,BERKELEY,94703,,YearBuilt,8,Units,7700,UseCode,,,https://gis.cityofberkeley.info/arcgis3/rest/services/Public/GISPortal/MapServer/1,current,2026-10-04T01:55:04+00:00,
A0320,408 MADISON ST,Hoboken,NJ,07030,NJOGIS Parcels & MOD-IV Composite,unique,1,0905_58_21,408 MADISON ST,HOBOKEN CITY,07030,,YR_CONSTR,6,DWELL/COMM_DWELL,4C,PROP_CLASS,,PROP_USE,https://services2.arcgis.com/XVOqAjTOJ5P6ngMu/arcgis/rest/services/Parcels_Composite_NJ_WM/FeatureServer/0,1761714000000,2026-10-04T01:55:04+00:00,
A0321,200 NUNDA AVE.,Jersey City,NJ,07306,NJOGIS Parcels & MOD-IV Composite,unique,1,0906_14702_31,200 NUNDA AVE.,JERSEY CITY CITY,07306,1,YR_CONSTR,,DWELL/COMM_DWELL,4C,PROP_CLASS,,PROP_USE,https://services2.arcgis.com/XVOqAjTOJ5P6ngMu/arcgis/rest/services/Parcels_Composite_NJ_WM/FeatureServer/0,1761714000000,2026-10-04T01:55:04+00:00,
A0322,227 CYPRESS DR,San Ysidro,CA,92173,SANDAG/SanGIS parcels,unique,1,6381201400,227 CYPRESS DR,SAN YSIDRO,92173-2532,79,year_effective,31,unitqty,15,asr_landuse,,,https://geo.sandag.org/server/rest/services/hosted/Parcels/FeatureServer/0,current,2026-10-04T01:55:04+00:00,
A0323,4627 COMPTON AVE,Los Angeles,CA,90011,LA County eGIS parcels,unique,1,5107012006,4627 COMPTON AVE LOS ANGELES CA 90011,LOS ANGELES CA,90011-4333,1907,YearBuilt1,2,Units1,0500,UseCode,Five or more apartments,UseDescription,https://cache.gis.lacounty.gov/cache/rest/services/LACounty_Cache/LACounty_Parcel/FeatureServer/0,2026,2026-10-04T01:55:05+00:00,
A0324,2003 FRANKLIN ST,San Francisco,CA,,DataSF wv5m-vpq2 (2025 roll),ambiguous,19,0600003,0000 2003 FRANKLIN            ST0000,San Francisco,,1885,year_property_built,6.0,number_of_units,MRES,use_code,Multi-Family Residential,use_definition,https://data.sfgov.org/resource/wv5m-vpq2.json,2013,2026-10-04T01:55:05+00:00,
A0325,38A GAUTIER AVE.,Jersey City,NJ,07302,NJOGIS Parcels & MOD-IV Composite,no_match,0,,,,,,,,,,,,,https://services2.arcgis.com/XVOqAjTOJ5P6ngMu/arcgis/rest/services/Parcels_Composite_NJ_WM/FeatureServer/0,,2026-10-04T01:55:07+00:00,
A0326,46 JEFFERSON ST,Newark,NJ,07105,NJOGIS Parcels & MOD-IV Composite,unique,1,0714_174_13,46 JEFFERSON ST,NEWARK CITY,07105,,YR_CONSTR,1,DWELL/COMM_DWELL,4C,PROP_CLASS,101,PROP_USE,https://services2.arcgis.com/XVOqAjTOJ5P6ngMu/arcgis/rest/services/Parcels_Composite_NJ_WM/FeatureServer/0,1772427600000,2026-10-04T01:55:07+00:00,
A0327,1605 N MARTEL AVE,Los Angeles,CA,90046,LA County eGIS parcels,unique,1,5550015016,1605 N MARTEL AVE LOS ANGELES CA 90046,LOS ANGELES CA,90046-3561,1954,YearBuilt1,36,Units1,0501,UseCode,Five or more apartments,UseDescription,https://cache.gis.lacounty.gov/cache/rest/services/LACounty_Cache/LACounty_Parcel/FeatureServer/0,2026,2026-10-04T01:55:07+00:00,
A0328,1845 08TH AV,San Francisco,CA,,DataSF wv5m-vpq2 (2025 roll),ambiguous,62,2048020,0000 1845 11TH                AV0000,San Francisco,,1967,year_property_built,1.0,number_of_units,SRES,use_code,Single Family Residential,use_definition,https://data.sfgov.org/resource/wv5m-vpq2.json,2023,2026-10-04T01:55:08+00:00,
A0329,51 MADISON ST,Newark,NJ,07105,NJOGIS Parcels & MOD-IV Composite,unique,1,0714_174_30,51 MADISON ST,NEWARK CITY,07105,,YR_CONSTR,1,DWELL/COMM_DWELL,4C,PROP_CLASS,,PROP_USE,https://services2.arcgis.com/XVOqAjTOJ5P6ngMu/arcgis/rest/services/Parcels_Composite_NJ_WM/FeatureServer/0,1772427600000,2026-10-04T01:55:10+00:00,
A0330,5229 WILLOWCREST AVE,Los Angeles,CA,91601,LA County eGIS parcels,unique,1,2416028047,5229 WILLOWCREST AVE LOS ANGELES 91601,LOS ANGELES,91601,2018,YearBuilt1,24,Units1,0500,UseCode,Five or more apartments,UseDescription,https://cache.gis.lacounty.gov/cache/rest/services/LACounty_Cache/LACounty_Parcel/FeatureServer/0,2026,2026-10-04T01:55:10+00:00,
A0331,342-344 IRVINE TURNER BLV,Newark,NJ,11219,NJOGIS Parcels & MOD-IV Composite,unique,1,0714_2665_20,342-344 IRVINE TURNER BLV,NEWARK CITY,11219,1910,YR_CONSTR,1,DWELL/COMM_DWELL,4C,PROP_CLASS,999,PROP_USE,https://services2.arcgis.com/XVOqAjTOJ5P6ngMu/arcgis/rest/services/Parcels_Composite_NJ_WM/FeatureServer/0,1772427600000,2026-10-04T01:55:11+00:00,
A0332,26 SONOMA ST,Dorchester,MA,02121,Boston Property Assessment FY2026,unique,1,1202359000,26 SONOMA ST  ,Boston,02121,,YR_BUILT,,RES_UNITS,A,LU,SUBSD HOUSING S- 8,LU_DESC,https://data.boston.gov/dataset/e02c44d2-3c64-459c-8fe2-e1ce5f38a035/resource/ee73430d-96c0-423e-ad21-c4cfb54c8961/download/fy2026-property-assessment-data_rev.csv,FY2026,2026-10-04T01:55:11+00:00,
A0333,3752 33RD ST,San Diego,CA,92104,SANDAG/SanGIS parcels,ambiguous,3,4464922200,3752 33RD ST,SAN DIEGO,92104-7709,88,year_effective,8,unitqty,14,asr_landuse,,,https://geo.sandag.org/server/rest/services/hosted/Parcels/FeatureServer/0,current,2026-10-04T01:55:12+00:00,
A0334,2025 FRANCISCO ST,Berkeley,CA,94709,Alameda County parcels,unique,1,058 217501200,2025 FRANCISCO ST BERKELEY 94709,BERKELEY,94709,,YearBuilt,9,Units,7700,UseCode,,,https://gis.cityofberkeley.info/arcgis3/rest/services/Public/GISPortal/MapServer/1,current,2026-10-04T01:55:12+00:00,
A0335,125 BEMIS ST,San Francisco,CA,,DataSF wv5m-vpq2 (2025 roll),ambiguous,18,7547032,0179 0125 BEMIS               ST0000,San Francisco,,1968,year_property_built,10.0,number_of_units,MRES,use_code,Multi-Family Residential,use_definition,https://data.sfgov.org/resource/wv5m-vpq2.json,2020,2026-10-04T01:55:12+00:00,
A0336,151 North First St,Cambridge,MA,,Cambridge Property Database FY2026 (waa7-ibdu),ambiguous,2,1A-210,151 North First St,Cambridge,,2020,condition_yearbuilt,468,interior_numunits,112,stateclasscode,MXD >8-UNIT-APT,propertyclass/exterior_occupancy,https://data.cambridgema.gov/resource/waa7-ibdu.json,2026,2026-10-04T01:55:13+00:00,
A0337,66 MONROE ST,Newark,NJ,07032,NJOGIS Parcels & MOD-IV Composite,unique,1,0714_1988_16,66 MONROE ST,NEWARK CITY,07032,,YR_CONSTR,1,DWELL/COMM_DWELL,4C,PROP_CLASS,100,PROP_USE,https://services2.arcgis.com/XVOqAjTOJ5P6ngMu/arcgis/rest/services/Parcels_Composite_NJ_WM/FeatureServer/0,1772427600000,2026-10-04T01:55:14+00:00,
A0338,521-523 S 17TH,Newark,NJ,07417,NJOGIS Parcels & MOD-IV Composite,ambiguous,5,0714_334_19,521 S 16TH ST,NEWARK CITY,07103,1911,YR_CONSTR,3,DWELL/COMM_DWELL,2,PROP_CLASS,,PROP_USE,https://services2.arcgis.com/XVOqAjTOJ5P6ngMu/arcgis/rest/services/Parcels_Composite_NJ_WM/FeatureServer/0,1772427600000,2026-10-04T01:55:14+00:00,
A0339,124 Berkshire St,Cambridge,MA,,Cambridge Property Database FY2026 (waa7-ibdu),unique,1,37-56,124 Berkshire St,Cambridge,,1920,condition_yearbuilt,8,interior_numunits,111,stateclasscode,4-8-UNIT-APT,propertyclass/exterior_occupancy,https://data.cambridgema.gov/resource/waa7-ibdu.json,2026,2026-10-04T01:55:14+00:00,
A0340,14735 ROSCOE BLVD,Los Angeles,CA,91402,LA County eGIS parcels,unique,1,2653019033,14735 ROSCOE BLVD LOS ANGELES CA 91402,LOS ANGELES CA,91402-4144,1959,YearBuilt1,50,Units1,0500,UseCode,Five or more apartments,UseDescription,https://cache.gis.lacounty.gov/cache/rest/services/LACounty_Cache/LACounty_Parcel/FeatureServer/0,2026,2026-10-04T01:55:15+00:00,
A0341,4225 50TH ST,San Diego,CA,92115,SANDAG/SanGIS parcels,unique,1,4713420900,4225 50TH ST,SAN DIEGO,92115-5020,40,year_effective,6,unitqty,14,asr_landuse,,,https://geo.sandag.org/server/rest/services/hosted/Parcels/FeatureServer/0,current,2026-10-04T01:55:16+00:00,
A0342,49 Roseland St,Cambridge,MA,,Cambridge Property Database FY2026 (waa7-ibdu),unique,1,152-18,49 Roseland St,Cambridge,,1910,condition_yearbuilt,6,interior_numunits,111,stateclasscode,4-8-UNIT-APT,propertyclass/exterior_occupancy,https://data.cambridgema.gov/resource/waa7-ibdu.json,2026,2026-10-04T01:55:16+00:00,
A0343,408-410 5TH ST,Newark,NJ,10997,NJOGIS Parcels & MOD-IV Composite,ambiguous,3,0714_1948_14,408 N 6TH ST,NEWARK CITY,07107,1930,YR_CONSTR,2,DWELL/COMM_DWELL,2,PROP_CLASS,,PROP_USE,https://services2.arcgis.com/XVOqAjTOJ5P6ngMu/arcgis/rest/services/Parcels_Composite_NJ_WM/FeatureServer/0,1772427600000,2026-10-04T01:55:17+00:00,
A0344,238 & 242 GARFIELD AVE.,Jersey City,NJ,07304,NJOGIS Parcels & MOD-IV Composite,unique,1,0906_29503_4,238 & 242 GARFIELD AVE.,JERSEY CITY CITY,07304,1928,YR_CONSTR,,DWELL/COMM_DWELL,4C,PROP_CLASS,029,PROP_USE,https://services2.arcgis.com/XVOqAjTOJ5P6ngMu/arcgis/rest/services/Parcels_Composite_NJ_WM/FeatureServer/0,1761714000000,2026-10-04T01:55:17+00:00,
A0345,153 W VERNON AVE,Los Angeles,CA,90037,LA County eGIS parcels,unique,1,5111011024,153 W VERNON AVE LOS ANGELES CA 90037,LOS ANGELES CA,90037-2713,1921,YearBuilt1,5,Units1,0500,UseCode,Five or more apartments,UseDescription,https://cache.gis.lacounty.gov/cache/rest/services/LACounty_Cache/LACounty_Parcel/FeatureServer/0,2026,2026-10-04T01:55:17+00:00,
A0346,AUBURN DR,San Diego,CA,92105,SANDAG/SanGIS parcels,ambiguous_same_jurisdiction,2,4717911100|4718001200,AUBURN DR|4979 AUBURN DR,San Diego,92105,,,8,unitqty,14,asr_landuse,,,https://geo.sandag.org/server/rest/services/hosted/Parcels/FeatureServer/0,current,2026-10-04T01:55:19+00:00,Two official parcels share the available identifying facts and jurisdiction.
A0347,2142 2ND AVE,San Diego,CA,92101,SANDAG/SanGIS parcels,unique,1,5331721000,2142 2ND AVE,SAN DIEGO,92101-2061,25,year_effective,9,unitqty,14,asr_landuse,,,https://geo.sandag.org/server/rest/services/hosted/Parcels/FeatureServer/0,current,2026-10-04T01:55:19+00:00,
A0348,229 CLINTON ST,Hoboken,NJ,08755,NJOGIS Parcels & MOD-IV Composite,unique,1,0905_43_16,229 CLINTON ST,HOBOKEN CITY,08755,,YR_CONSTR,7,DWELL/COMM_DWELL,4C,PROP_CLASS,,PROP_USE,https://services2.arcgis.com/XVOqAjTOJ5P6ngMu/arcgis/rest/services/Parcels_Composite_NJ_WM/FeatureServer/0,1761714000000,2026-10-04T01:55:19+00:00,
A0349,2400 DANA ST,Berkeley,CA,94704,Alameda County parcels,unique,1,055 188300100,2400 DANA ST BERKELEY 94704,BERKELEY,94704,,YearBuilt,6,Units,7700,UseCode,,,https://gis.cityofberkeley.info/arcgis3/rest/services/Public/GISPortal/MapServer/1,current,2026-10-04T01:55:19+00:00,
A0350,1051 WEST SIDE AVE.,Jersey City,NJ,07446,NJOGIS Parcels & MOD-IV Composite,unique,1,0906_9205_12,1051 WEST SIDE AVE.,JERSEY CITY CITY,07446,1900,YR_CONSTR,,DWELL/COMM_DWELL,4C,PROP_CLASS,,PROP_USE,https://services2.arcgis.com/XVOqAjTOJ5P6ngMu/arcgis/rest/services/Parcels_Composite_NJ_WM/FeatureServer/0,1761714000000,2026-10-04T01:55:19+00:00,
A0351,628 HYDE ST,San Francisco,CA,,DataSF wv5m-vpq2 (2025 roll),ambiguous,19,0303012,0632 0628 HYDE                ST0000,San Francisco,,1907,year_property_built,7.0,number_of_units,MRES,use_code,Multi-Family Residential,use_definition,https://data.sfgov.org/resource/wv5m-vpq2.json,2024,2026-10-04T01:55:19+00:00,
A0352,40-42 MT PROSPECT AVE,Newark,NJ,07083,NJOGIS Parcels & MOD-IV Composite,unique,1,0714_472_11,40-42 MT PROSPECT AVE,NEWARK CITY,07083,1900,YR_CONSTR,1,DWELL/COMM_DWELL,4C,PROP_CLASS,029,PROP_USE,https://services2.arcgis.com/XVOqAjTOJ5P6ngMu/arcgis/rest/services/Parcels_Composite_NJ_WM/FeatureServer/0,1772427600000,2026-10-04T01:57:32+00:00,
A0353,1044 E JEFFERSON BLVD,Los Angeles,CA,90011,LA County eGIS parcels,ambiguous,6,5114014037,1044 E JEFFERSON BLVD LOS ANGELES CA 90011,LOS ANGELES CA,90011-6273,,YearBuilt1,,Units1,1214,UseCode,Store Combination,UseDescription,https://cache.gis.lacounty.gov/cache/rest/services/LACounty_Cache/LACounty_Parcel/FeatureServer/0,2026,2026-10-04T01:55:21+00:00,
A0354,73 LUBEC ST,East Boston,MA,02128,Boston Property Assessment FY2026,unique,1,0104032000,73 LUBEC ST  ,Boston,02128,1899,YR_BUILT,,RES_UNITS,A,LU,APT 7-30 UNITS,LU_DESC,https://data.boston.gov/dataset/e02c44d2-3c64-459c-8fe2-e1ce5f38a035/resource/ee73430d-96c0-423e-ad21-c4cfb54c8961/download/fy2026-property-assessment-data_rev.csv,FY2026,2026-10-04T01:55:22+00:00,
A0355,10701 AMESTOY AVE,Los Angeles,CA,91344,LA County eGIS parcels,unique,1,2696028052,10701 AMESTOY AVE LOS ANGELES CA 91344,LOS ANGELES CA,91344-4800,1986,YearBuilt1,7,Units1,0500,UseCode,Five or more apartments,UseDescription,https://cache.gis.lacounty.gov/cache/rest/services/LACounty_Cache/LACounty_Parcel/FeatureServer/0,2026,2026-10-04T01:55:23+00:00,
A0356,16 Brainerd RD,Allston,MA,02134,Boston Property Assessment FY2026,unique,1,2101504000,16 Brainerd RD  ,Boston,02134,1930,YR_BUILT,,RES_UNITS,A,LU,APT 7-30 UNITS,LU_DESC,https://data.boston.gov/dataset/e02c44d2-3c64-459c-8fe2-e1ce5f38a035/resource/ee73430d-96c0-423e-ad21-c4cfb54c8961/download/fy2026-property-assessment-data_rev.csv,FY2026,2026-10-04T01:55:23+00:00,
A0357,173 07TH ST,San Francisco,CA,,DataSF wv5m-vpq2 (2025 roll),ambiguous,6,1370050,0000 0173 10TH                AV0000,San Francisco,,1910,year_property_built,0.0,number_of_units,SRES,use_code,Single Family Residential,use_definition,https://data.sfgov.org/resource/wv5m-vpq2.json,2022,2026-10-04T01:55:24+00:00,
A0358,717 N 6TH ST,Newark,NJ,07110,NJOGIS Parcels & MOD-IV Composite,ambiguous,2,0714_694_15,717 N 6TH ST,NEWARK CITY,07110,,YR_CONSTR,1,DWELL/COMM_DWELL,4C,PROP_CLASS,,PROP_USE,https://services2.arcgis.com/XVOqAjTOJ5P6ngMu/arcgis/rest/services/Parcels_Composite_NJ_WM/FeatureServer/0,1772427600000,2026-10-04T01:55:25+00:00,
A0359,925 PARK AVE,Hoboken,NJ,07306,NJOGIS Parcels & MOD-IV Composite,unique,1,0905_184_15,925 PARK AVE,HOBOKEN CITY,07306,,YR_CONSTR,10,DWELL/COMM_DWELL,4C,PROP_CLASS,,PROP_USE,https://services2.arcgis.com/XVOqAjTOJ5P6ngMu/arcgis/rest/services/Parcels_Composite_NJ_WM/FeatureServer/0,1761714000000,2026-10-04T01:55:25+00:00,
A0360,140 NEW YORK AVE.,Jersey City,NJ,10977,NJOGIS Parcels & MOD-IV Composite,unique,1,0906_4504_9,140 NEW YORK AVE.,JERSEY CITY CITY,10977,1924,YR_CONSTR,,DWELL/COMM_DWELL,4C,PROP_CLASS,021,PROP_USE,https://services2.arcgis.com/XVOqAjTOJ5P6ngMu/arcgis/rest/services/Parcels_Composite_NJ_WM/FeatureServer/0,1761714000000,2026-10-04T01:55:25+00:00,
A0361,15 Berkshire St,Cambridge,MA,,Cambridge Property Database FY2026 (waa7-ibdu),unique,1,40-148,15 Berkshire St,Cambridge,,1915,condition_yearbuilt,6,interior_numunits,111,stateclasscode,4-8-UNIT-APT,propertyclass/exterior_occupancy,https://data.cambridgema.gov/resource/waa7-ibdu.json,2026,2026-10-04T01:55:25+00:00,
A0362,368 RIVERWAY ST,Boston,MA,02115,Boston Property Assessment FY2026,unique,1,1000314000,368 RIVERWAY ST  ,Boston,02115,1920,YR_BUILT,,RES_UNITS,A,LU,APT 7-30 UNITS,LU_DESC,https://data.boston.gov/dataset/e02c44d2-3c64-459c-8fe2-e1ce5f38a035/resource/ee73430d-96c0-423e-ad21-c4cfb54c8961/download/fy2026-property-assessment-data_rev.csv,FY2026,2026-10-04T01:55:26+00:00,
A0363,2451 SHATTUCK AVE,Berkeley,CA,94704,Alameda County parcels,unique,1,055 189001302,2451 SHATTUCK AVE BERKELEY 94704,BERKELEY,94704,2004,YearBuilt,100,Units,7700,UseCode,,,https://gis.cityofberkeley.info/arcgis3/rest/services/Public/GISPortal/MapServer/1,current,2026-10-04T01:55:26+00:00,
A0364,125 03RD AV,San Francisco,CA,,DataSF wv5m-vpq2 (2025 roll),ambiguous,14,0984004,0000 0125 PRESIDIO            AV0000,San Francisco,,1954,year_property_built,1.0,number_of_units,SRES,use_code,Single Family Residential,use_definition,https://data.sfgov.org/resource/wv5m-vpq2.json,2022,2026-10-04T01:55:26+00:00,
A0365,3940 IDAHO ST,San Diego,CA,92104,SANDAG/SanGIS parcels,unique,1,4457111900,3940 IDAHO ST,SAN DIEGO,92104-2935,61,year_effective,12,unitqty,14,asr_landuse,,,https://geo.sandag.org/server/rest/services/hosted/Parcels/FeatureServer/0,current,2026-10-04T01:55:27+00:00,
A0366,230 Everett ST,East Boston,MA,02128,Boston Property Assessment FY2026,unique,1,0105144000,230 Everett ST  ,Boston,02128,2024,YR_BUILT,,RES_UNITS,A,LU,LUXURY APARTMENT,LU_DESC,https://data.boston.gov/dataset/e02c44d2-3c64-459c-8fe2-e1ce5f38a035/resource/ee73430d-96c0-423e-ad21-c4cfb54c8961/download/fy2026-property-assessment-data_rev.csv,FY2026,2026-10-04T01:55:28+00:00,
A0367,219 S 35TH ST,San Diego,CA,92113,SANDAG/SanGIS parcels,no_match,0,,,,,,,,,,,,,https://geo.sandag.org/server/rest/services/hosted/Parcels/FeatureServer/0,,2026-10-04T01:55:28+00:00,
A0368,1430 FRANCISCO ST,San Francisco,CA,,DataSF wv5m-vpq2 (2025 roll),ambiguous,19,0472012,0000 1430 FRANCISCO           ST0000,San Francisco,,1926,year_property_built,12.0,number_of_units,MRES,use_code,Multi-Family Residential,use_definition,https://data.sfgov.org/resource/wv5m-vpq2.json,2024,2026-10-04T01:55:28+00:00,
A0369,3260 CALIFORNIA ST,Berkeley,CA,94703,Alameda County parcels,unique,1,052 152000400,3260 CALIFORNIA ST BERKELEY 94703,BERKELEY,94703,,YearBuilt,5,Units,7700,UseCode,,,https://gis.cityofberkeley.info/arcgis3/rest/services/Public/GISPortal/MapServer/1,current,2026-10-04T01:55:29+00:00,
A0370,2222 TOBERMAN ST,Los Angeles,CA,90007,LA County eGIS parcels,unique,1,5124014020,2222 TOBERMAN ST LOS ANGELES CA 90007,LOS ANGELES CA,90007-1833,1924,YearBuilt1,2,Units1,0500,UseCode,Five or more apartments,UseDescription,https://cache.gis.lacounty.gov/cache/rest/services/LACounty_Cache/LACounty_Parcel/FeatureServer/0,2026,2026-10-04T01:55:30+00:00,
A0371,76-80 BRUEN ST,Newark,NJ,07105,NJOGIS Parcels & MOD-IV Composite,unique,1,0714_197_25,76-80 BRUEN ST,NEWARK CITY,07105,,YR_CONSTR,1,DWELL/COMM_DWELL,4C,PROP_CLASS,029,PROP_USE,https://services2.arcgis.com/XVOqAjTOJ5P6ngMu/arcgis/rest/services/Parcels_Composite_NJ_WM/FeatureServer/0,1772427600000,2026-10-04T01:55:30+00:00,
A0372,314 SEVENTH ST.,Jersey City,NJ,07302,NJOGIS Parcels & MOD-IV Composite,unique,1,0906_10007_16,314 SEVENTH ST.,JERSEY CITY CITY,07302,,YR_CONSTR,,DWELL/COMM_DWELL,4C,PROP_CLASS,,PROP_USE,https://services2.arcgis.com/XVOqAjTOJ5P6ngMu/arcgis/rest/services/Parcels_Composite_NJ_WM/FeatureServer/0,1761714000000,2026-10-04T01:55:30+00:00,
A0373,1315 SPRUCE ST,Berkeley,CA,94709,Alameda County parcels,unique,1,060 246201700,1315 SPRUCE ST BERKELEY 94709,BERKELEY,94709,,YearBuilt,6,Units,7200,UseCode,,,https://gis.cityofberkeley.info/arcgis3/rest/services/Public/GISPortal/MapServer/1,current,2026-10-04T01:55:31+00:00,
A0374,686 S ARDMORE AVE,Los Angeles,CA,90005,LA County eGIS parcels,unique,1,5094001001,686 S ARDMORE AVE LOS ANGELES CA 90005,LOS ANGELES CA,90005-2396,1990,YearBuilt1,15,Units1,0500,UseCode,Five or more apartments,UseDescription,https://cache.gis.lacounty.gov/cache/rest/services/LACounty_Cache/LACounty_Parcel/FeatureServer/0,2026,2026-10-04T01:55:31+00:00,
A0375,1880 FULTON ST,San Francisco,CA,,DataSF wv5m-vpq2 (2025 roll),ambiguous,19,1173001G,0000 1880 FULTON              ST0000,San Francisco,,1921,year_property_built,9.0,number_of_units,MRES,use_code,Multi-Family Residential,use_definition,https://data.sfgov.org/resource/wv5m-vpq2.json,2020,2026-10-04T01:55:32+00:00,
A0376,ST JAMES ST,Roxbury,MA,02119,Boston Property Assessment FY2026,no_match,0,,,,,,,,,,,,,https://data.boston.gov/dataset/e02c44d2-3c64-459c-8fe2-e1ce5f38a035/resource/ee73430d-96c0-423e-ad21-c4cfb54c8961/download/fy2026-property-assessment-data_rev.csv,,2026-10-04T01:55:33+00:00,
A0377,206 BLOOMFIELD ST,Hoboken,NJ,10003,NJOGIS Parcels & MOD-IV Composite,unique,1,0905_189_40,206 BLOOMFIELD ST,HOBOKEN CITY,10003,,YR_CONSTR,14,DWELL/COMM_DWELL,4C,PROP_CLASS,,PROP_USE,https://services2.arcgis.com/XVOqAjTOJ5P6ngMu/arcgis/rest/services/Parcels_Composite_NJ_WM/FeatureServer/0,1761714000000,2026-10-04T01:55:34+00:00,
A0378,4053 IDAHO ST,San Diego,CA,92104,SANDAG/SanGIS parcels,unique,1,4463610700,4053 IDAHO ST,SAN DIEGO,92104-2565,68,year_effective,9,unitqty,14,asr_landuse,,,https://geo.sandag.org/server/rest/services/hosted/Parcels/FeatureServer/0,current,2026-10-04T01:55:34+00:00,
A0379,1336 BRUNNER ST,San Diego,CA,92110,SANDAG/SanGIS parcels,unique,1,4363830400,1336 BRUNNER ST,SAN DIEGO,92110,95,year_effective,12,unitqty,14,asr_landuse,,,https://geo.sandag.org/server/rest/services/hosted/Parcels/FeatureServer/0,current,2026-10-04T01:55:34+00:00,
A0380,GREENVILLE ST,Roxbury,MA,02119,Boston Property Assessment FY2026,no_match,0,,,,,,,,,,,,,https://data.boston.gov/dataset/e02c44d2-3c64-459c-8fe2-e1ce5f38a035/resource/ee73430d-96c0-423e-ad21-c4cfb54c8961/download/fy2026-property-assessment-data_rev.csv,,2026-10-04T01:55:34+00:00,
A0381,521-523 MARKET ST,Newark,NJ,07105,NJOGIS Parcels & MOD-IV Composite,unique,1,0714_2003.01_35,521-523 MARKET ST,NEWARK CITY,07105,,YR_CONSTR,1,DWELL/COMM_DWELL,4C,PROP_CLASS,,PROP_USE,https://services2.arcgis.com/XVOqAjTOJ5P6ngMu/arcgis/rest/services/Parcels_Composite_NJ_WM/FeatureServer/0,1772427600000,2026-10-04T01:55:35+00:00,
A0382,119 DAY ST,San Francisco,CA,,DataSF wv5m-vpq2 (2025 roll),ambiguous,19,6637038,0000 0119 DAY                 ST0000,San Francisco,,1964,year_property_built,10.0,number_of_units,MRES,use_code,Multi-Family Residential,use_definition,https://data.sfgov.org/resource/wv5m-vpq2.json,2009,2026-10-04T01:55:35+00:00,
A0383,1908 CALIFORNIA ST,Berkeley,CA,94703,Alameda County parcels,unique,1,057 206800201,1908 CALIFORNIA ST BERKELEY 94703,BERKELEY,94703,,YearBuilt,11,Units,7700,UseCode,,,https://gis.cityofberkeley.info/arcgis3/rest/services/Public/GISPortal/MapServer/1,current,2026-10-04T01:55:36+00:00,
A0384,21 GUERRERO ST,San Francisco,CA,,DataSF wv5m-vpq2 (2025 roll),ambiguous,3,3502038,0000 0021 GUERRERO            ST0000,San Francisco,,1925,year_property_built,7.0,number_of_units,MRES,use_code,Multi-Family Residential,use_definition,https://data.sfgov.org/resource/wv5m-vpq2.json,2013,2026-10-04T01:55:36+00:00,
A0385,1059 UNION ST,San Francisco,CA,,DataSF wv5m-vpq2 (2025 roll),ambiguous,19,0121032,0000 1059 UNION               ST0000,San Francisco,,1986,year_property_built,16.0,number_of_units,MRES,use_code,Multi-Family Residential,use_definition,https://data.sfgov.org/resource/wv5m-vpq2.json,2012,2026-10-04T01:55:38+00:00,
A0386,3654 ARIZONA ST,San Diego,CA,92104,SANDAG/SanGIS parcels,unique,1,4532122500,3654 ARIZONA ST,SAN DIEGO,92104-4069,87,year_effective,7,unitqty,14,asr_landuse,,,https://geo.sandag.org/server/rest/services/hosted/Parcels/FeatureServer/0,current,2026-10-04T01:55:39+00:00,
A0387,10303 CAMINITO ALVAREZ,San Diego,CA,92126,SANDAG/SanGIS parcels,unique,1,3410412400,10303 CAMINITO ALVAREZ,SAN DIEGO,92126-5825,87,year_effective,152,unitqty,16,asr_landuse,,,https://geo.sandag.org/server/rest/services/hosted/Parcels/FeatureServer/0,current,2026-10-04T01:55:39+00:00,
A0388,157-155 CLERK ST.,Jersey City,NJ,07305,NJOGIS Parcels & MOD-IV Composite,unique,1,0906_22701_12,157-155 CLERK ST.,JERSEY CITY CITY,07305,,YR_CONSTR,,DWELL/COMM_DWELL,4C,PROP_CLASS,,PROP_USE,https://services2.arcgis.com/XVOqAjTOJ5P6ngMu/arcgis/rest/services/Parcels_Composite_NJ_WM/FeatureServer/0,1761714000000,2026-10-04T01:55:40+00:00,
A0389,923 GARDEN ST,Hoboken,NJ,07068,NJOGIS Parcels & MOD-IV Composite,unique,1,0905_196_12,923 GARDEN ST,HOBOKEN CITY,07068,,YR_CONSTR,10,DWELL/COMM_DWELL,4C,PROP_CLASS,,PROP_USE,https://services2.arcgis.com/XVOqAjTOJ5P6ngMu/arcgis/rest/services/Parcels_Composite_NJ_WM/FeatureServer/0,1761714000000,2026-10-04T01:55:40+00:00,
A0390,70 DARCY ST,Newark,NJ,07202,NJOGIS Parcels & MOD-IV Composite,unique,1,0714_2040_11,70 DARCY ST,NEWARK CITY,07202,,YR_CONSTR,1,DWELL/COMM_DWELL,4C,PROP_CLASS,029,PROP_USE,https://services2.arcgis.com/XVOqAjTOJ5P6ngMu/arcgis/rest/services/Parcels_Composite_NJ_WM/FeatureServer/0,1772427600000,2026-10-04T01:55:40+00:00,
A0391,265 22ND ST,San Diego,CA,92102,SANDAG/SanGIS parcels,unique,1,5354500100,265 22ND ST,SAN DIEGO,92102-2935,06,year_effective,9,unitqty,14,asr_landuse,,,https://geo.sandag.org/server/rest/services/hosted/Parcels/FeatureServer/0,current,2026-10-04T01:55:40+00:00,
A0392,4545 N 39TH ST,San Diego,CA,92116,SANDAG/SanGIS parcels,no_match,0,,,,,,,,,,,,,https://geo.sandag.org/server/rest/services/hosted/Parcels/FeatureServer/0,,2026-10-04T01:55:40+00:00,
A0393,91 JORDAN AVE.,Jersey City,NJ,07081,NJOGIS Parcels & MOD-IV Composite,unique,1,0906_12202_28,91 JORDAN AVE.,JERSEY CITY CITY,07081,,YR_CONSTR,,DWELL/COMM_DWELL,4C,PROP_CLASS,029,PROP_USE,https://services2.arcgis.com/XVOqAjTOJ5P6ngMu/arcgis/rest/services/Parcels_Composite_NJ_WM/FeatureServer/0,1761714000000,2026-10-04T01:55:40+00:00,
A0394,45 RAVINE AVE.,Jersey City,NJ,07302,NJOGIS Parcels & MOD-IV Composite,unique,1,0906_5008_4,45 RAVINE AVE.,JERSEY CITY CITY,07302,1912,YR_CONSTR,,DWELL/COMM_DWELL,4C,PROP_CLASS,,PROP_USE,https://services2.arcgis.com/XVOqAjTOJ5P6ngMu/arcgis/rest/services/Parcels_Composite_NJ_WM/FeatureServer/0,1761714000000,2026-10-04T01:55:40+00:00,
A0395,1632 RUSSELL ST,Berkeley,CA,94703,Alameda County parcels,unique,1,053 160902900,1632 RUSSELL ST BERKELEY 94703,BERKELEY,94703,1962,YearBuilt,5,Units,7700,UseCode,,,https://gis.cityofberkeley.info/arcgis3/rest/services/Public/GISPortal/MapServer/1,current,2026-10-04T01:55:40+00:00,
A0396,3244 CLAIREMONT DR,San Diego,CA,92117,SANDAG/SanGIS parcels,unique,1,4253700800,3244 CLAIREMONT DR,SAN DIEGO,92117-6447,25,year_effective,6,unitqty,14,asr_landuse,,,https://geo.sandag.org/server/rest/services/hosted/Parcels/FeatureServer/0,current,2026-10-04T01:55:41+00:00,
A0397,1677 BUSH ST,San Francisco,CA,,DataSF wv5m-vpq2 (2025 roll),ambiguous,19,0672011,0000 1677 BUSH                ST0000,San Francisco,,1900,year_property_built,21.0,number_of_units,MRES,use_code,Multi-Family Residential,use_definition,https://data.sfgov.org/resource/wv5m-vpq2.json,2011,2026-10-04T01:55:41+00:00,
A0398,890 GREEN ST,San Francisco,CA,,DataSF wv5m-vpq2 (2025 roll),ambiguous,19,0119024,0898 0890 GREEN               ST0000,San Francisco,,1908,year_property_built,5.0,number_of_units,MRES,use_code,Multi-Family Residential,use_definition,https://data.sfgov.org/resource/wv5m-vpq2.json,2023,2026-10-04T01:55:42+00:00,
A0399,227 WILLOW AVE,Hoboken,NJ,07643,NJOGIS Parcels & MOD-IV Composite,unique,1,0905_165_14,227 WILLOW AVE,HOBOKEN CITY,07643,,YR_CONSTR,9,DWELL/COMM_DWELL,4C,PROP_CLASS,,PROP_USE,https://services2.arcgis.com/XVOqAjTOJ5P6ngMu/arcgis/rest/services/Parcels_Composite_NJ_WM/FeatureServer/0,1761714000000,2026-10-04T01:55:44+00:00,
A0400,174 MT PROSPECT AVE,Newark,NJ,07107,NJOGIS Parcels & MOD-IV Composite,unique,1,0714_510_12,174 MT PROSPECT AVE,NEWARK CITY,07107,,YR_CONSTR,1,DWELL/COMM_DWELL,4C,PROP_CLASS,029,PROP_USE,https://services2.arcgis.com/XVOqAjTOJ5P6ngMu/arcgis/rest/services/Parcels_Composite_NJ_WM/FeatureServer/0,1772427600000,2026-10-04T01:57:32+00:00,
A0401,257 14TH ST,San Francisco,CA,,DataSF wv5m-vpq2 (2025 roll),ambiguous,11,1422012,0259 0257 11TH                AV0000,San Francisco,,1907,year_property_built,2.0,number_of_units,MRES,use_code,Multi-Family Residential,use_definition,https://data.sfgov.org/resource/wv5m-vpq2.json,2022,2026-10-04T01:55:45+00:00,
A0402,2914 LARKIN ST,San Francisco,CA,,DataSF wv5m-vpq2 (2025 roll),ambiguous,19,0026018,2926 2914 LARKIN              ST0000,San Francisco,,1900,year_property_built,5.0,number_of_units,MRES,use_code,Multi-Family Residential,use_definition,https://data.sfgov.org/resource/wv5m-vpq2.json,2025,2026-10-04T01:55:46+00:00,
A0403,45 Myrtle ST,Boston,MA,02114,Boston Property Assessment FY2026,unique,1,0300213000,45 Myrtle ST  ,Boston,02114,1899,YR_BUILT,,RES_UNITS,A,LU,SUBSD HOUSING S- 8,LU_DESC,https://data.boston.gov/dataset/e02c44d2-3c64-459c-8fe2-e1ce5f38a035/resource/ee73430d-96c0-423e-ad21-c4cfb54c8961/download/fy2026-property-assessment-data_rev.csv,FY2026,2026-10-04T01:55:49+00:00,
A0404,240 BOWERS ST.,Jersey City,NJ,07603,NJOGIS Parcels & MOD-IV Composite,unique,1,0906_2604_36,240 BOWERS ST.,JERSEY CITY CITY,07603,1900,YR_CONSTR,,DWELL/COMM_DWELL,4C,PROP_CLASS,,PROP_USE,https://services2.arcgis.com/XVOqAjTOJ5P6ngMu/arcgis/rest/services/Parcels_Composite_NJ_WM/FeatureServer/0,1761714000000,2026-10-04T01:55:50+00:00,
A0405,10214 FERNGLEN AVE,Los Angeles,CA,91042,LA County eGIS parcels,unique,1,2558024041,10214 FERNGLEN AVE LOS ANGELES CA 91042,LOS ANGELES CA,91042-2218,2008,YearBuilt1,6,Units1,0500,UseCode,Five or more apartments,UseDescription,https://cache.gis.lacounty.gov/cache/rest/services/LACounty_Cache/LACounty_Parcel/FeatureServer/0,2026,2026-10-04T01:55:50+00:00,
A0406,170 W Springfield ST,Boston,MA,02118,Boston Property Assessment FY2026,unique,1,0900794000,170 W Springfield ST  ,Boston,02118,1899,YR_BUILT,,RES_UNITS,A,LU,SUBSD HOUSING S- 8,LU_DESC,https://data.boston.gov/dataset/e02c44d2-3c64-459c-8fe2-e1ce5f38a035/resource/ee73430d-96c0-423e-ad21-c4cfb54c8961/download/fy2026-property-assessment-data_rev.csv,FY2026,2026-10-04T01:55:50+00:00,
A0407,4188 GREENBUSH AVE,Los Angeles,CA,91423,LA County eGIS parcels,unique,1,2373005010,4188 GREENBUSH AVE LOS ANGELES CA 91423,LOS ANGELES CA,91423-4358,1964,YearBuilt1,10,Units1,0500,UseCode,Five or more apartments,UseDescription,https://cache.gis.lacounty.gov/cache/rest/services/LACounty_Cache/LACounty_Parcel/FeatureServer/0,2026,2026-10-04T01:55:51+00:00,
A0408,14375 POLK ST,Los Angeles,CA,91342,LA County eGIS parcels,unique,1,2504015010,14375 POLK ST LOS ANGELES CA 91342,LOS ANGELES CA,91342-4210,1964,YearBuilt1,23,Units1,0500,UseCode,Five or more apartments,UseDescription,https://cache.gis.lacounty.gov/cache/rest/services/LACounty_Cache/LACounty_Parcel/FeatureServer/0,2026,2026-10-04T01:55:52+00:00,
A0409,4428 GRESHAM ST,San Diego,CA,92109,SANDAG/SanGIS parcels,unique,1,4231711100,4428 GRESHAM ST,SAN DIEGO,92109-9202,42,year_effective,5,unitqty,14,asr_landuse,,,https://geo.sandag.org/server/rest/services/hosted/Parcels/FeatureServer/0,current,2026-10-04T01:55:52+00:00,
A0410,319 SUMMIT AVE.,Jersey City,NJ,07306,NJOGIS Parcels & MOD-IV Composite,unique,1,0906_12201_22,319 SUMMIT AVE.,JERSEY CITY CITY,07306,1920,YR_CONSTR,,DWELL/COMM_DWELL,4C,PROP_CLASS,,PROP_USE,https://services2.arcgis.com/XVOqAjTOJ5P6ngMu/arcgis/rest/services/Parcels_Composite_NJ_WM/FeatureServer/0,1761714000000,2026-10-04T01:55:53+00:00,
A0411,1833 BERKELEY WAY,Berkeley,CA,94703,Alameda County parcels,unique,1,057 206300900,1833 BERKELEY WAY BERKELEY 94703,BERKELEY,94703,,YearBuilt,5,Units,7200,UseCode,,,https://gis.cityofberkeley.info/arcgis3/rest/services/Public/GISPortal/MapServer/1,current,2026-10-04T01:55:53+00:00,
A0412,229-231 GRAFTON AVE,Newark,NJ,07003,NJOGIS Parcels & MOD-IV Composite,unique,1,0714_781_4,229-231 GRAFTON AVE,NEWARK CITY,07003,,YR_CONSTR,1,DWELL/COMM_DWELL,4C,PROP_CLASS,029,PROP_USE,https://services2.arcgis.com/XVOqAjTOJ5P6ngMu/arcgis/rest/services/Parcels_Composite_NJ_WM/FeatureServer/0,1772427600000,2026-10-04T01:55:53+00:00,
A0413,2209 GRAND AVE,San Diego,CA,92109,SANDAG/SanGIS parcels,unique,1,4242112800,2209 GRAND AVE,SAN DIEGO,92109-4705,70,year_effective,8,unitqty,14,asr_landuse,,,https://geo.sandag.org/server/rest/services/hosted/Parcels/FeatureServer/0,current,2026-10-04T01:55:53+00:00,
A0414,1987 CALIFORNIA ST,San Francisco,CA,,DataSF wv5m-vpq2 (2025 roll),ambiguous,19,0649014A,0000 1987 CALIFORNIA          ST0000,San Francisco,,1922,year_property_built,9.0,number_of_units,MRES,use_code,Multi-Family Residential,use_definition,https://data.sfgov.org/resource/wv5m-vpq2.json,2007,2026-10-04T01:55:53+00:00,
A0415,95 WAYNE ST.,Jersey City,NJ,07302,NJOGIS Parcels & MOD-IV Composite,unique,1,0906_12803_5,95 WAYNE ST.,JERSEY CITY CITY,07302,1,YR_CONSTR,,DWELL/COMM_DWELL,4C,PROP_CLASS,,PROP_USE,https://services2.arcgis.com/XVOqAjTOJ5P6ngMu/arcgis/rest/services/Parcels_Composite_NJ_WM/FeatureServer/0,1761714000000,2026-10-04T01:55:55+00:00,
A0416,882 PAVONIA AVE.,Jersey City,NJ,10281,NJOGIS Parcels & MOD-IV Composite,unique,1,0906_9305_10,882 PAVONIA AVE.,JERSEY CITY CITY,10281,,YR_CONSTR,,DWELL/COMM_DWELL,4C,PROP_CLASS,,PROP_USE,https://services2.arcgis.com/XVOqAjTOJ5P6ngMu/arcgis/rest/services/Parcels_Composite_NJ_WM/FeatureServer/0,1761714000000,2026-10-04T01:55:55+00:00,
A0417,4957 CAHUENGA BLVD,Los Angeles,CA,91601,LA County eGIS parcels,unique,1,2421001018,4957 CAHUENGA BLVD LOS ANGELES CA 91601,LOS ANGELES CA,91601-4716,0000,YearBuilt1,5,Units1,0500,UseCode,Five or more apartments,UseDescription,https://cache.gis.lacounty.gov/cache/rest/services/LACounty_Cache/LACounty_Parcel/FeatureServer/0,2026,2026-10-04T01:55:55+00:00,
A0418,221 SIP AVE.,Jersey City,NJ,07009,NJOGIS Parcels & MOD-IV Composite,unique,1,0906_12003_1,221 SIP AVE.,JERSEY CITY CITY,07009,,YR_CONSTR,,DWELL/COMM_DWELL,4C,PROP_CLASS,,PROP_USE,https://services2.arcgis.com/XVOqAjTOJ5P6ngMu/arcgis/rest/services/Parcels_Composite_NJ_WM/FeatureServer/0,1761714000000,2026-10-04T01:55:56+00:00,
A0419,1538 HENRY ST,Berkeley,CA,94709,Alameda County parcels,unique,1,059 226401500,1538 HENRY ST BERKELEY 94709,BERKELEY,94709,,YearBuilt,6,Units,7700,UseCode,,,https://gis.cityofberkeley.info/arcgis3/rest/services/Public/GISPortal/MapServer/1,current,2026-10-04T01:55:56+00:00,
A0420,4419 CLEVELAND AVE,San Diego,CA,92116,SANDAG/SanGIS parcels,unique,1,4451901100,4419 CLEVELAND AVE,SAN DIEGO,92116-3964,72,year_effective,10,unitqty,14,asr_landuse,,,https://geo.sandag.org/server/rest/services/hosted/Parcels/FeatureServer/0,current,2026-10-04T01:55:56+00:00,
A0421,17106 CHATSWORTH ST   APT 0001,Los Angeles,CA,91344,LA County eGIS parcels,unique,1,2695002005,17106 CHATSWORTH ST APT 0001 LOS ANGELES CA 91344,LOS ANGELES CA,91344-5723,1964,YearBuilt1,6,Units1,0500,UseCode,Five or more apartments,UseDescription,https://cache.gis.lacounty.gov/cache/rest/services/LACounty_Cache/LACounty_Parcel/FeatureServer/0,2026,2026-10-04T01:55:56+00:00,
A0422,21-23 Marion St,Cambridge,MA,,Cambridge Property Database FY2026 (waa7-ibdu),unique,1,36-113,21-23 Marion St,Cambridge,,1900,condition_yearbuilt,6,interior_numunits,111,stateclasscode,4-8-UNIT-APT,propertyclass/exterior_occupancy,https://data.cambridgema.gov/resource/waa7-ibdu.json,2026,2026-10-04T01:55:57+00:00,
A0423,10 CAMELOT CT,Brighton,MA,02135,Boston Property Assessment FY2026,unique,1,2101267000,10 CAMELOT CT  ,Boston,02135,1965,YR_BUILT,,RES_UNITS,A,LU,APT 7-30 UNITS,LU_DESC,https://data.boston.gov/dataset/e02c44d2-3c64-459c-8fe2-e1ce5f38a035/resource/ee73430d-96c0-423e-ad21-c4cfb54c8961/download/fy2026-property-assessment-data_rev.csv,FY2026,2026-10-04T01:55:58+00:00,
A0424,208 JEFFERSON ST,Hoboken,NJ,07030,NJOGIS Parcels & MOD-IV Composite,unique,1,0905_39_31,208 JEFFERSON ST,HOBOKEN CITY,07030,,YR_CONSTR,8,DWELL/COMM_DWELL,4C,PROP_CLASS,,PROP_USE,https://services2.arcgis.com/XVOqAjTOJ5P6ngMu/arcgis/rest/services/Parcels_Composite_NJ_WM/FeatureServer/0,1761714000000,2026-10-04T01:55:59+00:00,
A0425,650 POST ST,San Francisco,CA,,DataSF wv5m-vpq2 (2025 roll),ambiguous,19,0298010,0000 0650 POST                ST0000,San Francisco,,1916,year_property_built,23.0,number_of_units,MRES,use_code,Multi-Family Residential,use_definition,https://data.sfgov.org/resource/wv5m-vpq2.json,2012,2026-10-04T01:55:59+00:00,
A0426,1307 COLUSA ST,San Diego,CA,92110,SANDAG/SanGIS parcels,unique,1,4363831000,1307 COLUSA ST,SAN DIEGO,92110-1627,74,year_effective,12,unitqty,14,asr_landuse,,,https://geo.sandag.org/server/rest/services/hosted/Parcels/FeatureServer/0,current,2026-10-04T01:56:00+00:00,
A0427,7665 FOUNTAIN AVE,Los Angeles,CA,90046,LA County eGIS parcels,unique,1,5550031028,7665 FOUNTAIN AVE LOS ANGELES CA 90046,LOS ANGELES CA,90046-4057,1986,YearBuilt1,15,Units1,0500,UseCode,Five or more apartments,UseDescription,https://cache.gis.lacounty.gov/cache/rest/services/LACounty_Cache/LACounty_Parcel/FeatureServer/0,2026,2026-10-04T01:56:00+00:00,
A0428,312-314 MT PROSPECT AVE,Newark,NJ,07109,NJOGIS Parcels & MOD-IV Composite,unique,1,0714_558_6,312-314 MT PROSPECT AVE,NEWARK CITY,07109,,YR_CONSTR,1,DWELL/COMM_DWELL,4C,PROP_CLASS,029,PROP_USE,https://services2.arcgis.com/XVOqAjTOJ5P6ngMu/arcgis/rest/services/Parcels_Composite_NJ_WM/FeatureServer/0,1772427600000,2026-10-04T01:57:33+00:00,
A0429,12 BLACKWOOD ST,Boston,MA,02115,Boston Property Assessment FY2026,unique,1,0402381000,12 BLACKWOOD ST  ,Boston,02115,1899,YR_BUILT,,RES_UNITS,A,LU,APT 7-30 UNITS,LU_DESC,https://data.boston.gov/dataset/e02c44d2-3c64-459c-8fe2-e1ce5f38a035/resource/ee73430d-96c0-423e-ad21-c4cfb54c8961/download/fy2026-property-assessment-data_rev.csv,FY2026,2026-10-04T01:56:02+00:00,
A0430,1950 ADDISON ST,Berkeley,CA,94704,Alameda County parcels,unique,1,057 202201901,1950 ADDISON ST BERKELEY 94704,BERKELEY,94704,2020,YearBuilt,107,Units,7800,UseCode,,,https://gis.cityofberkeley.info/arcgis3/rest/services/Public/GISPortal/MapServer/1,current,2026-10-04T01:56:02+00:00,
A0431,245 EUCLID AVE,San Diego,CA,92114,SANDAG/SanGIS parcels,unique,1,5481610500,245 EUCLID AVE,SAN DIEGO,92114-3620,80,year_effective,5,unitqty,14,asr_landuse,,,https://geo.sandag.org/server/rest/services/hosted/Parcels/FeatureServer/0,current,2026-10-04T01:56:02+00:00,
A0432,14605 RAYEN ST,Los Angeles,CA,91402,LA County eGIS parcels,unique,1,2651010035,14605 RAYEN ST LOS ANGELES CA 91402,LOS ANGELES CA,91402-2041,1978,YearBuilt1,23,Units1,0500,UseCode,Five or more apartments,UseDescription,https://cache.gis.lacounty.gov/cache/rest/services/LACounty_Cache/LACounty_Parcel/FeatureServer/0,2026,2026-10-04T01:56:03+00:00,
A0433,720 W 27TH ST,Los Angeles,CA,90007,LA County eGIS parcels,unique,1,5123016021,720 W 27TH ST LOS ANGELES CA 90007,LOS ANGELES CA,90007-3262,1964,YearBuilt1,58,Units1,0501,UseCode,Five or more apartments,UseDescription,https://cache.gis.lacounty.gov/cache/rest/services/LACounty_Cache/LACounty_Parcel/FeatureServer/0,2026,2026-10-04T01:56:03+00:00,
A0434,1225 HYDE ST,San Francisco,CA,,DataSF wv5m-vpq2 (2025 roll),ambiguous,19,0218005,0000 1225 HYDE                ST0000,San Francisco,,1913,year_property_built,8.0,number_of_units,MRES,use_code,Multi-Family Residential,use_definition,https://data.sfgov.org/resource/wv5m-vpq2.json,2009,2026-10-04T01:56:04+00:00,
A0435,310 MONROE ST,Hoboken,NJ,07632,NJOGIS Parcels & MOD-IV Composite,unique,1,0905_47_28,310 MONROE ST,HOBOKEN CITY,07632,,YR_CONSTR,8,DWELL/COMM_DWELL,4C,PROP_CLASS,029,PROP_USE,https://services2.arcgis.com/XVOqAjTOJ5P6ngMu/arcgis/rest/services/Parcels_Composite_NJ_WM/FeatureServer/0,1761714000000,2026-10-04T01:56:06+00:00,
A0436,832 WILLOW AVE,Hoboken,NJ,07030,NJOGIS Parcels & MOD-IV Composite,unique,1,0905_160_7,832 WILLOW AVE,HOBOKEN CITY,07030,,YR_CONSTR,,DWELL/COMM_DWELL,4C,PROP_CLASS,,PROP_USE,https://services2.arcgis.com/XVOqAjTOJ5P6ngMu/arcgis/rest/services/Parcels_Composite_NJ_WM/FeatureServer/0,1761714000000,2026-10-04T01:56:06+00:00,
A0437,2969 SAN MARINO ST,Los Angeles,CA,90006,LA County eGIS parcels,unique,1,5094025024,2969 SAN MARINO ST LOS ANGELES CA 90006,LOS ANGELES CA,90006-1616,2004,YearBuilt1,20,Units1,0500,UseCode,Five or more apartments,UseDescription,https://cache.gis.lacounty.gov/cache/rest/services/LACounty_Cache/LACounty_Parcel/FeatureServer/0,2026,2026-10-04T01:56:06+00:00,
A0438,60-62 CAMBRIDGE AVE,Jersey City,NJ,07430,NJOGIS Parcels & MOD-IV Composite,ambiguous,5,0906_3803_22,60 HUTTON ST.,JERSEY CITY CITY,07307,2024,YR_CONSTR,1,DWELL/COMM_DWELL,2,PROP_CLASS,,PROP_USE,https://services2.arcgis.com/XVOqAjTOJ5P6ngMu/arcgis/rest/services/Parcels_Composite_NJ_WM/FeatureServer/0,1761714000000,2026-10-04T01:56:07+00:00,
A0439,225 25TH AV,San Francisco,CA,,DataSF wv5m-vpq2 (2025 roll),ambiguous,9,1386069,0000 0225 26TH                AV0003,San Francisco,,2001,year_property_built,1.0,number_of_units,SRES,use_code,Single Family Residential,use_definition,https://data.sfgov.org/resource/wv5m-vpq2.json,2022,2026-10-04T01:56:07+00:00,
A0440,4042 FULTON ST,San Francisco,CA,,DataSF wv5m-vpq2 (2025 roll),ambiguous,19,1659023,4048 4042 FULTON              ST0000,San Francisco,,1921,year_property_built,5.0,number_of_units,MRES,use_code,Multi-Family Residential,use_definition,https://data.sfgov.org/resource/wv5m-vpq2.json,2021,2026-10-04T01:56:08+00:00,
A0441,4017 ILLINOIS ST,San Diego,CA,92104,SANDAG/SanGIS parcels,unique,1,4463821000,4017 ILLINOIS ST,SAN DIEGO,92104-2659,30,year_effective,6,unitqty,14,asr_landuse,,,https://geo.sandag.org/server/rest/services/hosted/Parcels/FeatureServer/0,current,2026-10-04T01:56:12+00:00,
A0442,7014 LANEWOOD AVE,Los Angeles,CA,90028,LA County eGIS parcels,unique,1,5548013402,7014 LANEWOOD AVE LOS ANGELES CA 90028,LOS ANGELES CA,90028-7065,1986,YearBuilt1,18,Units1,0500,UseCode,Five or more apartments,UseDescription,https://cache.gis.lacounty.gov/cache/rest/services/LACounty_Cache/LACounty_Parcel/FeatureServer/0,2026,2026-10-04T01:56:12+00:00,
A0443,3526 FAIRMOUNT AVE,San Diego,CA,92105,SANDAG/SanGIS parcels,unique,1,4760223400,3526 FAIRMOUNT AVE,SAN DIEGO,92105-3444,85,year_effective,16,unitqty,15,asr_landuse,,,https://geo.sandag.org/server/rest/services/hosted/Parcels/FeatureServer/0,current,2026-10-04T01:56:13+00:00,
A0444,231 COMMONWEALTH AV,Boston,MA,02116,Boston Property Assessment FY2026,unique,1,0503385000,231 COMMONWEALTH AV  ,Boston,02116,1899,YR_BUILT,,RES_UNITS,A,LU,APT 7-30 UNITS,LU_DESC,https://data.boston.gov/dataset/e02c44d2-3c64-459c-8fe2-e1ce5f38a035/resource/ee73430d-96c0-423e-ad21-c4cfb54c8961/download/fy2026-property-assessment-data_rev.csv,FY2026,2026-10-04T01:56:13+00:00,
A0445,8790 VAN NUYS BLVD,Los Angeles,CA,91402,LA County eGIS parcels,unique,1,2639001026,8790 VAN NUYS BLVD LOS ANGELES CA 91402,LOS ANGELES CA,91402-2433,1977,YearBuilt1,25,Units1,0500,UseCode,Five or more apartments,UseDescription,https://cache.gis.lacounty.gov/cache/rest/services/LACounty_Cache/LACounty_Parcel/FeatureServer/0,2026,2026-10-04T01:56:14+00:00,
A0446,610 COLUMBUS AV,Boston,MA,02118,Boston Property Assessment FY2026,unique,1,0901069000,610 COLUMBUS AV  ,Boston,02118,1899,YR_BUILT,,RES_UNITS,A,LU,APT 7-30 UNITS,LU_DESC,https://data.boston.gov/dataset/e02c44d2-3c64-459c-8fe2-e1ce5f38a035/resource/ee73430d-96c0-423e-ad21-c4cfb54c8961/download/fy2026-property-assessment-data_rev.csv,FY2026,2026-10-04T01:56:15+00:00,
A0447,208 CLINTON ST,Hoboken,NJ,07030,NJOGIS Parcels & MOD-IV Composite,unique,1,0905_42_18,208 CLINTON ST,HOBOKEN CITY,07030,,YR_CONSTR,35,DWELL/COMM_DWELL,4C,PROP_CLASS,,PROP_USE,https://services2.arcgis.com/XVOqAjTOJ5P6ngMu/arcgis/rest/services/Parcels_Composite_NJ_WM/FeatureServer/0,1761714000000,2026-10-04T01:56:15+00:00,
A0448,151-153 LAFAYETTE ST,Newark,NJ,07105,NJOGIS Parcels & MOD-IV Composite,unique,1,0714_194_24,151-153 LAFAYETTE ST,NEWARK CITY,07105,,YR_CONSTR,1,DWELL/COMM_DWELL,4C,PROP_CLASS,100,PROP_USE,https://services2.arcgis.com/XVOqAjTOJ5P6ngMu/arcgis/rest/services/Parcels_Composite_NJ_WM/FeatureServer/0,1772427600000,2026-10-04T01:56:15+00:00,
A0449,338 CLINTON PL,Newark,NJ,08701,NJOGIS Parcels & MOD-IV Composite,unique,1,0714_3632_6,338 CLINTON PL,NEWARK CITY,08701,,YR_CONSTR,1,DWELL/COMM_DWELL,4C,PROP_CLASS,029,PROP_USE,https://services2.arcgis.com/XVOqAjTOJ5P6ngMu/arcgis/rest/services/Parcels_Composite_NJ_WM/FeatureServer/0,1772427600000,2026-10-04T01:56:16+00:00,
A0450,94 NEPTUNE AVE.,Jersey City,NJ,11211,NJOGIS Parcels & MOD-IV Composite,unique,1,0906_29401_54,94 NEPTUNE AVE.,JERSEY CITY CITY,11211,,YR_CONSTR,,DWELL/COMM_DWELL,4C,PROP_CLASS,029,PROP_USE,https://services2.arcgis.com/XVOqAjTOJ5P6ngMu/arcgis/rest/services/Parcels_Composite_NJ_WM/FeatureServer/0,1761714000000,2026-10-04T01:56:16+00:00,
A0451,7300 VALMONT ST,Los Angeles,CA,91042,LA County eGIS parcels,unique,1,2568009034,7300 VALMONT ST LOS ANGELES CA 91042,LOS ANGELES CA,91042-3640,1989,YearBuilt1,8,Units1,0500,UseCode,Five or more apartments,UseDescription,https://cache.gis.lacounty.gov/cache/rest/services/LACounty_Cache/LACounty_Parcel/FeatureServer/0,2026,2026-10-04T01:56:16+00:00,
A0452,1310 N LAS PALMAS AVE,Los Angeles,CA,90028,LA County eGIS parcels,unique,1,5547031021,1310 N LAS PALMAS AVE LOS ANGELES CA 90028,LOS ANGELES CA,90028-7705,1952,YearBuilt1,8,Units1,0500,UseCode,Five or more apartments,UseDescription,https://cache.gis.lacounty.gov/cache/rest/services/LACounty_Cache/LACounty_Parcel/FeatureServer/0,2026,2026-10-04T01:56:17+00:00,
A0453,11 Carlisle St,Cambridge,MA,,Cambridge Property Database FY2026 (waa7-ibdu),unique,1,84-75,11 Carlisle St,Cambridge,,1910,condition_yearbuilt,6,interior_numunits,111,stateclasscode,4-8-UNIT-APT,propertyclass/exterior_occupancy,https://data.cambridgema.gov/resource/waa7-ibdu.json,2026,2026-10-04T01:56:17+00:00,
A0454,8944 COLUMBUS AVE,Los Angeles,CA,91343,LA County eGIS parcels,unique,1,2654032008,8944 COLUMBUS AVE LOS ANGELES CA 91343,LOS ANGELES CA,91343-4315,1959,YearBuilt1,6,Units1,0500,UseCode,Five or more apartments,UseDescription,https://cache.gis.lacounty.gov/cache/rest/services/LACounty_Cache/LACounty_Parcel/FeatureServer/0,2026,2026-10-04T01:56:18+00:00,
A0455,78 STEVENS AVE.,Jersey City,NJ,07108,NJOGIS Parcels & MOD-IV Composite,unique,1,0906_26402_19.01,78 STEVENS AVE.,JERSEY CITY CITY,07108,,YR_CONSTR,,DWELL/COMM_DWELL,4C,PROP_CLASS,,PROP_USE,https://services2.arcgis.com/XVOqAjTOJ5P6ngMu/arcgis/rest/services/Parcels_Composite_NJ_WM/FeatureServer/0,1761714000000,2026-10-04T01:56:18+00:00,
A0456,2151 CHATSWORTH BLVD,San Diego,CA,92107,SANDAG/SanGIS parcels,unique,1,4496110100,2151 CHATSWORTH BLVD,SAN DIEGO,92107-2428,48,year_effective,17,unitqty,15,asr_landuse,,,https://geo.sandag.org/server/rest/services/hosted/Parcels/FeatureServer/0,current,2026-10-04T01:56:19+00:00,
A0457,1856 GREEN ST,San Francisco,CA,,DataSF wv5m-vpq2 (2025 roll),ambiguous,19,0543013,0000 1856 GREEN               ST0000,San Francisco,,1906,year_property_built,5.0,number_of_units,MRES,use_code,Multi-Family Residential,use_definition,https://data.sfgov.org/resource/wv5m-vpq2.json,2022,2026-10-04T01:56:19+00:00,
A0458,1670 E 48TH PL,Los Angeles,CA,90011,LA County eGIS parcels,unique,1,5106020004,1670 E 48TH PL LOS ANGELES CA 90011,LOS ANGELES CA,90011-4450,1963,YearBuilt1,6,Units1,0500,UseCode,Five or more apartments,UseDescription,https://cache.gis.lacounty.gov/cache/rest/services/LACounty_Cache/LACounty_Parcel/FeatureServer/0,2026,2026-10-04T01:56:23+00:00,
A0459,202 SOUTH ST.,Jersey City,NJ,07423,NJOGIS Parcels & MOD-IV Composite,unique,1,0906_2105_32,202 SOUTH ST.,JERSEY CITY CITY,07423,1915,YR_CONSTR,,DWELL/COMM_DWELL,4C,PROP_CLASS,029,PROP_USE,https://services2.arcgis.com/XVOqAjTOJ5P6ngMu/arcgis/rest/services/Parcels_Composite_NJ_WM/FeatureServer/0,1761714000000,2026-10-04T01:56:24+00:00,
A0460,223-229 SHEPHARD AVE,Newark,NJ,11204,NJOGIS Parcels & MOD-IV Composite,unique,1,0714_3625_17,223-229 SHEPHARD AVE,NEWARK CITY,11204,,YR_CONSTR,1,DWELL/COMM_DWELL,4C,PROP_CLASS,029,PROP_USE,https://services2.arcgis.com/XVOqAjTOJ5P6ngMu/arcgis/rest/services/Parcels_Composite_NJ_WM/FeatureServer/0,1772427600000,2026-10-04T01:56:24+00:00,
A0461,735 11TH AV,San Francisco,CA,,DataSF wv5m-vpq2 (2025 roll),ambiguous,44,1597006,0000 0735 47TH                AV0000,San Francisco,,1925,year_property_built,1.0,number_of_units,SRES,use_code,Single Family Residential,use_definition,https://data.sfgov.org/resource/wv5m-vpq2.json,2022,2026-10-04T01:56:24+00:00,
A0462,128 ST. PAULS AVE.,Jersey City,NJ,11211,NJOGIS Parcels & MOD-IV Composite,unique,1,0906_6602_22,128 ST. PAULS AVE.,JERSEY CITY CITY,11211,1890,YR_CONSTR,,DWELL/COMM_DWELL,4C,PROP_CLASS,029,PROP_USE,https://services2.arcgis.com/XVOqAjTOJ5P6ngMu/arcgis/rest/services/Parcels_Composite_NJ_WM/FeatureServer/0,1761714000000,2026-10-04T01:56:25+00:00,
A0463,4 BEECHWOOD ST,Dorchester,MA,02121,Boston Property Assessment FY2026,unique,1,1400037030,4 BEECHWOOD ST  ,Boston,02121,2007,YR_BUILT,,RES_UNITS,A,LU,SUBSD HOUSING S- 8,LU_DESC,https://data.boston.gov/dataset/e02c44d2-3c64-459c-8fe2-e1ce5f38a035/resource/ee73430d-96c0-423e-ad21-c4cfb54c8961/download/fy2026-property-assessment-data_rev.csv,FY2026,2026-10-04T01:56:25+00:00,
A0464,2-98 DABNEY ST,Roxbury,MA,02119,Boston Property Assessment FY2026,unique,1,1201520000,2 DABNEY ST  ,Boston,02119,1966,YR_BUILT,,RES_UNITS,A,LU,SUBSD HOUSING S- 8,LU_DESC,https://data.boston.gov/dataset/e02c44d2-3c64-459c-8fe2-e1ce5f38a035/resource/ee73430d-96c0-423e-ad21-c4cfb54c8961/download/fy2026-property-assessment-data_rev.csv,FY2026,2026-10-04T01:56:26+00:00,
A0465,141 Oxford St,Cambridge,MA,,Cambridge Property Database FY2026 (waa7-ibdu),unique,1,153-78,141 Oxford St,Cambridge,,1915,condition_yearbuilt,8,interior_numunits,111,stateclasscode,4-8-UNIT-APT,propertyclass/exterior_occupancy,https://data.cambridgema.gov/resource/waa7-ibdu.json,2026,2026-10-04T01:56:26+00:00,
A0466,115 NORWAY ST,Boston,MA,02115,Boston Property Assessment FY2026,unique,1,0401406000,115 NORWAY ST  ,Boston,02115,1920,YR_BUILT,,RES_UNITS,A,LU,APT 7-30 UNITS,LU_DESC,https://data.boston.gov/dataset/e02c44d2-3c64-459c-8fe2-e1ce5f38a035/resource/ee73430d-96c0-423e-ad21-c4cfb54c8961/download/fy2026-property-assessment-data_rev.csv,FY2026,2026-10-04T01:56:27+00:00,
A0467,24 ST ALBANS RD,Boston,MA,02115,Boston Property Assessment FY2026,unique,1,1000274000,24 ST ALBANS RD  ,Boston,02115,1923,YR_BUILT,,RES_UNITS,A,LU,SUBSD HOUSING S- 8,LU_DESC,https://data.boston.gov/dataset/e02c44d2-3c64-459c-8fe2-e1ce5f38a035/resource/ee73430d-96c0-423e-ad21-c4cfb54c8961/download/fy2026-property-assessment-data_rev.csv,FY2026,2026-10-04T01:56:27+00:00,
A0468,13 Shepard St,Cambridge,MA,,Cambridge Property Database FY2026 (waa7-ibdu),unique,1,174-42,13 Shepard St,Cambridge,,1910,condition_yearbuilt,6,interior_numunits,111,stateclasscode,4-8-UNIT-APT,propertyclass/exterior_occupancy,https://data.cambridgema.gov/resource/waa7-ibdu.json,2026,2026-10-04T01:56:28+00:00,
A0469,2701 SHATTUCK AVE,Berkeley,CA,94705,Alameda County parcels,unique,1,054 171903900,2701 SHATTUCK AVE BERKELEY 94705,BERKELEY,94705,2024,YearBuilt,57,Units,7700,UseCode,,,https://gis.cityofberkeley.info/arcgis3/rest/services/Public/GISPortal/MapServer/1,current,2026-10-04T01:56:28+00:00,
A0470,1919 CURTIS ST,Berkeley,CA,94702,Alameda County parcels,unique,1,057 208302500,1919 CURTIS ST BERKELEY 94702,BERKELEY,94702,1949,YearBuilt,10,Units,7700,UseCode,,,https://gis.cityofberkeley.info/arcgis3/rest/services/Public/GISPortal/MapServer/1,current,2026-10-04T01:56:29+00:00,
A0471,332-334 GARDEN ST,Hoboken,NJ,07604,NJOGIS Parcels & MOD-IV Composite,unique,1,0905_179_28,332-334 GARDEN ST,HOBOKEN CITY,07604,,YR_CONSTR,10,DWELL/COMM_DWELL,4C,PROP_CLASS,,PROP_USE,https://services2.arcgis.com/XVOqAjTOJ5P6ngMu/arcgis/rest/services/Parcels_Composite_NJ_WM/FeatureServer/0,1761714000000,2026-10-04T01:56:29+00:00,
A0472,321 WILLOW AVE,Hoboken,NJ,07030,NJOGIS Parcels & MOD-IV Composite,unique,1,0905_166_10,321 WILLOW AVE,HOBOKEN CITY,07030,,YR_CONSTR,12,DWELL/COMM_DWELL,4C,PROP_CLASS,,PROP_USE,https://services2.arcgis.com/XVOqAjTOJ5P6ngMu/arcgis/rest/services/Parcels_Composite_NJ_WM/FeatureServer/0,1761714000000,2026-10-04T01:56:29+00:00,
A0473,20 Phillips ST,Boston,MA,02114,Boston Property Assessment FY2026,unique,1,0502136000,20 Phillips ST  ,Boston,02114,1899,YR_BUILT,,RES_UNITS,A,LU,APT 7-30 UNITS,LU_DESC,https://data.boston.gov/dataset/e02c44d2-3c64-459c-8fe2-e1ce5f38a035/resource/ee73430d-96c0-423e-ad21-c4cfb54c8961/download/fy2026-property-assessment-data_rev.csv,FY2026,2026-10-04T01:56:29+00:00,
A0474,3438 MCKINLEY AVE,Los Angeles,CA,90011,LA County eGIS parcels,unique,1,5114016011,3438 MCKINLEY AVE LOS ANGELES CA 90011,LOS ANGELES CA,90011-2850,1928,YearBuilt1,8,Units1,0500,UseCode,Five or more apartments,UseDescription,https://cache.gis.lacounty.gov/cache/rest/services/LACounty_Cache/LACounty_Parcel/FeatureServer/0,2026,2026-10-04T01:56:30+00:00,
A0475,361 FIRST ST,Hoboken,NJ,07030,NJOGIS Parcels & MOD-IV Composite,unique,1,0905_20_17,361 FIRST ST,HOBOKEN CITY,07030,,YR_CONSTR,7,DWELL/COMM_DWELL,4C,PROP_CLASS,,PROP_USE,https://services2.arcgis.com/XVOqAjTOJ5P6ngMu/arcgis/rest/services/Parcels_Composite_NJ_WM/FeatureServer/0,1761714000000,2026-10-04T01:56:31+00:00,
A0476,26-28 COTTAGE ST,Newark,NJ,07840,NJOGIS Parcels & MOD-IV Composite,unique,1,0714_878_25,26-28 COTTAGE ST,NEWARK CITY,07840,,YR_CONSTR,1,DWELL/COMM_DWELL,4C,PROP_CLASS,029,PROP_USE,https://services2.arcgis.com/XVOqAjTOJ5P6ngMu/arcgis/rest/services/Parcels_Composite_NJ_WM/FeatureServer/0,1772427600000,2026-10-04T01:56:31+00:00,
A0477,2250 MISSION ST,San Francisco,CA,,DataSF wv5m-vpq2 (2025 roll),ambiguous,19,3589109,0000 2250 MISSION             ST0000,San Francisco,,1975,year_property_built,19.0,number_of_units,MRES,use_code,Multi-Family Residential,use_definition,https://data.sfgov.org/resource/wv5m-vpq2.json,2023,2026-10-04T01:56:31+00:00,
A0478,3860 CHEROKEE AVE,San Diego,CA,92104,SANDAG/SanGIS parcels,unique,1,4474712600,3860 CHEROKEE AVE,SAN DIEGO,92104-3157,64,year_effective,9,unitqty,14,asr_landuse,,,https://geo.sandag.org/server/rest/services/hosted/Parcels/FeatureServer/0,current,2026-10-04T01:56:32+00:00,
A0479,12948 MOORPARK ST,Los Angeles,CA,91604,LA County eGIS parcels,unique,1,2375009040,12948 MOORPARK ST LOS ANGELES CA 91604,LOS ANGELES CA,91604-5031,1990,YearBuilt1,8,Units1,0500,UseCode,Five or more apartments,UseDescription,https://cache.gis.lacounty.gov/cache/rest/services/LACounty_Cache/LACounty_Parcel/FeatureServer/0,2026,2026-10-04T01:56:32+00:00,
A0480,4046 N 43RD ST,San Diego,CA,92105,SANDAG/SanGIS parcels,no_match,0,,,,,,,,,,,,,https://geo.sandag.org/server/rest/services/hosted/Parcels/FeatureServer/0,,2026-10-04T01:56:33+00:00,
A0481,536 LEAVENWORTH ST,San Francisco,CA,,DataSF wv5m-vpq2 (2025 roll),ambiguous,19,0318015,0000 0536 LEAVENWORTH         ST0000,San Francisco,,1925,year_property_built,63.0,number_of_units,MRES,use_code,Multi-Family Residential,use_definition,https://data.sfgov.org/resource/wv5m-vpq2.json,2025,2026-10-04T01:56:34+00:00,
A0482,101 CLIFTON PL.,Jersey City,NJ,10982,NJOGIS Parcels & MOD-IV Composite,unique,1,0906_15302_29,101 CLIFTON PL.,JERSEY CITY CITY,10982,3,YR_CONSTR,,DWELL/COMM_DWELL,4C,PROP_CLASS,,PROP_USE,https://services2.arcgis.com/XVOqAjTOJ5P6ngMu/arcgis/rest/services/Parcels_Composite_NJ_WM/FeatureServer/0,1761714000000,2026-10-04T01:56:35+00:00,
A0483,1580 MARKET ST,San Francisco,CA,,DataSF wv5m-vpq2 (2025 roll),ambiguous,19,0836010,1598 1580 MARKET              ST0000,San Francisco,,1917,year_property_built,71.0,number_of_units,MRES,use_code,Multi-Family Residential,use_definition,https://data.sfgov.org/resource/wv5m-vpq2.json,2008,2026-10-04T01:56:35+00:00,
A0484,1801 08TH AV,San Francisco,CA,,DataSF wv5m-vpq2 (2025 roll),ambiguous,84,2055001,0000 1801 18TH                AV0000,San Francisco,,1923,year_property_built,1.0,number_of_units,SRES,use_code,Single Family Residential,use_definition,https://data.sfgov.org/resource/wv5m-vpq2.json,2022,2026-10-04T01:56:36+00:00,
A0485,296-302 Western Ave,Cambridge,MA,,Cambridge Property Database FY2026 (waa7-ibdu),unique,1,126-38,296-302 Western Ave,Cambridge,,1920,condition_yearbuilt,6,interior_numunits,111,stateclasscode,4-8-UNIT-APT,propertyclass/exterior_occupancy,https://data.cambridgema.gov/resource/waa7-ibdu.json,2026,2026-10-04T01:56:38+00:00,
A0486,2280 MISSION ST,San Francisco,CA,,DataSF wv5m-vpq2 (2025 roll),ambiguous,19,3589015,2282 2280 MISSION             ST0000,San Francisco,,1910,year_property_built,9.0,number_of_units,MRES,use_code,Multi-Family Residential,use_definition,https://data.sfgov.org/resource/wv5m-vpq2.json,2023,2026-10-04T01:56:38+00:00,
A0487,2118 FILLMORE ST,San Francisco,CA,,DataSF wv5m-vpq2 (2025 roll),ambiguous,19,0636022,2130 2118 FILLMORE            ST0000,San Francisco,,1900,year_property_built,11.0,number_of_units,MRES,use_code,Multi-Family Residential,use_definition,https://data.sfgov.org/resource/wv5m-vpq2.json,2025,2026-10-04T01:56:39+00:00,
A0488,197 BEACON ST,Boston,MA,02116,Boston Property Assessment FY2026,unique,1,0502728000,197 BEACON ST  ,Boston,02116,1900,YR_BUILT,,RES_UNITS,A,LU,APT 7-30 UNITS,LU_DESC,https://data.boston.gov/dataset/e02c44d2-3c64-459c-8fe2-e1ce5f38a035/resource/ee73430d-96c0-423e-ad21-c4cfb54c8961/download/fy2026-property-assessment-data_rev.csv,FY2026,2026-10-04T01:56:41+00:00,
A0489,204 GRAND ST,Hoboken,NJ,06901,NJOGIS Parcels & MOD-IV Composite,unique,1,0905_41_16,204 GRAND ST,HOBOKEN CITY,06901,2000,YR_CONSTR,30,DWELL/COMM_DWELL,4C,PROP_CLASS,,PROP_USE,https://services2.arcgis.com/XVOqAjTOJ5P6ngMu/arcgis/rest/services/Parcels_Composite_NJ_WM/FeatureServer/0,1761714000000,2026-10-04T01:56:41+00:00,
A0490,526 ADAMS ST,Hoboken,NJ,07030,NJOGIS Parcels & MOD-IV Composite,unique,1,0905_69_21,526 ADAMS ST,HOBOKEN CITY,07030,,YR_CONSTR,,DWELL/COMM_DWELL,4C,PROP_CLASS,738,PROP_USE,https://services2.arcgis.com/XVOqAjTOJ5P6ngMu/arcgis/rest/services/Parcels_Composite_NJ_WM/FeatureServer/0,1761714000000,2026-10-04T01:56:42+00:00,
A0491,37 IRVING ST,Newark,NJ,07104,NJOGIS Parcels & MOD-IV Composite,unique,1,0714_820_2,37 IRVING ST,NEWARK CITY,07104,,YR_CONSTR,1,DWELL/COMM_DWELL,4C,PROP_CLASS,,PROP_USE,https://services2.arcgis.com/XVOqAjTOJ5P6ngMu/arcgis/rest/services/Parcels_Composite_NJ_WM/FeatureServer/0,1772427600000,2026-10-04T01:56:42+00:00,
A0492,800 S HARVARD BLVD,Los Angeles,CA,90005,LA County eGIS parcels,unique,1,5093022029,800 S HARVARD BLVD LOS ANGELES CA 90005,LOS ANGELES CA,90005-4258,2019,YearBuilt1,131,Units1,0551,UseCode,Five or more apartments,UseDescription,https://cache.gis.lacounty.gov/cache/rest/services/LACounty_Cache/LACounty_Parcel/FeatureServer/0,2026,2026-10-04T01:56:42+00:00,
A0493,4450 GEARY BL,San Francisco,CA,,DataSF wv5m-vpq2 (2025 roll),ambiguous,19,1440021,0000 4450 GEARY               BL0000,San Francisco,,1916,year_property_built,10.0,number_of_units,MRES,use_code,Multi-Family Residential,use_definition,https://data.sfgov.org/resource/wv5m-vpq2.json,2020,2026-10-04T01:56:43+00:00,
A0494,2641 FRANKLIN ST,San Francisco,CA,,DataSF wv5m-vpq2 (2025 roll),ambiguous,19,0528001D,0000 2641 FRANKLIN            ST0000,San Francisco,,1923,year_property_built,6.0,number_of_units,MRES,use_code,Multi-Family Residential,use_definition,https://data.sfgov.org/resource/wv5m-vpq2.json,2024,2026-10-04T01:56:44+00:00,
A0495,230 VAN HORNE ST.,Jersey City,NJ,11219,NJOGIS Parcels & MOD-IV Composite,unique,1,0906_20003_27,230 VAN HORNE ST.,JERSEY CITY CITY,11219,1895,YR_CONSTR,,DWELL/COMM_DWELL,4C,PROP_CLASS,,PROP_USE,https://services2.arcgis.com/XVOqAjTOJ5P6ngMu/arcgis/rest/services/Parcels_Composite_NJ_WM/FeatureServer/0,1761714000000,2026-10-04T01:56:45+00:00,
A0496,512 32ND ST,San Diego,CA,92102,SANDAG/SanGIS parcels,unique,1,5451221600,512 32ND ST,SAN DIEGO,92102-4204,40,year_effective,8,unitqty,14,asr_landuse,,,https://geo.sandag.org/server/rest/services/hosted/Parcels/FeatureServer/0,current,2026-10-04T01:56:45+00:00,
A0497,3750 29TH ST,San Diego,CA,92104,SANDAG/SanGIS parcels,ambiguous,2,4531310600,3750 29TH ST,SAN DIEGO,92104-3643,28,year_effective,5,unitqty,14,asr_landuse,,,https://geo.sandag.org/server/rest/services/hosted/Parcels/FeatureServer/0,current,2026-10-04T01:56:45+00:00,
A0498,684-686 SUMMER AVE,Newark,NJ,07644,NJOGIS Parcels & MOD-IV Composite,unique,1,0714_763_27,684-686 SUMMER AVE,NEWARK CITY,07644,,YR_CONSTR,1,DWELL/COMM_DWELL,4C,PROP_CLASS,029,PROP_USE,https://services2.arcgis.com/XVOqAjTOJ5P6ngMu/arcgis/rest/services/Parcels_Composite_NJ_WM/FeatureServer/0,1772427600000,2026-10-04T01:56:45+00:00,
A0499,8519 WILLIS AVE,Los Angeles,CA,91402,LA County eGIS parcels,unique,1,2653015017,8519 WILLIS AVE LOS ANGELES CA 91402,LOS ANGELES CA,91402-3457,1962,YearBuilt1,33,Units1,0501,UseCode,Five or more apartments,UseDescription,https://cache.gis.lacounty.gov/cache/rest/services/LACounty_Cache/LACounty_Parcel/FeatureServer/0,2026,2026-10-04T01:56:46+00:00,
A0500,8811 BURNET AVE,Los Angeles,CA,91343,LA County eGIS parcels,unique,1,2654008057,8811 BURNET AVE LOS ANGELES CA 91343,LOS ANGELES CA,91343-5400,1954,YearBuilt1,36,Units1,0500,UseCode,Five or more apartments,UseDescription,https://cache.gis.lacounty.gov/cache/rest/services/LACounty_Cache/LACounty_Parcel/FeatureServer/0,2026,2026-10-04T01:56:47+00:00,
