address_id,street_address,postal_city,state,source_dataset,original_use_description,description_interpretation,usedescription_property_use,description_unit_min,description_unit_max,other_information,description_interpretation_status,source_field_maintenance,interpretation_source_url,mapping_note
A0001,6238 DE LONGPRE AVE,Los Angeles,CA,LA County eGIS parcels,Five or more apartments,Five or more apartments,multifamily_residential,5,,,interpreted_explicit_range,official_update_schedule_unknown,https://www.epa.gov/system/files/documents/2023-11/prelim-desig-memo-alamitos-bay-los-cerritos-channel-dominguez-channel-la-long-beach-inner-harbor-watersheds-2023-10-02.pdf,"Interpretation uses source_dataset and use_description only; use_code, units, year_built and other fields were not consulted."
A0002,1031-1035 CLINTON ST,Hoboken,NJ,NJOGIS Parcels & MOD-IV Composite,6B-20U-G,Building description explicitly indicates 20 units,multifamily_residential,20,20,Garage indicated,parsed_explicit_unit_count,annual_tax_assessment_records,https://www.nj.gov/treasury/taxation/pdf/lpt/modIVmanual.pdf,"Interpretation uses source_dataset and use_description only; use_code, units, year_built and other fields were not consulted."
A0003,876-878 S 14TH ST,Newark,NJ,NJOGIS Parcels & MOD-IV Composite,4SB,Building-description shorthand; no reliable unit count can be extracted from the description alone,unknown_from_description,,,Stories indicated: 4,insufficient_description_for_unit_count,annual_tax_assessment_records,https://www.nj.gov/treasury/taxation/pdf/lpt/modIVmanual.pdf,"Interpretation uses source_dataset and use_description only; use_code, units, year_built and other fields were not consulted."
A0004,10050 MOUNTAIR AVE,Los Angeles,CA,LA County eGIS parcels,Five or more apartments,Five or more apartments,multifamily_residential,5,,,interpreted_explicit_range,official_update_schedule_unknown,https://www.epa.gov/system/files/documents/2023-11/prelim-desig-memo-alamitos-bay-los-cerritos-channel-dominguez-channel-la-long-beach-inner-harbor-watersheds-2023-10-02.pdf,"Interpretation uses source_dataset and use_description only; use_code, units, year_built and other fields were not consulted."
A0005,1609 ADDISON ST,Berkeley,CA,Alameda County parcels,Alameda County use code (5+ units),Five or more residential units,multifamily_residential,5,,,interpreted_explicit_range,official_update_schedule_unknown,https://propinfo.acgov.org/UseCodeList/,"Interpretation uses source_dataset and use_description only; use_code, units, year_built and other fields were not consulted."
A0006,69-71 WESTLAND AV,Boston,MA,Boston Property Assessment FY2026,SUBSD HOUSING S- 8,Subsidized Section 8 housing classification,subsidized_multifamily,,,Section 8 subsidized housing indicator,interpreted_use_only,current_annual_assessment_roll,https://gis.boston.gov/arcgis/rest/services/Assessing/properties_boston_gov/FeatureServer/0,"Interpretation uses source_dataset and use_description only; use_code, units, year_built and other fields were not consulted."
A0007,4257 SAN PEDRO PL,Los Angeles,CA,LA County eGIS parcels,Five or more apartments,Five or more apartments,multifamily_residential,5,,,interpreted_explicit_range,official_update_schedule_unknown,https://www.epa.gov/system/files/documents/2023-11/prelim-desig-memo-alamitos-bay-los-cerritos-channel-dominguez-channel-la-long-beach-inner-harbor-watersheds-2023-10-02.pdf,"Interpretation uses source_dataset and use_description only; use_code, units, year_built and other fields were not consulted."
A0008,1065 SUMMIT AVENUE,Jersey City,NJ,NJOGIS Parcels & MOD-IV Composite,10S-B-A-151U-HE,Building description explicitly indicates 151 units,multifamily_residential,151,151,Stories indicated: 10,parsed_explicit_unit_count,annual_tax_assessment_records,https://www.nj.gov/treasury/taxation/pdf/lpt/modIVmanual.pdf,"Interpretation uses source_dataset and use_description only; use_code, units, year_built and other fields were not consulted."
A0009,322-322.5 Western Ave,Cambridge,MA,Cambridge Property Database FY2026 (waa7-ibdu),4-8-UNIT-APT,Apartment property with 4 to 8 units,multifamily_residential,4,8,,interpreted_explicit_range,current_annual_assessment_roll,https://www.cambridgema.gov/gis/gisdatadictionary/cdd/cdd_landuse,"Interpretation uses source_dataset and use_description only; use_code, units, year_built and other fields were not consulted."
A0010,134 Oxford St,Cambridge,MA,Cambridge Property Database FY2026 (waa7-ibdu),4-8-UNIT-APT,Apartment property with 4 to 8 units,multifamily_residential,4,8,,interpreted_explicit_range,current_annual_assessment_roll,https://www.cambridgema.gov/gis/gisdatadictionary/cdd/cdd_landuse,"Interpretation uses source_dataset and use_description only; use_code, units, year_built and other fields were not consulted."
A0011,834-836 RAYMOND BLVD,Newark,NJ,NJOGIS Parcels & MOD-IV Composite,3S.F.,Building-description shorthand; no reliable unit count can be extracted from the description alone,unknown_from_description,,,Stories indicated: 3,insufficient_description_for_unit_count,annual_tax_assessment_records,https://www.nj.gov/treasury/taxation/pdf/lpt/modIVmanual.pdf,"Interpretation uses source_dataset and use_description only; use_code, units, year_built and other fields were not consulted."
A0012,1064 SUMMIT AVE.,Jersey City,NJ,NJOGIS Parcels & MOD-IV Composite,3S-F-D-6U,Building description explicitly indicates 6 units,multifamily_residential,6,6,Stories indicated: 3,parsed_explicit_unit_count,annual_tax_assessment_records,https://www.nj.gov/treasury/taxation/pdf/lpt/modIVmanual.pdf,"Interpretation uses source_dataset and use_description only; use_code, units, year_built and other fields were not consulted."
A0013,137 N 11TH ST,Newark,NJ,NJOGIS Parcels & MOD-IV Composite,3SF,Building-description shorthand; no reliable unit count can be extracted from the description alone,unknown_from_description,,,Stories indicated: 3,insufficient_description_for_unit_count,annual_tax_assessment_records,https://www.nj.gov/treasury/taxation/pdf/lpt/modIVmanual.pdf,"Interpretation uses source_dataset and use_description only; use_code, units, year_built and other fields were not consulted."
A0014,5907 CAHUENGA BLVD,Los Angeles,CA,LA County eGIS parcels,Five or more apartments,Five or more apartments,multifamily_residential,5,,,interpreted_explicit_range,official_update_schedule_unknown,https://www.epa.gov/system/files/documents/2023-11/prelim-desig-memo-alamitos-bay-los-cerritos-channel-dominguez-channel-la-long-beach-inner-harbor-watersheds-2023-10-02.pdf,"Interpretation uses source_dataset and use_description only; use_code, units, year_built and other fields were not consulted."
A0015,15 Everett St,Cambridge,MA,Cambridge Property Database FY2026 (waa7-ibdu),>8-UNIT-APT,Apartment property with more than 8 units,multifamily_residential,9,,,interpreted_explicit_range,current_annual_assessment_roll,https://www.cambridgema.gov/gis/gisdatadictionary/cdd/cdd_landuse,"Interpretation uses source_dataset and use_description only; use_code, units, year_built and other fields were not consulted."
A0016,3515 FILLMORE ST,San Francisco,CA,DataSF wv5m-vpq2 (2025 roll),Apartment 15 Units or more,Apartment property with 15 or more units,multifamily_residential,15,,,interpreted_explicit_range,annual_assessment_roll,https://www.hcd.ca.gov/housing-elements/docs/san-francisco-6th-draft051022.pdf,"Interpretation uses source_dataset and use_description only; use_code, units, year_built and other fields were not consulted."
A0017,225 DUNCAN AVE.,Jersey City,NJ,NJOGIS Parcels & MOD-IV Composite,3S-F-D-6U-NH,Building description explicitly indicates 6 units,multifamily_residential,6,6,Stories indicated: 3; No heat indicated,parsed_explicit_unit_count,annual_tax_assessment_records,https://www.nj.gov/treasury/taxation/pdf/lpt/modIVmanual.pdf,"Interpretation uses source_dataset and use_description only; use_code, units, year_built and other fields were not consulted."
A0018,1906 BONITA AVE,Berkeley,CA,Alameda County parcels,Alameda County use code (5+ units),Five or more residential units,multifamily_residential,5,,,interpreted_explicit_range,official_update_schedule_unknown,https://propinfo.acgov.org/UseCodeList/,"Interpretation uses source_dataset and use_description only; use_code, units, year_built and other fields were not consulted."
A0019,3820 HAINES ST,San Diego,CA,SANDAG/SanGIS parcels,SANDAG asr_landuse 14-16 (5+ units),Multiple-residential property in an ASR_LANDUSE category representing 5 or more units,multifamily_residential,5,,ASR_LANDUSE family 14-16,interpreted_explicit_range,legacy_irregularly_maintained,https://www.sandiego.gov/sites/default/files/appendices_-_6-10.pdf,"Interpretation uses source_dataset and use_description only; use_code, units, year_built and other fields were not consulted."
A0020,646-648 N 6TH ST,Newark,NJ,NJOGIS Parcels & MOD-IV Composite,Apartments (class 4C),Apartments; New Jersey property tax class 4C,multifamily_residential,,,Class 4C,interpreted_use_only,annual_tax_assessment_records,https://www.nj.gov/treasury/taxation/pdf/lpt/modIVmanual.pdf,"Interpretation uses source_dataset and use_description only; use_code, units, year_built and other fields were not consulted."
A0021,22 PRECITA AV,San Francisco,CA,DataSF wv5m-vpq2 (2025 roll),Apartment 5 to 14 Units,Apartment property with 5 to 14 units,multifamily_residential,5,14,,interpreted_explicit_range,annual_assessment_roll,https://www.hcd.ca.gov/housing-elements/docs/san-francisco-6th-draft051022.pdf,"Interpretation uses source_dataset and use_description only; use_code, units, year_built and other fields were not consulted."
A0022,10908 HARTSOOK ST,Los Angeles,CA,LA County eGIS parcels,Five or more apartments,Five or more apartments,multifamily_residential,5,,,interpreted_explicit_range,official_update_schedule_unknown,https://www.epa.gov/system/files/documents/2023-11/prelim-desig-memo-alamitos-bay-los-cerritos-channel-dominguez-channel-la-long-beach-inner-harbor-watersheds-2023-10-02.pdf,"Interpretation uses source_dataset and use_description only; use_code, units, year_built and other fields were not consulted."
A0023,843 IROLO ST,Los Angeles,CA,LA County eGIS parcels,Five or more apartments,Five or more apartments,multifamily_residential,5,,,interpreted_explicit_range,official_update_schedule_unknown,https://www.epa.gov/system/files/documents/2023-11/prelim-desig-memo-alamitos-bay-los-cerritos-channel-dominguez-channel-la-long-beach-inner-harbor-watersheds-2023-10-02.pdf,"Interpretation uses source_dataset and use_description only; use_code, units, year_built and other fields were not consulted."
A0024,227 Charles St,Cambridge,MA,Cambridge Property Database FY2026 (waa7-ibdu),4-8-UNIT-APT,Apartment property with 4 to 8 units,multifamily_residential,4,8,,interpreted_explicit_range,current_annual_assessment_roll,https://www.cambridgema.gov/gis/gisdatadictionary/cdd/cdd_landuse,"Interpretation uses source_dataset and use_description only; use_code, units, year_built and other fields were not consulted."
A0025,2341 8TH ST,Berkeley,CA,Alameda County parcels,Alameda County use code (5+ units),Five or more residential units,multifamily_residential,5,,,interpreted_explicit_range,official_update_schedule_unknown,https://propinfo.acgov.org/UseCodeList/,"Interpretation uses source_dataset and use_description only; use_code, units, year_built and other fields were not consulted."
A0026,59 OAK ST.,Jersey City,NJ,NJOGIS Parcels & MOD-IV Composite,4S-B-D-8U-NH,Building description explicitly indicates 8 units,multifamily_residential,8,8,Stories indicated: 4; No heat indicated,parsed_explicit_unit_count,annual_tax_assessment_records,https://www.nj.gov/treasury/taxation/pdf/lpt/modIVmanual.pdf,"Interpretation uses source_dataset and use_description only; use_code, units, year_built and other fields were not consulted."
A0027,3918 FULTON ST,San Francisco,CA,DataSF wv5m-vpq2 (2025 roll),Apartment 5 to 14 Units,Apartment property with 5 to 14 units,multifamily_residential,5,14,,interpreted_explicit_range,annual_assessment_roll,https://www.hcd.ca.gov/housing-elements/docs/san-francisco-6th-draft051022.pdf,"Interpretation uses source_dataset and use_description only; use_code, units, year_built and other fields were not consulted."
A0028,585 5TH ST,Newark,NJ,NJOGIS Parcels & MOD-IV Composite,3SF3UG,Building-description shorthand; no reliable unit count can be extracted from the description alone,unknown_from_description,,,,insufficient_description_for_unit_count,annual_tax_assessment_records,https://www.nj.gov/treasury/taxation/pdf/lpt/modIVmanual.pdf,"Interpretation uses source_dataset and use_description only; use_code, units, year_built and other fields were not consulted."
A0029,280-284 VERONA AVE,Newark,NJ,NJOGIS Parcels & MOD-IV Composite,4SB,Building-description shorthand; no reliable unit count can be extracted from the description alone,unknown_from_description,,,Stories indicated: 4,insufficient_description_for_unit_count,annual_tax_assessment_records,https://www.nj.gov/treasury/taxation/pdf/lpt/modIVmanual.pdf,"Interpretation uses source_dataset and use_description only; use_code, units, year_built and other fields were not consulted."
A0030,2051 DIVISADERO ST,San Francisco,CA,DataSF wv5m-vpq2 (2025 roll),Flat & Store 5 to 14 units,Flat-and-store property with 5 to 14 units,mixed_use_multifamily,5,14,Store component,interpreted_explicit_range,annual_assessment_roll,https://www.hcd.ca.gov/housing-elements/docs/san-francisco-6th-draft051022.pdf,"Interpretation uses source_dataset and use_description only; use_code, units, year_built and other fields were not consulted."
A0031,5624 S SAN PEDRO ST,Los Angeles,CA,LA County eGIS parcels,Five or more apartments,Five or more apartments,multifamily_residential,5,,,interpreted_explicit_range,official_update_schedule_unknown,https://www.epa.gov/system/files/documents/2023-11/prelim-desig-memo-alamitos-bay-los-cerritos-channel-dominguez-channel-la-long-beach-inner-harbor-watersheds-2023-10-02.pdf,"Interpretation uses source_dataset and use_description only; use_code, units, year_built and other fields were not consulted."
A0032,63 OAK ST.,Jersey City,NJ,NJOGIS Parcels & MOD-IV Composite,4S-B-D-8U-NH,Building description explicitly indicates 8 units,multifamily_residential,8,8,Stories indicated: 4; No heat indicated,parsed_explicit_unit_count,annual_tax_assessment_records,https://www.nj.gov/treasury/taxation/pdf/lpt/modIVmanual.pdf,"Interpretation uses source_dataset and use_description only; use_code, units, year_built and other fields were not consulted."
A0033,1260 KEARNY ST,San Francisco,CA,DataSF wv5m-vpq2 (2025 roll),Apartment 5 to 14 Units,Apartment property with 5 to 14 units,multifamily_residential,5,14,,interpreted_explicit_range,annual_assessment_roll,https://www.hcd.ca.gov/housing-elements/docs/san-francisco-6th-draft051022.pdf,"Interpretation uses source_dataset and use_description only; use_code, units, year_built and other fields were not consulted."
A0034,25 Gore St,Cambridge,MA,Cambridge Property Database FY2026 (waa7-ibdu),4-8-UNIT-APT,Apartment property with 4 to 8 units,multifamily_residential,4,8,,interpreted_explicit_range,current_annual_assessment_roll,https://www.cambridgema.gov/gis/gisdatadictionary/cdd/cdd_landuse,"Interpretation uses source_dataset and use_description only; use_code, units, year_built and other fields were not consulted."
A0035,5239 HARMONY AVE,Los Angeles,CA,LA County eGIS parcels,Five or more apartments,Five or more apartments,multifamily_residential,5,,,interpreted_explicit_range,official_update_schedule_unknown,https://www.epa.gov/system/files/documents/2023-11/prelim-desig-memo-alamitos-bay-los-cerritos-channel-dominguez-channel-la-long-beach-inner-harbor-watersheds-2023-10-02.pdf,"Interpretation uses source_dataset and use_description only; use_code, units, year_built and other fields were not consulted."
A0036,33 WARD ST,South Boston,MA,Boston Property Assessment FY2026,APT 7-30 UNITS,Apartment property with 7 to 30 units,multifamily_residential,7,30,,interpreted_explicit_range,current_annual_assessment_roll,https://gis.boston.gov/arcgis/rest/services/Assessing/properties_boston_gov/FeatureServer/0,"Interpretation uses source_dataset and use_description only; use_code, units, year_built and other fields were not consulted."
A0037,770 IROLO ST,Los Angeles,CA,LA County eGIS parcels,Five or more apartments,Five or more apartments,multifamily_residential,5,,,interpreted_explicit_range,official_update_schedule_unknown,https://www.epa.gov/system/files/documents/2023-11/prelim-desig-memo-alamitos-bay-los-cerritos-channel-dominguez-channel-la-long-beach-inner-harbor-watersheds-2023-10-02.pdf,"Interpretation uses source_dataset and use_description only; use_code, units, year_built and other fields were not consulted."
A0038,154 YUKON ST,San Francisco,CA,DataSF wv5m-vpq2 (2025 roll),Apartment 5 to 14 Units,Apartment property with 5 to 14 units,multifamily_residential,5,14,,interpreted_explicit_range,annual_assessment_roll,https://www.hcd.ca.gov/housing-elements/docs/san-francisco-6th-draft051022.pdf,"Interpretation uses source_dataset and use_description only; use_code, units, year_built and other fields were not consulted."
A0039,1 Craigie St,Cambridge,MA,Cambridge Property Database FY2026 (waa7-ibdu),>8-UNIT-APT,Apartment property with more than 8 units,multifamily_residential,9,,,interpreted_explicit_range,current_annual_assessment_roll,https://www.cambridgema.gov/gis/gisdatadictionary/cdd/cdd_landuse,"Interpretation uses source_dataset and use_description only; use_code, units, year_built and other fields were not consulted."
A0040,69-75 JACKSON ST,Hoboken,NJ,NJOGIS Parcels & MOD-IV Composite,3B-7U/4B-24U-G,"Building description contains multiple structures with unit counts 7, 24; combined total 31 units",multifamily_residential,31,31,Garage indicated,parsed_explicit_unit_count,annual_tax_assessment_records,https://www.nj.gov/treasury/taxation/pdf/lpt/modIVmanual.pdf,"Interpretation uses source_dataset and use_description only; use_code, units, year_built and other fields were not consulted."
A0041,122 TIFFANY AV,San Francisco,CA,DataSF wv5m-vpq2 (2025 roll),Apartment 5 to 14 Units,Apartment property with 5 to 14 units,multifamily_residential,5,14,,interpreted_explicit_range,annual_assessment_roll,https://www.hcd.ca.gov/housing-elements/docs/san-francisco-6th-draft051022.pdf,"Interpretation uses source_dataset and use_description only; use_code, units, year_built and other fields were not consulted."
A0042,320 FORREST ST.,Jersey City,NJ,NJOGIS Parcels & MOD-IV Composite,2S-B-A-6U,Building description explicitly indicates 6 units,multifamily_residential,6,6,Stories indicated: 2,parsed_explicit_unit_count,annual_tax_assessment_records,https://www.nj.gov/treasury/taxation/pdf/lpt/modIVmanual.pdf,"Interpretation uses source_dataset and use_description only; use_code, units, year_built and other fields were not consulted."
A0043,4 Orchard St,Cambridge,MA,Cambridge Property Database FY2026 (waa7-ibdu),4-8-UNIT-APT,Apartment property with 4 to 8 units,multifamily_residential,4,8,,interpreted_explicit_range,current_annual_assessment_roll,https://www.cambridgema.gov/gis/gisdatadictionary/cdd/cdd_landuse,"Interpretation uses source_dataset and use_description only; use_code, units, year_built and other fields were not consulted."
A0044,773-775 SANDFORD AVE,Newark,NJ,NJOGIS Parcels & MOD-IV Composite,3SB,Building-description shorthand; no reliable unit count can be extracted from the description alone,unknown_from_description,,,Stories indicated: 3,insufficient_description_for_unit_count,annual_tax_assessment_records,https://www.nj.gov/treasury/taxation/pdf/lpt/modIVmanual.pdf,"Interpretation uses source_dataset and use_description only; use_code, units, year_built and other fields were not consulted."
A0045,12829 BRANFORD ST,Los Angeles,CA,LA County eGIS parcels,Five or more apartments,Five or more apartments,multifamily_residential,5,,,interpreted_explicit_range,official_update_schedule_unknown,https://www.epa.gov/system/files/documents/2023-11/prelim-desig-memo-alamitos-bay-los-cerritos-channel-dominguez-channel-la-long-beach-inner-harbor-watersheds-2023-10-02.pdf,"Interpretation uses source_dataset and use_description only; use_code, units, year_built and other fields were not consulted."
A0046,8-12 Soden St,Cambridge,MA,Cambridge Property Database FY2026 (waa7-ibdu),>8-UNIT-APT,Apartment property with more than 8 units,multifamily_residential,9,,,interpreted_explicit_range,current_annual_assessment_roll,https://www.cambridgema.gov/gis/gisdatadictionary/cdd/cdd_landuse,"Interpretation uses source_dataset and use_description only; use_code, units, year_built and other fields were not consulted."
A0047,14 RUTGERS AVE.,Jersey City,NJ,NJOGIS Parcels & MOD-IV Composite,3S-B-D-6U-H,Building description explicitly indicates 6 units,multifamily_residential,6,6,Stories indicated: 3; Heat indicated,parsed_explicit_unit_count,annual_tax_assessment_records,https://www.nj.gov/treasury/taxation/pdf/lpt/modIVmanual.pdf,"Interpretation uses source_dataset and use_description only; use_code, units, year_built and other fields were not consulted."
A0048,1619 COMMONWEALTH AV,Brighton,MA,Boston Property Assessment FY2026,APT 7-30 UNITS,Apartment property with 7 to 30 units,multifamily_residential,7,30,,interpreted_explicit_range,current_annual_assessment_roll,https://gis.boston.gov/arcgis/rest/services/Assessing/properties_boston_gov/FeatureServer/0,"Interpretation uses source_dataset and use_description only; use_code, units, year_built and other fields were not consulted."
A0049,721 CLINTON ST,Hoboken,NJ,NJOGIS Parcels & MOD-IV Composite,3S-6U-AFFORDABL,Building description explicitly indicates 6 units,multifamily_residential,6,6,Stories indicated: 3; Affordable housing indicated,parsed_explicit_unit_count,annual_tax_assessment_records,https://www.nj.gov/treasury/taxation/pdf/lpt/modIVmanual.pdf,"Interpretation uses source_dataset and use_description only; use_code, units, year_built and other fields were not consulted."
A0050,36 HOFF ST,San Francisco,CA,DataSF wv5m-vpq2 (2025 roll),Apartment 15 Units or more,Apartment property with 15 or more units,multifamily_residential,15,,,interpreted_explicit_range,annual_assessment_roll,https://www.hcd.ca.gov/housing-elements/docs/san-francisco-6th-draft051022.pdf,"Interpretation uses source_dataset and use_description only; use_code, units, year_built and other fields were not consulted."
A0051,65 OAKLAND AVE.,Jersey City,NJ,NJOGIS Parcels & MOD-IV Composite,3S+BT-F-6U,Building description explicitly indicates 6 units,multifamily_residential,6,6,Stories indicated: 3,parsed_explicit_unit_count,annual_tax_assessment_records,https://www.nj.gov/treasury/taxation/pdf/lpt/modIVmanual.pdf,"Interpretation uses source_dataset and use_description only; use_code, units, year_built and other fields were not consulted."
A0052,88 Gardner ST,Allston,MA,Boston Property Assessment FY2026,APT 7-30 UNITS,Apartment property with 7 to 30 units,multifamily_residential,7,30,,interpreted_explicit_range,current_annual_assessment_roll,https://gis.boston.gov/arcgis/rest/services/Assessing/properties_boston_gov/FeatureServer/0,"Interpretation uses source_dataset and use_description only; use_code, units, year_built and other fields were not consulted."
A0053,32 Garrison ST,Boston,MA,Boston Property Assessment FY2026,LUXURY APARTMENT,Luxury apartment property,multifamily_residential,,,Luxury apartment classification,interpreted_use_only,current_annual_assessment_roll,https://gis.boston.gov/arcgis/rest/services/Assessing/properties_boston_gov/FeatureServer/0,"Interpretation uses source_dataset and use_description only; use_code, units, year_built and other fields were not consulted."
A0054,13 Shetland ST,Roxbury,MA,Boston Property Assessment FY2026,APT 7-30 UNITS,Apartment property with 7 to 30 units,multifamily_residential,7,30,,interpreted_explicit_range,current_annual_assessment_roll,https://gis.boston.gov/arcgis/rest/services/Assessing/properties_boston_gov/FeatureServer/0,"Interpretation uses source_dataset and use_description only; use_code, units, year_built and other fields were not consulted."
A0055,305 10TH AV,San Francisco,CA,DataSF wv5m-vpq2 (2025 roll),Apartment 5 to 14 Units,Apartment property with 5 to 14 units,multifamily_residential,5,14,,interpreted_explicit_range,annual_assessment_roll,https://www.hcd.ca.gov/housing-elements/docs/san-francisco-6th-draft051022.pdf,"Interpretation uses source_dataset and use_description only; use_code, units, year_built and other fields were not consulted."
A0056,41-43 Edgerly RD,Boston,MA,Boston Property Assessment FY2026,APT 7-30 UNITS,Apartment property with 7 to 30 units,multifamily_residential,7,30,,interpreted_explicit_range,current_annual_assessment_roll,https://gis.boston.gov/arcgis/rest/services/Assessing/properties_boston_gov/FeatureServer/0,"Interpretation uses source_dataset and use_description only; use_code, units, year_built and other fields were not consulted."
A0057,57 STONE ST,Newark,NJ,NJOGIS Parcels & MOD-IV Composite,4SB,Building-description shorthand; no reliable unit count can be extracted from the description alone,unknown_from_description,,,Stories indicated: 4,insufficient_description_for_unit_count,annual_tax_assessment_records,https://www.nj.gov/treasury/taxation/pdf/lpt/modIVmanual.pdf,"Interpretation uses source_dataset and use_description only; use_code, units, year_built and other fields were not consulted."
A0058,3137 BOSTON AVE,San Diego,CA,SANDAG/SanGIS parcels,SANDAG asr_landuse 14-16 (5+ units),Multiple-residential property in an ASR_LANDUSE category representing 5 or more units,multifamily_residential,5,,ASR_LANDUSE family 14-16,interpreted_explicit_range,legacy_irregularly_maintained,https://www.sandiego.gov/sites/default/files/appendices_-_6-10.pdf,"Interpretation uses source_dataset and use_description only; use_code, units, year_built and other fields were not consulted."
A0059,84-86 WALNUT ST,Newark,NJ,NJOGIS Parcels & MOD-IV Composite,1SCB,Building-description shorthand; no reliable unit count can be extracted from the description alone,unknown_from_description,,,,insufficient_description_for_unit_count,annual_tax_assessment_records,https://www.nj.gov/treasury/taxation/pdf/lpt/modIVmanual.pdf,"Interpretation uses source_dataset and use_description only; use_code, units, year_built and other fields were not consulted."
A0060,5737 WILLOWCREST AVE,Los Angeles,CA,LA County eGIS parcels,Five or more apartments,Five or more apartments,multifamily_residential,5,,,interpreted_explicit_range,official_update_schedule_unknown,https://www.epa.gov/system/files/documents/2023-11/prelim-desig-memo-alamitos-bay-los-cerritos-channel-dominguez-channel-la-long-beach-inner-harbor-watersheds-2023-10-02.pdf,"Interpretation uses source_dataset and use_description only; use_code, units, year_built and other fields were not consulted."
A0061,106 18TH AV,San Francisco,CA,DataSF wv5m-vpq2 (2025 roll),Apartment 5 to 14 Units,Apartment property with 5 to 14 units,multifamily_residential,5,14,,interpreted_explicit_range,annual_assessment_roll,https://www.hcd.ca.gov/housing-elements/docs/san-francisco-6th-draft051022.pdf,"Interpretation uses source_dataset and use_description only; use_code, units, year_built and other fields were not consulted."
A0062,77 HOFF ST,San Francisco,CA,DataSF wv5m-vpq2 (2025 roll),Apartment 5 to 14 Units,Apartment property with 5 to 14 units,multifamily_residential,5,14,,interpreted_explicit_range,annual_assessment_roll,https://www.hcd.ca.gov/housing-elements/docs/san-francisco-6th-draft051022.pdf,"Interpretation uses source_dataset and use_description only; use_code, units, year_built and other fields were not consulted."
A0063,11 Cortes ST,Boston,MA,Boston Property Assessment FY2026,APT 7-30 UNITS,Apartment property with 7 to 30 units,multifamily_residential,7,30,,interpreted_explicit_range,current_annual_assessment_roll,https://gis.boston.gov/arcgis/rest/services/Assessing/properties_boston_gov/FeatureServer/0,"Interpretation uses source_dataset and use_description only; use_code, units, year_built and other fields were not consulted."
A0064,24-26 Concord Ave,Cambridge,MA,Cambridge Property Database FY2026 (waa7-ibdu),>8-UNIT-APT,Apartment property with more than 8 units,multifamily_residential,9,,,interpreted_explicit_range,current_annual_assessment_roll,https://www.cambridgema.gov/gis/gisdatadictionary/cdd/cdd_landuse,"Interpretation uses source_dataset and use_description only; use_code, units, year_built and other fields were not consulted."
A0065,63 Bailey ST,Dorchester,MA,Boston Property Assessment FY2026,LUXURY APARTMENT,Luxury apartment property,multifamily_residential,,,Luxury apartment classification,interpreted_use_only,current_annual_assessment_roll,https://gis.boston.gov/arcgis/rest/services/Assessing/properties_boston_gov/FeatureServer/0,"Interpretation uses source_dataset and use_description only; use_code, units, year_built and other fields were not consulted."
A0066,1318 N ORANGE DR,Los Angeles,CA,LA County eGIS parcels,Five or more apartments,Five or more apartments,multifamily_residential,5,,,interpreted_explicit_range,official_update_schedule_unknown,https://www.epa.gov/system/files/documents/2023-11/prelim-desig-memo-alamitos-bay-los-cerritos-channel-dominguez-channel-la-long-beach-inner-harbor-watersheds-2023-10-02.pdf,"Interpretation uses source_dataset and use_description only; use_code, units, year_built and other fields were not consulted."
A0067,1335 N VISTA ST,Los Angeles,CA,LA County eGIS parcels,Five or more apartments,Five or more apartments,multifamily_residential,5,,,interpreted_explicit_range,official_update_schedule_unknown,https://www.epa.gov/system/files/documents/2023-11/prelim-desig-memo-alamitos-bay-los-cerritos-channel-dominguez-channel-la-long-beach-inner-harbor-watersheds-2023-10-02.pdf,"Interpretation uses source_dataset and use_description only; use_code, units, year_built and other fields were not consulted."
A0068,40-42 Clearway ST,Boston,MA,Boston Property Assessment FY2026,APT 7-30 UNITS,Apartment property with 7 to 30 units,multifamily_residential,7,30,,interpreted_explicit_range,current_annual_assessment_roll,https://gis.boston.gov/arcgis/rest/services/Assessing/properties_boston_gov/FeatureServer/0,"Interpretation uses source_dataset and use_description only; use_code, units, year_built and other fields were not consulted."
A0069,2277 UNION ST,San Francisco,CA,DataSF wv5m-vpq2 (2025 roll),Flat & Store 5 to 14 units,Flat-and-store property with 5 to 14 units,mixed_use_multifamily,5,14,Store component,interpreted_explicit_range,annual_assessment_roll,https://www.hcd.ca.gov/housing-elements/docs/san-francisco-6th-draft051022.pdf,"Interpretation uses source_dataset and use_description only; use_code, units, year_built and other fields were not consulted."
A0070,43 Fayette St,Cambridge,MA,Cambridge Property Database FY2026 (waa7-ibdu),4-8-UNIT-APT,Apartment property with 4 to 8 units,multifamily_residential,4,8,,interpreted_explicit_range,current_annual_assessment_roll,https://www.cambridgema.gov/gis/gisdatadictionary/cdd/cdd_landuse,"Interpretation uses source_dataset and use_description only; use_code, units, year_built and other fields were not consulted."
A0071,14.5-16 Vandine St,Cambridge,MA,Cambridge Property Database FY2026 (waa7-ibdu),4-8-UNIT-APT,Apartment property with 4 to 8 units,multifamily_residential,4,8,,interpreted_explicit_range,current_annual_assessment_roll,https://www.cambridgema.gov/gis/gisdatadictionary/cdd/cdd_landuse,"Interpretation uses source_dataset and use_description only; use_code, units, year_built and other fields were not consulted."
A0072,1251 10TH AV,San Francisco,CA,DataSF wv5m-vpq2 (2025 roll),Apartment 5 to 14 Units,Apartment property with 5 to 14 units,multifamily_residential,5,14,,interpreted_explicit_range,annual_assessment_roll,https://www.hcd.ca.gov/housing-elements/docs/san-francisco-6th-draft051022.pdf,"Interpretation uses source_dataset and use_description only; use_code, units, year_built and other fields were not consulted."
A0073,35-37 Inman St,Cambridge,MA,Cambridge Property Database FY2026 (waa7-ibdu),4-8-UNIT-APT,Apartment property with 4 to 8 units,multifamily_residential,4,8,,interpreted_explicit_range,current_annual_assessment_roll,https://www.cambridgema.gov/gis/gisdatadictionary/cdd/cdd_landuse,"Interpretation uses source_dataset and use_description only; use_code, units, year_built and other fields were not consulted."
A0074,717 S BERENDO ST,Los Angeles,CA,LA County eGIS parcels,Five or more apartments,Five or more apartments,multifamily_residential,5,,,interpreted_explicit_range,official_update_schedule_unknown,https://www.epa.gov/system/files/documents/2023-11/prelim-desig-memo-alamitos-bay-los-cerritos-channel-dominguez-channel-la-long-beach-inner-harbor-watersheds-2023-10-02.pdf,"Interpretation uses source_dataset and use_description only; use_code, units, year_built and other fields were not consulted."
A0075,27 Everett St,Cambridge,MA,Cambridge Property Database FY2026 (waa7-ibdu),>8-UNIT-APT,Apartment property with more than 8 units,multifamily_residential,9,,,interpreted_explicit_range,current_annual_assessment_roll,https://www.cambridgema.gov/gis/gisdatadictionary/cdd/cdd_landuse,"Interpretation uses source_dataset and use_description only; use_code, units, year_built and other fields were not consulted."
A0076,304 E KINNEY ST,Newark,NJ,NJOGIS Parcels & MOD-IV Composite,3SB2UG,Building-description shorthand; no reliable unit count can be extracted from the description alone,unknown_from_description,,,,insufficient_description_for_unit_count,annual_tax_assessment_records,https://www.nj.gov/treasury/taxation/pdf/lpt/modIVmanual.pdf,"Interpretation uses source_dataset and use_description only; use_code, units, year_built and other fields were not consulted."
A0077,91 Brookline St,Cambridge,MA,Cambridge Property Database FY2026 (waa7-ibdu),4-8-UNIT-APT,Apartment property with 4 to 8 units,multifamily_residential,4,8,,interpreted_explicit_range,current_annual_assessment_roll,https://www.cambridgema.gov/gis/gisdatadictionary/cdd/cdd_landuse,"Interpretation uses source_dataset and use_description only; use_code, units, year_built and other fields were not consulted."
A0078,115 BAYVIEW AVE.,Jersey City,NJ,NJOGIS Parcels & MOD-IV Composite,4S-B-A-16U-H,Building description explicitly indicates 16 units,multifamily_residential,16,16,Stories indicated: 4; Heat indicated,parsed_explicit_unit_count,annual_tax_assessment_records,https://www.nj.gov/treasury/taxation/pdf/lpt/modIVmanual.pdf,"Interpretation uses source_dataset and use_description only; use_code, units, year_built and other fields were not consulted."
A0079,2361 PORTLAND ST,Los Angeles,CA,LA County eGIS parcels,Five or more apartments,Five or more apartments,multifamily_residential,5,,,interpreted_explicit_range,official_update_schedule_unknown,https://www.epa.gov/system/files/documents/2023-11/prelim-desig-memo-alamitos-bay-los-cerritos-channel-dominguez-channel-la-long-beach-inner-harbor-watersheds-2023-10-02.pdf,"Interpretation uses source_dataset and use_description only; use_code, units, year_built and other fields were not consulted."
A0080,690 S CATALINA ST,Los Angeles,CA,LA County eGIS parcels,Five or more apartments,Five or more apartments,multifamily_residential,5,,,interpreted_explicit_range,official_update_schedule_unknown,https://www.epa.gov/system/files/documents/2023-11/prelim-desig-memo-alamitos-bay-los-cerritos-channel-dominguez-channel-la-long-beach-inner-harbor-watersheds-2023-10-02.pdf,"Interpretation uses source_dataset and use_description only; use_code, units, year_built and other fields were not consulted."
A0081,145 TAYLOR ST,San Francisco,CA,DataSF wv5m-vpq2 (2025 roll),Apartment 15 Units or more,Apartment property with 15 or more units,multifamily_residential,15,,,interpreted_explicit_range,annual_assessment_roll,https://www.hcd.ca.gov/housing-elements/docs/san-francisco-6th-draft051022.pdf,"Interpretation uses source_dataset and use_description only; use_code, units, year_built and other fields were not consulted."
A0082,63 Inman St,Cambridge,MA,Cambridge Property Database FY2026 (waa7-ibdu),>8-UNIT-APT,Apartment property with more than 8 units,multifamily_residential,9,,,interpreted_explicit_range,current_annual_assessment_roll,https://www.cambridgema.gov/gis/gisdatadictionary/cdd/cdd_landuse,"Interpretation uses source_dataset and use_description only; use_code, units, year_built and other fields were not consulted."
A0083,38 KENILWORTH ST,Roxbury,MA,Boston Property Assessment FY2026,SUBSD HOUSING S- 8,Subsidized Section 8 housing classification,subsidized_multifamily,,,Section 8 subsidized housing indicator,interpreted_use_only,current_annual_assessment_roll,https://gis.boston.gov/arcgis/rest/services/Assessing/properties_boston_gov/FeatureServer/0,"Interpretation uses source_dataset and use_description only; use_code, units, year_built and other fields were not consulted."
A0084,1725 CHESTNUT ST,San Francisco,CA,DataSF wv5m-vpq2 (2025 roll),Apartment 5 to 14 Units,Apartment property with 5 to 14 units,multifamily_residential,5,14,,interpreted_explicit_range,annual_assessment_roll,https://www.hcd.ca.gov/housing-elements/docs/san-francisco-6th-draft051022.pdf,"Interpretation uses source_dataset and use_description only; use_code, units, year_built and other fields were not consulted."
A0085,1101 CHURCH ST,San Francisco,CA,DataSF wv5m-vpq2 (2025 roll),Apartment 5 to 14 Units,Apartment property with 5 to 14 units,multifamily_residential,5,14,,interpreted_explicit_range,annual_assessment_roll,https://www.hcd.ca.gov/housing-elements/docs/san-francisco-6th-draft051022.pdf,"Interpretation uses source_dataset and use_description only; use_code, units, year_built and other fields were not consulted."
A0086,67 Plymouth St,Cambridge,MA,Cambridge Property Database FY2026 (waa7-ibdu),4-8-UNIT-APT,Apartment property with 4 to 8 units,multifamily_residential,4,8,,interpreted_explicit_range,current_annual_assessment_roll,https://www.cambridgema.gov/gis/gisdatadictionary/cdd/cdd_landuse,"Interpretation uses source_dataset and use_description only; use_code, units, year_built and other fields were not consulted."
A0087,323 BLOOMFIELD ST,Hoboken,NJ,NJOGIS Parcels & MOD-IV Composite,"2,4B-16U-H-X",Building description explicitly indicates 16 units,multifamily_residential,16,16,Heat indicated,parsed_explicit_unit_count,annual_tax_assessment_records,https://www.nj.gov/treasury/taxation/pdf/lpt/modIVmanual.pdf,"Interpretation uses source_dataset and use_description only; use_code, units, year_built and other fields were not consulted."
A0088,201 CLEMENT ST,San Francisco,CA,DataSF wv5m-vpq2 (2025 roll),Flat & Store 5 to 14 units,Flat-and-store property with 5 to 14 units,mixed_use_multifamily,5,14,Store component,interpreted_explicit_range,annual_assessment_roll,https://www.hcd.ca.gov/housing-elements/docs/san-francisco-6th-draft051022.pdf,"Interpretation uses source_dataset and use_description only; use_code, units, year_built and other fields were not consulted."
A0089,935 PARK AVE,Hoboken,NJ,NJOGIS Parcels & MOD-IV Composite,5B-10U-H-BA,Building description explicitly indicates 10 units,multifamily_residential,10,10,Heat indicated,parsed_explicit_unit_count,annual_tax_assessment_records,https://www.nj.gov/treasury/taxation/pdf/lpt/modIVmanual.pdf,"Interpretation uses source_dataset and use_description only; use_code, units, year_built and other fields were not consulted."
A0090,30 JACKSON ST,Newark,NJ,NJOGIS Parcels & MOD-IV Composite,3S.F.,Building-description shorthand; no reliable unit count can be extracted from the description alone,unknown_from_description,,,Stories indicated: 3,insufficient_description_for_unit_count,annual_tax_assessment_records,https://www.nj.gov/treasury/taxation/pdf/lpt/modIVmanual.pdf,"Interpretation uses source_dataset and use_description only; use_code, units, year_built and other fields were not consulted."
A0091,2229 DWIGHT WAY,Berkeley,CA,Alameda County parcels,Alameda County use code (5+ units),Five or more residential units,multifamily_residential,5,,,interpreted_explicit_range,official_update_schedule_unknown,https://propinfo.acgov.org/UseCodeList/,"Interpretation uses source_dataset and use_description only; use_code, units, year_built and other fields were not consulted."
A0092,2514 PIEDMONT AVE,Berkeley,CA,Alameda County parcels,Alameda County use code (5+ units),Five or more residential units,multifamily_residential,5,,,interpreted_explicit_range,official_update_schedule_unknown,https://propinfo.acgov.org/UseCodeList/,"Interpretation uses source_dataset and use_description only; use_code, units, year_built and other fields were not consulted."
A0093,90 BICKFORD ST,Jamaica Plain,MA,Boston Property Assessment FY2026,ELDERLY HOME,Residential facility for elderly occupants,specialized_residential,,,Elderly residential use,interpreted_use_only,current_annual_assessment_roll,https://gis.boston.gov/arcgis/rest/services/Assessing/properties_boston_gov/FeatureServer/0,"Interpretation uses source_dataset and use_description only; use_code, units, year_built and other fields were not consulted."
A0094,1371 27TH ST,San Diego,CA,SANDAG/SanGIS parcels,SANDAG asr_landuse 14-16 (5+ units),Multiple-residential property in an ASR_LANDUSE category representing 5 or more units,multifamily_residential,5,,ASR_LANDUSE family 14-16,interpreted_explicit_range,legacy_irregularly_maintained,https://www.sandiego.gov/sites/default/files/appendices_-_6-10.pdf,"Interpretation uses source_dataset and use_description only; use_code, units, year_built and other fields were not consulted."
A0095,23 Elm St,Cambridge,MA,Cambridge Property Database FY2026 (waa7-ibdu),4-8-UNIT-APT,Apartment property with 4 to 8 units,multifamily_residential,4,8,,interpreted_explicit_range,current_annual_assessment_roll,https://www.cambridgema.gov/gis/gisdatadictionary/cdd/cdd_landuse,"Interpretation uses source_dataset and use_description only; use_code, units, year_built and other fields were not consulted."
A0096,81 WESTLAND AV,Boston,MA,Boston Property Assessment FY2026,SUBSD HOUSING S- 8,Subsidized Section 8 housing classification,subsidized_multifamily,,,Section 8 subsidized housing indicator,interpreted_use_only,current_annual_assessment_roll,https://gis.boston.gov/arcgis/rest/services/Assessing/properties_boston_gov/FeatureServer/0,"Interpretation uses source_dataset and use_description only; use_code, units, year_built and other fields were not consulted."
A0097,1560 MASON ST,San Francisco,CA,DataSF wv5m-vpq2 (2025 roll),Flat & Store 5 to 14 units,Flat-and-store property with 5 to 14 units,mixed_use_multifamily,5,14,Store component,interpreted_explicit_range,annual_assessment_roll,https://www.hcd.ca.gov/housing-elements/docs/san-francisco-6th-draft051022.pdf,"Interpretation uses source_dataset and use_description only; use_code, units, year_built and other fields were not consulted."
A0098,WILLOWWOOD ST,Dorchester,MA,Boston Property Assessment FY2026,SUBSD HOUSING S- 8,Subsidized Section 8 housing classification,subsidized_multifamily,,,Section 8 subsidized housing indicator,interpreted_use_only,current_annual_assessment_roll,https://gis.boston.gov/arcgis/rest/services/Assessing/properties_boston_gov/FeatureServer/0,"Interpretation uses source_dataset and use_description only; use_code, units, year_built and other fields were not consulted."
A0099,822 WASHINGTON ST,Hoboken,NJ,NJOGIS Parcels & MOD-IV Composite,4B-5U-H-BA,Building description explicitly indicates 5 units,multifamily_residential,5,5,Heat indicated,parsed_explicit_unit_count,annual_tax_assessment_records,https://www.nj.gov/treasury/taxation/pdf/lpt/modIVmanual.pdf,"Interpretation uses source_dataset and use_description only; use_code, units, year_built and other fields were not consulted."
A0100,4732 BANCROFT ST,San Diego,CA,SANDAG/SanGIS parcels,SANDAG asr_landuse 14-16 (5+ units),Multiple-residential property in an ASR_LANDUSE category representing 5 or more units,multifamily_residential,5,,ASR_LANDUSE family 14-16,interpreted_explicit_range,legacy_irregularly_maintained,https://www.sandiego.gov/sites/default/files/appendices_-_6-10.pdf,"Interpretation uses source_dataset and use_description only; use_code, units, year_built and other fields were not consulted."
A0101,315-319 FAIRMOUNT AVENUE,Jersey City,NJ,NJOGIS Parcels & MOD-IV Composite,2-4S-B-A-26U-H,Building description explicitly indicates 26 units,multifamily_residential,26,26,Stories indicated: 4; Heat indicated,parsed_explicit_unit_count,annual_tax_assessment_records,https://www.nj.gov/treasury/taxation/pdf/lpt/modIVmanual.pdf,"Interpretation uses source_dataset and use_description only; use_code, units, year_built and other fields were not consulted."
A0102,124 BLOOMFIELD ST,Hoboken,NJ,NJOGIS Parcels & MOD-IV Composite,4B-5U-H-BA,Building description explicitly indicates 5 units,multifamily_residential,5,5,Heat indicated,parsed_explicit_unit_count,annual_tax_assessment_records,https://www.nj.gov/treasury/taxation/pdf/lpt/modIVmanual.pdf,"Interpretation uses source_dataset and use_description only; use_code, units, year_built and other fields were not consulted."
A0103,2161 ALLSTON WAY,Berkeley,CA,Alameda County parcels,Alameda County use code (5+ units),Five or more residential units,multifamily_residential,5,,,interpreted_explicit_range,official_update_schedule_unknown,https://propinfo.acgov.org/UseCodeList/,"Interpretation uses source_dataset and use_description only; use_code, units, year_built and other fields were not consulted."
A0104,409 5TH ST,Newark,NJ,NJOGIS Parcels & MOD-IV Composite,3SB,Building-description shorthand; no reliable unit count can be extracted from the description alone,unknown_from_description,,,Stories indicated: 3,insufficient_description_for_unit_count,annual_tax_assessment_records,https://www.nj.gov/treasury/taxation/pdf/lpt/modIVmanual.pdf,"Interpretation uses source_dataset and use_description only; use_code, units, year_built and other fields were not consulted."
A0105,140 PORTOLA DR,San Francisco,CA,DataSF wv5m-vpq2 (2025 roll),Apartment 5 to 14 Units,Apartment property with 5 to 14 units,multifamily_residential,5,14,,interpreted_explicit_range,annual_assessment_roll,https://www.hcd.ca.gov/housing-elements/docs/san-francisco-6th-draft051022.pdf,"Interpretation uses source_dataset and use_description only; use_code, units, year_built and other fields were not consulted."
A0106,250 FREMONT ST,San Francisco,CA,DataSF wv5m-vpq2 (2025 roll),Apartment 15 Units or more,Apartment property with 15 or more units,multifamily_residential,15,,,interpreted_explicit_range,annual_assessment_roll,https://www.hcd.ca.gov/housing-elements/docs/san-francisco-6th-draft051022.pdf,"Interpretation uses source_dataset and use_description only; use_code, units, year_built and other fields were not consulted."
A0107,10635 SHERMAN GROVE AVE,Los Angeles,CA,LA County eGIS parcels,Five or more apartments,Five or more apartments,multifamily_residential,5,,,interpreted_explicit_range,official_update_schedule_unknown,https://www.epa.gov/system/files/documents/2023-11/prelim-desig-memo-alamitos-bay-los-cerritos-channel-dominguez-channel-la-long-beach-inner-harbor-watersheds-2023-10-02.pdf,"Interpretation uses source_dataset and use_description only; use_code, units, year_built and other fields were not consulted."
A0108,13 JEFFERSON AVE.,Jersey City,NJ,NJOGIS Parcels & MOD-IV Composite,3S-B-D-6U-H,Building description explicitly indicates 6 units,multifamily_residential,6,6,Stories indicated: 3; Heat indicated,parsed_explicit_unit_count,annual_tax_assessment_records,https://www.nj.gov/treasury/taxation/pdf/lpt/modIVmanual.pdf,"Interpretation uses source_dataset and use_description only; use_code, units, year_built and other fields were not consulted."
A0109,2922 OTIS ST,Berkeley,CA,Alameda County parcels,Alameda County use code (5+ units),Five or more residential units,multifamily_residential,5,,,interpreted_explicit_range,official_update_schedule_unknown,https://propinfo.acgov.org/UseCodeList/,"Interpretation uses source_dataset and use_description only; use_code, units, year_built and other fields were not consulted."
A0110,130-132 2ND AVE,Newark,NJ,NJOGIS Parcels & MOD-IV Composite,3SF,Building-description shorthand; no reliable unit count can be extracted from the description alone,unknown_from_description,,,Stories indicated: 3,insufficient_description_for_unit_count,annual_tax_assessment_records,https://www.nj.gov/treasury/taxation/pdf/lpt/modIVmanual.pdf,"Interpretation uses source_dataset and use_description only; use_code, units, year_built and other fields were not consulted."
A0111,10075 TUJUNGA CANYON BLVD,Los Angeles,CA,LA County eGIS parcels,Five or more apartments,Five or more apartments,multifamily_residential,5,,,interpreted_explicit_range,official_update_schedule_unknown,https://www.epa.gov/system/files/documents/2023-11/prelim-desig-memo-alamitos-bay-los-cerritos-channel-dominguez-channel-la-long-beach-inner-harbor-watersheds-2023-10-02.pdf,"Interpretation uses source_dataset and use_description only; use_code, units, year_built and other fields were not consulted."
A0112,448 BRODERICK ST,San Francisco,CA,DataSF wv5m-vpq2 (2025 roll),Apartment 5 to 14 Units,Apartment property with 5 to 14 units,multifamily_residential,5,14,,interpreted_explicit_range,annual_assessment_roll,https://www.hcd.ca.gov/housing-elements/docs/san-francisco-6th-draft051022.pdf,"Interpretation uses source_dataset and use_description only; use_code, units, year_built and other fields were not consulted."
A0113,3151 ETON AVE,Berkeley,CA,Alameda County parcels,Alameda County use code (5+ units),Five or more residential units,multifamily_residential,5,,,interpreted_explicit_range,official_update_schedule_unknown,https://propinfo.acgov.org/UseCodeList/,"Interpretation uses source_dataset and use_description only; use_code, units, year_built and other fields were not consulted."
A0114,3743 INDIA ST,San Diego,CA,SANDAG/SanGIS parcels,SANDAG asr_landuse 14-16 (5+ units),Multiple-residential property in an ASR_LANDUSE category representing 5 or more units,multifamily_residential,5,,ASR_LANDUSE family 14-16,interpreted_explicit_range,legacy_irregularly_maintained,https://www.sandiego.gov/sites/default/files/appendices_-_6-10.pdf,"Interpretation uses source_dataset and use_description only; use_code, units, year_built and other fields were not consulted."
A0115,397 05TH AV,San Francisco,CA,DataSF wv5m-vpq2 (2025 roll),Flat & Store 5 to 14 units,Flat-and-store property with 5 to 14 units,mixed_use_multifamily,5,14,Store component,interpreted_explicit_range,annual_assessment_roll,https://www.hcd.ca.gov/housing-elements/docs/san-francisco-6th-draft051022.pdf,"Interpretation uses source_dataset and use_description only; use_code, units, year_built and other fields were not consulted."
A0116,36 PROSPECT ST.,Jersey City,NJ,NJOGIS Parcels & MOD-IV Composite,3S-F-D-6U-H,Building description explicitly indicates 6 units,multifamily_residential,6,6,Stories indicated: 3; Heat indicated,parsed_explicit_unit_count,annual_tax_assessment_records,https://www.nj.gov/treasury/taxation/pdf/lpt/modIVmanual.pdf,"Interpretation uses source_dataset and use_description only; use_code, units, year_built and other fields were not consulted."
A0117,1733 N CHEROKEE AVE,Los Angeles,CA,LA County eGIS parcels,Five or more apartments,Five or more apartments,multifamily_residential,5,,,interpreted_explicit_range,official_update_schedule_unknown,https://www.epa.gov/system/files/documents/2023-11/prelim-desig-memo-alamitos-bay-los-cerritos-channel-dominguez-channel-la-long-beach-inner-harbor-watersheds-2023-10-02.pdf,"Interpretation uses source_dataset and use_description only; use_code, units, year_built and other fields were not consulted."
A0118,18-34 KINGBIRD RD,Dorchester,MA,Boston Property Assessment FY2026,SUBSD HOUSING S- 8,Subsidized Section 8 housing classification,subsidized_multifamily,,,Section 8 subsidized housing indicator,interpreted_use_only,current_annual_assessment_roll,https://gis.boston.gov/arcgis/rest/services/Assessing/properties_boston_gov/FeatureServer/0,"Interpretation uses source_dataset and use_description only; use_code, units, year_built and other fields were not consulted."
A0119,607 ADAMS ST,Hoboken,NJ,NJOGIS Parcels & MOD-IV Composite,2F-4U/2F-2U,"Building description contains multiple structures with unit counts 4, 2; combined total 6 units",multifamily_residential,6,6,,parsed_explicit_unit_count,annual_tax_assessment_records,https://www.nj.gov/treasury/taxation/pdf/lpt/modIVmanual.pdf,"Interpretation uses source_dataset and use_description only; use_code, units, year_built and other fields were not consulted."
A0120,139 ELM ST,Newark,NJ,NJOGIS Parcels & MOD-IV Composite,3SF,Building-description shorthand; no reliable unit count can be extracted from the description alone,unknown_from_description,,,Stories indicated: 3,insufficient_description_for_unit_count,annual_tax_assessment_records,https://www.nj.gov/treasury/taxation/pdf/lpt/modIVmanual.pdf,"Interpretation uses source_dataset and use_description only; use_code, units, year_built and other fields were not consulted."
A0121,4079 FRONT ST,San Diego,CA,SANDAG/SanGIS parcels,SANDAG asr_landuse 14-16 (5+ units),Multiple-residential property in an ASR_LANDUSE category representing 5 or more units,multifamily_residential,5,,ASR_LANDUSE family 14-16,interpreted_explicit_range,legacy_irregularly_maintained,https://www.sandiego.gov/sites/default/files/appendices_-_6-10.pdf,"Interpretation uses source_dataset and use_description only; use_code, units, year_built and other fields were not consulted."
A0122,4812 S BROADWAY,Los Angeles,CA,LA County eGIS parcels,Five or more apartments,Five or more apartments,multifamily_residential,5,,,interpreted_explicit_range,official_update_schedule_unknown,https://www.epa.gov/system/files/documents/2023-11/prelim-desig-memo-alamitos-bay-los-cerritos-channel-dominguez-channel-la-long-beach-inner-harbor-watersheds-2023-10-02.pdf,"Interpretation uses source_dataset and use_description only; use_code, units, year_built and other fields were not consulted."
A0123,123 Condor ST,East Boston,MA,Boston Property Assessment FY2026,SUBSD HOUSING S- 8,Subsidized Section 8 housing classification,subsidized_multifamily,,,Section 8 subsidized housing indicator,interpreted_use_only,current_annual_assessment_roll,https://gis.boston.gov/arcgis/rest/services/Assessing/properties_boston_gov/FeatureServer/0,"Interpretation uses source_dataset and use_description only; use_code, units, year_built and other fields were not consulted."
A0124,33-35 Brookline St,Cambridge,MA,Cambridge Property Database FY2026 (waa7-ibdu),>8-UNIT-APT,Apartment property with more than 8 units,multifamily_residential,9,,,interpreted_explicit_range,current_annual_assessment_roll,https://www.cambridgema.gov/gis/gisdatadictionary/cdd/cdd_landuse,"Interpretation uses source_dataset and use_description only; use_code, units, year_built and other fields were not consulted."
A0125,227 GRAND ST,Hoboken,NJ,NJOGIS Parcels & MOD-IV Composite,5B-5U-H-(CO-OP),Building description explicitly indicates 5 units,multifamily_residential,5,5,Co-op indicated; Heat indicated,parsed_explicit_unit_count,annual_tax_assessment_records,https://www.nj.gov/treasury/taxation/pdf/lpt/modIVmanual.pdf,"Interpretation uses source_dataset and use_description only; use_code, units, year_built and other fields were not consulted."
A0126,1350 POTRERO AV,San Francisco,CA,DataSF wv5m-vpq2 (2025 roll),Apartment 5 to 14 Units,Apartment property with 5 to 14 units,multifamily_residential,5,14,,interpreted_explicit_range,annual_assessment_roll,https://www.hcd.ca.gov/housing-elements/docs/san-francisco-6th-draft051022.pdf,"Interpretation uses source_dataset and use_description only; use_code, units, year_built and other fields were not consulted."
A0127,10029 SEPULVEDA BLVD,Los Angeles,CA,LA County eGIS parcels,Five or more apartments,Five or more apartments,multifamily_residential,5,,,interpreted_explicit_range,official_update_schedule_unknown,https://www.epa.gov/system/files/documents/2023-11/prelim-desig-memo-alamitos-bay-los-cerritos-channel-dominguez-channel-la-long-beach-inner-harbor-watersheds-2023-10-02.pdf,"Interpretation uses source_dataset and use_description only; use_code, units, year_built and other fields were not consulted."
A0128,Harvard ST,Dorchester,MA,Boston Property Assessment FY2026,SUBSD HOUSING S- 8,Subsidized Section 8 housing classification,subsidized_multifamily,,,Section 8 subsidized housing indicator,interpreted_use_only,current_annual_assessment_roll,https://gis.boston.gov/arcgis/rest/services/Assessing/properties_boston_gov/FeatureServer/0,"Interpretation uses source_dataset and use_description only; use_code, units, year_built and other fields were not consulted."
A0129,526-532 MULBERRY ST,Newark,NJ,NJOGIS Parcels & MOD-IV Composite,3SB1UG,Building-description shorthand; no reliable unit count can be extracted from the description alone,unknown_from_description,,,,insufficient_description_for_unit_count,annual_tax_assessment_records,https://www.nj.gov/treasury/taxation/pdf/lpt/modIVmanual.pdf,"Interpretation uses source_dataset and use_description only; use_code, units, year_built and other fields were not consulted."
A0130,554 MARKET ST,Newark,NJ,NJOGIS Parcels & MOD-IV Composite,3S.B.,Building-description shorthand; no reliable unit count can be extracted from the description alone,unknown_from_description,,,Stories indicated: 3,insufficient_description_for_unit_count,annual_tax_assessment_records,https://www.nj.gov/treasury/taxation/pdf/lpt/modIVmanual.pdf,"Interpretation uses source_dataset and use_description only; use_code, units, year_built and other fields were not consulted."
A0131,43 POPLAR ST.,Jersey City,NJ,NJOGIS Parcels & MOD-IV Composite,3S-F-D-6U,Building description explicitly indicates 6 units,multifamily_residential,6,6,Stories indicated: 3,parsed_explicit_unit_count,annual_tax_assessment_records,https://www.nj.gov/treasury/taxation/pdf/lpt/modIVmanual.pdf,"Interpretation uses source_dataset and use_description only; use_code, units, year_built and other fields were not consulted."
A0132,587 N 6TH ST,Newark,NJ,NJOGIS Parcels & MOD-IV Composite,3SB,Building-description shorthand; no reliable unit count can be extracted from the description alone,unknown_from_description,,,Stories indicated: 3,insufficient_description_for_unit_count,annual_tax_assessment_records,https://www.nj.gov/treasury/taxation/pdf/lpt/modIVmanual.pdf,"Interpretation uses source_dataset and use_description only; use_code, units, year_built and other fields were not consulted."
A0133,8819 LANKERSHIM BLVD,Los Angeles,CA,LA County eGIS parcels,Five or more apartments,Five or more apartments,multifamily_residential,5,,,interpreted_explicit_range,official_update_schedule_unknown,https://www.epa.gov/system/files/documents/2023-11/prelim-desig-memo-alamitos-bay-los-cerritos-channel-dominguez-channel-la-long-beach-inner-harbor-watersheds-2023-10-02.pdf,"Interpretation uses source_dataset and use_description only; use_code, units, year_built and other fields were not consulted."
A0134,101 Norfolk ST,Dorchester,MA,Boston Property Assessment FY2026,SUBSD HOUSING S- 8,Subsidized Section 8 housing classification,subsidized_multifamily,,,Section 8 subsidized housing indicator,interpreted_use_only,current_annual_assessment_roll,https://gis.boston.gov/arcgis/rest/services/Assessing/properties_boston_gov/FeatureServer/0,"Interpretation uses source_dataset and use_description only; use_code, units, year_built and other fields were not consulted."
A0135,843 CLAY ST,San Francisco,CA,DataSF wv5m-vpq2 (2025 roll),Apartment 15 Units or more,Apartment property with 15 or more units,multifamily_residential,15,,,interpreted_explicit_range,annual_assessment_roll,https://www.hcd.ca.gov/housing-elements/docs/san-francisco-6th-draft051022.pdf,"Interpretation uses source_dataset and use_description only; use_code, units, year_built and other fields were not consulted."
A0136,920 HUDSON ST,Hoboken,NJ,NJOGIS Parcels & MOD-IV Composite,5B-26U-H-CO-OP,Building description explicitly indicates 26 units,multifamily_residential,26,26,Co-op indicated; Heat indicated,parsed_explicit_unit_count,annual_tax_assessment_records,https://www.nj.gov/treasury/taxation/pdf/lpt/modIVmanual.pdf,"Interpretation uses source_dataset and use_description only; use_code, units, year_built and other fields were not consulted."
A0137,65-71 NORFLOK ST,Newark,NJ,NJOGIS Parcels & MOD-IV Composite,3SF5UG,Building-description shorthand; no reliable unit count can be extracted from the description alone,unknown_from_description,,,,insufficient_description_for_unit_count,annual_tax_assessment_records,https://www.nj.gov/treasury/taxation/pdf/lpt/modIVmanual.pdf,"Interpretation uses source_dataset and use_description only; use_code, units, year_built and other fields were not consulted."
A0138,1033 E 51ST ST,Los Angeles,CA,LA County eGIS parcels,Five or more apartments,Five or more apartments,multifamily_residential,5,,,interpreted_explicit_range,official_update_schedule_unknown,https://www.epa.gov/system/files/documents/2023-11/prelim-desig-memo-alamitos-bay-los-cerritos-channel-dominguez-channel-la-long-beach-inner-harbor-watersheds-2023-10-02.pdf,"Interpretation uses source_dataset and use_description only; use_code, units, year_built and other fields were not consulted."
A0139,54 STUYVESANT AVE.,Jersey City,NJ,NJOGIS Parcels & MOD-IV Composite,3S-F-5U-NH,Building description explicitly indicates 5 units,multifamily_residential,5,5,Stories indicated: 3; No heat indicated,parsed_explicit_unit_count,annual_tax_assessment_records,https://www.nj.gov/treasury/taxation/pdf/lpt/modIVmanual.pdf,"Interpretation uses source_dataset and use_description only; use_code, units, year_built and other fields were not consulted."
A0140,459 BEACON ST,Boston,MA,Boston Property Assessment FY2026,APT 7-30 UNITS,Apartment property with 7 to 30 units,multifamily_residential,7,30,,interpreted_explicit_range,current_annual_assessment_roll,https://gis.boston.gov/arcgis/rest/services/Assessing/properties_boston_gov/FeatureServer/0,"Interpretation uses source_dataset and use_description only; use_code, units, year_built and other fields were not consulted."
A0141,2601 43RD AV,San Francisco,CA,DataSF wv5m-vpq2 (2025 roll),Apartment 5 to 14 Units,Apartment property with 5 to 14 units,multifamily_residential,5,14,,interpreted_explicit_range,annual_assessment_roll,https://www.hcd.ca.gov/housing-elements/docs/san-francisco-6th-draft051022.pdf,"Interpretation uses source_dataset and use_description only; use_code, units, year_built and other fields were not consulted."
A0142,4615 AVALON BLVD,Los Angeles,CA,LA County eGIS parcels,Five or more apartments,Five or more apartments,multifamily_residential,5,,,interpreted_explicit_range,official_update_schedule_unknown,https://www.epa.gov/system/files/documents/2023-11/prelim-desig-memo-alamitos-bay-los-cerritos-channel-dominguez-channel-la-long-beach-inner-harbor-watersheds-2023-10-02.pdf,"Interpretation uses source_dataset and use_description only; use_code, units, year_built and other fields were not consulted."
A0143,75 ELM HILL AV,Dorchester,MA,Boston Property Assessment FY2026,SUBSD HOUSING S- 8,Subsidized Section 8 housing classification,subsidized_multifamily,,,Section 8 subsidized housing indicator,interpreted_use_only,current_annual_assessment_roll,https://gis.boston.gov/arcgis/rest/services/Assessing/properties_boston_gov/FeatureServer/0,"Interpretation uses source_dataset and use_description only; use_code, units, year_built and other fields were not consulted."
A0144,112-114 Amory ST,Roxbury,MA,Boston Property Assessment FY2026,APT 7-30 UNITS,Apartment property with 7 to 30 units,multifamily_residential,7,30,,interpreted_explicit_range,current_annual_assessment_roll,https://gis.boston.gov/arcgis/rest/services/Assessing/properties_boston_gov/FeatureServer/0,"Interpretation uses source_dataset and use_description only; use_code, units, year_built and other fields were not consulted."
A0145,4515 FELTON ST,San Diego,CA,SANDAG/SanGIS parcels,SANDAG asr_landuse 14-16 (5+ units),Multiple-residential property in an ASR_LANDUSE category representing 5 or more units,multifamily_residential,5,,ASR_LANDUSE family 14-16,interpreted_explicit_range,legacy_irregularly_maintained,https://www.sandiego.gov/sites/default/files/appendices_-_6-10.pdf,"Interpretation uses source_dataset and use_description only; use_code, units, year_built and other fields were not consulted."
A0146,93-95 HAWKINS ST,Newark,NJ,NJOGIS Parcels & MOD-IV Composite,2SF3UG,Building-description shorthand; no reliable unit count can be extracted from the description alone,unknown_from_description,,,,insufficient_description_for_unit_count,annual_tax_assessment_records,https://www.nj.gov/treasury/taxation/pdf/lpt/modIVmanual.pdf,"Interpretation uses source_dataset and use_description only; use_code, units, year_built and other fields were not consulted."
A0147,2850 GOLDEN GATE AV,San Francisco,CA,DataSF wv5m-vpq2 (2025 roll),Apartment 5 to 14 Units,Apartment property with 5 to 14 units,multifamily_residential,5,14,,interpreted_explicit_range,annual_assessment_roll,https://www.hcd.ca.gov/housing-elements/docs/san-francisco-6th-draft051022.pdf,"Interpretation uses source_dataset and use_description only; use_code, units, year_built and other fields were not consulted."
A0148,162-166 5TH ST,Newark,NJ,NJOGIS Parcels & MOD-IV Composite,2.5SF,Building-description shorthand; no reliable unit count can be extracted from the description alone,unknown_from_description,,,Stories indicated: 2.5,insufficient_description_for_unit_count,annual_tax_assessment_records,https://www.nj.gov/treasury/taxation/pdf/lpt/modIVmanual.pdf,"Interpretation uses source_dataset and use_description only; use_code, units, year_built and other fields were not consulted."
A0149,25 Everett ST,East Boston,MA,Boston Property Assessment FY2026,LUXURY APARTMENT,Luxury apartment property,multifamily_residential,,,Luxury apartment classification,interpreted_use_only,current_annual_assessment_roll,https://gis.boston.gov/arcgis/rest/services/Assessing/properties_boston_gov/FeatureServer/0,"Interpretation uses source_dataset and use_description only; use_code, units, year_built and other fields were not consulted."
A0150,3784 E BROADWAY,San Diego,CA,SANDAG/SanGIS parcels,SANDAG asr_landuse 14-16 (5+ units),Multiple-residential property in an ASR_LANDUSE category representing 5 or more units,multifamily_residential,5,,ASR_LANDUSE family 14-16,interpreted_explicit_range,legacy_irregularly_maintained,https://www.sandiego.gov/sites/default/files/appendices_-_6-10.pdf,"Interpretation uses source_dataset and use_description only; use_code, units, year_built and other fields were not consulted."
A0151,16 Queensberry ST,Boston,MA,Boston Property Assessment FY2026,APT 7-30 UNITS,Apartment property with 7 to 30 units,multifamily_residential,7,30,,interpreted_explicit_range,current_annual_assessment_roll,https://gis.boston.gov/arcgis/rest/services/Assessing/properties_boston_gov/FeatureServer/0,"Interpretation uses source_dataset and use_description only; use_code, units, year_built and other fields were not consulted."
A0152,1669 SUNSET CLIFFS BLVD,San Diego,CA,SANDAG/SanGIS parcels,SANDAG asr_landuse 14-16 (5+ units),Multiple-residential property in an ASR_LANDUSE category representing 5 or more units,multifamily_residential,5,,ASR_LANDUSE family 14-16,interpreted_explicit_range,legacy_irregularly_maintained,https://www.sandiego.gov/sites/default/files/appendices_-_6-10.pdf,"Interpretation uses source_dataset and use_description only; use_code, units, year_built and other fields were not consulted."
A0153,366 E 55TH ST,Los Angeles,CA,LA County eGIS parcels,Five or more apartments,Five or more apartments,multifamily_residential,5,,,interpreted_explicit_range,official_update_schedule_unknown,https://www.epa.gov/system/files/documents/2023-11/prelim-desig-memo-alamitos-bay-los-cerritos-channel-dominguez-channel-la-long-beach-inner-harbor-watersheds-2023-10-02.pdf,"Interpretation uses source_dataset and use_description only; use_code, units, year_built and other fields were not consulted."
A0154,4568 IDAHO ST,San Diego,CA,SANDAG/SanGIS parcels,SANDAG asr_landuse 14-16 (5+ units),Multiple-residential property in an ASR_LANDUSE category representing 5 or more units,multifamily_residential,5,,ASR_LANDUSE family 14-16,interpreted_explicit_range,legacy_irregularly_maintained,https://www.sandiego.gov/sites/default/files/appendices_-_6-10.pdf,"Interpretation uses source_dataset and use_description only; use_code, units, year_built and other fields were not consulted."
A0155,473 Harvard ST,Dorchester,MA,Boston Property Assessment FY2026,SUBSD HOUSING S- 8,Subsidized Section 8 housing classification,subsidized_multifamily,,,Section 8 subsidized housing indicator,interpreted_use_only,current_annual_assessment_roll,https://gis.boston.gov/arcgis/rest/services/Assessing/properties_boston_gov/FeatureServer/0,"Interpretation uses source_dataset and use_description only; use_code, units, year_built and other fields were not consulted."
A0156,290 GREEN ST,San Francisco,CA,DataSF wv5m-vpq2 (2025 roll),Apartment 5 to 14 Units,Apartment property with 5 to 14 units,multifamily_residential,5,14,,interpreted_explicit_range,annual_assessment_roll,https://www.hcd.ca.gov/housing-elements/docs/san-francisco-6th-draft051022.pdf,"Interpretation uses source_dataset and use_description only; use_code, units, year_built and other fields were not consulted."
A0157,2701 RIDGE RD,Berkeley,CA,Alameda County parcels,Alameda County use code (5+ units),Five or more residential units,multifamily_residential,5,,,interpreted_explicit_range,official_update_schedule_unknown,https://propinfo.acgov.org/UseCodeList/,"Interpretation uses source_dataset and use_description only; use_code, units, year_built and other fields were not consulted."
A0158,2522 HILGARD AVE,Berkeley,CA,Alameda County parcels,Alameda County use code (5+ units),Five or more residential units,multifamily_residential,5,,,interpreted_explicit_range,official_update_schedule_unknown,https://propinfo.acgov.org/UseCodeList/,"Interpretation uses source_dataset and use_description only; use_code, units, year_built and other fields were not consulted."
A0159,104 SUNSET AVE,Newark,NJ,NJOGIS Parcels & MOD-IV Composite,3SF,Building-description shorthand; no reliable unit count can be extracted from the description alone,unknown_from_description,,,Stories indicated: 3,insufficient_description_for_unit_count,annual_tax_assessment_records,https://www.nj.gov/treasury/taxation/pdf/lpt/modIVmanual.pdf,"Interpretation uses source_dataset and use_description only; use_code, units, year_built and other fields were not consulted."
A0160,86 CHARLES ST.,Jersey City,NJ,NJOGIS Parcels & MOD-IV Composite,3S-B-A-22U,Building description explicitly indicates 22 units,multifamily_residential,22,22,Stories indicated: 3,parsed_explicit_unit_count,annual_tax_assessment_records,https://www.nj.gov/treasury/taxation/pdf/lpt/modIVmanual.pdf,"Interpretation uses source_dataset and use_description only; use_code, units, year_built and other fields were not consulted."
A0161,317 UNION ST.,Jersey City,NJ,NJOGIS Parcels & MOD-IV Composite,4S-B-A-21U-H,Building description explicitly indicates 21 units,multifamily_residential,21,21,Stories indicated: 4; Heat indicated,parsed_explicit_unit_count,annual_tax_assessment_records,https://www.nj.gov/treasury/taxation/pdf/lpt/modIVmanual.pdf,"Interpretation uses source_dataset and use_description only; use_code, units, year_built and other fields were not consulted."
A0162,1640 N POINSETTIA PL,Los Angeles,CA,LA County eGIS parcels,Five or more apartments,Five or more apartments,multifamily_residential,5,,,interpreted_explicit_range,official_update_schedule_unknown,https://www.epa.gov/system/files/documents/2023-11/prelim-desig-memo-alamitos-bay-los-cerritos-channel-dominguez-channel-la-long-beach-inner-harbor-watersheds-2023-10-02.pdf,"Interpretation uses source_dataset and use_description only; use_code, units, year_built and other fields were not consulted."
A0163,233-235 SECOND ST.,Jersey City,NJ,NJOGIS Parcels & MOD-IV Composite,3&4S-B&F-14U,Building description explicitly indicates 14 units,multifamily_residential,14,14,Stories indicated: 4,parsed_explicit_unit_count,annual_tax_assessment_records,https://www.nj.gov/treasury/taxation/pdf/lpt/modIVmanual.pdf,"Interpretation uses source_dataset and use_description only; use_code, units, year_built and other fields were not consulted."
A0164,725 14TH ST,San Francisco,CA,DataSF wv5m-vpq2 (2025 roll),Apartment 5 to 14 Units,Apartment property with 5 to 14 units,multifamily_residential,5,14,,interpreted_explicit_range,annual_assessment_roll,https://www.hcd.ca.gov/housing-elements/docs/san-francisco-6th-draft051022.pdf,"Interpretation uses source_dataset and use_description only; use_code, units, year_built and other fields were not consulted."
A0165,734 JAMAICA CT,San Diego,CA,SANDAG/SanGIS parcels,SANDAG asr_landuse 14-16 (5+ units),Multiple-residential property in an ASR_LANDUSE category representing 5 or more units,multifamily_residential,5,,ASR_LANDUSE family 14-16,interpreted_explicit_range,legacy_irregularly_maintained,https://www.sandiego.gov/sites/default/files/appendices_-_6-10.pdf,"Interpretation uses source_dataset and use_description only; use_code, units, year_built and other fields were not consulted."
A0166,1 Potter Pk,Cambridge,MA,Cambridge Property Database FY2026 (waa7-ibdu),4-8-UNIT-APT,Apartment property with 4 to 8 units,multifamily_residential,4,8,,interpreted_explicit_range,current_annual_assessment_roll,https://www.cambridgema.gov/gis/gisdatadictionary/cdd/cdd_landuse,"Interpretation uses source_dataset and use_description only; use_code, units, year_built and other fields were not consulted."
A0167,4616 FLORIDA ST,San Diego,CA,SANDAG/SanGIS parcels,SANDAG asr_landuse 14-16 (5+ units),Multiple-residential property in an ASR_LANDUSE category representing 5 or more units,multifamily_residential,5,,ASR_LANDUSE family 14-16,interpreted_explicit_range,legacy_irregularly_maintained,https://www.sandiego.gov/sites/default/files/appendices_-_6-10.pdf,"Interpretation uses source_dataset and use_description only; use_code, units, year_built and other fields were not consulted."
A0168,600 JACKSON/601 HARRISON,Hoboken,NJ,NJOGIS Parcels & MOD-IV Composite,5B-64U/5B-64U-G,"Building description contains multiple structures with unit counts 64, 64; combined total 128 units",multifamily_residential,128,128,Garage indicated,parsed_explicit_unit_count,annual_tax_assessment_records,https://www.nj.gov/treasury/taxation/pdf/lpt/modIVmanual.pdf,"Interpretation uses source_dataset and use_description only; use_code, units, year_built and other fields were not consulted."
A0169,115 KILSYTH RD,Brighton,MA,Boston Property Assessment FY2026,APT 7-30 UNITS,Apartment property with 7 to 30 units,multifamily_residential,7,30,,interpreted_explicit_range,current_annual_assessment_roll,https://gis.boston.gov/arcgis/rest/services/Assessing/properties_boston_gov/FeatureServer/0,"Interpretation uses source_dataset and use_description only; use_code, units, year_built and other fields were not consulted."
A0170,8917 CEDROS AVE,Los Angeles,CA,LA County eGIS parcels,Five or more apartments,Five or more apartments,multifamily_residential,5,,,interpreted_explicit_range,official_update_schedule_unknown,https://www.epa.gov/system/files/documents/2023-11/prelim-desig-memo-alamitos-bay-los-cerritos-channel-dominguez-channel-la-long-beach-inner-harbor-watersheds-2023-10-02.pdf,"Interpretation uses source_dataset and use_description only; use_code, units, year_built and other fields were not consulted."
A0171,127 OGDEN AVE.,Jersey City,NJ,NJOGIS Parcels & MOD-IV Composite,3S-B-D-7U-NH,Building description explicitly indicates 7 units,multifamily_residential,7,7,Stories indicated: 3; No heat indicated,parsed_explicit_unit_count,annual_tax_assessment_records,https://www.nj.gov/treasury/taxation/pdf/lpt/modIVmanual.pdf,"Interpretation uses source_dataset and use_description only; use_code, units, year_built and other fields were not consulted."
A0172,8504 WILLIS AVE,Los Angeles,CA,LA County eGIS parcels,Five or more apartments,Five or more apartments,multifamily_residential,5,,,interpreted_explicit_range,official_update_schedule_unknown,https://www.epa.gov/system/files/documents/2023-11/prelim-desig-memo-alamitos-bay-los-cerritos-channel-dominguez-channel-la-long-beach-inner-harbor-watersheds-2023-10-02.pdf,"Interpretation uses source_dataset and use_description only; use_code, units, year_built and other fields were not consulted."
A0173,13180 FOOTHILL BLVD,Los Angeles,CA,LA County eGIS parcels,Five or more apartments,Five or more apartments,multifamily_residential,5,,,interpreted_explicit_range,official_update_schedule_unknown,https://www.epa.gov/system/files/documents/2023-11/prelim-desig-memo-alamitos-bay-los-cerritos-channel-dominguez-channel-la-long-beach-inner-harbor-watersheds-2023-10-02.pdf,"Interpretation uses source_dataset and use_description only; use_code, units, year_built and other fields were not consulted."
A0174,84 Hampshire St,Cambridge,MA,Cambridge Property Database FY2026 (waa7-ibdu),>8-UNIT-APT,Apartment property with more than 8 units,multifamily_residential,9,,,interpreted_explicit_range,current_annual_assessment_roll,https://www.cambridgema.gov/gis/gisdatadictionary/cdd/cdd_landuse,"Interpretation uses source_dataset and use_description only; use_code, units, year_built and other fields were not consulted."
A0175,10 Dover St,Cambridge,MA,Cambridge Property Database FY2026 (waa7-ibdu),4-8-UNIT-APT,Apartment property with 4 to 8 units,multifamily_residential,4,8,,interpreted_explicit_range,current_annual_assessment_roll,https://www.cambridgema.gov/gis/gisdatadictionary/cdd/cdd_landuse,"Interpretation uses source_dataset and use_description only; use_code, units, year_built and other fields were not consulted."
A0176,15 Chester St,Cambridge,MA,Cambridge Property Database FY2026 (waa7-ibdu),>8-UNIT-APT,Apartment property with more than 8 units,multifamily_residential,9,,,interpreted_explicit_range,current_annual_assessment_roll,https://www.cambridgema.gov/gis/gisdatadictionary/cdd/cdd_landuse,"Interpretation uses source_dataset and use_description only; use_code, units, year_built and other fields were not consulted."
A0177,166 HIGHLAND AVE.,Jersey City,NJ,NJOGIS Parcels & MOD-IV Composite,3S-F-D-6U-NH,Building description explicitly indicates 6 units,multifamily_residential,6,6,Stories indicated: 3; No heat indicated,parsed_explicit_unit_count,annual_tax_assessment_records,https://www.nj.gov/treasury/taxation/pdf/lpt/modIVmanual.pdf,"Interpretation uses source_dataset and use_description only; use_code, units, year_built and other fields were not consulted."
A0178,5308 RIVERTON AVE,Los Angeles,CA,LA County eGIS parcels,Five or more apartments,Five or more apartments,multifamily_residential,5,,,interpreted_explicit_range,official_update_schedule_unknown,https://www.epa.gov/system/files/documents/2023-11/prelim-desig-memo-alamitos-bay-los-cerritos-channel-dominguez-channel-la-long-beach-inner-harbor-watersheds-2023-10-02.pdf,"Interpretation uses source_dataset and use_description only; use_code, units, year_built and other fields were not consulted."
A0179,7006 LANEWOOD AVE,Los Angeles,CA,LA County eGIS parcels,Five or more apartments,Five or more apartments,multifamily_residential,5,,,interpreted_explicit_range,official_update_schedule_unknown,https://www.epa.gov/system/files/documents/2023-11/prelim-desig-memo-alamitos-bay-los-cerritos-channel-dominguez-channel-la-long-beach-inner-harbor-watersheds-2023-10-02.pdf,"Interpretation uses source_dataset and use_description only; use_code, units, year_built and other fields were not consulted."
A0180,845 S KINGSLEY DR,Los Angeles,CA,LA County eGIS parcels,Five or more apartments,Five or more apartments,multifamily_residential,5,,,interpreted_explicit_range,official_update_schedule_unknown,https://www.epa.gov/system/files/documents/2023-11/prelim-desig-memo-alamitos-bay-los-cerritos-channel-dominguez-channel-la-long-beach-inner-harbor-watersheds-2023-10-02.pdf,"Interpretation uses source_dataset and use_description only; use_code, units, year_built and other fields were not consulted."
A0181,931 GARDEN ST,Hoboken,NJ,NJOGIS Parcels & MOD-IV Composite,5B-10U-BA,Building description explicitly indicates 10 units,multifamily_residential,10,10,,parsed_explicit_unit_count,annual_tax_assessment_records,https://www.nj.gov/treasury/taxation/pdf/lpt/modIVmanual.pdf,"Interpretation uses source_dataset and use_description only; use_code, units, year_built and other fields were not consulted."
A0182,911-923 CLINTON ST,Hoboken,NJ,NJOGIS Parcels & MOD-IV Composite,"2,5B-90U-H-BA",Building description explicitly indicates 90 units,multifamily_residential,90,90,Heat indicated,parsed_explicit_unit_count,annual_tax_assessment_records,https://www.nj.gov/treasury/taxation/pdf/lpt/modIVmanual.pdf,"Interpretation uses source_dataset and use_description only; use_code, units, year_built and other fields were not consulted."
A0183,2427 HILGARD AVE,Berkeley,CA,Alameda County parcels,Alameda County use code (5+ units),Five or more residential units,multifamily_residential,5,,,interpreted_explicit_range,official_update_schedule_unknown,https://propinfo.acgov.org/UseCodeList/,"Interpretation uses source_dataset and use_description only; use_code, units, year_built and other fields were not consulted."
A0184,156 W 32ND ST,Los Angeles,CA,LA County eGIS parcels,Five or more apartments,Five or more apartments,multifamily_residential,5,,,interpreted_explicit_range,official_update_schedule_unknown,https://www.epa.gov/system/files/documents/2023-11/prelim-desig-memo-alamitos-bay-los-cerritos-channel-dominguez-channel-la-long-beach-inner-harbor-watersheds-2023-10-02.pdf,"Interpretation uses source_dataset and use_description only; use_code, units, year_built and other fields were not consulted."
A0185,154 TERHUNE AVE.,Jersey City,NJ,NJOGIS Parcels & MOD-IV Composite,3S-F-D-6U-NH,Building description explicitly indicates 6 units,multifamily_residential,6,6,Stories indicated: 3; No heat indicated,parsed_explicit_unit_count,annual_tax_assessment_records,https://www.nj.gov/treasury/taxation/pdf/lpt/modIVmanual.pdf,"Interpretation uses source_dataset and use_description only; use_code, units, year_built and other fields were not consulted."
A0186,107 BEACON AVE.,Jersey City,NJ,NJOGIS Parcels & MOD-IV Composite,3S-F-D-5U-NH,Building description explicitly indicates 5 units,multifamily_residential,5,5,Stories indicated: 3; No heat indicated,parsed_explicit_unit_count,annual_tax_assessment_records,https://www.nj.gov/treasury/taxation/pdf/lpt/modIVmanual.pdf,"Interpretation uses source_dataset and use_description only; use_code, units, year_built and other fields were not consulted."
A0187,146 CARLTON AVE.,Jersey City,NJ,NJOGIS Parcels & MOD-IV Composite,3S-F-D-6U-NH,Building description explicitly indicates 6 units,multifamily_residential,6,6,Stories indicated: 3; No heat indicated,parsed_explicit_unit_count,annual_tax_assessment_records,https://www.nj.gov/treasury/taxation/pdf/lpt/modIVmanual.pdf,"Interpretation uses source_dataset and use_description only; use_code, units, year_built and other fields were not consulted."
A0188,2819 MCGEE AVE,Berkeley,CA,Alameda County parcels,Alameda County use code (5+ units),Five or more residential units,multifamily_residential,5,,,interpreted_explicit_range,official_update_schedule_unknown,https://propinfo.acgov.org/UseCodeList/,"Interpretation uses source_dataset and use_description only; use_code, units, year_built and other fields were not consulted."
A0189,1811 CARLETON ST,Berkeley,CA,Alameda County parcels,Alameda County use code (5+ units),Five or more residential units,multifamily_residential,5,,,interpreted_explicit_range,official_update_schedule_unknown,https://propinfo.acgov.org/UseCodeList/,"Interpretation uses source_dataset and use_description only; use_code, units, year_built and other fields were not consulted."
A0190,283 ADAMS ST,Newark,NJ,NJOGIS Parcels & MOD-IV Composite,3SB,Building-description shorthand; no reliable unit count can be extracted from the description alone,unknown_from_description,,,Stories indicated: 3,insufficient_description_for_unit_count,annual_tax_assessment_records,https://www.nj.gov/treasury/taxation/pdf/lpt/modIVmanual.pdf,"Interpretation uses source_dataset and use_description only; use_code, units, year_built and other fields were not consulted."
A0191,60 Kirkland St,Cambridge,MA,Cambridge Property Database FY2026 (waa7-ibdu),4-8-UNIT-APT,Apartment property with 4 to 8 units,multifamily_residential,4,8,,interpreted_explicit_range,current_annual_assessment_roll,https://www.cambridgema.gov/gis/gisdatadictionary/cdd/cdd_landuse,"Interpretation uses source_dataset and use_description only; use_code, units, year_built and other fields were not consulted."
A0192,780 POST ST,San Francisco,CA,DataSF wv5m-vpq2 (2025 roll),Apartment 15 Units or more,Apartment property with 15 or more units,multifamily_residential,15,,,interpreted_explicit_range,annual_assessment_roll,https://www.hcd.ca.gov/housing-elements/docs/san-francisco-6th-draft051022.pdf,"Interpretation uses source_dataset and use_description only; use_code, units, year_built and other fields were not consulted."
A0193,1626 BONITA AVE,Berkeley,CA,Alameda County parcels,Alameda County use code (5+ units),Five or more residential units,multifamily_residential,5,,,interpreted_explicit_range,official_update_schedule_unknown,https://propinfo.acgov.org/UseCodeList/,"Interpretation uses source_dataset and use_description only; use_code, units, year_built and other fields were not consulted."
A0194,72 Burbank ST,Boston,MA,Boston Property Assessment FY2026,SUBSD HOUSING S- 8,Subsidized Section 8 housing classification,subsidized_multifamily,,,Section 8 subsidized housing indicator,interpreted_use_only,current_annual_assessment_roll,https://gis.boston.gov/arcgis/rest/services/Assessing/properties_boston_gov/FeatureServer/0,"Interpretation uses source_dataset and use_description only; use_code, units, year_built and other fields were not consulted."
A0195,1850-1848 COMMONWEALTH AV,Brighton,MA,Boston Property Assessment FY2026,APT 7-30 UNITS,Apartment property with 7 to 30 units,multifamily_residential,7,30,,interpreted_explicit_range,current_annual_assessment_roll,https://gis.boston.gov/arcgis/rest/services/Assessing/properties_boston_gov/FeatureServer/0,"Interpretation uses source_dataset and use_description only; use_code, units, year_built and other fields were not consulted."
A0196,16915 BLACKHAWK ST,Los Angeles,CA,LA County eGIS parcels,Five or more apartments,Five or more apartments,multifamily_residential,5,,,interpreted_explicit_range,official_update_schedule_unknown,https://www.epa.gov/system/files/documents/2023-11/prelim-desig-memo-alamitos-bay-los-cerritos-channel-dominguez-channel-la-long-beach-inner-harbor-watersheds-2023-10-02.pdf,"Interpretation uses source_dataset and use_description only; use_code, units, year_built and other fields were not consulted."
A0197,1611 62ND ST,Berkeley,CA,Alameda County parcels,Alameda County use code (5+ units),Five or more residential units,multifamily_residential,5,,,interpreted_explicit_range,official_update_schedule_unknown,https://propinfo.acgov.org/UseCodeList/,"Interpretation uses source_dataset and use_description only; use_code, units, year_built and other fields were not consulted."
A0198,194 Havre ST,East Boston,MA,Boston Property Assessment FY2026,APT 7-30 UNITS,Apartment property with 7 to 30 units,multifamily_residential,7,30,,interpreted_explicit_range,current_annual_assessment_roll,https://gis.boston.gov/arcgis/rest/services/Assessing/properties_boston_gov/FeatureServer/0,"Interpretation uses source_dataset and use_description only; use_code, units, year_built and other fields were not consulted."
A0199,42 Bay State Rd,Cambridge,MA,Cambridge Property Database FY2026 (waa7-ibdu),4-8-UNIT-APT,Apartment property with 4 to 8 units,multifamily_residential,4,8,,interpreted_explicit_range,current_annual_assessment_roll,https://www.cambridgema.gov/gis/gisdatadictionary/cdd/cdd_landuse,"Interpretation uses source_dataset and use_description only; use_code, units, year_built and other fields were not consulted."
A0200,1853 N HIGHLAND AVE,Los Angeles,CA,LA County eGIS parcels,Five or more apartments,Five or more apartments,multifamily_residential,5,,,interpreted_explicit_range,official_update_schedule_unknown,https://www.epa.gov/system/files/documents/2023-11/prelim-desig-memo-alamitos-bay-los-cerritos-channel-dominguez-channel-la-long-beach-inner-harbor-watersheds-2023-10-02.pdf,"Interpretation uses source_dataset and use_description only; use_code, units, year_built and other fields were not consulted."
A0201,2737 BENVENUE AVE,Berkeley,CA,Alameda County parcels,Alameda County use code (5+ units),Five or more residential units,multifamily_residential,5,,,interpreted_explicit_range,official_update_schedule_unknown,https://propinfo.acgov.org/UseCodeList/,"Interpretation uses source_dataset and use_description only; use_code, units, year_built and other fields were not consulted."
A0202,1446 JACKSON ST,San Francisco,CA,DataSF wv5m-vpq2 (2025 roll),Apartment 5 to 14 Units,Apartment property with 5 to 14 units,multifamily_residential,5,14,,interpreted_explicit_range,annual_assessment_roll,https://www.hcd.ca.gov/housing-elements/docs/san-francisco-6th-draft051022.pdf,"Interpretation uses source_dataset and use_description only; use_code, units, year_built and other fields were not consulted."
A0203,2986-2930 Washington ST,Roxbury,MA,Boston Property Assessment FY2026,SUBSD HOUSING S- 8,Subsidized Section 8 housing classification,subsidized_multifamily,,,Section 8 subsidized housing indicator,interpreted_use_only,current_annual_assessment_roll,https://gis.boston.gov/arcgis/rest/services/Assessing/properties_boston_gov/FeatureServer/0,"Interpretation uses source_dataset and use_description only; use_code, units, year_built and other fields were not consulted."
A0204,202-208 6TH AVE W,Newark,NJ,NJOGIS Parcels & MOD-IV Composite,3SB,Building-description shorthand; no reliable unit count can be extracted from the description alone,unknown_from_description,,,Stories indicated: 3,insufficient_description_for_unit_count,annual_tax_assessment_records,https://www.nj.gov/treasury/taxation/pdf/lpt/modIVmanual.pdf,"Interpretation uses source_dataset and use_description only; use_code, units, year_built and other fields were not consulted."
A0205,2425 GRANT ST,Berkeley,CA,Alameda County parcels,Alameda County use code (5+ units),Five or more residential units,multifamily_residential,5,,,interpreted_explicit_range,official_update_schedule_unknown,https://propinfo.acgov.org/UseCodeList/,"Interpretation uses source_dataset and use_description only; use_code, units, year_built and other fields were not consulted."
A0206,401 43RD AV,San Francisco,CA,DataSF wv5m-vpq2 (2025 roll),Apartment 15 Units or more,Apartment property with 15 or more units,multifamily_residential,15,,,interpreted_explicit_range,annual_assessment_roll,https://www.hcd.ca.gov/housing-elements/docs/san-francisco-6th-draft051022.pdf,"Interpretation uses source_dataset and use_description only; use_code, units, year_built and other fields were not consulted."
A0207,705 W 23RD ST,Los Angeles,CA,LA County eGIS parcels,Five or more apartments,Five or more apartments,multifamily_residential,5,,,interpreted_explicit_range,official_update_schedule_unknown,https://www.epa.gov/system/files/documents/2023-11/prelim-desig-memo-alamitos-bay-los-cerritos-channel-dominguez-channel-la-long-beach-inner-harbor-watersheds-2023-10-02.pdf,"Interpretation uses source_dataset and use_description only; use_code, units, year_built and other fields were not consulted."
A0208,126 ADAMS ST,Hoboken,NJ,NJOGIS Parcels & MOD-IV Composite,4B-8U,Building description explicitly indicates 8 units,multifamily_residential,8,8,,parsed_explicit_unit_count,annual_tax_assessment_records,https://www.nj.gov/treasury/taxation/pdf/lpt/modIVmanual.pdf,"Interpretation uses source_dataset and use_description only; use_code, units, year_built and other fields were not consulted."
A0209,19 Trowbridge St,Cambridge,MA,Cambridge Property Database FY2026 (waa7-ibdu),4-8-UNIT-APT,Apartment property with 4 to 8 units,multifamily_residential,4,8,,interpreted_explicit_range,current_annual_assessment_roll,https://www.cambridgema.gov/gis/gisdatadictionary/cdd/cdd_landuse,"Interpretation uses source_dataset and use_description only; use_code, units, year_built and other fields were not consulted."
A0210,1432 N CURSON AVE,Los Angeles,CA,LA County eGIS parcels,Five or more apartments,Five or more apartments,multifamily_residential,5,,,interpreted_explicit_range,official_update_schedule_unknown,https://www.epa.gov/system/files/documents/2023-11/prelim-desig-memo-alamitos-bay-los-cerritos-channel-dominguez-channel-la-long-beach-inner-harbor-watersheds-2023-10-02.pdf,"Interpretation uses source_dataset and use_description only; use_code, units, year_built and other fields were not consulted."
A0211,499 BEACON ST,Boston,MA,Boston Property Assessment FY2026,APT 7-30 UNITS,Apartment property with 7 to 30 units,multifamily_residential,7,30,,interpreted_explicit_range,current_annual_assessment_roll,https://gis.boston.gov/arcgis/rest/services/Assessing/properties_boston_gov/FeatureServer/0,"Interpretation uses source_dataset and use_description only; use_code, units, year_built and other fields were not consulted."
A0212,1311 SOUTH VAN NESS AV,San Francisco,CA,DataSF wv5m-vpq2 (2025 roll),Apartment 5 to 14 Units,Apartment property with 5 to 14 units,multifamily_residential,5,14,,interpreted_explicit_range,annual_assessment_roll,https://www.hcd.ca.gov/housing-elements/docs/san-francisco-6th-draft051022.pdf,"Interpretation uses source_dataset and use_description only; use_code, units, year_built and other fields were not consulted."
A0213,11649 ACAMA ST,Los Angeles,CA,LA County eGIS parcels,Five or more apartments,Five or more apartments,multifamily_residential,5,,,interpreted_explicit_range,official_update_schedule_unknown,https://www.epa.gov/system/files/documents/2023-11/prelim-desig-memo-alamitos-bay-los-cerritos-channel-dominguez-channel-la-long-beach-inner-harbor-watersheds-2023-10-02.pdf,"Interpretation uses source_dataset and use_description only; use_code, units, year_built and other fields were not consulted."
A0214,358 Harvard St,Cambridge,MA,Cambridge Property Database FY2026 (waa7-ibdu),4-8-UNIT-APT,Apartment property with 4 to 8 units,multifamily_residential,4,8,,interpreted_explicit_range,current_annual_assessment_roll,https://www.cambridgema.gov/gis/gisdatadictionary/cdd/cdd_landuse,"Interpretation uses source_dataset and use_description only; use_code, units, year_built and other fields were not consulted."
A0215,2295 CALIFORNIA ST,San Francisco,CA,DataSF wv5m-vpq2 (2025 roll),Apartment 15 Units or more,Apartment property with 15 or more units,multifamily_residential,15,,,interpreted_explicit_range,annual_assessment_roll,https://www.hcd.ca.gov/housing-elements/docs/san-francisco-6th-draft051022.pdf,"Interpretation uses source_dataset and use_description only; use_code, units, year_built and other fields were not consulted."
A0216,2309 HASTE ST,Berkeley,CA,Alameda County parcels,Alameda County use code (5+ units),Five or more residential units,multifamily_residential,5,,,interpreted_explicit_range,official_update_schedule_unknown,https://propinfo.acgov.org/UseCodeList/,"Interpretation uses source_dataset and use_description only; use_code, units, year_built and other fields were not consulted."
A0217,170-172 Maverick ST,East Boston,MA,Boston Property Assessment FY2026,SUBSD HOUSING S- 8,Subsidized Section 8 housing classification,subsidized_multifamily,,,Section 8 subsidized housing indicator,interpreted_use_only,current_annual_assessment_roll,https://gis.boston.gov/arcgis/rest/services/Assessing/properties_boston_gov/FeatureServer/0,"Interpretation uses source_dataset and use_description only; use_code, units, year_built and other fields were not consulted."
A0218,15 Richdale Ave,Cambridge,MA,Cambridge Property Database FY2026 (waa7-ibdu),>8-UNIT-APT,Apartment property with more than 8 units,multifamily_residential,9,,,interpreted_explicit_range,current_annual_assessment_roll,https://www.cambridgema.gov/gis/gisdatadictionary/cdd/cdd_landuse,"Interpretation uses source_dataset and use_description only; use_code, units, year_built and other fields were not consulted."
A0219,3735 32ND ST,San Diego,CA,SANDAG/SanGIS parcels,SANDAG asr_landuse 14-16 (5+ units),Multiple-residential property in an ASR_LANDUSE category representing 5 or more units,multifamily_residential,5,,ASR_LANDUSE family 14-16,interpreted_explicit_range,legacy_irregularly_maintained,https://www.sandiego.gov/sites/default/files/appendices_-_6-10.pdf,"Interpretation uses source_dataset and use_description only; use_code, units, year_built and other fields were not consulted."
A0220,21-23 Faulkner ST,Dorchester,MA,Boston Property Assessment FY2026,SUBSD HOUSING S- 8,Subsidized Section 8 housing classification,subsidized_multifamily,,,Section 8 subsidized housing indicator,interpreted_use_only,current_annual_assessment_roll,https://gis.boston.gov/arcgis/rest/services/Assessing/properties_boston_gov/FeatureServer/0,"Interpretation uses source_dataset and use_description only; use_code, units, year_built and other fields were not consulted."
A0221,191 Park DR,Boston,MA,Boston Property Assessment FY2026,APT 7-30 UNITS,Apartment property with 7 to 30 units,multifamily_residential,7,30,,interpreted_explicit_range,current_annual_assessment_roll,https://gis.boston.gov/arcgis/rest/services/Assessing/properties_boston_gov/FeatureServer/0,"Interpretation uses source_dataset and use_description only; use_code, units, year_built and other fields were not consulted."
A0222,1901 VALLEJO ST,San Francisco,CA,DataSF wv5m-vpq2 (2025 roll),Apartment 5 to 14 Units,Apartment property with 5 to 14 units,multifamily_residential,5,14,,interpreted_explicit_range,annual_assessment_roll,https://www.hcd.ca.gov/housing-elements/docs/san-francisco-6th-draft051022.pdf,"Interpretation uses source_dataset and use_description only; use_code, units, year_built and other fields were not consulted."
A0223,504 COURT ST,Hoboken,NJ,NJOGIS Parcels & MOD-IV Composite,4B-5U-H-BA,Building description explicitly indicates 5 units,multifamily_residential,5,5,Heat indicated,parsed_explicit_unit_count,annual_tax_assessment_records,https://www.nj.gov/treasury/taxation/pdf/lpt/modIVmanual.pdf,"Interpretation uses source_dataset and use_description only; use_code, units, year_built and other fields were not consulted."
A0224,8727 TOBIAS AVE,Los Angeles,CA,LA County eGIS parcels,Five or more apartments,Five or more apartments,multifamily_residential,5,,,interpreted_explicit_range,official_update_schedule_unknown,https://www.epa.gov/system/files/documents/2023-11/prelim-desig-memo-alamitos-bay-los-cerritos-channel-dominguez-channel-la-long-beach-inner-harbor-watersheds-2023-10-02.pdf,"Interpretation uses source_dataset and use_description only; use_code, units, year_built and other fields were not consulted."
A0225,1627 JACKSON ST,San Francisco,CA,DataSF wv5m-vpq2 (2025 roll),Apartment 5 to 14 Units,Apartment property with 5 to 14 units,multifamily_residential,5,14,,interpreted_explicit_range,annual_assessment_roll,https://www.hcd.ca.gov/housing-elements/docs/san-francisco-6th-draft051022.pdf,"Interpretation uses source_dataset and use_description only; use_code, units, year_built and other fields were not consulted."
A0226,663 MASSACHUSETTS AV,Boston,MA,Boston Property Assessment FY2026,SUBSD HOUSING S- 8,Subsidized Section 8 housing classification,subsidized_multifamily,,,Section 8 subsidized housing indicator,interpreted_use_only,current_annual_assessment_roll,https://gis.boston.gov/arcgis/rest/services/Assessing/properties_boston_gov/FeatureServer/0,"Interpretation uses source_dataset and use_description only; use_code, units, year_built and other fields were not consulted."
A0227,1401 HUDSON ST,Hoboken,NJ,NJOGIS Parcels & MOD-IV Composite,13B-93U-2C-G,Building description explicitly indicates 93 units,multifamily_residential,93,93,Garage indicated,parsed_explicit_unit_count,annual_tax_assessment_records,https://www.nj.gov/treasury/taxation/pdf/lpt/modIVmanual.pdf,"Interpretation uses source_dataset and use_description only; use_code, units, year_built and other fields were not consulted."
A0228,225 COLLINGWOOD ST,San Francisco,CA,DataSF wv5m-vpq2 (2025 roll),Apartment 5 to 14 Units,Apartment property with 5 to 14 units,multifamily_residential,5,14,,interpreted_explicit_range,annual_assessment_roll,https://www.hcd.ca.gov/housing-elements/docs/san-francisco-6th-draft051022.pdf,"Interpretation uses source_dataset and use_description only; use_code, units, year_built and other fields were not consulted."
A0229,5164 03RD ST,San Francisco,CA,DataSF wv5m-vpq2 (2025 roll),Apartment 5 to 14 Units,Apartment property with 5 to 14 units,multifamily_residential,5,14,,interpreted_explicit_range,annual_assessment_roll,https://www.hcd.ca.gov/housing-elements/docs/san-francisco-6th-draft051022.pdf,"Interpretation uses source_dataset and use_description only; use_code, units, year_built and other fields were not consulted."
A0230,85 Hancock St,Cambridge,MA,Cambridge Property Database FY2026 (waa7-ibdu),>8-UNIT-APT,Apartment property with more than 8 units,multifamily_residential,9,,,interpreted_explicit_range,current_annual_assessment_roll,https://www.cambridgema.gov/gis/gisdatadictionary/cdd/cdd_landuse,"Interpretation uses source_dataset and use_description only; use_code, units, year_built and other fields were not consulted."
A0231,521 ARGUELLO BL,San Francisco,CA,DataSF wv5m-vpq2 (2025 roll),Apartment 5 to 14 Units,Apartment property with 5 to 14 units,multifamily_residential,5,14,,interpreted_explicit_range,annual_assessment_roll,https://www.hcd.ca.gov/housing-elements/docs/san-francisco-6th-draft051022.pdf,"Interpretation uses source_dataset and use_description only; use_code, units, year_built and other fields were not consulted."
A0232,189 Third St,Cambridge,MA,Cambridge Property Database FY2026 (waa7-ibdu),4-8-UNIT-APT,Apartment property with 4 to 8 units,multifamily_residential,4,8,,interpreted_explicit_range,current_annual_assessment_roll,https://www.cambridgema.gov/gis/gisdatadictionary/cdd/cdd_landuse,"Interpretation uses source_dataset and use_description only; use_code, units, year_built and other fields were not consulted."
A0233,30 MEDFIELD ST,Boston,MA,Boston Property Assessment FY2026,APT 7-30 UNITS,Apartment property with 7 to 30 units,multifamily_residential,7,30,,interpreted_explicit_range,current_annual_assessment_roll,https://gis.boston.gov/arcgis/rest/services/Assessing/properties_boston_gov/FeatureServer/0,"Interpretation uses source_dataset and use_description only; use_code, units, year_built and other fields were not consulted."
A0234,2212 BLAKE ST,Berkeley,CA,Alameda County parcels,Alameda County use code (5+ units),Five or more residential units,multifamily_residential,5,,,interpreted_explicit_range,official_update_schedule_unknown,https://propinfo.acgov.org/UseCodeList/,"Interpretation uses source_dataset and use_description only; use_code, units, year_built and other fields were not consulted."
A0235,6736 SELMA AVE,Los Angeles,CA,LA County eGIS parcels,Five or more apartments,Five or more apartments,multifamily_residential,5,,,interpreted_explicit_range,official_update_schedule_unknown,https://www.epa.gov/system/files/documents/2023-11/prelim-desig-memo-alamitos-bay-los-cerritos-channel-dominguez-channel-la-long-beach-inner-harbor-watersheds-2023-10-02.pdf,"Interpretation uses source_dataset and use_description only; use_code, units, year_built and other fields were not consulted."
A0236,1110 JACKSON ST,San Francisco,CA,DataSF wv5m-vpq2 (2025 roll),Apartment 5 to 14 Units,Apartment property with 5 to 14 units,multifamily_residential,5,14,,interpreted_explicit_range,annual_assessment_roll,https://www.hcd.ca.gov/housing-elements/docs/san-francisco-6th-draft051022.pdf,"Interpretation uses source_dataset and use_description only; use_code, units, year_built and other fields were not consulted."
A0237,36 VALLEY ST,San Francisco,CA,DataSF wv5m-vpq2 (2025 roll),Apartment 5 to 14 Units,Apartment property with 5 to 14 units,multifamily_residential,5,14,,interpreted_explicit_range,annual_assessment_roll,https://www.hcd.ca.gov/housing-elements/docs/san-francisco-6th-draft051022.pdf,"Interpretation uses source_dataset and use_description only; use_code, units, year_built and other fields were not consulted."
A0238,15256 ACRE ST,Los Angeles,CA,LA County eGIS parcels,Five or more apartments,Five or more apartments,multifamily_residential,5,,,interpreted_explicit_range,official_update_schedule_unknown,https://www.epa.gov/system/files/documents/2023-11/prelim-desig-memo-alamitos-bay-los-cerritos-channel-dominguez-channel-la-long-beach-inner-harbor-watersheds-2023-10-02.pdf,"Interpretation uses source_dataset and use_description only; use_code, units, year_built and other fields were not consulted."
A0239,1476 UNIVERSITY AVE,Berkeley,CA,Alameda County parcels,Alameda County use code (5+ units),Five or more residential units,multifamily_residential,5,,,interpreted_explicit_range,official_update_schedule_unknown,https://propinfo.acgov.org/UseCodeList/,"Interpretation uses source_dataset and use_description only; use_code, units, year_built and other fields were not consulted."
A0240,4135 38TH ST,San Diego,CA,SANDAG/SanGIS parcels,SANDAG asr_landuse 14-16 (5+ units),Multiple-residential property in an ASR_LANDUSE category representing 5 or more units,multifamily_residential,5,,ASR_LANDUSE family 14-16,interpreted_explicit_range,legacy_irregularly_maintained,https://www.sandiego.gov/sites/default/files/appendices_-_6-10.pdf,"Interpretation uses source_dataset and use_description only; use_code, units, year_built and other fields were not consulted."
A0241,913 GARDEN ST,Hoboken,NJ,NJOGIS Parcels & MOD-IV Composite,5B-14U-H-BA,Building description explicitly indicates 14 units,multifamily_residential,14,14,Heat indicated,parsed_explicit_unit_count,annual_tax_assessment_records,https://www.nj.gov/treasury/taxation/pdf/lpt/modIVmanual.pdf,"Interpretation uses source_dataset and use_description only; use_code, units, year_built and other fields were not consulted."
A0242,85-87 SIERRA RD,Hyde Park,MA,Boston Property Assessment FY2026,APT 7-30 UNITS,Apartment property with 7 to 30 units,multifamily_residential,7,30,,interpreted_explicit_range,current_annual_assessment_roll,https://gis.boston.gov/arcgis/rest/services/Assessing/properties_boston_gov/FeatureServer/0,"Interpretation uses source_dataset and use_description only; use_code, units, year_built and other fields were not consulted."
A0243,664 OCEAN AVE.,Jersey City,NJ,NJOGIS Parcels & MOD-IV Composite,3S+BT-F-6U,Building description explicitly indicates 6 units,multifamily_residential,6,6,Stories indicated: 3,parsed_explicit_unit_count,annual_tax_assessment_records,https://www.nj.gov/treasury/taxation/pdf/lpt/modIVmanual.pdf,"Interpretation uses source_dataset and use_description only; use_code, units, year_built and other fields were not consulted."
A0244,1126 HUDSON ST,Hoboken,NJ,NJOGIS Parcels & MOD-IV Composite,5B-12U-1BX-H-BA,Building description explicitly indicates 12 units,multifamily_residential,12,12,Heat indicated,parsed_explicit_unit_count,annual_tax_assessment_records,https://www.nj.gov/treasury/taxation/pdf/lpt/modIVmanual.pdf,"Interpretation uses source_dataset and use_description only; use_code, units, year_built and other fields were not consulted."
A0245,30 WEST HOWELL ST M-D,Dorchester,MA,Boston Property Assessment FY2026,LUXURY APARTMENT,Luxury apartment property,multifamily_residential,,,Luxury apartment classification,interpreted_use_only,current_annual_assessment_roll,https://gis.boston.gov/arcgis/rest/services/Assessing/properties_boston_gov/FeatureServer/0,"Interpretation uses source_dataset and use_description only; use_code, units, year_built and other fields were not consulted."
A0246,4386 COPELAND AVE,San Diego,CA,SANDAG/SanGIS parcels,SANDAG asr_landuse 14-16 (5+ units),Multiple-residential property in an ASR_LANDUSE category representing 5 or more units,multifamily_residential,5,,ASR_LANDUSE family 14-16,interpreted_explicit_range,legacy_irregularly_maintained,https://www.sandiego.gov/sites/default/files/appendices_-_6-10.pdf,"Interpretation uses source_dataset and use_description only; use_code, units, year_built and other fields were not consulted."
A0247,4957 CAPE MAY AVE,San Diego,CA,SANDAG/SanGIS parcels,SANDAG asr_landuse 14-16 (5+ units),Multiple-residential property in an ASR_LANDUSE category representing 5 or more units,multifamily_residential,5,,ASR_LANDUSE family 14-16,interpreted_explicit_range,legacy_irregularly_maintained,https://www.sandiego.gov/sites/default/files/appendices_-_6-10.pdf,"Interpretation uses source_dataset and use_description only; use_code, units, year_built and other fields were not consulted."
A0248,941 S KENMORE AVE,Los Angeles,CA,LA County eGIS parcels,Five or more apartments,Five or more apartments,multifamily_residential,5,,,interpreted_explicit_range,official_update_schedule_unknown,https://www.epa.gov/system/files/documents/2023-11/prelim-desig-memo-alamitos-bay-los-cerritos-channel-dominguez-channel-la-long-beach-inner-harbor-watersheds-2023-10-02.pdf,"Interpretation uses source_dataset and use_description only; use_code, units, year_built and other fields were not consulted."
A0249,498-500 HAWTHORNE AVE,Newark,NJ,NJOGIS Parcels & MOD-IV Composite,3SF4UG,Building-description shorthand; no reliable unit count can be extracted from the description alone,unknown_from_description,,,,insufficient_description_for_unit_count,annual_tax_assessment_records,https://www.nj.gov/treasury/taxation/pdf/lpt/modIVmanual.pdf,"Interpretation uses source_dataset and use_description only; use_code, units, year_built and other fields were not consulted."
A0250,211 BALDWIN AVE.,Jersey City,NJ,NJOGIS Parcels & MOD-IV Composite,6S-B+F-45U-17G,Building description explicitly indicates 45 units,multifamily_residential,45,45,Stories indicated: 6,parsed_explicit_unit_count,annual_tax_assessment_records,https://www.nj.gov/treasury/taxation/pdf/lpt/modIVmanual.pdf,"Interpretation uses source_dataset and use_description only; use_code, units, year_built and other fields were not consulted."
A0251,4663 33RD ST,San Diego,CA,SANDAG/SanGIS parcels,SANDAG asr_landuse 14-16 (5+ units),Multiple-residential property in an ASR_LANDUSE category representing 5 or more units,multifamily_residential,5,,ASR_LANDUSE family 14-16,interpreted_explicit_range,legacy_irregularly_maintained,https://www.sandiego.gov/sites/default/files/appendices_-_6-10.pdf,"Interpretation uses source_dataset and use_description only; use_code, units, year_built and other fields were not consulted."
A0252,15514 CHASE ST,Los Angeles,CA,LA County eGIS parcels,Five or more apartments,Five or more apartments,multifamily_residential,5,,,interpreted_explicit_range,official_update_schedule_unknown,https://www.epa.gov/system/files/documents/2023-11/prelim-desig-memo-alamitos-bay-los-cerritos-channel-dominguez-channel-la-long-beach-inner-harbor-watersheds-2023-10-02.pdf,"Interpretation uses source_dataset and use_description only; use_code, units, year_built and other fields were not consulted."
A0253,2250 NORTH POINT ST,San Francisco,CA,DataSF wv5m-vpq2 (2025 roll),Apartment 5 to 14 Units,Apartment property with 5 to 14 units,multifamily_residential,5,14,,interpreted_explicit_range,annual_assessment_roll,https://www.hcd.ca.gov/housing-elements/docs/san-francisco-6th-draft051022.pdf,"Interpretation uses source_dataset and use_description only; use_code, units, year_built and other fields were not consulted."
A0254,805 WASHINGTON ST,Hoboken,NJ,NJOGIS Parcels & MOD-IV Composite,4B-9U-H-BA,Building description explicitly indicates 9 units,multifamily_residential,9,9,Heat indicated,parsed_explicit_unit_count,annual_tax_assessment_records,https://www.nj.gov/treasury/taxation/pdf/lpt/modIVmanual.pdf,"Interpretation uses source_dataset and use_description only; use_code, units, year_built and other fields were not consulted."
A0255,851 E 51ST ST,Los Angeles,CA,LA County eGIS parcels,Five or more apartments,Five or more apartments,multifamily_residential,5,,,interpreted_explicit_range,official_update_schedule_unknown,https://www.epa.gov/system/files/documents/2023-11/prelim-desig-memo-alamitos-bay-los-cerritos-channel-dominguez-channel-la-long-beach-inner-harbor-watersheds-2023-10-02.pdf,"Interpretation uses source_dataset and use_description only; use_code, units, year_built and other fields were not consulted."
A0256,327 JACKSON ST,Hoboken,NJ,NJOGIS Parcels & MOD-IV Composite,5B-20U-H,Building description explicitly indicates 20 units,multifamily_residential,20,20,Heat indicated,parsed_explicit_unit_count,annual_tax_assessment_records,https://www.nj.gov/treasury/taxation/pdf/lpt/modIVmanual.pdf,"Interpretation uses source_dataset and use_description only; use_code, units, year_built and other fields were not consulted."
A0257,5 COMMER CT,San Francisco,CA,DataSF wv5m-vpq2 (2025 roll),Apartment 5 to 14 Units,Apartment property with 5 to 14 units,multifamily_residential,5,14,,interpreted_explicit_range,annual_assessment_roll,https://www.hcd.ca.gov/housing-elements/docs/san-francisco-6th-draft051022.pdf,"Interpretation uses source_dataset and use_description only; use_code, units, year_built and other fields were not consulted."
A0258,471 COLUMBIA RD,Dorchester,MA,Boston Property Assessment FY2026,SUBSD HOUSING S- 8,Subsidized Section 8 housing classification,subsidized_multifamily,,,Section 8 subsidized housing indicator,interpreted_use_only,current_annual_assessment_roll,https://gis.boston.gov/arcgis/rest/services/Assessing/properties_boston_gov/FeatureServer/0,"Interpretation uses source_dataset and use_description only; use_code, units, year_built and other fields were not consulted."
A0259,872 NORTH POINT ST,San Francisco,CA,DataSF wv5m-vpq2 (2025 roll),Flat & Store 5 to 14 units,Flat-and-store property with 5 to 14 units,mixed_use_multifamily,5,14,Store component,interpreted_explicit_range,annual_assessment_roll,https://www.hcd.ca.gov/housing-elements/docs/san-francisco-6th-draft051022.pdf,"Interpretation uses source_dataset and use_description only; use_code, units, year_built and other fields were not consulted."
A0260,2479 LE CONTE AVE,Berkeley,CA,Alameda County parcels,Alameda County use code (5+ units),Five or more residential units,multifamily_residential,5,,,interpreted_explicit_range,official_update_schedule_unknown,https://propinfo.acgov.org/UseCodeList/,"Interpretation uses source_dataset and use_description only; use_code, units, year_built and other fields were not consulted."
A0261,525 ADAMS ST,Hoboken,NJ,NJOGIS Parcels & MOD-IV Composite,5B-1OU,Building-description shorthand; no reliable unit count can be extracted from the description alone,unknown_from_description,,,,insufficient_description_for_unit_count,annual_tax_assessment_records,https://www.nj.gov/treasury/taxation/pdf/lpt/modIVmanual.pdf,"Interpretation uses source_dataset and use_description only; use_code, units, year_built and other fields were not consulted."
A0262,2924 E JUNIPER ST,San Diego,CA,SANDAG/SanGIS parcels,SANDAG asr_landuse 14-16 (5+ units),Multiple-residential property in an ASR_LANDUSE category representing 5 or more units,multifamily_residential,5,,ASR_LANDUSE family 14-16,interpreted_explicit_range,legacy_irregularly_maintained,https://www.sandiego.gov/sites/default/files/appendices_-_6-10.pdf,"Interpretation uses source_dataset and use_description only; use_code, units, year_built and other fields were not consulted."
A0263,1636 M L KING JR WAY,Berkeley,CA,Alameda County parcels,Alameda County use code (5+ units),Five or more residential units,multifamily_residential,5,,,interpreted_explicit_range,official_update_schedule_unknown,https://propinfo.acgov.org/UseCodeList/,"Interpretation uses source_dataset and use_description only; use_code, units, year_built and other fields were not consulted."
A0264,583-589 ELIZABETH AVE,Newark,NJ,NJOGIS Parcels & MOD-IV Composite,5SB,Building-description shorthand; no reliable unit count can be extracted from the description alone,unknown_from_description,,,Stories indicated: 5,insufficient_description_for_unit_count,annual_tax_assessment_records,https://www.nj.gov/treasury/taxation/pdf/lpt/modIVmanual.pdf,"Interpretation uses source_dataset and use_description only; use_code, units, year_built and other fields were not consulted."
A0265,102 BALDWIN AVE.,Jersey City,NJ,NJOGIS Parcels & MOD-IV Composite,3S-B-A-13U-H,Building description explicitly indicates 13 units,multifamily_residential,13,13,Stories indicated: 3; Heat indicated,parsed_explicit_unit_count,annual_tax_assessment_records,https://www.nj.gov/treasury/taxation/pdf/lpt/modIVmanual.pdf,"Interpretation uses source_dataset and use_description only; use_code, units, year_built and other fields were not consulted."
A0266,52 BRIGHT ST.,Jersey City,NJ,NJOGIS Parcels & MOD-IV Composite,4S-B-D-8U-NH,Building description explicitly indicates 8 units,multifamily_residential,8,8,Stories indicated: 4; No heat indicated,parsed_explicit_unit_count,annual_tax_assessment_records,https://www.nj.gov/treasury/taxation/pdf/lpt/modIVmanual.pdf,"Interpretation uses source_dataset and use_description only; use_code, units, year_built and other fields were not consulted."
A0267,1314 N VAN NESS AVE,Los Angeles,CA,LA County eGIS parcels,Five or more apartments,Five or more apartments,multifamily_residential,5,,,interpreted_explicit_range,official_update_schedule_unknown,https://www.epa.gov/system/files/documents/2023-11/prelim-desig-memo-alamitos-bay-los-cerritos-channel-dominguez-channel-la-long-beach-inner-harbor-watersheds-2023-10-02.pdf,"Interpretation uses source_dataset and use_description only; use_code, units, year_built and other fields were not consulted."
A0268,1848 FRANKLIN ST,San Francisco,CA,DataSF wv5m-vpq2 (2025 roll),Apartment 5 to 14 Units,Apartment property with 5 to 14 units,multifamily_residential,5,14,,interpreted_explicit_range,annual_assessment_roll,https://www.hcd.ca.gov/housing-elements/docs/san-francisco-6th-draft051022.pdf,"Interpretation uses source_dataset and use_description only; use_code, units, year_built and other fields were not consulted."
A0269,1015 CLINTON ST,Hoboken,NJ,NJOGIS Parcels & MOD-IV Composite,5B-14U,Building description explicitly indicates 14 units,multifamily_residential,14,14,,parsed_explicit_unit_count,annual_tax_assessment_records,https://www.nj.gov/treasury/taxation/pdf/lpt/modIVmanual.pdf,"Interpretation uses source_dataset and use_description only; use_code, units, year_built and other fields were not consulted."
A0270,29 CONCORD ST,Jersey City,NJ,NJOGIS Parcels & MOD-IV Composite,4S-B-8U-H,Building description explicitly indicates 8 units,multifamily_residential,8,8,Stories indicated: 4; Heat indicated,parsed_explicit_unit_count,annual_tax_assessment_records,https://www.nj.gov/treasury/taxation/pdf/lpt/modIVmanual.pdf,"Interpretation uses source_dataset and use_description only; use_code, units, year_built and other fields were not consulted."
A0271,4115 LINCOLN WY,San Francisco,CA,DataSF wv5m-vpq2 (2025 roll),Apartment 5 to 14 Units,Apartment property with 5 to 14 units,multifamily_residential,5,14,,interpreted_explicit_range,annual_assessment_roll,https://www.hcd.ca.gov/housing-elements/docs/san-francisco-6th-draft051022.pdf,"Interpretation uses source_dataset and use_description only; use_code, units, year_built and other fields were not consulted."
A0272,5 Everett St,Cambridge,MA,Cambridge Property Database FY2026 (waa7-ibdu),4-8-UNIT-APT,Apartment property with 4 to 8 units,multifamily_residential,4,8,,interpreted_explicit_range,current_annual_assessment_roll,https://www.cambridgema.gov/gis/gisdatadictionary/cdd/cdd_landuse,"Interpretation uses source_dataset and use_description only; use_code, units, year_built and other fields were not consulted."
A0273,3911 CENTRE ST,San Diego,CA,SANDAG/SanGIS parcels,SANDAG asr_landuse 14-16 (5+ units),Multiple-residential property in an ASR_LANDUSE category representing 5 or more units,multifamily_residential,5,,ASR_LANDUSE family 14-16,interpreted_explicit_range,legacy_irregularly_maintained,https://www.sandiego.gov/sites/default/files/appendices_-_6-10.pdf,"Interpretation uses source_dataset and use_description only; use_code, units, year_built and other fields were not consulted."
A0274,7072 EASTMAN ST,San Diego,CA,SANDAG/SanGIS parcels,SANDAG asr_landuse 14-16 (5+ units),Multiple-residential property in an ASR_LANDUSE category representing 5 or more units,multifamily_residential,5,,ASR_LANDUSE family 14-16,interpreted_explicit_range,legacy_irregularly_maintained,https://www.sandiego.gov/sites/default/files/appendices_-_6-10.pdf,"Interpretation uses source_dataset and use_description only; use_code, units, year_built and other fields were not consulted."
A0275,4091 MORRELL ST,San Diego,CA,SANDAG/SanGIS parcels,SANDAG asr_landuse 14-16 (5+ units),Multiple-residential property in an ASR_LANDUSE category representing 5 or more units,multifamily_residential,5,,ASR_LANDUSE family 14-16,interpreted_explicit_range,legacy_irregularly_maintained,https://www.sandiego.gov/sites/default/files/appendices_-_6-10.pdf,"Interpretation uses source_dataset and use_description only; use_code, units, year_built and other fields were not consulted."
A0276,4361 ILLINOIS ST,San Diego,CA,SANDAG/SanGIS parcels,SANDAG asr_landuse 14-16 (5+ units),Multiple-residential property in an ASR_LANDUSE category representing 5 or more units,multifamily_residential,5,,ASR_LANDUSE family 14-16,interpreted_explicit_range,legacy_irregularly_maintained,https://www.sandiego.gov/sites/default/files/appendices_-_6-10.pdf,"Interpretation uses source_dataset and use_description only; use_code, units, year_built and other fields were not consulted."
A0277,2736 GRANT ST,Berkeley,CA,Alameda County parcels,Alameda County use code (5+ units),Five or more residential units,multifamily_residential,5,,,interpreted_explicit_range,official_update_schedule_unknown,https://propinfo.acgov.org/UseCodeList/,"Interpretation uses source_dataset and use_description only; use_code, units, year_built and other fields were not consulted."
A0278,1800 FRANKLIN ST,San Francisco,CA,DataSF wv5m-vpq2 (2025 roll),Apartment 15 Units or more,Apartment property with 15 or more units,multifamily_residential,15,,,interpreted_explicit_range,annual_assessment_roll,https://www.hcd.ca.gov/housing-elements/docs/san-francisco-6th-draft051022.pdf,"Interpretation uses source_dataset and use_description only; use_code, units, year_built and other fields were not consulted."
A0279,90 KENSINGTON AVE.,Jersey City,NJ,NJOGIS Parcels & MOD-IV Composite,4S-B-A-17U,Building description explicitly indicates 17 units,multifamily_residential,17,17,Stories indicated: 4,parsed_explicit_unit_count,annual_tax_assessment_records,https://www.nj.gov/treasury/taxation/pdf/lpt/modIVmanual.pdf,"Interpretation uses source_dataset and use_description only; use_code, units, year_built and other fields were not consulted."
A0280,1215 11TH AV,San Francisco,CA,DataSF wv5m-vpq2 (2025 roll),Apartment 5 to 14 Units,Apartment property with 5 to 14 units,multifamily_residential,5,14,,interpreted_explicit_range,annual_assessment_roll,https://www.hcd.ca.gov/housing-elements/docs/san-francisco-6th-draft051022.pdf,"Interpretation uses source_dataset and use_description only; use_code, units, year_built and other fields were not consulted."
A0281,1725 N GOWER ST,Los Angeles,CA,LA County eGIS parcels,Five or more apartments,Five or more apartments,multifamily_residential,5,,,interpreted_explicit_range,official_update_schedule_unknown,https://www.epa.gov/system/files/documents/2023-11/prelim-desig-memo-alamitos-bay-los-cerritos-channel-dominguez-channel-la-long-beach-inner-harbor-watersheds-2023-10-02.pdf,"Interpretation uses source_dataset and use_description only; use_code, units, year_built and other fields were not consulted."
A0282,2240 10TH ST,Berkeley,CA,Alameda County parcels,Alameda County use code (5+ units),Five or more residential units,multifamily_residential,5,,,interpreted_explicit_range,official_update_schedule_unknown,https://propinfo.acgov.org/UseCodeList/,"Interpretation uses source_dataset and use_description only; use_code, units, year_built and other fields were not consulted."
A0283,90 BARTLETT ST,San Francisco,CA,DataSF wv5m-vpq2 (2025 roll),Apartment 15 Units or more,Apartment property with 15 or more units,multifamily_residential,15,,,interpreted_explicit_range,annual_assessment_roll,https://www.hcd.ca.gov/housing-elements/docs/san-francisco-6th-draft051022.pdf,"Interpretation uses source_dataset and use_description only; use_code, units, year_built and other fields were not consulted."
A0284,345 Columbia St,Cambridge,MA,Cambridge Property Database FY2026 (waa7-ibdu),>8-UNIT-APT,Apartment property with more than 8 units,multifamily_residential,9,,,interpreted_explicit_range,current_annual_assessment_roll,https://www.cambridgema.gov/gis/gisdatadictionary/cdd/cdd_landuse,"Interpretation uses source_dataset and use_description only; use_code, units, year_built and other fields were not consulted."
A0285,5255 HARMONY AVE,Los Angeles,CA,LA County eGIS parcels,Five or more apartments,Five or more apartments,multifamily_residential,5,,,interpreted_explicit_range,official_update_schedule_unknown,https://www.epa.gov/system/files/documents/2023-11/prelim-desig-memo-alamitos-bay-los-cerritos-channel-dominguez-channel-la-long-beach-inner-harbor-watersheds-2023-10-02.pdf,"Interpretation uses source_dataset and use_description only; use_code, units, year_built and other fields were not consulted."
A0286,27 Irving Ter,Cambridge,MA,Cambridge Property Database FY2026 (waa7-ibdu),>8-UNIT-APT,Apartment property with more than 8 units,multifamily_residential,9,,,interpreted_explicit_range,current_annual_assessment_roll,https://www.cambridgema.gov/gis/gisdatadictionary/cdd/cdd_landuse,"Interpretation uses source_dataset and use_description only; use_code, units, year_built and other fields were not consulted."
A0287,404 GRAND ST,Hoboken,NJ,NJOGIS Parcels & MOD-IV Composite,4B-7U-H-BA,Building description explicitly indicates 7 units,multifamily_residential,7,7,Heat indicated,parsed_explicit_unit_count,annual_tax_assessment_records,https://www.nj.gov/treasury/taxation/pdf/lpt/modIVmanual.pdf,"Interpretation uses source_dataset and use_description only; use_code, units, year_built and other fields were not consulted."
A0288,75 CLENDENNY AVE.,Jersey City,NJ,NJOGIS Parcels & MOD-IV Composite,3S-B-12U,Building description explicitly indicates 12 units,multifamily_residential,12,12,Stories indicated: 3,parsed_explicit_unit_count,annual_tax_assessment_records,https://www.nj.gov/treasury/taxation/pdf/lpt/modIVmanual.pdf,"Interpretation uses source_dataset and use_description only; use_code, units, year_built and other fields were not consulted."
A0289,1741 M L KING JR WAY,Berkeley,CA,Alameda County parcels,Alameda County use code (5+ units),Five or more residential units,multifamily_residential,5,,,interpreted_explicit_range,official_update_schedule_unknown,https://propinfo.acgov.org/UseCodeList/,"Interpretation uses source_dataset and use_description only; use_code, units, year_built and other fields were not consulted."
A0290,21 Forest St,Cambridge,MA,Cambridge Property Database FY2026 (waa7-ibdu),>8-UNIT-APT,Apartment property with more than 8 units,multifamily_residential,9,,,interpreted_explicit_range,current_annual_assessment_roll,https://www.cambridgema.gov/gis/gisdatadictionary/cdd/cdd_landuse,"Interpretation uses source_dataset and use_description only; use_code, units, year_built and other fields were not consulted."
A0291,165 Cambridgepark Dr,Cambridge,MA,Cambridge Property Database FY2026 (waa7-ibdu),>8-UNIT-APT,Apartment property with more than 8 units,multifamily_residential,9,,,interpreted_explicit_range,current_annual_assessment_roll,https://www.cambridgema.gov/gis/gisdatadictionary/cdd/cdd_landuse,"Interpretation uses source_dataset and use_description only; use_code, units, year_built and other fields were not consulted."
A0292,24 Berkshire St,Cambridge,MA,Cambridge Property Database FY2026 (waa7-ibdu),4-8-UNIT-APT,Apartment property with 4 to 8 units,multifamily_residential,4,8,,interpreted_explicit_range,current_annual_assessment_roll,https://www.cambridgema.gov/gis/gisdatadictionary/cdd/cdd_landuse,"Interpretation uses source_dataset and use_description only; use_code, units, year_built and other fields were not consulted."
A0293,1314 NATOMA ST,San Francisco,CA,DataSF wv5m-vpq2 (2025 roll),Apartment 5 to 14 Units,Apartment property with 5 to 14 units,multifamily_residential,5,14,,interpreted_explicit_range,annual_assessment_roll,https://www.hcd.ca.gov/housing-elements/docs/san-francisco-6th-draft051022.pdf,"Interpretation uses source_dataset and use_description only; use_code, units, year_built and other fields were not consulted."
A0294,178 Richdale Ave,Cambridge,MA,Cambridge Property Database FY2026 (waa7-ibdu),4-8-UNIT-APT,Apartment property with 4 to 8 units,multifamily_residential,4,8,,interpreted_explicit_range,current_annual_assessment_roll,https://www.cambridgema.gov/gis/gisdatadictionary/cdd/cdd_landuse,"Interpretation uses source_dataset and use_description only; use_code, units, year_built and other fields were not consulted."
A0295,Harvard ST LOT 2A-13,Dorchester,MA,Boston Property Assessment FY2026,SUBSD HOUSING S- 8,Subsidized Section 8 housing classification,subsidized_multifamily,,,Section 8 subsidized housing indicator,interpreted_use_only,current_annual_assessment_roll,https://gis.boston.gov/arcgis/rest/services/Assessing/properties_boston_gov/FeatureServer/0,"Interpretation uses source_dataset and use_description only; use_code, units, year_built and other fields were not consulted."
A0296,83-85 MCWHORTER ST,Newark,NJ,NJOGIS Parcels & MOD-IV Composite,4SB,Building-description shorthand; no reliable unit count can be extracted from the description alone,unknown_from_description,,,Stories indicated: 4,insufficient_description_for_unit_count,annual_tax_assessment_records,https://www.nj.gov/treasury/taxation/pdf/lpt/modIVmanual.pdf,"Interpretation uses source_dataset and use_description only; use_code, units, year_built and other fields were not consulted."
A0297,211-213 SUMMER AVE,Newark,NJ,NJOGIS Parcels & MOD-IV Composite,4SB,Building-description shorthand; no reliable unit count can be extracted from the description alone,unknown_from_description,,,Stories indicated: 4,insufficient_description_for_unit_count,annual_tax_assessment_records,https://www.nj.gov/treasury/taxation/pdf/lpt/modIVmanual.pdf,"Interpretation uses source_dataset and use_description only; use_code, units, year_built and other fields were not consulted."
A0298,361 Washington St,Cambridge,MA,Cambridge Property Database FY2026 (waa7-ibdu),4-8-UNIT-APT,Apartment property with 4 to 8 units,multifamily_residential,4,8,,interpreted_explicit_range,current_annual_assessment_roll,https://www.cambridgema.gov/gis/gisdatadictionary/cdd/cdd_landuse,"Interpretation uses source_dataset and use_description only; use_code, units, year_built and other fields were not consulted."
A0299,1037 WASHINGTON ST,Hoboken,NJ,NJOGIS Parcels & MOD-IV Composite,4B-8U-BA,Building description explicitly indicates 8 units,multifamily_residential,8,8,,parsed_explicit_unit_count,annual_tax_assessment_records,https://www.nj.gov/treasury/taxation/pdf/lpt/modIVmanual.pdf,"Interpretation uses source_dataset and use_description only; use_code, units, year_built and other fields were not consulted."
A0300,36 Trowbridge St,Cambridge,MA,Cambridge Property Database FY2026 (waa7-ibdu),4-8-UNIT-APT,Apartment property with 4 to 8 units,multifamily_residential,4,8,,interpreted_explicit_range,current_annual_assessment_roll,https://www.cambridgema.gov/gis/gisdatadictionary/cdd/cdd_landuse,"Interpretation uses source_dataset and use_description only; use_code, units, year_built and other fields were not consulted."
A0301,165 Hampshire St,Cambridge,MA,Cambridge Property Database FY2026 (waa7-ibdu),4-8-UNIT-APT,Apartment property with 4 to 8 units,multifamily_residential,4,8,,interpreted_explicit_range,current_annual_assessment_roll,https://www.cambridgema.gov/gis/gisdatadictionary/cdd/cdd_landuse,"Interpretation uses source_dataset and use_description only; use_code, units, year_built and other fields were not consulted."
A0302,4-6 Clinton St,Cambridge,MA,Cambridge Property Database FY2026 (waa7-ibdu),4-8-UNIT-APT,Apartment property with 4 to 8 units,multifamily_residential,4,8,,interpreted_explicit_range,current_annual_assessment_roll,https://www.cambridgema.gov/gis/gisdatadictionary/cdd/cdd_landuse,"Interpretation uses source_dataset and use_description only; use_code, units, year_built and other fields were not consulted."
A0303,188 E 35TH ST,Los Angeles,CA,LA County eGIS parcels,Five or more apartments,Five or more apartments,multifamily_residential,5,,,interpreted_explicit_range,official_update_schedule_unknown,https://www.epa.gov/system/files/documents/2023-11/prelim-desig-memo-alamitos-bay-los-cerritos-channel-dominguez-channel-la-long-beach-inner-harbor-watersheds-2023-10-02.pdf,"Interpretation uses source_dataset and use_description only; use_code, units, year_built and other fields were not consulted."
A0304,4541 HAMILTON ST,San Diego,CA,SANDAG/SanGIS parcels,SANDAG asr_landuse 14-16 (5+ units),Multiple-residential property in an ASR_LANDUSE category representing 5 or more units,multifamily_residential,5,,ASR_LANDUSE family 14-16,interpreted_explicit_range,legacy_irregularly_maintained,https://www.sandiego.gov/sites/default/files/appendices_-_6-10.pdf,"Interpretation uses source_dataset and use_description only; use_code, units, year_built and other fields were not consulted."
A0305,638 45TH AV,San Francisco,CA,DataSF wv5m-vpq2 (2025 roll),Apartment 5 to 14 Units,Apartment property with 5 to 14 units,multifamily_residential,5,14,,interpreted_explicit_range,annual_assessment_roll,https://www.hcd.ca.gov/housing-elements/docs/san-francisco-6th-draft051022.pdf,"Interpretation uses source_dataset and use_description only; use_code, units, year_built and other fields were not consulted."
A0306,335A Harvard St,Cambridge,MA,Cambridge Property Database FY2026 (waa7-ibdu),>8-UNIT-APT,Apartment property with more than 8 units,multifamily_residential,9,,,interpreted_explicit_range,current_annual_assessment_roll,https://www.cambridgema.gov/gis/gisdatadictionary/cdd/cdd_landuse,"Interpretation uses source_dataset and use_description only; use_code, units, year_built and other fields were not consulted."
A0307,294-296 VAN BUREN ST,Newark,NJ,NJOGIS Parcels & MOD-IV Composite,3SB3UG,Building-description shorthand; no reliable unit count can be extracted from the description alone,unknown_from_description,,,,insufficient_description_for_unit_count,annual_tax_assessment_records,https://www.nj.gov/treasury/taxation/pdf/lpt/modIVmanual.pdf,"Interpretation uses source_dataset and use_description only; use_code, units, year_built and other fields were not consulted."
A0308,1032 HUDSON ST,Hoboken,NJ,NJOGIS Parcels & MOD-IV Composite,5B-11U-H-BA-G,Building description explicitly indicates 11 units,multifamily_residential,11,11,Garage indicated; Heat indicated,parsed_explicit_unit_count,annual_tax_assessment_records,https://www.nj.gov/treasury/taxation/pdf/lpt/modIVmanual.pdf,"Interpretation uses source_dataset and use_description only; use_code, units, year_built and other fields were not consulted."
A0309,1706 N STANLEY AVE,Los Angeles,CA,LA County eGIS parcels,Five or more apartments,Five or more apartments,multifamily_residential,5,,,interpreted_explicit_range,official_update_schedule_unknown,https://www.epa.gov/system/files/documents/2023-11/prelim-desig-memo-alamitos-bay-los-cerritos-channel-dominguez-channel-la-long-beach-inner-harbor-watersheds-2023-10-02.pdf,"Interpretation uses source_dataset and use_description only; use_code, units, year_built and other fields were not consulted."
A0310,53-55 Ashford ST,Allston,MA,Boston Property Assessment FY2026,APT 7-30 UNITS,Apartment property with 7 to 30 units,multifamily_residential,7,30,,interpreted_explicit_range,current_annual_assessment_roll,https://gis.boston.gov/arcgis/rest/services/Assessing/properties_boston_gov/FeatureServer/0,"Interpretation uses source_dataset and use_description only; use_code, units, year_built and other fields were not consulted."
A0311,38-38- SOMME ST,Newark,NJ,NJOGIS Parcels & MOD-IV Composite,2.5S.F.,Building-description shorthand; no reliable unit count can be extracted from the description alone,unknown_from_description,,,Stories indicated: 2.5,insufficient_description_for_unit_count,annual_tax_assessment_records,https://www.nj.gov/treasury/taxation/pdf/lpt/modIVmanual.pdf,"Interpretation uses source_dataset and use_description only; use_code, units, year_built and other fields were not consulted."
A0312,25 ORLANDO ST,Mattapan,MA,Boston Property Assessment FY2026,SUBSD HOUSING S- 8,Subsidized Section 8 housing classification,subsidized_multifamily,,,Section 8 subsidized housing indicator,interpreted_use_only,current_annual_assessment_roll,https://gis.boston.gov/arcgis/rest/services/Assessing/properties_boston_gov/FeatureServer/0,"Interpretation uses source_dataset and use_description only; use_code, units, year_built and other fields were not consulted."
A0313,317-319 W RUNYON ST,Newark,NJ,NJOGIS Parcels & MOD-IV Composite,3SF,Building-description shorthand; no reliable unit count can be extracted from the description alone,unknown_from_description,,,Stories indicated: 3,insufficient_description_for_unit_count,annual_tax_assessment_records,https://www.nj.gov/treasury/taxation/pdf/lpt/modIVmanual.pdf,"Interpretation uses source_dataset and use_description only; use_code, units, year_built and other fields were not consulted."
A0314,6640 LELAND WAY,Los Angeles,CA,LA County eGIS parcels,Five or more apartments,Five or more apartments,multifamily_residential,5,,,interpreted_explicit_range,official_update_schedule_unknown,https://www.epa.gov/system/files/documents/2023-11/prelim-desig-memo-alamitos-bay-los-cerritos-channel-dominguez-channel-la-long-beach-inner-harbor-watersheds-2023-10-02.pdf,"Interpretation uses source_dataset and use_description only; use_code, units, year_built and other fields were not consulted."
A0315,5233 CARTWRIGHT AVE,Los Angeles,CA,LA County eGIS parcels,Five or more apartments,Five or more apartments,multifamily_residential,5,,,interpreted_explicit_range,official_update_schedule_unknown,https://www.epa.gov/system/files/documents/2023-11/prelim-desig-memo-alamitos-bay-los-cerritos-channel-dominguez-channel-la-long-beach-inner-harbor-watersheds-2023-10-02.pdf,"Interpretation uses source_dataset and use_description only; use_code, units, year_built and other fields were not consulted."
A0316,3978 FLORIDA ST,San Diego,CA,SANDAG/SanGIS parcels,SANDAG asr_landuse 14-16 (5+ units),Multiple-residential property in an ASR_LANDUSE category representing 5 or more units,multifamily_residential,5,,ASR_LANDUSE family 14-16,interpreted_explicit_range,legacy_irregularly_maintained,https://www.sandiego.gov/sites/default/files/appendices_-_6-10.pdf,"Interpretation uses source_dataset and use_description only; use_code, units, year_built and other fields were not consulted."
A0317,2233 CHANNING WAY,Berkeley,CA,Alameda County parcels,Alameda County use code (5+ units),Five or more residential units,multifamily_residential,5,,,interpreted_explicit_range,official_update_schedule_unknown,https://propinfo.acgov.org/UseCodeList/,"Interpretation uses source_dataset and use_description only; use_code, units, year_built and other fields were not consulted."
A0318,2041 FRANCISCO ST,Berkeley,CA,Alameda County parcels,Alameda County use code (5+ units),Five or more residential units,multifamily_residential,5,,,interpreted_explicit_range,official_update_schedule_unknown,https://propinfo.acgov.org/UseCodeList/,"Interpretation uses source_dataset and use_description only; use_code, units, year_built and other fields were not consulted."
A0319,2315 GRANT ST,Berkeley,CA,Alameda County parcels,Alameda County use code (5+ units),Five or more residential units,multifamily_residential,5,,,interpreted_explicit_range,official_update_schedule_unknown,https://propinfo.acgov.org/UseCodeList/,"Interpretation uses source_dataset and use_description only; use_code, units, year_built and other fields were not consulted."
A0320,408 MADISON ST,Hoboken,NJ,NJOGIS Parcels & MOD-IV Composite,4F-6U,Building description explicitly indicates 6 units,multifamily_residential,6,6,,parsed_explicit_unit_count,annual_tax_assessment_records,https://www.nj.gov/treasury/taxation/pdf/lpt/modIVmanual.pdf,"Interpretation uses source_dataset and use_description only; use_code, units, year_built and other fields were not consulted."
A0321,200 NUNDA AVE.,Jersey City,NJ,NJOGIS Parcels & MOD-IV Composite,3S-F-D-7U-NH,Building description explicitly indicates 7 units,multifamily_residential,7,7,Stories indicated: 3; No heat indicated,parsed_explicit_unit_count,annual_tax_assessment_records,https://www.nj.gov/treasury/taxation/pdf/lpt/modIVmanual.pdf,"Interpretation uses source_dataset and use_description only; use_code, units, year_built and other fields were not consulted."
A0322,227 CYPRESS DR,San Ysidro,CA,SANDAG/SanGIS parcels,SANDAG asr_landuse 14-16 (5+ units),Multiple-residential property in an ASR_LANDUSE category representing 5 or more units,multifamily_residential,5,,ASR_LANDUSE family 14-16,interpreted_explicit_range,legacy_irregularly_maintained,https://www.sandiego.gov/sites/default/files/appendices_-_6-10.pdf,"Interpretation uses source_dataset and use_description only; use_code, units, year_built and other fields were not consulted."
A0323,4627 COMPTON AVE,Los Angeles,CA,LA County eGIS parcels,Five or more apartments,Five or more apartments,multifamily_residential,5,,,interpreted_explicit_range,official_update_schedule_unknown,https://www.epa.gov/system/files/documents/2023-11/prelim-desig-memo-alamitos-bay-los-cerritos-channel-dominguez-channel-la-long-beach-inner-harbor-watersheds-2023-10-02.pdf,"Interpretation uses source_dataset and use_description only; use_code, units, year_built and other fields were not consulted."
A0324,2003 FRANKLIN ST,San Francisco,CA,DataSF wv5m-vpq2 (2025 roll),Apartment 5 to 14 Units,Apartment property with 5 to 14 units,multifamily_residential,5,14,,interpreted_explicit_range,annual_assessment_roll,https://www.hcd.ca.gov/housing-elements/docs/san-francisco-6th-draft051022.pdf,"Interpretation uses source_dataset and use_description only; use_code, units, year_built and other fields were not consulted."
A0325,38A GAUTIER AVE.,Jersey City,NJ,NJOGIS Parcels & MOD-IV Composite,4S-B-A-21U,Building description explicitly indicates 21 units,multifamily_residential,21,21,Stories indicated: 4,parsed_explicit_unit_count,annual_tax_assessment_records,https://www.nj.gov/treasury/taxation/pdf/lpt/modIVmanual.pdf,"Interpretation uses source_dataset and use_description only; use_code, units, year_built and other fields were not consulted."
A0326,46 JEFFERSON ST,Newark,NJ,NJOGIS Parcels & MOD-IV Composite,4SB,Building-description shorthand; no reliable unit count can be extracted from the description alone,unknown_from_description,,,Stories indicated: 4,insufficient_description_for_unit_count,annual_tax_assessment_records,https://www.nj.gov/treasury/taxation/pdf/lpt/modIVmanual.pdf,"Interpretation uses source_dataset and use_description only; use_code, units, year_built and other fields were not consulted."
A0327,1605 N MARTEL AVE,Los Angeles,CA,LA County eGIS parcels,Five or more apartments,Five or more apartments,multifamily_residential,5,,,interpreted_explicit_range,official_update_schedule_unknown,https://www.epa.gov/system/files/documents/2023-11/prelim-desig-memo-alamitos-bay-los-cerritos-channel-dominguez-channel-la-long-beach-inner-harbor-watersheds-2023-10-02.pdf,"Interpretation uses source_dataset and use_description only; use_code, units, year_built and other fields were not consulted."
A0328,1845 08TH AV,San Francisco,CA,DataSF wv5m-vpq2 (2025 roll),Apartment 5 to 14 Units,Apartment property with 5 to 14 units,multifamily_residential,5,14,,interpreted_explicit_range,annual_assessment_roll,https://www.hcd.ca.gov/housing-elements/docs/san-francisco-6th-draft051022.pdf,"Interpretation uses source_dataset and use_description only; use_code, units, year_built and other fields were not consulted."
A0329,51 MADISON ST,Newark,NJ,NJOGIS Parcels & MOD-IV Composite,3SB,Building-description shorthand; no reliable unit count can be extracted from the description alone,unknown_from_description,,,Stories indicated: 3,insufficient_description_for_unit_count,annual_tax_assessment_records,https://www.nj.gov/treasury/taxation/pdf/lpt/modIVmanual.pdf,"Interpretation uses source_dataset and use_description only; use_code, units, year_built and other fields were not consulted."
A0330,5229 WILLOWCREST AVE,Los Angeles,CA,LA County eGIS parcels,Five or more apartments,Five or more apartments,multifamily_residential,5,,,interpreted_explicit_range,official_update_schedule_unknown,https://www.epa.gov/system/files/documents/2023-11/prelim-desig-memo-alamitos-bay-los-cerritos-channel-dominguez-channel-la-long-beach-inner-harbor-watersheds-2023-10-02.pdf,"Interpretation uses source_dataset and use_description only; use_code, units, year_built and other fields were not consulted."
A0331,342-344 IRVINE TURNER BLV,Newark,NJ,NJOGIS Parcels & MOD-IV Composite,2.5SF4UG,Building-description shorthand; no reliable unit count can be extracted from the description alone,unknown_from_description,,,,insufficient_description_for_unit_count,annual_tax_assessment_records,https://www.nj.gov/treasury/taxation/pdf/lpt/modIVmanual.pdf,"Interpretation uses source_dataset and use_description only; use_code, units, year_built and other fields were not consulted."
A0332,26 SONOMA ST,Dorchester,MA,Boston Property Assessment FY2026,SUBSD HOUSING S- 8,Subsidized Section 8 housing classification,subsidized_multifamily,,,Section 8 subsidized housing indicator,interpreted_use_only,current_annual_assessment_roll,https://gis.boston.gov/arcgis/rest/services/Assessing/properties_boston_gov/FeatureServer/0,"Interpretation uses source_dataset and use_description only; use_code, units, year_built and other fields were not consulted."
A0333,3752 33RD ST,San Diego,CA,SANDAG/SanGIS parcels,SANDAG asr_landuse 14-16 (5+ units),Multiple-residential property in an ASR_LANDUSE category representing 5 or more units,multifamily_residential,5,,ASR_LANDUSE family 14-16,interpreted_explicit_range,legacy_irregularly_maintained,https://www.sandiego.gov/sites/default/files/appendices_-_6-10.pdf,"Interpretation uses source_dataset and use_description only; use_code, units, year_built and other fields were not consulted."
A0334,2025 FRANCISCO ST,Berkeley,CA,Alameda County parcels,Alameda County use code (5+ units),Five or more residential units,multifamily_residential,5,,,interpreted_explicit_range,official_update_schedule_unknown,https://propinfo.acgov.org/UseCodeList/,"Interpretation uses source_dataset and use_description only; use_code, units, year_built and other fields were not consulted."
A0335,125 BEMIS ST,San Francisco,CA,DataSF wv5m-vpq2 (2025 roll),Apartment 5 to 14 Units,Apartment property with 5 to 14 units,multifamily_residential,5,14,,interpreted_explicit_range,annual_assessment_roll,https://www.hcd.ca.gov/housing-elements/docs/san-francisco-6th-draft051022.pdf,"Interpretation uses source_dataset and use_description only; use_code, units, year_built and other fields were not consulted."
A0336,151 North First St,Cambridge,MA,Cambridge Property Database FY2026 (waa7-ibdu),MXD >8-UNIT-APT,Mixed-use property with more than 8 apartment units,mixed_use_multifamily,9,,Mixed use,interpreted_explicit_range,current_annual_assessment_roll,https://www.cambridgema.gov/gis/gisdatadictionary/cdd/cdd_landuse,"Interpretation uses source_dataset and use_description only; use_code, units, year_built and other fields were not consulted."
A0337,66 MONROE ST,Newark,NJ,NJOGIS Parcels & MOD-IV Composite,4S.B,Building-description shorthand; no reliable unit count can be extracted from the description alone,unknown_from_description,,,Stories indicated: 4,insufficient_description_for_unit_count,annual_tax_assessment_records,https://www.nj.gov/treasury/taxation/pdf/lpt/modIVmanual.pdf,"Interpretation uses source_dataset and use_description only; use_code, units, year_built and other fields were not consulted."
A0338,521-523 S 17TH,Newark,NJ,NJOGIS Parcels & MOD-IV Composite,3SF,Building-description shorthand; no reliable unit count can be extracted from the description alone,unknown_from_description,,,Stories indicated: 3,insufficient_description_for_unit_count,annual_tax_assessment_records,https://www.nj.gov/treasury/taxation/pdf/lpt/modIVmanual.pdf,"Interpretation uses source_dataset and use_description only; use_code, units, year_built and other fields were not consulted."
A0339,124 Berkshire St,Cambridge,MA,Cambridge Property Database FY2026 (waa7-ibdu),4-8-UNIT-APT,Apartment property with 4 to 8 units,multifamily_residential,4,8,,interpreted_explicit_range,current_annual_assessment_roll,https://www.cambridgema.gov/gis/gisdatadictionary/cdd/cdd_landuse,"Interpretation uses source_dataset and use_description only; use_code, units, year_built and other fields were not consulted."
A0340,14735 ROSCOE BLVD,Los Angeles,CA,LA County eGIS parcels,Five or more apartments,Five or more apartments,multifamily_residential,5,,,interpreted_explicit_range,official_update_schedule_unknown,https://www.epa.gov/system/files/documents/2023-11/prelim-desig-memo-alamitos-bay-los-cerritos-channel-dominguez-channel-la-long-beach-inner-harbor-watersheds-2023-10-02.pdf,"Interpretation uses source_dataset and use_description only; use_code, units, year_built and other fields were not consulted."
A0341,4225 50TH ST,San Diego,CA,SANDAG/SanGIS parcels,SANDAG asr_landuse 14-16 (5+ units),Multiple-residential property in an ASR_LANDUSE category representing 5 or more units,multifamily_residential,5,,ASR_LANDUSE family 14-16,interpreted_explicit_range,legacy_irregularly_maintained,https://www.sandiego.gov/sites/default/files/appendices_-_6-10.pdf,"Interpretation uses source_dataset and use_description only; use_code, units, year_built and other fields were not consulted."
A0342,49 Roseland St,Cambridge,MA,Cambridge Property Database FY2026 (waa7-ibdu),4-8-UNIT-APT,Apartment property with 4 to 8 units,multifamily_residential,4,8,,interpreted_explicit_range,current_annual_assessment_roll,https://www.cambridgema.gov/gis/gisdatadictionary/cdd/cdd_landuse,"Interpretation uses source_dataset and use_description only; use_code, units, year_built and other fields were not consulted."
A0343,408-410 5TH ST,Newark,NJ,NJOGIS Parcels & MOD-IV Composite,4SB,Building-description shorthand; no reliable unit count can be extracted from the description alone,unknown_from_description,,,Stories indicated: 4,insufficient_description_for_unit_count,annual_tax_assessment_records,https://www.nj.gov/treasury/taxation/pdf/lpt/modIVmanual.pdf,"Interpretation uses source_dataset and use_description only; use_code, units, year_built and other fields were not consulted."
A0344,238 & 242 GARFIELD AVE.,Jersey City,NJ,NJOGIS Parcels & MOD-IV Composite,4S-B-44U,Building description explicitly indicates 44 units,multifamily_residential,44,44,Stories indicated: 4,parsed_explicit_unit_count,annual_tax_assessment_records,https://www.nj.gov/treasury/taxation/pdf/lpt/modIVmanual.pdf,"Interpretation uses source_dataset and use_description only; use_code, units, year_built and other fields were not consulted."
A0345,153 W VERNON AVE,Los Angeles,CA,LA County eGIS parcels,Five or more apartments,Five or more apartments,multifamily_residential,5,,,interpreted_explicit_range,official_update_schedule_unknown,https://www.epa.gov/system/files/documents/2023-11/prelim-desig-memo-alamitos-bay-los-cerritos-channel-dominguez-channel-la-long-beach-inner-harbor-watersheds-2023-10-02.pdf,"Interpretation uses source_dataset and use_description only; use_code, units, year_built and other fields were not consulted."
A0346,AUBURN DR,San Diego,CA,SANDAG/SanGIS parcels,SANDAG asr_landuse 14-16 (5+ units),Multiple-residential property in an ASR_LANDUSE category representing 5 or more units,multifamily_residential,5,,ASR_LANDUSE family 14-16,interpreted_explicit_range,legacy_irregularly_maintained,https://www.sandiego.gov/sites/default/files/appendices_-_6-10.pdf,"Interpretation uses source_dataset and use_description only; use_code, units, year_built and other fields were not consulted."
A0347,2142 2ND AVE,San Diego,CA,SANDAG/SanGIS parcels,SANDAG asr_landuse 14-16 (5+ units),Multiple-residential property in an ASR_LANDUSE category representing 5 or more units,multifamily_residential,5,,ASR_LANDUSE family 14-16,interpreted_explicit_range,legacy_irregularly_maintained,https://www.sandiego.gov/sites/default/files/appendices_-_6-10.pdf,"Interpretation uses source_dataset and use_description only; use_code, units, year_built and other fields were not consulted."
A0348,229 CLINTON ST,Hoboken,NJ,NJOGIS Parcels & MOD-IV Composite,4F-7U,Building description explicitly indicates 7 units,multifamily_residential,7,7,,parsed_explicit_unit_count,annual_tax_assessment_records,https://www.nj.gov/treasury/taxation/pdf/lpt/modIVmanual.pdf,"Interpretation uses source_dataset and use_description only; use_code, units, year_built and other fields were not consulted."
A0349,2400 DANA ST,Berkeley,CA,Alameda County parcels,Alameda County use code (5+ units),Five or more residential units,multifamily_residential,5,,,interpreted_explicit_range,official_update_schedule_unknown,https://propinfo.acgov.org/UseCodeList/,"Interpretation uses source_dataset and use_description only; use_code, units, year_built and other fields were not consulted."
A0350,1051 WEST SIDE AVE.,Jersey City,NJ,NJOGIS Parcels & MOD-IV Composite,3S-B-D-6U-NH,Building description explicitly indicates 6 units,multifamily_residential,6,6,Stories indicated: 3; No heat indicated,parsed_explicit_unit_count,annual_tax_assessment_records,https://www.nj.gov/treasury/taxation/pdf/lpt/modIVmanual.pdf,"Interpretation uses source_dataset and use_description only; use_code, units, year_built and other fields were not consulted."
A0351,628 HYDE ST,San Francisco,CA,DataSF wv5m-vpq2 (2025 roll),Apartment 5 to 14 Units,Apartment property with 5 to 14 units,multifamily_residential,5,14,,interpreted_explicit_range,annual_assessment_roll,https://www.hcd.ca.gov/housing-elements/docs/san-francisco-6th-draft051022.pdf,"Interpretation uses source_dataset and use_description only; use_code, units, year_built and other fields were not consulted."
A0352,40-42 MT PROSPECT AVE,Newark,NJ,NJOGIS Parcels & MOD-IV Composite,3SB,Building-description shorthand; no reliable unit count can be extracted from the description alone,unknown_from_description,,,Stories indicated: 3,insufficient_description_for_unit_count,annual_tax_assessment_records,https://www.nj.gov/treasury/taxation/pdf/lpt/modIVmanual.pdf,"Interpretation uses source_dataset and use_description only; use_code, units, year_built and other fields were not consulted."
A0353,1044 E JEFFERSON BLVD,Los Angeles,CA,LA County eGIS parcels,Five or more apartments,Five or more apartments,multifamily_residential,5,,,interpreted_explicit_range,official_update_schedule_unknown,https://www.epa.gov/system/files/documents/2023-11/prelim-desig-memo-alamitos-bay-los-cerritos-channel-dominguez-channel-la-long-beach-inner-harbor-watersheds-2023-10-02.pdf,"Interpretation uses source_dataset and use_description only; use_code, units, year_built and other fields were not consulted."
A0354,73 LUBEC ST,East Boston,MA,Boston Property Assessment FY2026,APT 7-30 UNITS,Apartment property with 7 to 30 units,multifamily_residential,7,30,,interpreted_explicit_range,current_annual_assessment_roll,https://gis.boston.gov/arcgis/rest/services/Assessing/properties_boston_gov/FeatureServer/0,"Interpretation uses source_dataset and use_description only; use_code, units, year_built and other fields were not consulted."
A0355,10701 AMESTOY AVE,Los Angeles,CA,LA County eGIS parcels,Five or more apartments,Five or more apartments,multifamily_residential,5,,,interpreted_explicit_range,official_update_schedule_unknown,https://www.epa.gov/system/files/documents/2023-11/prelim-desig-memo-alamitos-bay-los-cerritos-channel-dominguez-channel-la-long-beach-inner-harbor-watersheds-2023-10-02.pdf,"Interpretation uses source_dataset and use_description only; use_code, units, year_built and other fields were not consulted."
A0356,16 Brainerd RD,Allston,MA,Boston Property Assessment FY2026,APT 7-30 UNITS,Apartment property with 7 to 30 units,multifamily_residential,7,30,,interpreted_explicit_range,current_annual_assessment_roll,https://gis.boston.gov/arcgis/rest/services/Assessing/properties_boston_gov/FeatureServer/0,"Interpretation uses source_dataset and use_description only; use_code, units, year_built and other fields were not consulted."
A0357,173 07TH ST,San Francisco,CA,DataSF wv5m-vpq2 (2025 roll),Apartment 15 Units or more,Apartment property with 15 or more units,multifamily_residential,15,,,interpreted_explicit_range,annual_assessment_roll,https://www.hcd.ca.gov/housing-elements/docs/san-francisco-6th-draft051022.pdf,"Interpretation uses source_dataset and use_description only; use_code, units, year_built and other fields were not consulted."
A0358,717 N 6TH ST,Newark,NJ,NJOGIS Parcels & MOD-IV Composite,3SB-2UG,Building-description shorthand; no reliable unit count can be extracted from the description alone,unknown_from_description,,,Stories indicated: 3,insufficient_description_for_unit_count,annual_tax_assessment_records,https://www.nj.gov/treasury/taxation/pdf/lpt/modIVmanual.pdf,"Interpretation uses source_dataset and use_description only; use_code, units, year_built and other fields were not consulted."
A0359,925 PARK AVE,Hoboken,NJ,NJOGIS Parcels & MOD-IV Composite,5B-10U-H-BA,Building description explicitly indicates 10 units,multifamily_residential,10,10,Heat indicated,parsed_explicit_unit_count,annual_tax_assessment_records,https://www.nj.gov/treasury/taxation/pdf/lpt/modIVmanual.pdf,"Interpretation uses source_dataset and use_description only; use_code, units, year_built and other fields were not consulted."
A0360,140 NEW YORK AVE.,Jersey City,NJ,NJOGIS Parcels & MOD-IV Composite,3S-B-A-14U-H,Building description explicitly indicates 14 units,multifamily_residential,14,14,Stories indicated: 3; Heat indicated,parsed_explicit_unit_count,annual_tax_assessment_records,https://www.nj.gov/treasury/taxation/pdf/lpt/modIVmanual.pdf,"Interpretation uses source_dataset and use_description only; use_code, units, year_built and other fields were not consulted."
A0361,15 Berkshire St,Cambridge,MA,Cambridge Property Database FY2026 (waa7-ibdu),4-8-UNIT-APT,Apartment property with 4 to 8 units,multifamily_residential,4,8,,interpreted_explicit_range,current_annual_assessment_roll,https://www.cambridgema.gov/gis/gisdatadictionary/cdd/cdd_landuse,"Interpretation uses source_dataset and use_description only; use_code, units, year_built and other fields were not consulted."
A0362,368 RIVERWAY ST,Boston,MA,Boston Property Assessment FY2026,APT 7-30 UNITS,Apartment property with 7 to 30 units,multifamily_residential,7,30,,interpreted_explicit_range,current_annual_assessment_roll,https://gis.boston.gov/arcgis/rest/services/Assessing/properties_boston_gov/FeatureServer/0,"Interpretation uses source_dataset and use_description only; use_code, units, year_built and other fields were not consulted."
A0363,2451 SHATTUCK AVE,Berkeley,CA,Alameda County parcels,Alameda County use code (5+ units),Five or more residential units,multifamily_residential,5,,,interpreted_explicit_range,official_update_schedule_unknown,https://propinfo.acgov.org/UseCodeList/,"Interpretation uses source_dataset and use_description only; use_code, units, year_built and other fields were not consulted."
A0364,125 03RD AV,San Francisco,CA,DataSF wv5m-vpq2 (2025 roll),Apartment 5 to 14 Units,Apartment property with 5 to 14 units,multifamily_residential,5,14,,interpreted_explicit_range,annual_assessment_roll,https://www.hcd.ca.gov/housing-elements/docs/san-francisco-6th-draft051022.pdf,"Interpretation uses source_dataset and use_description only; use_code, units, year_built and other fields were not consulted."
A0365,3940 IDAHO ST,San Diego,CA,SANDAG/SanGIS parcels,SANDAG asr_landuse 14-16 (5+ units),Multiple-residential property in an ASR_LANDUSE category representing 5 or more units,multifamily_residential,5,,ASR_LANDUSE family 14-16,interpreted_explicit_range,legacy_irregularly_maintained,https://www.sandiego.gov/sites/default/files/appendices_-_6-10.pdf,"Interpretation uses source_dataset and use_description only; use_code, units, year_built and other fields were not consulted."
A0366,230 Everett ST,East Boston,MA,Boston Property Assessment FY2026,LUXURY APARTMENT,Luxury apartment property,multifamily_residential,,,Luxury apartment classification,interpreted_use_only,current_annual_assessment_roll,https://gis.boston.gov/arcgis/rest/services/Assessing/properties_boston_gov/FeatureServer/0,"Interpretation uses source_dataset and use_description only; use_code, units, year_built and other fields were not consulted."
A0367,219 S 35TH ST,San Diego,CA,SANDAG/SanGIS parcels,SANDAG asr_landuse 14-16 (5+ units),Multiple-residential property in an ASR_LANDUSE category representing 5 or more units,multifamily_residential,5,,ASR_LANDUSE family 14-16,interpreted_explicit_range,legacy_irregularly_maintained,https://www.sandiego.gov/sites/default/files/appendices_-_6-10.pdf,"Interpretation uses source_dataset and use_description only; use_code, units, year_built and other fields were not consulted."
A0368,1430 FRANCISCO ST,San Francisco,CA,DataSF wv5m-vpq2 (2025 roll),Apartment 5 to 14 Units,Apartment property with 5 to 14 units,multifamily_residential,5,14,,interpreted_explicit_range,annual_assessment_roll,https://www.hcd.ca.gov/housing-elements/docs/san-francisco-6th-draft051022.pdf,"Interpretation uses source_dataset and use_description only; use_code, units, year_built and other fields were not consulted."
A0369,3260 CALIFORNIA ST,Berkeley,CA,Alameda County parcels,Alameda County use code (5+ units),Five or more residential units,multifamily_residential,5,,,interpreted_explicit_range,official_update_schedule_unknown,https://propinfo.acgov.org/UseCodeList/,"Interpretation uses source_dataset and use_description only; use_code, units, year_built and other fields were not consulted."
A0370,2222 TOBERMAN ST,Los Angeles,CA,LA County eGIS parcels,Five or more apartments,Five or more apartments,multifamily_residential,5,,,interpreted_explicit_range,official_update_schedule_unknown,https://www.epa.gov/system/files/documents/2023-11/prelim-desig-memo-alamitos-bay-los-cerritos-channel-dominguez-channel-la-long-beach-inner-harbor-watersheds-2023-10-02.pdf,"Interpretation uses source_dataset and use_description only; use_code, units, year_built and other fields were not consulted."
A0371,76-80 BRUEN ST,Newark,NJ,NJOGIS Parcels & MOD-IV Composite,USCB16UG,Building-description shorthand; no reliable unit count can be extracted from the description alone,unknown_from_description,,,,insufficient_description_for_unit_count,annual_tax_assessment_records,https://www.nj.gov/treasury/taxation/pdf/lpt/modIVmanual.pdf,"Interpretation uses source_dataset and use_description only; use_code, units, year_built and other fields were not consulted."
A0372,314 SEVENTH ST.,Jersey City,NJ,NJOGIS Parcels & MOD-IV Composite,4S-B-D-7U-NH-G,Building description explicitly indicates 7 units,multifamily_residential,7,7,Stories indicated: 4; Garage indicated; No heat indicated,parsed_explicit_unit_count,annual_tax_assessment_records,https://www.nj.gov/treasury/taxation/pdf/lpt/modIVmanual.pdf,"Interpretation uses source_dataset and use_description only; use_code, units, year_built and other fields were not consulted."
A0373,1315 SPRUCE ST,Berkeley,CA,Alameda County parcels,Alameda County use code (5+ units),Five or more residential units,multifamily_residential,5,,,interpreted_explicit_range,official_update_schedule_unknown,https://propinfo.acgov.org/UseCodeList/,"Interpretation uses source_dataset and use_description only; use_code, units, year_built and other fields were not consulted."
A0374,686 S ARDMORE AVE,Los Angeles,CA,LA County eGIS parcels,Five or more apartments,Five or more apartments,multifamily_residential,5,,,interpreted_explicit_range,official_update_schedule_unknown,https://www.epa.gov/system/files/documents/2023-11/prelim-desig-memo-alamitos-bay-los-cerritos-channel-dominguez-channel-la-long-beach-inner-harbor-watersheds-2023-10-02.pdf,"Interpretation uses source_dataset and use_description only; use_code, units, year_built and other fields were not consulted."
A0375,1880 FULTON ST,San Francisco,CA,DataSF wv5m-vpq2 (2025 roll),Apartment 5 to 14 Units,Apartment property with 5 to 14 units,multifamily_residential,5,14,,interpreted_explicit_range,annual_assessment_roll,https://www.hcd.ca.gov/housing-elements/docs/san-francisco-6th-draft051022.pdf,"Interpretation uses source_dataset and use_description only; use_code, units, year_built and other fields were not consulted."
A0376,ST JAMES ST,Roxbury,MA,Boston Property Assessment FY2026,SUBSD HOUSING S- 8,Subsidized Section 8 housing classification,subsidized_multifamily,,,Section 8 subsidized housing indicator,interpreted_use_only,current_annual_assessment_roll,https://gis.boston.gov/arcgis/rest/services/Assessing/properties_boston_gov/FeatureServer/0,"Interpretation uses source_dataset and use_description only; use_code, units, year_built and other fields were not consulted."
A0377,206 BLOOMFIELD ST,Hoboken,NJ,NJOGIS Parcels & MOD-IV Composite,5B-14U-H-BA,Building description explicitly indicates 14 units,multifamily_residential,14,14,Heat indicated,parsed_explicit_unit_count,annual_tax_assessment_records,https://www.nj.gov/treasury/taxation/pdf/lpt/modIVmanual.pdf,"Interpretation uses source_dataset and use_description only; use_code, units, year_built and other fields were not consulted."
A0378,4053 IDAHO ST,San Diego,CA,SANDAG/SanGIS parcels,SANDAG asr_landuse 14-16 (5+ units),Multiple-residential property in an ASR_LANDUSE category representing 5 or more units,multifamily_residential,5,,ASR_LANDUSE family 14-16,interpreted_explicit_range,legacy_irregularly_maintained,https://www.sandiego.gov/sites/default/files/appendices_-_6-10.pdf,"Interpretation uses source_dataset and use_description only; use_code, units, year_built and other fields were not consulted."
A0379,1336 BRUNNER ST,San Diego,CA,SANDAG/SanGIS parcels,SANDAG asr_landuse 14-16 (5+ units),Multiple-residential property in an ASR_LANDUSE category representing 5 or more units,multifamily_residential,5,,ASR_LANDUSE family 14-16,interpreted_explicit_range,legacy_irregularly_maintained,https://www.sandiego.gov/sites/default/files/appendices_-_6-10.pdf,"Interpretation uses source_dataset and use_description only; use_code, units, year_built and other fields were not consulted."
A0380,GREENVILLE ST,Roxbury,MA,Boston Property Assessment FY2026,SUBSD HOUSING S- 8,Subsidized Section 8 housing classification,subsidized_multifamily,,,Section 8 subsidized housing indicator,interpreted_use_only,current_annual_assessment_roll,https://gis.boston.gov/arcgis/rest/services/Assessing/properties_boston_gov/FeatureServer/0,"Interpretation uses source_dataset and use_description only; use_code, units, year_built and other fields were not consulted."
A0381,521-523 MARKET ST,Newark,NJ,NJOGIS Parcels & MOD-IV Composite,3S.B.,Building-description shorthand; no reliable unit count can be extracted from the description alone,unknown_from_description,,,Stories indicated: 3,insufficient_description_for_unit_count,annual_tax_assessment_records,https://www.nj.gov/treasury/taxation/pdf/lpt/modIVmanual.pdf,"Interpretation uses source_dataset and use_description only; use_code, units, year_built and other fields were not consulted."
A0382,119 DAY ST,San Francisco,CA,DataSF wv5m-vpq2 (2025 roll),Apartment 5 to 14 Units,Apartment property with 5 to 14 units,multifamily_residential,5,14,,interpreted_explicit_range,annual_assessment_roll,https://www.hcd.ca.gov/housing-elements/docs/san-francisco-6th-draft051022.pdf,"Interpretation uses source_dataset and use_description only; use_code, units, year_built and other fields were not consulted."
A0383,1908 CALIFORNIA ST,Berkeley,CA,Alameda County parcels,Alameda County use code (5+ units),Five or more residential units,multifamily_residential,5,,,interpreted_explicit_range,official_update_schedule_unknown,https://propinfo.acgov.org/UseCodeList/,"Interpretation uses source_dataset and use_description only; use_code, units, year_built and other fields were not consulted."
A0384,21 GUERRERO ST,San Francisco,CA,DataSF wv5m-vpq2 (2025 roll),Apartment 5 to 14 Units,Apartment property with 5 to 14 units,multifamily_residential,5,14,,interpreted_explicit_range,annual_assessment_roll,https://www.hcd.ca.gov/housing-elements/docs/san-francisco-6th-draft051022.pdf,"Interpretation uses source_dataset and use_description only; use_code, units, year_built and other fields were not consulted."
A0385,1059 UNION ST,San Francisco,CA,DataSF wv5m-vpq2 (2025 roll),Apartment 15 Units or more,Apartment property with 15 or more units,multifamily_residential,15,,,interpreted_explicit_range,annual_assessment_roll,https://www.hcd.ca.gov/housing-elements/docs/san-francisco-6th-draft051022.pdf,"Interpretation uses source_dataset and use_description only; use_code, units, year_built and other fields were not consulted."
A0386,3654 ARIZONA ST,San Diego,CA,SANDAG/SanGIS parcels,SANDAG asr_landuse 14-16 (5+ units),Multiple-residential property in an ASR_LANDUSE category representing 5 or more units,multifamily_residential,5,,ASR_LANDUSE family 14-16,interpreted_explicit_range,legacy_irregularly_maintained,https://www.sandiego.gov/sites/default/files/appendices_-_6-10.pdf,"Interpretation uses source_dataset and use_description only; use_code, units, year_built and other fields were not consulted."
A0387,10303 CAMINITO ALVAREZ,San Diego,CA,SANDAG/SanGIS parcels,SANDAG asr_landuse 14-16 (5+ units),Multiple-residential property in an ASR_LANDUSE category representing 5 or more units,multifamily_residential,5,,ASR_LANDUSE family 14-16,interpreted_explicit_range,legacy_irregularly_maintained,https://www.sandiego.gov/sites/default/files/appendices_-_6-10.pdf,"Interpretation uses source_dataset and use_description only; use_code, units, year_built and other fields were not consulted."
A0388,157-155 CLERK ST.,Jersey City,NJ,NJOGIS Parcels & MOD-IV Composite,3S-F-D-6U-H,Building description explicitly indicates 6 units,multifamily_residential,6,6,Stories indicated: 3; Heat indicated,parsed_explicit_unit_count,annual_tax_assessment_records,https://www.nj.gov/treasury/taxation/pdf/lpt/modIVmanual.pdf,"Interpretation uses source_dataset and use_description only; use_code, units, year_built and other fields were not consulted."
A0389,923 GARDEN ST,Hoboken,NJ,NJOGIS Parcels & MOD-IV Composite,5B-10U-H-BA,Building description explicitly indicates 10 units,multifamily_residential,10,10,Heat indicated,parsed_explicit_unit_count,annual_tax_assessment_records,https://www.nj.gov/treasury/taxation/pdf/lpt/modIVmanual.pdf,"Interpretation uses source_dataset and use_description only; use_code, units, year_built and other fields were not consulted."
A0390,70 DARCY ST,Newark,NJ,NJOGIS Parcels & MOD-IV Composite,3S.F.,Building-description shorthand; no reliable unit count can be extracted from the description alone,unknown_from_description,,,Stories indicated: 3,insufficient_description_for_unit_count,annual_tax_assessment_records,https://www.nj.gov/treasury/taxation/pdf/lpt/modIVmanual.pdf,"Interpretation uses source_dataset and use_description only; use_code, units, year_built and other fields were not consulted."
A0391,265 22ND ST,San Diego,CA,SANDAG/SanGIS parcels,SANDAG asr_landuse 14-16 (5+ units),Multiple-residential property in an ASR_LANDUSE category representing 5 or more units,multifamily_residential,5,,ASR_LANDUSE family 14-16,interpreted_explicit_range,legacy_irregularly_maintained,https://www.sandiego.gov/sites/default/files/appendices_-_6-10.pdf,"Interpretation uses source_dataset and use_description only; use_code, units, year_built and other fields were not consulted."
A0392,4545 N 39TH ST,San Diego,CA,SANDAG/SanGIS parcels,SANDAG asr_landuse 14-16 (5+ units),Multiple-residential property in an ASR_LANDUSE category representing 5 or more units,multifamily_residential,5,,ASR_LANDUSE family 14-16,interpreted_explicit_range,legacy_irregularly_maintained,https://www.sandiego.gov/sites/default/files/appendices_-_6-10.pdf,"Interpretation uses source_dataset and use_description only; use_code, units, year_built and other fields were not consulted."
A0393,91 JORDAN AVE.,Jersey City,NJ,NJOGIS Parcels & MOD-IV Composite,4S-BA-21U-H,Building description explicitly indicates 21 units,multifamily_residential,21,21,Stories indicated: 4; Heat indicated,parsed_explicit_unit_count,annual_tax_assessment_records,https://www.nj.gov/treasury/taxation/pdf/lpt/modIVmanual.pdf,"Interpretation uses source_dataset and use_description only; use_code, units, year_built and other fields were not consulted."
A0394,45 RAVINE AVE.,Jersey City,NJ,NJOGIS Parcels & MOD-IV Composite,3S-B-A-13U-H,Building description explicitly indicates 13 units,multifamily_residential,13,13,Stories indicated: 3; Heat indicated,parsed_explicit_unit_count,annual_tax_assessment_records,https://www.nj.gov/treasury/taxation/pdf/lpt/modIVmanual.pdf,"Interpretation uses source_dataset and use_description only; use_code, units, year_built and other fields were not consulted."
A0395,1632 RUSSELL ST,Berkeley,CA,Alameda County parcels,Alameda County use code (5+ units),Five or more residential units,multifamily_residential,5,,,interpreted_explicit_range,official_update_schedule_unknown,https://propinfo.acgov.org/UseCodeList/,"Interpretation uses source_dataset and use_description only; use_code, units, year_built and other fields were not consulted."
A0396,3244 CLAIREMONT DR,San Diego,CA,SANDAG/SanGIS parcels,SANDAG asr_landuse 14-16 (5+ units),Multiple-residential property in an ASR_LANDUSE category representing 5 or more units,multifamily_residential,5,,ASR_LANDUSE family 14-16,interpreted_explicit_range,legacy_irregularly_maintained,https://www.sandiego.gov/sites/default/files/appendices_-_6-10.pdf,"Interpretation uses source_dataset and use_description only; use_code, units, year_built and other fields were not consulted."
A0397,1677 BUSH ST,San Francisco,CA,DataSF wv5m-vpq2 (2025 roll),Apartment 15 Units or more,Apartment property with 15 or more units,multifamily_residential,15,,,interpreted_explicit_range,annual_assessment_roll,https://www.hcd.ca.gov/housing-elements/docs/san-francisco-6th-draft051022.pdf,"Interpretation uses source_dataset and use_description only; use_code, units, year_built and other fields were not consulted."
A0398,890 GREEN ST,San Francisco,CA,DataSF wv5m-vpq2 (2025 roll),TIC Bldg 4 units or less,Tenancy-in-common building with 4 units or fewer,residential_tic,,4,Tenancy-in-common classification,interpreted_explicit_range,annual_assessment_roll,https://www.hcd.ca.gov/housing-elements/docs/san-francisco-6th-draft051022.pdf,"Interpretation uses source_dataset and use_description only; use_code, units, year_built and other fields were not consulted."
A0399,227 WILLOW AVE,Hoboken,NJ,NJOGIS Parcels & MOD-IV Composite,4B-9U,Building description explicitly indicates 9 units,multifamily_residential,9,9,,parsed_explicit_unit_count,annual_tax_assessment_records,https://www.nj.gov/treasury/taxation/pdf/lpt/modIVmanual.pdf,"Interpretation uses source_dataset and use_description only; use_code, units, year_built and other fields were not consulted."
A0400,174 MT PROSPECT AVE,Newark,NJ,NJOGIS Parcels & MOD-IV Composite,3SB,Building-description shorthand; no reliable unit count can be extracted from the description alone,unknown_from_description,,,Stories indicated: 3,insufficient_description_for_unit_count,annual_tax_assessment_records,https://www.nj.gov/treasury/taxation/pdf/lpt/modIVmanual.pdf,"Interpretation uses source_dataset and use_description only; use_code, units, year_built and other fields were not consulted."
A0401,257 14TH ST,San Francisco,CA,DataSF wv5m-vpq2 (2025 roll),Apartment 5 to 14 Units,Apartment property with 5 to 14 units,multifamily_residential,5,14,,interpreted_explicit_range,annual_assessment_roll,https://www.hcd.ca.gov/housing-elements/docs/san-francisco-6th-draft051022.pdf,"Interpretation uses source_dataset and use_description only; use_code, units, year_built and other fields were not consulted."
A0402,2914 LARKIN ST,San Francisco,CA,DataSF wv5m-vpq2 (2025 roll),Flats 5 to 14 units,Flats with 5 to 14 units,multifamily_residential,5,14,,interpreted_explicit_range,annual_assessment_roll,https://www.hcd.ca.gov/housing-elements/docs/san-francisco-6th-draft051022.pdf,"Interpretation uses source_dataset and use_description only; use_code, units, year_built and other fields were not consulted."
A0403,45 Myrtle ST,Boston,MA,Boston Property Assessment FY2026,SUBSD HOUSING S- 8,Subsidized Section 8 housing classification,subsidized_multifamily,,,Section 8 subsidized housing indicator,interpreted_use_only,current_annual_assessment_roll,https://gis.boston.gov/arcgis/rest/services/Assessing/properties_boston_gov/FeatureServer/0,"Interpretation uses source_dataset and use_description only; use_code, units, year_built and other fields were not consulted."
A0404,240 BOWERS ST.,Jersey City,NJ,NJOGIS Parcels & MOD-IV Composite,3S-F-D-8U-H,Building description explicitly indicates 8 units,multifamily_residential,8,8,Stories indicated: 3; Heat indicated,parsed_explicit_unit_count,annual_tax_assessment_records,https://www.nj.gov/treasury/taxation/pdf/lpt/modIVmanual.pdf,"Interpretation uses source_dataset and use_description only; use_code, units, year_built and other fields were not consulted."
A0405,10214 FERNGLEN AVE,Los Angeles,CA,LA County eGIS parcels,Five or more apartments,Five or more apartments,multifamily_residential,5,,,interpreted_explicit_range,official_update_schedule_unknown,https://www.epa.gov/system/files/documents/2023-11/prelim-desig-memo-alamitos-bay-los-cerritos-channel-dominguez-channel-la-long-beach-inner-harbor-watersheds-2023-10-02.pdf,"Interpretation uses source_dataset and use_description only; use_code, units, year_built and other fields were not consulted."
A0406,170 W Springfield ST,Boston,MA,Boston Property Assessment FY2026,SUBSD HOUSING S- 8,Subsidized Section 8 housing classification,subsidized_multifamily,,,Section 8 subsidized housing indicator,interpreted_use_only,current_annual_assessment_roll,https://gis.boston.gov/arcgis/rest/services/Assessing/properties_boston_gov/FeatureServer/0,"Interpretation uses source_dataset and use_description only; use_code, units, year_built and other fields were not consulted."
A0407,4188 GREENBUSH AVE,Los Angeles,CA,LA County eGIS parcels,Five or more apartments,Five or more apartments,multifamily_residential,5,,,interpreted_explicit_range,official_update_schedule_unknown,https://www.epa.gov/system/files/documents/2023-11/prelim-desig-memo-alamitos-bay-los-cerritos-channel-dominguez-channel-la-long-beach-inner-harbor-watersheds-2023-10-02.pdf,"Interpretation uses source_dataset and use_description only; use_code, units, year_built and other fields were not consulted."
A0408,14375 POLK ST,Los Angeles,CA,LA County eGIS parcels,Five or more apartments,Five or more apartments,multifamily_residential,5,,,interpreted_explicit_range,official_update_schedule_unknown,https://www.epa.gov/system/files/documents/2023-11/prelim-desig-memo-alamitos-bay-los-cerritos-channel-dominguez-channel-la-long-beach-inner-harbor-watersheds-2023-10-02.pdf,"Interpretation uses source_dataset and use_description only; use_code, units, year_built and other fields were not consulted."
A0409,4428 GRESHAM ST,San Diego,CA,SANDAG/SanGIS parcels,SANDAG asr_landuse 14-16 (5+ units),Multiple-residential property in an ASR_LANDUSE category representing 5 or more units,multifamily_residential,5,,ASR_LANDUSE family 14-16,interpreted_explicit_range,legacy_irregularly_maintained,https://www.sandiego.gov/sites/default/files/appendices_-_6-10.pdf,"Interpretation uses source_dataset and use_description only; use_code, units, year_built and other fields were not consulted."
A0410,319 SUMMIT AVE.,Jersey City,NJ,NJOGIS Parcels & MOD-IV Composite,4-S-BT-21U-H,Building description explicitly indicates 21 units,multifamily_residential,21,21,Heat indicated,parsed_explicit_unit_count,annual_tax_assessment_records,https://www.nj.gov/treasury/taxation/pdf/lpt/modIVmanual.pdf,"Interpretation uses source_dataset and use_description only; use_code, units, year_built and other fields were not consulted."
A0411,1833 BERKELEY WAY,Berkeley,CA,Alameda County parcels,Alameda County use code (5+ units),Five or more residential units,multifamily_residential,5,,,interpreted_explicit_range,official_update_schedule_unknown,https://propinfo.acgov.org/UseCodeList/,"Interpretation uses source_dataset and use_description only; use_code, units, year_built and other fields were not consulted."
A0412,229-231 GRAFTON AVE,Newark,NJ,NJOGIS Parcels & MOD-IV Composite,3SF,Building-description shorthand; no reliable unit count can be extracted from the description alone,unknown_from_description,,,Stories indicated: 3,insufficient_description_for_unit_count,annual_tax_assessment_records,https://www.nj.gov/treasury/taxation/pdf/lpt/modIVmanual.pdf,"Interpretation uses source_dataset and use_description only; use_code, units, year_built and other fields were not consulted."
A0413,2209 GRAND AVE,San Diego,CA,SANDAG/SanGIS parcels,SANDAG asr_landuse 14-16 (5+ units),Multiple-residential property in an ASR_LANDUSE category representing 5 or more units,multifamily_residential,5,,ASR_LANDUSE family 14-16,interpreted_explicit_range,legacy_irregularly_maintained,https://www.sandiego.gov/sites/default/files/appendices_-_6-10.pdf,"Interpretation uses source_dataset and use_description only; use_code, units, year_built and other fields were not consulted."
A0414,1987 CALIFORNIA ST,San Francisco,CA,DataSF wv5m-vpq2 (2025 roll),Apartment 5 to 14 Units,Apartment property with 5 to 14 units,multifamily_residential,5,14,,interpreted_explicit_range,annual_assessment_roll,https://www.hcd.ca.gov/housing-elements/docs/san-francisco-6th-draft051022.pdf,"Interpretation uses source_dataset and use_description only; use_code, units, year_built and other fields were not consulted."
A0415,95 WAYNE ST.,Jersey City,NJ,NJOGIS Parcels & MOD-IV Composite,4S-B-A-46U-H,Building description explicitly indicates 46 units,multifamily_residential,46,46,Stories indicated: 4; Heat indicated,parsed_explicit_unit_count,annual_tax_assessment_records,https://www.nj.gov/treasury/taxation/pdf/lpt/modIVmanual.pdf,"Interpretation uses source_dataset and use_description only; use_code, units, year_built and other fields were not consulted."
A0416,882 PAVONIA AVE.,Jersey City,NJ,NJOGIS Parcels & MOD-IV Composite,5S-BT-B-C-21U-H,Building description explicitly indicates 21 units,multifamily_residential,21,21,Stories indicated: 5; Heat indicated,parsed_explicit_unit_count,annual_tax_assessment_records,https://www.nj.gov/treasury/taxation/pdf/lpt/modIVmanual.pdf,"Interpretation uses source_dataset and use_description only; use_code, units, year_built and other fields were not consulted."
A0417,4957 CAHUENGA BLVD,Los Angeles,CA,LA County eGIS parcels,Five or more apartments,Five or more apartments,multifamily_residential,5,,,interpreted_explicit_range,official_update_schedule_unknown,https://www.epa.gov/system/files/documents/2023-11/prelim-desig-memo-alamitos-bay-los-cerritos-channel-dominguez-channel-la-long-beach-inner-harbor-watersheds-2023-10-02.pdf,"Interpretation uses source_dataset and use_description only; use_code, units, year_built and other fields were not consulted."
A0418,221 SIP AVE.,Jersey City,NJ,NJOGIS Parcels & MOD-IV Composite,3S-FD-12U-H,Building description explicitly indicates 12 units,multifamily_residential,12,12,Stories indicated: 3; Heat indicated,parsed_explicit_unit_count,annual_tax_assessment_records,https://www.nj.gov/treasury/taxation/pdf/lpt/modIVmanual.pdf,"Interpretation uses source_dataset and use_description only; use_code, units, year_built and other fields were not consulted."
A0419,1538 HENRY ST,Berkeley,CA,Alameda County parcels,Alameda County use code (5+ units),Five or more residential units,multifamily_residential,5,,,interpreted_explicit_range,official_update_schedule_unknown,https://propinfo.acgov.org/UseCodeList/,"Interpretation uses source_dataset and use_description only; use_code, units, year_built and other fields were not consulted."
A0420,4419 CLEVELAND AVE,San Diego,CA,SANDAG/SanGIS parcels,SANDAG asr_landuse 14-16 (5+ units),Multiple-residential property in an ASR_LANDUSE category representing 5 or more units,multifamily_residential,5,,ASR_LANDUSE family 14-16,interpreted_explicit_range,legacy_irregularly_maintained,https://www.sandiego.gov/sites/default/files/appendices_-_6-10.pdf,"Interpretation uses source_dataset and use_description only; use_code, units, year_built and other fields were not consulted."
A0421,17106 CHATSWORTH ST   APT 0001,Los Angeles,CA,LA County eGIS parcels,Five or more apartments,Five or more apartments,multifamily_residential,5,,,interpreted_explicit_range,official_update_schedule_unknown,https://www.epa.gov/system/files/documents/2023-11/prelim-desig-memo-alamitos-bay-los-cerritos-channel-dominguez-channel-la-long-beach-inner-harbor-watersheds-2023-10-02.pdf,"Interpretation uses source_dataset and use_description only; use_code, units, year_built and other fields were not consulted."
A0422,21-23 Marion St,Cambridge,MA,Cambridge Property Database FY2026 (waa7-ibdu),4-8-UNIT-APT,Apartment property with 4 to 8 units,multifamily_residential,4,8,,interpreted_explicit_range,current_annual_assessment_roll,https://www.cambridgema.gov/gis/gisdatadictionary/cdd/cdd_landuse,"Interpretation uses source_dataset and use_description only; use_code, units, year_built and other fields were not consulted."
A0423,10 CAMELOT CT,Brighton,MA,Boston Property Assessment FY2026,APT 7-30 UNITS,Apartment property with 7 to 30 units,multifamily_residential,7,30,,interpreted_explicit_range,current_annual_assessment_roll,https://gis.boston.gov/arcgis/rest/services/Assessing/properties_boston_gov/FeatureServer/0,"Interpretation uses source_dataset and use_description only; use_code, units, year_built and other fields were not consulted."
A0424,208 JEFFERSON ST,Hoboken,NJ,NJOGIS Parcels & MOD-IV Composite,4F-8U,Building description explicitly indicates 8 units,multifamily_residential,8,8,,parsed_explicit_unit_count,annual_tax_assessment_records,https://www.nj.gov/treasury/taxation/pdf/lpt/modIVmanual.pdf,"Interpretation uses source_dataset and use_description only; use_code, units, year_built and other fields were not consulted."
A0425,650 POST ST,San Francisco,CA,DataSF wv5m-vpq2 (2025 roll),Apartment 15 Units or more,Apartment property with 15 or more units,multifamily_residential,15,,,interpreted_explicit_range,annual_assessment_roll,https://www.hcd.ca.gov/housing-elements/docs/san-francisco-6th-draft051022.pdf,"Interpretation uses source_dataset and use_description only; use_code, units, year_built and other fields were not consulted."
A0426,1307 COLUSA ST,San Diego,CA,SANDAG/SanGIS parcels,SANDAG asr_landuse 14-16 (5+ units),Multiple-residential property in an ASR_LANDUSE category representing 5 or more units,multifamily_residential,5,,ASR_LANDUSE family 14-16,interpreted_explicit_range,legacy_irregularly_maintained,https://www.sandiego.gov/sites/default/files/appendices_-_6-10.pdf,"Interpretation uses source_dataset and use_description only; use_code, units, year_built and other fields were not consulted."
A0427,7665 FOUNTAIN AVE,Los Angeles,CA,LA County eGIS parcels,Five or more apartments,Five or more apartments,multifamily_residential,5,,,interpreted_explicit_range,official_update_schedule_unknown,https://www.epa.gov/system/files/documents/2023-11/prelim-desig-memo-alamitos-bay-los-cerritos-channel-dominguez-channel-la-long-beach-inner-harbor-watersheds-2023-10-02.pdf,"Interpretation uses source_dataset and use_description only; use_code, units, year_built and other fields were not consulted."
A0428,312-314 MT PROSPECT AVE,Newark,NJ,NJOGIS Parcels & MOD-IV Composite,Apartments (class 4C),Apartments; New Jersey property tax class 4C,multifamily_residential,,,Class 4C,interpreted_use_only,annual_tax_assessment_records,https://www.nj.gov/treasury/taxation/pdf/lpt/modIVmanual.pdf,"Interpretation uses source_dataset and use_description only; use_code, units, year_built and other fields were not consulted."
A0429,12 BLACKWOOD ST,Boston,MA,Boston Property Assessment FY2026,APT 7-30 UNITS,Apartment property with 7 to 30 units,multifamily_residential,7,30,,interpreted_explicit_range,current_annual_assessment_roll,https://gis.boston.gov/arcgis/rest/services/Assessing/properties_boston_gov/FeatureServer/0,"Interpretation uses source_dataset and use_description only; use_code, units, year_built and other fields were not consulted."
A0430,1950 ADDISON ST,Berkeley,CA,Alameda County parcels,Alameda County use code (5+ units),Five or more residential units,multifamily_residential,5,,,interpreted_explicit_range,official_update_schedule_unknown,https://propinfo.acgov.org/UseCodeList/,"Interpretation uses source_dataset and use_description only; use_code, units, year_built and other fields were not consulted."
A0431,245 EUCLID AVE,San Diego,CA,SANDAG/SanGIS parcels,SANDAG asr_landuse 14-16 (5+ units),Multiple-residential property in an ASR_LANDUSE category representing 5 or more units,multifamily_residential,5,,ASR_LANDUSE family 14-16,interpreted_explicit_range,legacy_irregularly_maintained,https://www.sandiego.gov/sites/default/files/appendices_-_6-10.pdf,"Interpretation uses source_dataset and use_description only; use_code, units, year_built and other fields were not consulted."
A0432,14605 RAYEN ST,Los Angeles,CA,LA County eGIS parcels,Five or more apartments,Five or more apartments,multifamily_residential,5,,,interpreted_explicit_range,official_update_schedule_unknown,https://www.epa.gov/system/files/documents/2023-11/prelim-desig-memo-alamitos-bay-los-cerritos-channel-dominguez-channel-la-long-beach-inner-harbor-watersheds-2023-10-02.pdf,"Interpretation uses source_dataset and use_description only; use_code, units, year_built and other fields were not consulted."
A0433,720 W 27TH ST,Los Angeles,CA,LA County eGIS parcels,Five or more apartments,Five or more apartments,multifamily_residential,5,,,interpreted_explicit_range,official_update_schedule_unknown,https://www.epa.gov/system/files/documents/2023-11/prelim-desig-memo-alamitos-bay-los-cerritos-channel-dominguez-channel-la-long-beach-inner-harbor-watersheds-2023-10-02.pdf,"Interpretation uses source_dataset and use_description only; use_code, units, year_built and other fields were not consulted."
A0434,1225 HYDE ST,San Francisco,CA,DataSF wv5m-vpq2 (2025 roll),Apartment 5 to 14 Units,Apartment property with 5 to 14 units,multifamily_residential,5,14,,interpreted_explicit_range,annual_assessment_roll,https://www.hcd.ca.gov/housing-elements/docs/san-francisco-6th-draft051022.pdf,"Interpretation uses source_dataset and use_description only; use_code, units, year_built and other fields were not consulted."
A0435,310 MONROE ST,Hoboken,NJ,NJOGIS Parcels & MOD-IV Composite,4B-8U-H,Building description explicitly indicates 8 units,multifamily_residential,8,8,Heat indicated,parsed_explicit_unit_count,annual_tax_assessment_records,https://www.nj.gov/treasury/taxation/pdf/lpt/modIVmanual.pdf,"Interpretation uses source_dataset and use_description only; use_code, units, year_built and other fields were not consulted."
A0436,832 WILLOW AVE,Hoboken,NJ,NJOGIS Parcels & MOD-IV Composite,5B-6B-25U-H-BA,Building description explicitly indicates 25 units,multifamily_residential,25,25,Heat indicated,parsed_explicit_unit_count,annual_tax_assessment_records,https://www.nj.gov/treasury/taxation/pdf/lpt/modIVmanual.pdf,"Interpretation uses source_dataset and use_description only; use_code, units, year_built and other fields were not consulted."
A0437,2969 SAN MARINO ST,Los Angeles,CA,LA County eGIS parcels,Five or more apartments,Five or more apartments,multifamily_residential,5,,,interpreted_explicit_range,official_update_schedule_unknown,https://www.epa.gov/system/files/documents/2023-11/prelim-desig-memo-alamitos-bay-los-cerritos-channel-dominguez-channel-la-long-beach-inner-harbor-watersheds-2023-10-02.pdf,"Interpretation uses source_dataset and use_description only; use_code, units, year_built and other fields were not consulted."
A0438,60-62 CAMBRIDGE AVE,Jersey City,NJ,NJOGIS Parcels & MOD-IV Composite,3S-F-A-12U-H,Building description explicitly indicates 12 units,multifamily_residential,12,12,Stories indicated: 3; Heat indicated,parsed_explicit_unit_count,annual_tax_assessment_records,https://www.nj.gov/treasury/taxation/pdf/lpt/modIVmanual.pdf,"Interpretation uses source_dataset and use_description only; use_code, units, year_built and other fields were not consulted."
A0439,225 25TH AV,San Francisco,CA,DataSF wv5m-vpq2 (2025 roll),Apartment 5 to 14 Units,Apartment property with 5 to 14 units,multifamily_residential,5,14,,interpreted_explicit_range,annual_assessment_roll,https://www.hcd.ca.gov/housing-elements/docs/san-francisco-6th-draft051022.pdf,"Interpretation uses source_dataset and use_description only; use_code, units, year_built and other fields were not consulted."
A0440,4042 FULTON ST,San Francisco,CA,DataSF wv5m-vpq2 (2025 roll),Apartment 5 to 14 Units,Apartment property with 5 to 14 units,multifamily_residential,5,14,,interpreted_explicit_range,annual_assessment_roll,https://www.hcd.ca.gov/housing-elements/docs/san-francisco-6th-draft051022.pdf,"Interpretation uses source_dataset and use_description only; use_code, units, year_built and other fields were not consulted."
A0441,4017 ILLINOIS ST,San Diego,CA,SANDAG/SanGIS parcels,SANDAG asr_landuse 14-16 (5+ units),Multiple-residential property in an ASR_LANDUSE category representing 5 or more units,multifamily_residential,5,,ASR_LANDUSE family 14-16,interpreted_explicit_range,legacy_irregularly_maintained,https://www.sandiego.gov/sites/default/files/appendices_-_6-10.pdf,"Interpretation uses source_dataset and use_description only; use_code, units, year_built and other fields were not consulted."
A0442,7014 LANEWOOD AVE,Los Angeles,CA,LA County eGIS parcels,Five or more apartments,Five or more apartments,multifamily_residential,5,,,interpreted_explicit_range,official_update_schedule_unknown,https://www.epa.gov/system/files/documents/2023-11/prelim-desig-memo-alamitos-bay-los-cerritos-channel-dominguez-channel-la-long-beach-inner-harbor-watersheds-2023-10-02.pdf,"Interpretation uses source_dataset and use_description only; use_code, units, year_built and other fields were not consulted."
A0443,3526 FAIRMOUNT AVE,San Diego,CA,SANDAG/SanGIS parcels,SANDAG asr_landuse 14-16 (5+ units),Multiple-residential property in an ASR_LANDUSE category representing 5 or more units,multifamily_residential,5,,ASR_LANDUSE family 14-16,interpreted_explicit_range,legacy_irregularly_maintained,https://www.sandiego.gov/sites/default/files/appendices_-_6-10.pdf,"Interpretation uses source_dataset and use_description only; use_code, units, year_built and other fields were not consulted."
A0444,231 COMMONWEALTH AV,Boston,MA,Boston Property Assessment FY2026,APT 7-30 UNITS,Apartment property with 7 to 30 units,multifamily_residential,7,30,,interpreted_explicit_range,current_annual_assessment_roll,https://gis.boston.gov/arcgis/rest/services/Assessing/properties_boston_gov/FeatureServer/0,"Interpretation uses source_dataset and use_description only; use_code, units, year_built and other fields were not consulted."
A0445,8790 VAN NUYS BLVD,Los Angeles,CA,LA County eGIS parcels,Five or more apartments,Five or more apartments,multifamily_residential,5,,,interpreted_explicit_range,official_update_schedule_unknown,https://www.epa.gov/system/files/documents/2023-11/prelim-desig-memo-alamitos-bay-los-cerritos-channel-dominguez-channel-la-long-beach-inner-harbor-watersheds-2023-10-02.pdf,"Interpretation uses source_dataset and use_description only; use_code, units, year_built and other fields were not consulted."
A0446,610 COLUMBUS AV,Boston,MA,Boston Property Assessment FY2026,APT 7-30 UNITS,Apartment property with 7 to 30 units,multifamily_residential,7,30,,interpreted_explicit_range,current_annual_assessment_roll,https://gis.boston.gov/arcgis/rest/services/Assessing/properties_boston_gov/FeatureServer/0,"Interpretation uses source_dataset and use_description only; use_code, units, year_built and other fields were not consulted."
A0447,208 CLINTON ST,Hoboken,NJ,NJOGIS Parcels & MOD-IV Composite,5B-35U-G,Building description explicitly indicates 35 units,multifamily_residential,35,35,Garage indicated,parsed_explicit_unit_count,annual_tax_assessment_records,https://www.nj.gov/treasury/taxation/pdf/lpt/modIVmanual.pdf,"Interpretation uses source_dataset and use_description only; use_code, units, year_built and other fields were not consulted."
A0448,151-153 LAFAYETTE ST,Newark,NJ,NJOGIS Parcels & MOD-IV Composite,3SB,Building-description shorthand; no reliable unit count can be extracted from the description alone,unknown_from_description,,,Stories indicated: 3,insufficient_description_for_unit_count,annual_tax_assessment_records,https://www.nj.gov/treasury/taxation/pdf/lpt/modIVmanual.pdf,"Interpretation uses source_dataset and use_description only; use_code, units, year_built and other fields were not consulted."
A0449,338 CLINTON PL,Newark,NJ,NJOGIS Parcels & MOD-IV Composite,3SB,Building-description shorthand; no reliable unit count can be extracted from the description alone,unknown_from_description,,,Stories indicated: 3,insufficient_description_for_unit_count,annual_tax_assessment_records,https://www.nj.gov/treasury/taxation/pdf/lpt/modIVmanual.pdf,"Interpretation uses source_dataset and use_description only; use_code, units, year_built and other fields were not consulted."
A0450,94 NEPTUNE AVE.,Jersey City,NJ,NJOGIS Parcels & MOD-IV Composite,3S-F-D-6U-NH,Building description explicitly indicates 6 units,multifamily_residential,6,6,Stories indicated: 3; No heat indicated,parsed_explicit_unit_count,annual_tax_assessment_records,https://www.nj.gov/treasury/taxation/pdf/lpt/modIVmanual.pdf,"Interpretation uses source_dataset and use_description only; use_code, units, year_built and other fields were not consulted."
A0451,7300 VALMONT ST,Los Angeles,CA,LA County eGIS parcels,Five or more apartments,Five or more apartments,multifamily_residential,5,,,interpreted_explicit_range,official_update_schedule_unknown,https://www.epa.gov/system/files/documents/2023-11/prelim-desig-memo-alamitos-bay-los-cerritos-channel-dominguez-channel-la-long-beach-inner-harbor-watersheds-2023-10-02.pdf,"Interpretation uses source_dataset and use_description only; use_code, units, year_built and other fields were not consulted."
A0452,1310 N LAS PALMAS AVE,Los Angeles,CA,LA County eGIS parcels,Five or more apartments,Five or more apartments,multifamily_residential,5,,,interpreted_explicit_range,official_update_schedule_unknown,https://www.epa.gov/system/files/documents/2023-11/prelim-desig-memo-alamitos-bay-los-cerritos-channel-dominguez-channel-la-long-beach-inner-harbor-watersheds-2023-10-02.pdf,"Interpretation uses source_dataset and use_description only; use_code, units, year_built and other fields were not consulted."
A0453,11 Carlisle St,Cambridge,MA,Cambridge Property Database FY2026 (waa7-ibdu),4-8-UNIT-APT,Apartment property with 4 to 8 units,multifamily_residential,4,8,,interpreted_explicit_range,current_annual_assessment_roll,https://www.cambridgema.gov/gis/gisdatadictionary/cdd/cdd_landuse,"Interpretation uses source_dataset and use_description only; use_code, units, year_built and other fields were not consulted."
A0454,8944 COLUMBUS AVE,Los Angeles,CA,LA County eGIS parcels,Five or more apartments,Five or more apartments,multifamily_residential,5,,,interpreted_explicit_range,official_update_schedule_unknown,https://www.epa.gov/system/files/documents/2023-11/prelim-desig-memo-alamitos-bay-los-cerritos-channel-dominguez-channel-la-long-beach-inner-harbor-watersheds-2023-10-02.pdf,"Interpretation uses source_dataset and use_description only; use_code, units, year_built and other fields were not consulted."
A0455,78 STEVENS AVE.,Jersey City,NJ,NJOGIS Parcels & MOD-IV Composite,4S-B-A-17U-H,Building description explicitly indicates 17 units,multifamily_residential,17,17,Stories indicated: 4; Heat indicated,parsed_explicit_unit_count,annual_tax_assessment_records,https://www.nj.gov/treasury/taxation/pdf/lpt/modIVmanual.pdf,"Interpretation uses source_dataset and use_description only; use_code, units, year_built and other fields were not consulted."
A0456,2151 CHATSWORTH BLVD,San Diego,CA,SANDAG/SanGIS parcels,SANDAG asr_landuse 14-16 (5+ units),Multiple-residential property in an ASR_LANDUSE category representing 5 or more units,multifamily_residential,5,,ASR_LANDUSE family 14-16,interpreted_explicit_range,legacy_irregularly_maintained,https://www.sandiego.gov/sites/default/files/appendices_-_6-10.pdf,"Interpretation uses source_dataset and use_description only; use_code, units, year_built and other fields were not consulted."
A0457,1856 GREEN ST,San Francisco,CA,DataSF wv5m-vpq2 (2025 roll),Apartment 5 to 14 Units,Apartment property with 5 to 14 units,multifamily_residential,5,14,,interpreted_explicit_range,annual_assessment_roll,https://www.hcd.ca.gov/housing-elements/docs/san-francisco-6th-draft051022.pdf,"Interpretation uses source_dataset and use_description only; use_code, units, year_built and other fields were not consulted."
A0458,1670 E 48TH PL,Los Angeles,CA,LA County eGIS parcels,Five or more apartments,Five or more apartments,multifamily_residential,5,,,interpreted_explicit_range,official_update_schedule_unknown,https://www.epa.gov/system/files/documents/2023-11/prelim-desig-memo-alamitos-bay-los-cerritos-channel-dominguez-channel-la-long-beach-inner-harbor-watersheds-2023-10-02.pdf,"Interpretation uses source_dataset and use_description only; use_code, units, year_built and other fields were not consulted."
A0459,202 SOUTH ST.,Jersey City,NJ,NJOGIS Parcels & MOD-IV Composite,3S-F-7U,Building description explicitly indicates 7 units,multifamily_residential,7,7,Stories indicated: 3,parsed_explicit_unit_count,annual_tax_assessment_records,https://www.nj.gov/treasury/taxation/pdf/lpt/modIVmanual.pdf,"Interpretation uses source_dataset and use_description only; use_code, units, year_built and other fields were not consulted."
A0460,223-229 SHEPHARD AVE,Newark,NJ,NJOGIS Parcels & MOD-IV Composite,3SB,Building-description shorthand; no reliable unit count can be extracted from the description alone,unknown_from_description,,,Stories indicated: 3,insufficient_description_for_unit_count,annual_tax_assessment_records,https://www.nj.gov/treasury/taxation/pdf/lpt/modIVmanual.pdf,"Interpretation uses source_dataset and use_description only; use_code, units, year_built and other fields were not consulted."
A0461,735 11TH AV,San Francisco,CA,DataSF wv5m-vpq2 (2025 roll),Apartment 5 to 14 Units,Apartment property with 5 to 14 units,multifamily_residential,5,14,,interpreted_explicit_range,annual_assessment_roll,https://www.hcd.ca.gov/housing-elements/docs/san-francisco-6th-draft051022.pdf,"Interpretation uses source_dataset and use_description only; use_code, units, year_built and other fields were not consulted."
A0462,128 ST. PAULS AVE.,Jersey City,NJ,NJOGIS Parcels & MOD-IV Composite,3S-F-D-6U,Building description explicitly indicates 6 units,multifamily_residential,6,6,Stories indicated: 3,parsed_explicit_unit_count,annual_tax_assessment_records,https://www.nj.gov/treasury/taxation/pdf/lpt/modIVmanual.pdf,"Interpretation uses source_dataset and use_description only; use_code, units, year_built and other fields were not consulted."
A0463,4 BEECHWOOD ST,Dorchester,MA,Boston Property Assessment FY2026,SUBSD HOUSING S- 8,Subsidized Section 8 housing classification,subsidized_multifamily,,,Section 8 subsidized housing indicator,interpreted_use_only,current_annual_assessment_roll,https://gis.boston.gov/arcgis/rest/services/Assessing/properties_boston_gov/FeatureServer/0,"Interpretation uses source_dataset and use_description only; use_code, units, year_built and other fields were not consulted."
A0464,2-98 DABNEY ST,Roxbury,MA,Boston Property Assessment FY2026,SUBSD HOUSING S- 8,Subsidized Section 8 housing classification,subsidized_multifamily,,,Section 8 subsidized housing indicator,interpreted_use_only,current_annual_assessment_roll,https://gis.boston.gov/arcgis/rest/services/Assessing/properties_boston_gov/FeatureServer/0,"Interpretation uses source_dataset and use_description only; use_code, units, year_built and other fields were not consulted."
A0465,141 Oxford St,Cambridge,MA,Cambridge Property Database FY2026 (waa7-ibdu),4-8-UNIT-APT,Apartment property with 4 to 8 units,multifamily_residential,4,8,,interpreted_explicit_range,current_annual_assessment_roll,https://www.cambridgema.gov/gis/gisdatadictionary/cdd/cdd_landuse,"Interpretation uses source_dataset and use_description only; use_code, units, year_built and other fields were not consulted."
A0466,115 NORWAY ST,Boston,MA,Boston Property Assessment FY2026,APT 7-30 UNITS,Apartment property with 7 to 30 units,multifamily_residential,7,30,,interpreted_explicit_range,current_annual_assessment_roll,https://gis.boston.gov/arcgis/rest/services/Assessing/properties_boston_gov/FeatureServer/0,"Interpretation uses source_dataset and use_description only; use_code, units, year_built and other fields were not consulted."
A0467,24 ST ALBANS RD,Boston,MA,Boston Property Assessment FY2026,SUBSD HOUSING S- 8,Subsidized Section 8 housing classification,subsidized_multifamily,,,Section 8 subsidized housing indicator,interpreted_use_only,current_annual_assessment_roll,https://gis.boston.gov/arcgis/rest/services/Assessing/properties_boston_gov/FeatureServer/0,"Interpretation uses source_dataset and use_description only; use_code, units, year_built and other fields were not consulted."
A0468,13 Shepard St,Cambridge,MA,Cambridge Property Database FY2026 (waa7-ibdu),4-8-UNIT-APT,Apartment property with 4 to 8 units,multifamily_residential,4,8,,interpreted_explicit_range,current_annual_assessment_roll,https://www.cambridgema.gov/gis/gisdatadictionary/cdd/cdd_landuse,"Interpretation uses source_dataset and use_description only; use_code, units, year_built and other fields were not consulted."
A0469,2701 SHATTUCK AVE,Berkeley,CA,Alameda County parcels,Alameda County use code (5+ units),Five or more residential units,multifamily_residential,5,,,interpreted_explicit_range,official_update_schedule_unknown,https://propinfo.acgov.org/UseCodeList/,"Interpretation uses source_dataset and use_description only; use_code, units, year_built and other fields were not consulted."
A0470,1919 CURTIS ST,Berkeley,CA,Alameda County parcels,Alameda County use code (5+ units),Five or more residential units,multifamily_residential,5,,,interpreted_explicit_range,official_update_schedule_unknown,https://propinfo.acgov.org/UseCodeList/,"Interpretation uses source_dataset and use_description only; use_code, units, year_built and other fields were not consulted."
A0471,332-334 GARDEN ST,Hoboken,NJ,NJOGIS Parcels & MOD-IV Composite,4 1/2B-10U-BA,Building description explicitly indicates 10 units,multifamily_residential,10,10,,parsed_explicit_unit_count,annual_tax_assessment_records,https://www.nj.gov/treasury/taxation/pdf/lpt/modIVmanual.pdf,"Interpretation uses source_dataset and use_description only; use_code, units, year_built and other fields were not consulted."
A0472,321 WILLOW AVE,Hoboken,NJ,NJOGIS Parcels & MOD-IV Composite,5B-12U-BA,Building description explicitly indicates 12 units,multifamily_residential,12,12,,parsed_explicit_unit_count,annual_tax_assessment_records,https://www.nj.gov/treasury/taxation/pdf/lpt/modIVmanual.pdf,"Interpretation uses source_dataset and use_description only; use_code, units, year_built and other fields were not consulted."
A0473,20 Phillips ST,Boston,MA,Boston Property Assessment FY2026,APT 7-30 UNITS,Apartment property with 7 to 30 units,multifamily_residential,7,30,,interpreted_explicit_range,current_annual_assessment_roll,https://gis.boston.gov/arcgis/rest/services/Assessing/properties_boston_gov/FeatureServer/0,"Interpretation uses source_dataset and use_description only; use_code, units, year_built and other fields were not consulted."
A0474,3438 MCKINLEY AVE,Los Angeles,CA,LA County eGIS parcels,Five or more apartments,Five or more apartments,multifamily_residential,5,,,interpreted_explicit_range,official_update_schedule_unknown,https://www.epa.gov/system/files/documents/2023-11/prelim-desig-memo-alamitos-bay-los-cerritos-channel-dominguez-channel-la-long-beach-inner-harbor-watersheds-2023-10-02.pdf,"Interpretation uses source_dataset and use_description only; use_code, units, year_built and other fields were not consulted."
A0475,361 FIRST ST,Hoboken,NJ,NJOGIS Parcels & MOD-IV Composite,4B-7U-H,Building description explicitly indicates 7 units,multifamily_residential,7,7,Heat indicated,parsed_explicit_unit_count,annual_tax_assessment_records,https://www.nj.gov/treasury/taxation/pdf/lpt/modIVmanual.pdf,"Interpretation uses source_dataset and use_description only; use_code, units, year_built and other fields were not consulted."
A0476,26-28 COTTAGE ST,Newark,NJ,NJOGIS Parcels & MOD-IV Composite,2SF2UG,Building-description shorthand; no reliable unit count can be extracted from the description alone,unknown_from_description,,,,insufficient_description_for_unit_count,annual_tax_assessment_records,https://www.nj.gov/treasury/taxation/pdf/lpt/modIVmanual.pdf,"Interpretation uses source_dataset and use_description only; use_code, units, year_built and other fields were not consulted."
A0477,2250 MISSION ST,San Francisco,CA,DataSF wv5m-vpq2 (2025 roll),Apartment 15 Units or more,Apartment property with 15 or more units,multifamily_residential,15,,,interpreted_explicit_range,annual_assessment_roll,https://www.hcd.ca.gov/housing-elements/docs/san-francisco-6th-draft051022.pdf,"Interpretation uses source_dataset and use_description only; use_code, units, year_built and other fields were not consulted."
A0478,3860 CHEROKEE AVE,San Diego,CA,SANDAG/SanGIS parcels,SANDAG asr_landuse 14-16 (5+ units),Multiple-residential property in an ASR_LANDUSE category representing 5 or more units,multifamily_residential,5,,ASR_LANDUSE family 14-16,interpreted_explicit_range,legacy_irregularly_maintained,https://www.sandiego.gov/sites/default/files/appendices_-_6-10.pdf,"Interpretation uses source_dataset and use_description only; use_code, units, year_built and other fields were not consulted."
A0479,12948 MOORPARK ST,Los Angeles,CA,LA County eGIS parcels,Five or more apartments,Five or more apartments,multifamily_residential,5,,,interpreted_explicit_range,official_update_schedule_unknown,https://www.epa.gov/system/files/documents/2023-11/prelim-desig-memo-alamitos-bay-los-cerritos-channel-dominguez-channel-la-long-beach-inner-harbor-watersheds-2023-10-02.pdf,"Interpretation uses source_dataset and use_description only; use_code, units, year_built and other fields were not consulted."
A0480,4046 N 43RD ST,San Diego,CA,SANDAG/SanGIS parcels,SANDAG asr_landuse 14-16 (5+ units),Multiple-residential property in an ASR_LANDUSE category representing 5 or more units,multifamily_residential,5,,ASR_LANDUSE family 14-16,interpreted_explicit_range,legacy_irregularly_maintained,https://www.sandiego.gov/sites/default/files/appendices_-_6-10.pdf,"Interpretation uses source_dataset and use_description only; use_code, units, year_built and other fields were not consulted."
A0481,536 LEAVENWORTH ST,San Francisco,CA,DataSF wv5m-vpq2 (2025 roll),Apartment 15 Units or more,Apartment property with 15 or more units,multifamily_residential,15,,,interpreted_explicit_range,annual_assessment_roll,https://www.hcd.ca.gov/housing-elements/docs/san-francisco-6th-draft051022.pdf,"Interpretation uses source_dataset and use_description only; use_code, units, year_built and other fields were not consulted."
A0482,101 CLIFTON PL.,Jersey City,NJ,NJOGIS Parcels & MOD-IV Composite,4S-B-A-25U-H,Building description explicitly indicates 25 units,multifamily_residential,25,25,Stories indicated: 4; Heat indicated,parsed_explicit_unit_count,annual_tax_assessment_records,https://www.nj.gov/treasury/taxation/pdf/lpt/modIVmanual.pdf,"Interpretation uses source_dataset and use_description only; use_code, units, year_built and other fields were not consulted."
A0483,1580 MARKET ST,San Francisco,CA,DataSF wv5m-vpq2 (2025 roll),Apartment 15 Units or more,Apartment property with 15 or more units,multifamily_residential,15,,,interpreted_explicit_range,annual_assessment_roll,https://www.hcd.ca.gov/housing-elements/docs/san-francisco-6th-draft051022.pdf,"Interpretation uses source_dataset and use_description only; use_code, units, year_built and other fields were not consulted."
A0484,1801 08TH AV,San Francisco,CA,DataSF wv5m-vpq2 (2025 roll),Apartment 5 to 14 Units,Apartment property with 5 to 14 units,multifamily_residential,5,14,,interpreted_explicit_range,annual_assessment_roll,https://www.hcd.ca.gov/housing-elements/docs/san-francisco-6th-draft051022.pdf,"Interpretation uses source_dataset and use_description only; use_code, units, year_built and other fields were not consulted."
A0485,296-302 Western Ave,Cambridge,MA,Cambridge Property Database FY2026 (waa7-ibdu),4-8-UNIT-APT,Apartment property with 4 to 8 units,multifamily_residential,4,8,,interpreted_explicit_range,current_annual_assessment_roll,https://www.cambridgema.gov/gis/gisdatadictionary/cdd/cdd_landuse,"Interpretation uses source_dataset and use_description only; use_code, units, year_built and other fields were not consulted."
A0486,2280 MISSION ST,San Francisco,CA,DataSF wv5m-vpq2 (2025 roll),Apartment 5 to 14 Units,Apartment property with 5 to 14 units,multifamily_residential,5,14,,interpreted_explicit_range,annual_assessment_roll,https://www.hcd.ca.gov/housing-elements/docs/san-francisco-6th-draft051022.pdf,"Interpretation uses source_dataset and use_description only; use_code, units, year_built and other fields were not consulted."
A0487,2118 FILLMORE ST,San Francisco,CA,DataSF wv5m-vpq2 (2025 roll),Apartment 5 to 14 Units,Apartment property with 5 to 14 units,multifamily_residential,5,14,,interpreted_explicit_range,annual_assessment_roll,https://www.hcd.ca.gov/housing-elements/docs/san-francisco-6th-draft051022.pdf,"Interpretation uses source_dataset and use_description only; use_code, units, year_built and other fields were not consulted."
A0488,197 BEACON ST,Boston,MA,Boston Property Assessment FY2026,APT 7-30 UNITS,Apartment property with 7 to 30 units,multifamily_residential,7,30,,interpreted_explicit_range,current_annual_assessment_roll,https://gis.boston.gov/arcgis/rest/services/Assessing/properties_boston_gov/FeatureServer/0,"Interpretation uses source_dataset and use_description only; use_code, units, year_built and other fields were not consulted."
A0489,204 GRAND ST,Hoboken,NJ,NJOGIS Parcels & MOD-IV Composite,6B-30U-G,Building description explicitly indicates 30 units,multifamily_residential,30,30,Garage indicated,parsed_explicit_unit_count,annual_tax_assessment_records,https://www.nj.gov/treasury/taxation/pdf/lpt/modIVmanual.pdf,"Interpretation uses source_dataset and use_description only; use_code, units, year_built and other fields were not consulted."
A0490,526 ADAMS ST,Hoboken,NJ,NJOGIS Parcels & MOD-IV Composite,4F-8U-C/3F-2U,"Building description contains multiple structures with unit counts 8, 2; combined total 10 units",multifamily_residential,10,10,,parsed_explicit_unit_count,annual_tax_assessment_records,https://www.nj.gov/treasury/taxation/pdf/lpt/modIVmanual.pdf,"Interpretation uses source_dataset and use_description only; use_code, units, year_built and other fields were not consulted."
A0491,37 IRVING ST,Newark,NJ,NJOGIS Parcels & MOD-IV Composite,3SF,Building-description shorthand; no reliable unit count can be extracted from the description alone,unknown_from_description,,,Stories indicated: 3,insufficient_description_for_unit_count,annual_tax_assessment_records,https://www.nj.gov/treasury/taxation/pdf/lpt/modIVmanual.pdf,"Interpretation uses source_dataset and use_description only; use_code, units, year_built and other fields were not consulted."
A0492,800 S HARVARD BLVD,Los Angeles,CA,LA County eGIS parcels,Five or more apartments,Five or more apartments,multifamily_residential,5,,,interpreted_explicit_range,official_update_schedule_unknown,https://www.epa.gov/system/files/documents/2023-11/prelim-desig-memo-alamitos-bay-los-cerritos-channel-dominguez-channel-la-long-beach-inner-harbor-watersheds-2023-10-02.pdf,"Interpretation uses source_dataset and use_description only; use_code, units, year_built and other fields were not consulted."
A0493,4450 GEARY BL,San Francisco,CA,DataSF wv5m-vpq2 (2025 roll),Apartment 5 to 14 Units,Apartment property with 5 to 14 units,multifamily_residential,5,14,,interpreted_explicit_range,annual_assessment_roll,https://www.hcd.ca.gov/housing-elements/docs/san-francisco-6th-draft051022.pdf,"Interpretation uses source_dataset and use_description only; use_code, units, year_built and other fields were not consulted."
A0494,2641 FRANKLIN ST,San Francisco,CA,DataSF wv5m-vpq2 (2025 roll),Apartment 5 to 14 Units,Apartment property with 5 to 14 units,multifamily_residential,5,14,,interpreted_explicit_range,annual_assessment_roll,https://www.hcd.ca.gov/housing-elements/docs/san-francisco-6th-draft051022.pdf,"Interpretation uses source_dataset and use_description only; use_code, units, year_built and other fields were not consulted."
A0495,230 VAN HORNE ST.,Jersey City,NJ,NJOGIS Parcels & MOD-IV Composite,3S-B-D-6U-NH,Building description explicitly indicates 6 units,multifamily_residential,6,6,Stories indicated: 3; No heat indicated,parsed_explicit_unit_count,annual_tax_assessment_records,https://www.nj.gov/treasury/taxation/pdf/lpt/modIVmanual.pdf,"Interpretation uses source_dataset and use_description only; use_code, units, year_built and other fields were not consulted."
A0496,512 32ND ST,San Diego,CA,SANDAG/SanGIS parcels,SANDAG asr_landuse 14-16 (5+ units),Multiple-residential property in an ASR_LANDUSE category representing 5 or more units,multifamily_residential,5,,ASR_LANDUSE family 14-16,interpreted_explicit_range,legacy_irregularly_maintained,https://www.sandiego.gov/sites/default/files/appendices_-_6-10.pdf,"Interpretation uses source_dataset and use_description only; use_code, units, year_built and other fields were not consulted."
A0497,3750 29TH ST,San Diego,CA,SANDAG/SanGIS parcels,SANDAG asr_landuse 14-16 (5+ units),Multiple-residential property in an ASR_LANDUSE category representing 5 or more units,multifamily_residential,5,,ASR_LANDUSE family 14-16,interpreted_explicit_range,legacy_irregularly_maintained,https://www.sandiego.gov/sites/default/files/appendices_-_6-10.pdf,"Interpretation uses source_dataset and use_description only; use_code, units, year_built and other fields were not consulted."
A0498,684-686 SUMMER AVE,Newark,NJ,NJOGIS Parcels & MOD-IV Composite,3SB,Building-description shorthand; no reliable unit count can be extracted from the description alone,unknown_from_description,,,Stories indicated: 3,insufficient_description_for_unit_count,annual_tax_assessment_records,https://www.nj.gov/treasury/taxation/pdf/lpt/modIVmanual.pdf,"Interpretation uses source_dataset and use_description only; use_code, units, year_built and other fields were not consulted."
A0499,8519 WILLIS AVE,Los Angeles,CA,LA County eGIS parcels,Five or more apartments,Five or more apartments,multifamily_residential,5,,,interpreted_explicit_range,official_update_schedule_unknown,https://www.epa.gov/system/files/documents/2023-11/prelim-desig-memo-alamitos-bay-los-cerritos-channel-dominguez-channel-la-long-beach-inner-harbor-watersheds-2023-10-02.pdf,"Interpretation uses source_dataset and use_description only; use_code, units, year_built and other fields were not consulted."
A0500,8811 BURNET AVE,Los Angeles,CA,LA County eGIS parcels,Five or more apartments,Five or more apartments,multifamily_residential,5,,,interpreted_explicit_range,official_update_schedule_unknown,https://www.epa.gov/system/files/documents/2023-11/prelim-desig-memo-alamitos-bay-los-cerritos-channel-dominguez-channel-la-long-beach-inner-harbor-watersheds-2023-10-02.pdf,"Interpretation uses source_dataset and use_description only; use_code, units, year_built and other fields were not consulted."
