address_id,street_address,postal_city,state,zip,resolved_year_built,year_built_resolution_status,year_built_resolution_method,provided_snapshot_year_built,current_public_parcel_year_built,current_public_parcel_status,source_dataset,source_snapshot_retrieved_at,current_query_processed_at,candidate_count_reported,candidate_capture_status,address_alignment_status,decision_note,processed_at
A0001,6238 DE LONGPRE AVE,Los Angeles,CA,90028,1927,verified_both_sources,official_snapshot_and_current_public_parcel,1927,1927,consistent,LA County eGIS parcels,2026-10-01T22:50Z,2026-10-04T02:11:41+00:00,1,complete,aligned,No inference used; unresolved or conflicting facts are unknown.,2026-10-04T02:15:46+00:00
A0002,1031-1035 CLINTON ST,Hoboken,NJ,07030,2001,verified_both_sources,official_snapshot_and_current_public_parcel,2001,2001,consistent,NJOGIS Parcels & MOD-IV Composite,2026-10-01T22:50Z,2026-10-04T02:11:41+00:00,1,complete,aligned,No inference used; unresolved or conflicting facts are unknown.,2026-10-04T02:15:46+00:00
A0003,876-878 S 14TH ST,Newark,NJ,11219,unknown,unknown,none,,,address_not_aligned,NJOGIS Parcels & MOD-IV Composite,2026-10-01T22:50Z,2026-10-04T02:11:41+00:00,1,representative_only,not_aligned,No inference used; unresolved or conflicting facts are unknown.,2026-10-04T02:15:46+00:00
A0004,10050 MOUNTAIR AVE,Los Angeles,CA,91042,1964,verified_both_sources,official_snapshot_and_current_public_parcel,1964,1964,consistent,LA County eGIS parcels,2026-10-01T22:50Z,2026-10-04T02:11:41+00:00,1,complete,aligned,No inference used; unresolved or conflicting facts are unknown.,2026-10-04T02:15:46+00:00
A0005,1609 ADDISON ST,Berkeley,CA,94703,unknown,unknown,none,,,missing,Alameda County parcels,2026-10-01T22:50Z,2026-10-04T02:11:41+00:00,1,complete,aligned,No inference used; unresolved or conflicting facts are unknown.,2026-10-04T02:15:46+00:00
A0006,69-71 WESTLAND AV,Boston,MA,02115,1900,verified_both_sources,official_snapshot_and_current_public_parcel,1900,1900,consistent,Boston Property Assessment FY2026,2026-10-01T22:50Z,2026-10-04T02:11:41+00:00,1,complete,aligned,No inference used; unresolved or conflicting facts are unknown.,2026-10-04T02:15:46+00:00
A0007,4257 SAN PEDRO PL,Los Angeles,CA,90011,1913,verified_both_sources,official_snapshot_and_current_public_parcel,1913,1913,consistent,LA County eGIS parcels,2026-10-01T22:50Z,2026-10-04T02:11:41+00:00,1,complete,aligned,No inference used; unresolved or conflicting facts are unknown.,2026-10-04T02:15:46+00:00
A0008,1065 SUMMIT AVENUE,Jersey City,NJ,78746,unknown,unknown,none,,,address_not_aligned,NJOGIS Parcels & MOD-IV Composite,2026-10-01T22:50Z,2026-10-04T02:11:41+00:00,1,complete,parser_failed,No inference used; unresolved or conflicting facts are unknown.,2026-10-04T02:15:46+00:00
A0009,322-322.5 Western Ave,Cambridge,MA,,1915,verified_both_sources,official_snapshot_and_current_public_parcel,1915,1915,consistent,Cambridge Property Database FY2026 (waa7-ibdu),2026-10-01T22:50Z,2026-10-04T02:11:41+00:00,1,complete,aligned,No inference used; unresolved or conflicting facts are unknown.,2026-10-04T02:15:46+00:00
A0010,134 Oxford St,Cambridge,MA,,1915,verified_both_sources,official_snapshot_and_current_public_parcel,1915,1915,consistent,Cambridge Property Database FY2026 (waa7-ibdu),2026-10-01T22:50Z,2026-10-04T02:11:41+00:00,1,complete,aligned,No inference used; unresolved or conflicting facts are unknown.,2026-10-04T02:15:46+00:00
A0011,834-836 RAYMOND BLVD,Newark,NJ,08805,unknown,unknown,none,,,missing,NJOGIS Parcels & MOD-IV Composite,2026-10-01T22:50Z,2026-10-04T02:11:41+00:00,1,complete,aligned,No inference used; unresolved or conflicting facts are unknown.,2026-10-04T02:15:46+00:00
A0012,1064 SUMMIT AVE.,Jersey City,NJ,07728,1900,verified_both_sources,official_snapshot_and_current_public_parcel,1900,1900,consistent,NJOGIS Parcels & MOD-IV Composite,2026-10-01T22:50Z,2026-10-04T02:11:41+00:00,1,complete,aligned,No inference used; unresolved or conflicting facts are unknown.,2026-10-04T02:15:46+00:00
A0013,137 N 11TH ST,Newark,NJ,07107,unknown,unknown,none,,,missing,NJOGIS Parcels & MOD-IV Composite,2026-10-01T22:50Z,2026-10-04T02:11:41+00:00,1,complete,aligned,No inference used; unresolved or conflicting facts are unknown.,2026-10-04T02:15:46+00:00
A0014,5907 CAHUENGA BLVD,Los Angeles,CA,91601,1947,verified_both_sources,official_snapshot_and_current_public_parcel,1947,1947,consistent,LA County eGIS parcels,2026-10-01T22:50Z,2026-10-04T02:11:41+00:00,1,complete,aligned,No inference used; unresolved or conflicting facts are unknown.,2026-10-04T02:15:46+00:00
A0015,15 Everett St,Cambridge,MA,,1930,verified_both_sources,official_snapshot_and_current_public_parcel,1930,1930,consistent,Cambridge Property Database FY2026 (waa7-ibdu),2026-10-01T22:50Z,2026-10-04T02:11:41+00:00,1,complete,aligned,No inference used; unresolved or conflicting facts are unknown.,2026-10-04T02:15:46+00:00
A0016,3515 FILLMORE ST,San Francisco,CA,,1926,verified_both_sources,official_snapshot_and_current_public_parcel,1926,1926,consistent,DataSF wv5m-vpq2 (2025 roll),2026-10-01T22:50Z,2026-10-04T02:11:41+00:00,19,complete,aligned,No inference used; unresolved or conflicting facts are unknown.,2026-10-04T02:15:46+00:00
A0017,225 DUNCAN AVE.,Jersey City,NJ,10949,unknown,unknown,none,,,missing,NJOGIS Parcels & MOD-IV Composite,2026-10-01T22:50Z,2026-10-04T02:11:41+00:00,1,complete,aligned,No inference used; unresolved or conflicting facts are unknown.,2026-10-04T02:15:46+00:00
A0018,1906 BONITA AVE,Berkeley,CA,94704,unknown,unknown,none,,,missing,Alameda County parcels,2026-10-01T22:50Z,2026-10-04T02:11:41+00:00,1,complete,aligned,No inference used; unresolved or conflicting facts are unknown.,2026-10-04T02:15:46+00:00
A0019,3820 HAINES ST,San Diego,CA,92109,62,resolved,current_public_parcel,,62,consistent,SANDAG/SanGIS parcels,2026-10-01T22:50Z,2026-10-04T02:11:41+00:00,1,complete,aligned,No inference used; unresolved or conflicting facts are unknown.,2026-10-04T02:15:46+00:00
A0020,646-648 N 6TH ST,Newark,NJ,07083,unknown,unknown,none,,,missing,NJOGIS Parcels & MOD-IV Composite,2026-10-01T22:50Z,2026-10-04T02:11:41+00:00,1,complete,aligned,No inference used; unresolved or conflicting facts are unknown.,2026-10-04T02:15:46+00:00
A0021,22 PRECITA AV,San Francisco,CA,,1963,resolved,provided_official_source_snapshot,1963,,candidate_set_incomplete,DataSF wv5m-vpq2 (2025 roll),2026-10-01T22:50Z,2026-10-04T02:11:41+00:00,1,none,aligned,No inference used; unresolved or conflicting facts are unknown.,2026-10-04T02:15:46+00:00
A0022,10908 HARTSOOK ST,Los Angeles,CA,91601,2012,verified_both_sources,official_snapshot_and_current_public_parcel,2012,2012,consistent,LA County eGIS parcels,2026-10-01T22:50Z,2026-10-04T02:11:41+00:00,1,complete,aligned,No inference used; unresolved or conflicting facts are unknown.,2026-10-04T02:15:46+00:00
A0023,843 IROLO ST,Los Angeles,CA,90005,1987,verified_both_sources,official_snapshot_and_current_public_parcel,1987,1987,consistent,LA County eGIS parcels,2026-10-01T22:50Z,2026-10-04T02:11:41+00:00,1,complete,aligned,No inference used; unresolved or conflicting facts are unknown.,2026-10-04T02:15:46+00:00
A0024,227 Charles St,Cambridge,MA,,1920,verified_both_sources,official_snapshot_and_current_public_parcel,1920,1920,consistent,Cambridge Property Database FY2026 (waa7-ibdu),2026-10-01T22:50Z,2026-10-04T02:11:41+00:00,1,complete,aligned,No inference used; unresolved or conflicting facts are unknown.,2026-10-04T02:15:46+00:00
A0025,2341 8TH ST,Berkeley,CA,94710,unknown,unknown,none,,,missing,Alameda County parcels,2026-10-01T22:50Z,2026-10-04T02:11:41+00:00,1,complete,aligned,No inference used; unresolved or conflicting facts are unknown.,2026-10-04T02:15:46+00:00
A0026,59 OAK ST.,Jersey City,NJ,07306,1901,verified_both_sources,official_snapshot_and_current_public_parcel,1901,1901,consistent,NJOGIS Parcels & MOD-IV Composite,2026-10-01T22:50Z,2026-10-04T02:11:41+00:00,1,complete,aligned,No inference used; unresolved or conflicting facts are unknown.,2026-10-04T02:15:46+00:00
A0027,3918 FULTON ST,San Francisco,CA,,1923,verified_both_sources,official_snapshot_and_current_public_parcel,1923,1923,consistent,DataSF wv5m-vpq2 (2025 roll),2026-10-01T22:50Z,2026-10-04T02:11:41+00:00,38,complete,aligned,No inference used; unresolved or conflicting facts are unknown.,2026-10-04T02:15:46+00:00
A0028,585 5TH ST,Newark,NJ,07107,unknown,unknown,none,,,address_not_aligned,NJOGIS Parcels & MOD-IV Composite,2026-10-01T22:50Z,2026-10-04T02:11:41+00:00,1,representative_only,not_aligned,No inference used; unresolved or conflicting facts are unknown.,2026-10-04T02:15:46+00:00
A0029,280-284 VERONA AVE,Newark,NJ,07653,unknown,unknown,none,,,missing,NJOGIS Parcels & MOD-IV Composite,2026-10-01T22:50Z,2026-10-04T02:11:41+00:00,1,complete,aligned,No inference used; unresolved or conflicting facts are unknown.,2026-10-04T02:15:46+00:00
A0030,2051 DIVISADERO ST,San Francisco,CA,,1908,verified_both_sources,official_snapshot_and_current_public_parcel,1908,1908,consistent,DataSF wv5m-vpq2 (2025 roll),2026-10-01T22:50Z,2026-10-04T02:11:41+00:00,19,complete,aligned,No inference used; unresolved or conflicting facts are unknown.,2026-10-04T02:15:46+00:00
A0031,5624 S SAN PEDRO ST,Los Angeles,CA,90011,1911,verified_both_sources,official_snapshot_and_current_public_parcel,1911,1911,consistent,LA County eGIS parcels,2026-10-01T22:50Z,2026-10-04T02:11:41+00:00,1,complete,aligned,No inference used; unresolved or conflicting facts are unknown.,2026-10-04T02:15:46+00:00
A0032,63 OAK ST.,Jersey City,NJ,08820,unknown,unknown,none,,,missing,NJOGIS Parcels & MOD-IV Composite,2026-10-01T22:50Z,2026-10-04T02:11:41+00:00,1,complete,aligned,No inference used; unresolved or conflicting facts are unknown.,2026-10-04T02:15:46+00:00
A0033,1260 KEARNY ST,San Francisco,CA,,1910,verified_both_sources,official_snapshot_and_current_public_parcel,1910,1910,consistent,DataSF wv5m-vpq2 (2025 roll),2026-10-01T22:50Z,2026-10-04T02:11:41+00:00,19,complete,aligned,No inference used; unresolved or conflicting facts are unknown.,2026-10-04T02:15:46+00:00
A0034,25 Gore St,Cambridge,MA,,1886,verified_both_sources,official_snapshot_and_current_public_parcel,1886,1886,consistent,Cambridge Property Database FY2026 (waa7-ibdu),2026-10-01T22:50Z,2026-10-04T02:11:41+00:00,1,complete,aligned,No inference used; unresolved or conflicting facts are unknown.,2026-10-04T02:15:46+00:00
A0035,5239 HARMONY AVE,Los Angeles,CA,91601,1997,verified_both_sources,official_snapshot_and_current_public_parcel,1997,1997,consistent,LA County eGIS parcels,2026-10-01T22:50Z,2026-10-04T02:11:41+00:00,1,complete,aligned,No inference used; unresolved or conflicting facts are unknown.,2026-10-04T02:15:46+00:00
A0036,33 WARD ST,South Boston,MA,02127,2019,verified_both_sources,official_snapshot_and_current_public_parcel,2019,2019,consistent,Boston Property Assessment FY2026,2026-10-01T22:50Z,2026-10-04T02:11:41+00:00,1,complete,aligned,No inference used; unresolved or conflicting facts are unknown.,2026-10-04T02:15:46+00:00
A0037,770 IROLO ST,Los Angeles,CA,90005,2001,verified_both_sources,official_snapshot_and_current_public_parcel,2001,2001,consistent,LA County eGIS parcels,2026-10-01T22:50Z,2026-10-04T02:11:41+00:00,1,complete,aligned,No inference used; unresolved or conflicting facts are unknown.,2026-10-04T02:15:46+00:00
A0038,154 YUKON ST,San Francisco,CA,,1908,verified_both_sources,official_snapshot_and_current_public_parcel,1908,1908,consistent,DataSF wv5m-vpq2 (2025 roll),2026-10-01T22:50Z,2026-10-04T02:11:41+00:00,19,complete,aligned,No inference used; unresolved or conflicting facts are unknown.,2026-10-04T02:15:46+00:00
A0039,1 Craigie St,Cambridge,MA,,1910,verified_both_sources,official_snapshot_and_current_public_parcel,1910,1910,consistent,Cambridge Property Database FY2026 (waa7-ibdu),2026-10-01T22:50Z,2026-10-04T02:11:41+00:00,1,complete,aligned,No inference used; unresolved or conflicting facts are unknown.,2026-10-04T02:15:46+00:00
A0040,69-75 JACKSON ST,Hoboken,NJ,07030,unknown,unknown,none,,,missing,NJOGIS Parcels & MOD-IV Composite,2026-10-01T22:50Z,2026-10-04T02:11:41+00:00,1,complete,aligned,No inference used; unresolved or conflicting facts are unknown.,2026-10-04T02:15:46+00:00
A0041,122 TIFFANY AV,San Francisco,CA,,1900,verified_both_sources,official_snapshot_and_current_public_parcel,1900,1900,consistent,DataSF wv5m-vpq2 (2025 roll),2026-10-01T22:50Z,2026-10-04T02:11:41+00:00,19,complete,aligned,No inference used; unresolved or conflicting facts are unknown.,2026-10-04T02:15:46+00:00
A0042,320 FORREST ST.,Jersey City,NJ,07304,1912,verified_both_sources,official_snapshot_and_current_public_parcel,1912,1912,consistent,NJOGIS Parcels & MOD-IV Composite,2026-10-01T22:50Z,2026-10-04T02:11:41+00:00,1,complete,aligned,No inference used; unresolved or conflicting facts are unknown.,2026-10-04T02:15:46+00:00
A0043,4 Orchard St,Cambridge,MA,,1920,verified_both_sources,official_snapshot_and_current_public_parcel,1920,1920,consistent,Cambridge Property Database FY2026 (waa7-ibdu),2026-10-01T22:50Z,2026-10-04T02:11:41+00:00,1,complete,aligned,No inference used; unresolved or conflicting facts are unknown.,2026-10-04T02:15:46+00:00
A0044,773-775 SANDFORD AVE,Newark,NJ,11211,unknown,unknown,none,,,missing,NJOGIS Parcels & MOD-IV Composite,2026-10-01T22:50Z,2026-10-04T02:11:41+00:00,1,complete,aligned,No inference used; unresolved or conflicting facts are unknown.,2026-10-04T02:15:46+00:00
A0045,12829 BRANFORD ST,Los Angeles,CA,91331,1987,verified_both_sources,official_snapshot_and_current_public_parcel,1987,1987,consistent,LA County eGIS parcels,2026-10-01T22:50Z,2026-10-04T02:11:41+00:00,1,complete,aligned,No inference used; unresolved or conflicting facts are unknown.,2026-10-04T02:15:46+00:00
A0046,8-12 Soden St,Cambridge,MA,,1975,verified_both_sources,official_snapshot_and_current_public_parcel,1975,1975,consistent,Cambridge Property Database FY2026 (waa7-ibdu),2026-10-01T22:50Z,2026-10-04T02:11:41+00:00,1,complete,aligned,No inference used; unresolved or conflicting facts are unknown.,2026-10-04T02:15:46+00:00
A0047,14 RUTGERS AVE.,Jersey City,NJ,07304,1913,verified_both_sources,official_snapshot_and_current_public_parcel,1913,1913,consistent,NJOGIS Parcels & MOD-IV Composite,2026-10-01T22:50Z,2026-10-04T02:11:41+00:00,1,complete,aligned,No inference used; unresolved or conflicting facts are unknown.,2026-10-04T02:15:46+00:00
A0048,1619 COMMONWEALTH AV,Brighton,MA,02135,1899,verified_both_sources,official_snapshot_and_current_public_parcel,1899,1899,consistent,Boston Property Assessment FY2026,2026-10-01T22:50Z,2026-10-04T02:11:41+00:00,1,complete,aligned,No inference used; unresolved or conflicting facts are unknown.,2026-10-04T02:15:46+00:00
A0049,721 CLINTON ST,Hoboken,NJ,07856,unknown,unknown,none,,,missing,NJOGIS Parcels & MOD-IV Composite,2026-10-01T22:50Z,2026-10-04T02:11:41+00:00,1,complete,aligned,No inference used; unresolved or conflicting facts are unknown.,2026-10-04T02:15:46+00:00
A0050,36 HOFF ST,San Francisco,CA,,1986,resolved,provided_official_source_snapshot,1986,,candidate_set_incomplete,DataSF wv5m-vpq2 (2025 roll),2026-10-01T22:50Z,2026-10-04T02:11:41+00:00,1,none,aligned,No inference used; unresolved or conflicting facts are unknown.,2026-10-04T02:15:46+00:00
A0051,65 OAKLAND AVE.,Jersey City,NJ,07423,1,resolved,current_public_parcel,,1,consistent,NJOGIS Parcels & MOD-IV Composite,2026-10-01T22:50Z,2026-10-04T02:11:41+00:00,1,complete,aligned,No inference used; unresolved or conflicting facts are unknown.,2026-10-04T02:15:46+00:00
A0052,88 Gardner ST,Allston,MA,02134,1965,verified_both_sources,official_snapshot_and_current_public_parcel,1965,1965,consistent,Boston Property Assessment FY2026,2026-10-01T22:50Z,2026-10-04T02:11:41+00:00,1,complete,aligned,No inference used; unresolved or conflicting facts are unknown.,2026-10-04T02:15:46+00:00
A0053,32 Garrison ST,Boston,MA,02116,1990,verified_both_sources,official_snapshot_and_current_public_parcel,1990,1990,consistent,Boston Property Assessment FY2026,2026-10-01T22:50Z,2026-10-04T02:11:41+00:00,1,complete,aligned,No inference used; unresolved or conflicting facts are unknown.,2026-10-04T02:15:46+00:00
A0054,13 Shetland ST,Roxbury,MA,02119,2020,verified_both_sources,official_snapshot_and_current_public_parcel,2020,2020,consistent,Boston Property Assessment FY2026,2026-10-01T22:50Z,2026-10-04T02:11:41+00:00,1,complete,aligned,No inference used; unresolved or conflicting facts are unknown.,2026-10-04T02:15:46+00:00
A0055,305 10TH AV,San Francisco,CA,,1963,verified_both_sources,official_snapshot_and_current_public_parcel,1963,1963,consistent,DataSF wv5m-vpq2 (2025 roll),2026-10-01T22:50Z,2026-10-04T02:11:41+00:00,19,complete,aligned,No inference used; unresolved or conflicting facts are unknown.,2026-10-04T02:15:46+00:00
A0056,41-43 Edgerly RD,Boston,MA,02115,1920,verified_both_sources,official_snapshot_and_current_public_parcel,1920,1920,consistent,Boston Property Assessment FY2026,2026-10-01T22:50Z,2026-10-04T02:11:41+00:00,1,complete,aligned,No inference used; unresolved or conflicting facts are unknown.,2026-10-04T02:15:46+00:00
A0057,57 STONE ST,Newark,NJ,07012,unknown,unknown,none,,,missing,NJOGIS Parcels & MOD-IV Composite,2026-10-01T22:50Z,2026-10-04T02:11:41+00:00,1,complete,aligned,No inference used; unresolved or conflicting facts are unknown.,2026-10-04T02:15:46+00:00
A0058,3137 BOSTON AVE,San Diego,CA,92113,69,resolved,current_public_parcel,,69,consistent,SANDAG/SanGIS parcels,2026-10-01T22:50Z,2026-10-04T02:11:41+00:00,1,complete,aligned,No inference used; unresolved or conflicting facts are unknown.,2026-10-04T02:15:46+00:00
A0059,84-86 WALNUT ST,Newark,NJ,07078,unknown,unknown,none,,,missing,NJOGIS Parcels & MOD-IV Composite,2026-10-01T22:50Z,2026-10-04T02:11:41+00:00,1,complete,aligned,No inference used; unresolved or conflicting facts are unknown.,2026-10-04T02:15:46+00:00
A0060,5737 WILLOWCREST AVE,Los Angeles,CA,91601,1962,verified_both_sources,official_snapshot_and_current_public_parcel,1962,1962,consistent,LA County eGIS parcels,2026-10-01T22:50Z,2026-10-04T02:11:41+00:00,1,complete,aligned,No inference used; unresolved or conflicting facts are unknown.,2026-10-04T02:15:46+00:00
A0061,106 18TH AV,San Francisco,CA,,1915,verified_both_sources,official_snapshot_and_current_public_parcel,1915,1915,consistent,DataSF wv5m-vpq2 (2025 roll),2026-10-01T22:50Z,2026-10-04T02:11:41+00:00,19,complete,aligned,No inference used; unresolved or conflicting facts are unknown.,2026-10-04T02:15:46+00:00
A0062,77 HOFF ST,San Francisco,CA,,1906,resolved,provided_official_source_snapshot,1906,,candidate_set_incomplete,DataSF wv5m-vpq2 (2025 roll),2026-10-01T22:50Z,2026-10-04T02:11:41+00:00,1,none,aligned,No inference used; unresolved or conflicting facts are unknown.,2026-10-04T02:15:46+00:00
A0063,11 Cortes ST,Boston,MA,02116,1899,resolved,provided_official_source_snapshot,1899,,candidate_set_incomplete,Boston Property Assessment FY2026,2026-10-01T22:50Z,2026-10-04T02:11:41+00:00,1,representative_only,aligned,No inference used; unresolved or conflicting facts are unknown.,2026-10-04T02:15:46+00:00
A0064,24-26 Concord Ave,Cambridge,MA,,1890,resolved,provided_official_source_snapshot,1890,,candidate_set_incomplete,Cambridge Property Database FY2026 (waa7-ibdu),2026-10-01T22:50Z,2026-10-04T02:11:41+00:00,1,representative_only,aligned,No inference used; unresolved or conflicting facts are unknown.,2026-10-04T02:15:46+00:00
A0065,63 Bailey ST,Dorchester,MA,02124,unknown,unknown,none,,,missing,Boston Property Assessment FY2026,2026-10-01T22:50Z,2026-10-04T02:11:41+00:00,1,complete,aligned,No inference used; unresolved or conflicting facts are unknown.,2026-10-04T02:15:46+00:00
A0066,1318 N ORANGE DR,Los Angeles,CA,90028,1988,verified_both_sources,official_snapshot_and_current_public_parcel,1988,1988,consistent,LA County eGIS parcels,2026-10-01T22:50Z,2026-10-04T02:11:41+00:00,1,complete,aligned,No inference used; unresolved or conflicting facts are unknown.,2026-10-04T02:15:46+00:00
A0067,1335 N VISTA ST,Los Angeles,CA,90046,1954,verified_both_sources,official_snapshot_and_current_public_parcel,1954,1954,consistent,LA County eGIS parcels,2026-10-01T22:50Z,2026-10-04T02:11:41+00:00,1,complete,aligned,No inference used; unresolved or conflicting facts are unknown.,2026-10-04T02:15:46+00:00
A0068,40-42 Clearway ST,Boston,MA,02115,1920,verified_both_sources,official_snapshot_and_current_public_parcel,1920,1920,consistent,Boston Property Assessment FY2026,2026-10-01T22:50Z,2026-10-04T02:11:41+00:00,1,complete,aligned,No inference used; unresolved or conflicting facts are unknown.,2026-10-04T02:15:46+00:00
A0069,2277 UNION ST,San Francisco,CA,,1900,verified_both_sources,official_snapshot_and_current_public_parcel,1900,1900,consistent,DataSF wv5m-vpq2 (2025 roll),2026-10-01T22:50Z,2026-10-04T02:11:41+00:00,19,complete,aligned,No inference used; unresolved or conflicting facts are unknown.,2026-10-04T02:15:46+00:00
A0070,43 Fayette St,Cambridge,MA,,1910,verified_both_sources,official_snapshot_and_current_public_parcel,1910,1910,consistent,Cambridge Property Database FY2026 (waa7-ibdu),2026-10-01T22:50Z,2026-10-04T02:11:41+00:00,1,complete,aligned,No inference used; unresolved or conflicting facts are unknown.,2026-10-04T02:15:46+00:00
A0071,14.5-16 Vandine St,Cambridge,MA,,1900,resolved,provided_official_source_snapshot,1900,,address_not_aligned,Cambridge Property Database FY2026 (waa7-ibdu),2026-10-01T22:50Z,2026-10-04T02:11:41+00:00,1,none,parser_failed,No inference used; unresolved or conflicting facts are unknown.,2026-10-04T02:15:46+00:00
A0072,1251 10TH AV,San Francisco,CA,,1973,verified_both_sources,official_snapshot_and_current_public_parcel,1973,1973,consistent,DataSF wv5m-vpq2 (2025 roll),2026-10-01T22:50Z,2026-10-04T02:11:41+00:00,19,complete,aligned,No inference used; unresolved or conflicting facts are unknown.,2026-10-04T02:15:46+00:00
A0073,35-37 Inman St,Cambridge,MA,,1900,verified_both_sources,official_snapshot_and_current_public_parcel,1900,1900,consistent,Cambridge Property Database FY2026 (waa7-ibdu),2026-10-01T22:50Z,2026-10-04T02:11:41+00:00,1,complete,aligned,No inference used; unresolved or conflicting facts are unknown.,2026-10-04T02:15:46+00:00
A0074,717 S BERENDO ST,Los Angeles,CA,90005,1963,verified_both_sources,official_snapshot_and_current_public_parcel,1963,1963,consistent,LA County eGIS parcels,2026-10-01T22:50Z,2026-10-04T02:11:41+00:00,1,complete,aligned,No inference used; unresolved or conflicting facts are unknown.,2026-10-04T02:15:46+00:00
A0075,27 Everett St,Cambridge,MA,,1880,verified_both_sources,official_snapshot_and_current_public_parcel,1880,1880,consistent,Cambridge Property Database FY2026 (waa7-ibdu),2026-10-01T22:50Z,2026-10-04T02:11:41+00:00,1,complete,aligned,No inference used; unresolved or conflicting facts are unknown.,2026-10-04T02:15:46+00:00
A0076,304 E KINNEY ST,Newark,NJ,07033,unknown,unknown,none,,,missing,NJOGIS Parcels & MOD-IV Composite,2026-10-01T22:50Z,2026-10-04T02:11:41+00:00,1,complete,aligned,No inference used; unresolved or conflicting facts are unknown.,2026-10-04T02:15:46+00:00
A0077,91 Brookline St,Cambridge,MA,,1902,verified_both_sources,official_snapshot_and_current_public_parcel,1902,1902,consistent,Cambridge Property Database FY2026 (waa7-ibdu),2026-10-01T22:50Z,2026-10-04T02:11:41+00:00,1,complete,aligned,No inference used; unresolved or conflicting facts are unknown.,2026-10-04T02:15:46+00:00
A0078,115 BAYVIEW AVE.,Jersey City,NJ,07304,unknown,unknown,none,,,missing,NJOGIS Parcels & MOD-IV Composite,2026-10-01T22:50Z,2026-10-04T02:11:41+00:00,1,complete,aligned,No inference used; unresolved or conflicting facts are unknown.,2026-10-04T02:15:46+00:00
A0079,2361 PORTLAND ST,Los Angeles,CA,90007,1912,verified_both_sources,official_snapshot_and_current_public_parcel,1912,1912,consistent,LA County eGIS parcels,2026-10-01T22:50Z,2026-10-04T02:11:41+00:00,1,complete,aligned,No inference used; unresolved or conflicting facts are unknown.,2026-10-04T02:15:46+00:00
A0080,690 S CATALINA ST,Los Angeles,CA,90005,2002,verified_both_sources,official_snapshot_and_current_public_parcel,2002,2002,consistent,LA County eGIS parcels,2026-10-01T22:50Z,2026-10-04T02:11:41+00:00,1,complete,aligned,No inference used; unresolved or conflicting facts are unknown.,2026-10-04T02:15:46+00:00
A0081,145 TAYLOR ST,San Francisco,CA,,2005,verified_both_sources,official_snapshot_and_current_public_parcel,2005,2005,consistent,DataSF wv5m-vpq2 (2025 roll),2026-10-01T22:50Z,2026-10-04T02:11:41+00:00,19,complete,aligned,No inference used; unresolved or conflicting facts are unknown.,2026-10-04T02:15:46+00:00
A0082,63 Inman St,Cambridge,MA,,1880,verified_both_sources,official_snapshot_and_current_public_parcel,1880,1880,consistent,Cambridge Property Database FY2026 (waa7-ibdu),2026-10-01T22:50Z,2026-10-04T02:11:41+00:00,1,complete,aligned,No inference used; unresolved or conflicting facts are unknown.,2026-10-04T02:15:46+00:00
A0083,38 KENILWORTH ST,Roxbury,MA,02119,1890,verified_both_sources,official_snapshot_and_current_public_parcel,1890,1890,consistent,Boston Property Assessment FY2026,2026-10-01T22:50Z,2026-10-04T02:11:41+00:00,1,complete,aligned,No inference used; unresolved or conflicting facts are unknown.,2026-10-04T02:15:46+00:00
A0084,1725 CHESTNUT ST,San Francisco,CA,,1908,verified_both_sources,official_snapshot_and_current_public_parcel,1908,1908,consistent,DataSF wv5m-vpq2 (2025 roll),2026-10-01T22:50Z,2026-10-04T02:11:41+00:00,19,complete,aligned,No inference used; unresolved or conflicting facts are unknown.,2026-10-04T02:15:46+00:00
A0085,1101 CHURCH ST,San Francisco,CA,,1926,verified_both_sources,official_snapshot_and_current_public_parcel,1926,1926,consistent,DataSF wv5m-vpq2 (2025 roll),2026-10-01T22:50Z,2026-10-04T02:11:41+00:00,19,complete,aligned,No inference used; unresolved or conflicting facts are unknown.,2026-10-04T02:15:46+00:00
A0086,67 Plymouth St,Cambridge,MA,,1837,verified_both_sources,official_snapshot_and_current_public_parcel,1837,1837,consistent,Cambridge Property Database FY2026 (waa7-ibdu),2026-10-01T22:50Z,2026-10-04T02:11:41+00:00,1,complete,aligned,No inference used; unresolved or conflicting facts are unknown.,2026-10-04T02:15:46+00:00
A0087,323 BLOOMFIELD ST,Hoboken,NJ,07504,unknown,unknown,none,,,missing,NJOGIS Parcels & MOD-IV Composite,2026-10-01T22:50Z,2026-10-04T02:11:41+00:00,1,complete,aligned,No inference used; unresolved or conflicting facts are unknown.,2026-10-04T02:15:46+00:00
A0088,201 CLEMENT ST,San Francisco,CA,,1908,verified_both_sources,official_snapshot_and_current_public_parcel,1908,1908,consistent,DataSF wv5m-vpq2 (2025 roll),2026-10-01T22:50Z,2026-10-04T02:11:41+00:00,19,complete,aligned,No inference used; unresolved or conflicting facts are unknown.,2026-10-04T02:15:46+00:00
A0089,935 PARK AVE,Hoboken,NJ,07030,unknown,unknown,none,,,missing,NJOGIS Parcels & MOD-IV Composite,2026-10-01T22:50Z,2026-10-04T02:11:41+00:00,1,complete,aligned,No inference used; unresolved or conflicting facts are unknown.,2026-10-04T02:15:46+00:00
A0090,30 JACKSON ST,Newark,NJ,07105,unknown,unknown,none,,,missing,NJOGIS Parcels & MOD-IV Composite,2026-10-01T22:50Z,2026-10-04T02:11:41+00:00,1,complete,aligned,No inference used; unresolved or conflicting facts are unknown.,2026-10-04T02:15:46+00:00
A0091,2229 DWIGHT WAY,Berkeley,CA,94704,unknown,unknown,none,,,missing,Alameda County parcels,2026-10-01T22:50Z,2026-10-04T02:11:41+00:00,1,complete,aligned,No inference used; unresolved or conflicting facts are unknown.,2026-10-04T02:15:46+00:00
A0092,2514 PIEDMONT AVE,Berkeley,CA,94704,unknown,unknown,none,,,missing,Alameda County parcels,2026-10-01T22:50Z,2026-10-04T02:11:41+00:00,1,complete,aligned,No inference used; unresolved or conflicting facts are unknown.,2026-10-04T02:15:46+00:00
A0093,90 BICKFORD ST,Jamaica Plain,MA,02130,2004,verified_both_sources,official_snapshot_and_current_public_parcel,2004,2004,consistent,Boston Property Assessment FY2026,2026-10-01T22:50Z,2026-10-04T02:11:41+00:00,1,complete,aligned,No inference used; unresolved or conflicting facts are unknown.,2026-10-04T02:15:46+00:00
A0094,1371 27TH ST,San Diego,CA,92154,85,resolved,current_public_parcel,,85,consistent,SANDAG/SanGIS parcels,2026-10-01T22:50Z,2026-10-04T02:11:41+00:00,1,complete,aligned,No inference used; unresolved or conflicting facts are unknown.,2026-10-04T02:15:46+00:00
A0095,23 Elm St,Cambridge,MA,,1900,verified_both_sources,official_snapshot_and_current_public_parcel,1900,1900,consistent,Cambridge Property Database FY2026 (waa7-ibdu),2026-10-01T22:50Z,2026-10-04T02:11:41+00:00,1,complete,aligned,No inference used; unresolved or conflicting facts are unknown.,2026-10-04T02:15:46+00:00
A0096,81 WESTLAND AV,Boston,MA,02115,1910,verified_both_sources,official_snapshot_and_current_public_parcel,1910,1910,consistent,Boston Property Assessment FY2026,2026-10-01T22:50Z,2026-10-04T02:11:41+00:00,1,complete,aligned,No inference used; unresolved or conflicting facts are unknown.,2026-10-04T02:15:46+00:00
A0097,1560 MASON ST,San Francisco,CA,,1907,verified_both_sources,official_snapshot_and_current_public_parcel,1907,1907,consistent,DataSF wv5m-vpq2 (2025 roll),2026-10-01T22:50Z,2026-10-04T02:11:41+00:00,19,complete,aligned,No inference used; unresolved or conflicting facts are unknown.,2026-10-04T02:15:46+00:00
A0098,WILLOWWOOD ST,Dorchester,MA,02124,unknown,unknown,none,,,address_not_aligned,Boston Property Assessment FY2026,2026-10-01T22:50Z,2026-10-04T02:11:41+00:00,1,none,parser_failed,No inference used; unresolved or conflicting facts are unknown.,2026-10-04T02:15:46+00:00
A0099,822 WASHINGTON ST,Hoboken,NJ,07458,unknown,unknown,none,,,missing,NJOGIS Parcels & MOD-IV Composite,2026-10-01T22:50Z,2026-10-04T02:11:41+00:00,1,complete,aligned,No inference used; unresolved or conflicting facts are unknown.,2026-10-04T02:15:46+00:00
A0100,4732 BANCROFT ST,San Diego,CA,92116,85,resolved,current_public_parcel,,85,consistent,SANDAG/SanGIS parcels,2026-10-01T22:50Z,2026-10-04T02:11:41+00:00,1,complete,aligned,No inference used; unresolved or conflicting facts are unknown.,2026-10-04T02:15:46+00:00
A0101,315-319 FAIRMOUNT AVENUE,Jersey City,NJ,07039,unknown,unknown,none,,,address_not_aligned,NJOGIS Parcels & MOD-IV Composite,2026-10-01T22:50Z,2026-10-04T02:11:41+00:00,1,complete,parser_failed,No inference used; unresolved or conflicting facts are unknown.,2026-10-04T02:15:46+00:00
A0102,124 BLOOMFIELD ST,Hoboken,NJ,10003,unknown,unknown,none,,,missing,NJOGIS Parcels & MOD-IV Composite,2026-10-01T22:50Z,2026-10-04T02:11:41+00:00,1,complete,aligned,No inference used; unresolved or conflicting facts are unknown.,2026-10-04T02:15:46+00:00
A0103,2161 ALLSTON WAY,Berkeley,CA,94704,2002,resolved,current_public_parcel,,2002,consistent,Alameda County parcels,2026-10-01T22:50Z,2026-10-04T02:11:41+00:00,1,complete,aligned,No inference used; unresolved or conflicting facts are unknown.,2026-10-04T02:15:46+00:00
A0104,409 5TH ST,Newark,NJ,07012,unknown,unknown,none,,,candidate_set_incomplete,NJOGIS Parcels & MOD-IV Composite,2026-10-01T22:50Z,2026-10-04T02:11:41+00:00,1,representative_only,aligned,No inference used; unresolved or conflicting facts are unknown.,2026-10-04T02:15:46+00:00
A0105,140 PORTOLA DR,San Francisco,CA,,2019,verified_both_sources,official_snapshot_and_current_public_parcel,2019,2019,consistent,DataSF wv5m-vpq2 (2025 roll),2026-10-01T22:50Z,2026-10-04T02:11:41+00:00,17,complete,aligned,No inference used; unresolved or conflicting facts are unknown.,2026-10-04T02:15:46+00:00
A0106,250 FREMONT ST,San Francisco,CA,,unknown,unknown,none,,,missing,DataSF wv5m-vpq2 (2025 roll),2026-10-01T22:50Z,2026-10-04T02:11:41+00:00,23,complete,aligned,No inference used; unresolved or conflicting facts are unknown.,2026-10-04T02:15:46+00:00
A0107,10635 SHERMAN GROVE AVE,Los Angeles,CA,91040,1978,verified_both_sources,official_snapshot_and_current_public_parcel,1978,1978,consistent,LA County eGIS parcels,2026-10-01T22:50Z,2026-10-04T02:11:41+00:00,1,complete,aligned,No inference used; unresolved or conflicting facts are unknown.,2026-10-04T02:15:46+00:00
A0108,13 JEFFERSON AVE.,Jersey City,NJ,07030,unknown,unknown,none,,,missing,NJOGIS Parcels & MOD-IV Composite,2026-10-01T22:50Z,2026-10-04T02:11:41+00:00,1,complete,aligned,No inference used; unresolved or conflicting facts are unknown.,2026-10-04T02:15:46+00:00
A0109,2922 OTIS ST,Berkeley,CA,94703,1961,resolved,current_public_parcel,,1961,consistent,Alameda County parcels,2026-10-01T22:50Z,2026-10-04T02:11:41+00:00,1,complete,aligned,No inference used; unresolved or conflicting facts are unknown.,2026-10-04T02:15:46+00:00
A0110,130-132 2ND AVE,Newark,NJ,07055,unknown,unknown,none,,,missing,NJOGIS Parcels & MOD-IV Composite,2026-10-01T22:50Z,2026-10-04T02:11:41+00:00,1,complete,aligned,No inference used; unresolved or conflicting facts are unknown.,2026-10-04T02:15:46+00:00
A0111,10075 TUJUNGA CANYON BLVD,Los Angeles,CA,91042,1984,verified_both_sources,official_snapshot_and_current_public_parcel,1984,1984,consistent,LA County eGIS parcels,2026-10-01T22:50Z,2026-10-04T02:11:41+00:00,1,complete,aligned,No inference used; unresolved or conflicting facts are unknown.,2026-10-04T02:15:46+00:00
A0112,448 BRODERICK ST,San Francisco,CA,,1905,verified_both_sources,official_snapshot_and_current_public_parcel,1905,1905,consistent,DataSF wv5m-vpq2 (2025 roll),2026-10-01T22:50Z,2026-10-04T02:11:41+00:00,7,complete,aligned,No inference used; unresolved or conflicting facts are unknown.,2026-10-04T02:15:46+00:00
A0113,3151 ETON AVE,Berkeley,CA,94705,1920,resolved,current_public_parcel,,1920,consistent,Alameda County parcels,2026-10-01T22:50Z,2026-10-04T02:11:41+00:00,1,complete,aligned,No inference used; unresolved or conflicting facts are unknown.,2026-10-04T02:15:46+00:00
A0114,3743 INDIA ST,San Diego,CA,92103,0,resolved,current_public_parcel,,0,consistent,SANDAG/SanGIS parcels,2026-10-01T22:50Z,2026-10-04T02:11:41+00:00,1,complete,aligned,No inference used; unresolved or conflicting facts are unknown.,2026-10-04T02:15:46+00:00
A0115,397 05TH AV,San Francisco,CA,,1900,verified_both_sources,official_snapshot_and_current_public_parcel,1900,1900,consistent,DataSF wv5m-vpq2 (2025 roll),2026-10-01T22:50Z,2026-10-04T02:11:41+00:00,19,complete,aligned,No inference used; unresolved or conflicting facts are unknown.,2026-10-04T02:15:46+00:00
A0116,36 PROSPECT ST.,Jersey City,NJ,07111,1923,verified_both_sources,official_snapshot_and_current_public_parcel,1923,1923,consistent,NJOGIS Parcels & MOD-IV Composite,2026-10-01T22:50Z,2026-10-04T02:11:41+00:00,1,complete,aligned,No inference used; unresolved or conflicting facts are unknown.,2026-10-04T02:15:46+00:00
A0117,1733 N CHEROKEE AVE,Los Angeles,CA,90028,1924,verified_both_sources,official_snapshot_and_current_public_parcel,1924,1924,consistent,LA County eGIS parcels,2026-10-01T22:50Z,2026-10-04T02:11:41+00:00,1,complete,aligned,No inference used; unresolved or conflicting facts are unknown.,2026-10-04T02:15:46+00:00
A0118,18-34 KINGBIRD RD,Dorchester,MA,02124,2009,verified_both_sources,official_snapshot_and_current_public_parcel,2009,2009,consistent,Boston Property Assessment FY2026,2026-10-01T22:50Z,2026-10-04T02:11:41+00:00,1,complete,aligned,No inference used; unresolved or conflicting facts are unknown.,2026-10-04T02:15:46+00:00
A0119,607 ADAMS ST,Hoboken,NJ,07030,unknown,unknown,none,,,missing,NJOGIS Parcels & MOD-IV Composite,2026-10-01T22:50Z,2026-10-04T02:11:41+00:00,1,complete,aligned,No inference used; unresolved or conflicting facts are unknown.,2026-10-04T02:15:46+00:00
A0120,139 ELM ST,Newark,NJ,07105,unknown,unknown,none,,,missing,NJOGIS Parcels & MOD-IV Composite,2026-10-01T22:50Z,2026-10-04T02:11:41+00:00,1,complete,aligned,No inference used; unresolved or conflicting facts are unknown.,2026-10-04T02:15:46+00:00
A0121,4079 FRONT ST,San Diego,CA,92103,87,resolved,current_public_parcel,,87,consistent,SANDAG/SanGIS parcels,2026-10-01T22:50Z,2026-10-04T02:11:41+00:00,1,complete,aligned,No inference used; unresolved or conflicting facts are unknown.,2026-10-04T02:15:46+00:00
A0122,4812 S BROADWAY,Los Angeles,CA,90037,1909,resolved,provided_official_source_snapshot,1909,,address_not_aligned,LA County eGIS parcels,2026-10-01T22:50Z,2026-10-04T02:11:41+00:00,1,complete,parser_failed,No inference used; unresolved or conflicting facts are unknown.,2026-10-04T02:15:46+00:00
A0123,123 Condor ST,East Boston,MA,02128,2013,verified_both_sources,official_snapshot_and_current_public_parcel,2013,2013,consistent,Boston Property Assessment FY2026,2026-10-01T22:50Z,2026-10-04T02:11:41+00:00,1,complete,aligned,No inference used; unresolved or conflicting facts are unknown.,2026-10-04T02:15:46+00:00
A0124,33-35 Brookline St,Cambridge,MA,,1929,verified_both_sources,official_snapshot_and_current_public_parcel,1929,1929,consistent,Cambridge Property Database FY2026 (waa7-ibdu),2026-10-01T22:50Z,2026-10-04T02:11:41+00:00,1,complete,aligned,No inference used; unresolved or conflicting facts are unknown.,2026-10-04T02:15:46+00:00
A0125,227 GRAND ST,Hoboken,NJ,07030,unknown,unknown,none,,,missing,NJOGIS Parcels & MOD-IV Composite,2026-10-01T22:50Z,2026-10-04T02:11:41+00:00,1,complete,aligned,No inference used; unresolved or conflicting facts are unknown.,2026-10-04T02:15:46+00:00
A0126,1350 POTRERO AV,San Francisco,CA,,1927,verified_both_sources,official_snapshot_and_current_public_parcel,1927,1927,consistent,DataSF wv5m-vpq2 (2025 roll),2026-10-01T22:50Z,2026-10-04T02:11:41+00:00,19,complete,aligned,No inference used; unresolved or conflicting facts are unknown.,2026-10-04T02:15:46+00:00
A0127,10029 SEPULVEDA BLVD,Los Angeles,CA,91345,1964,verified_both_sources,official_snapshot_and_current_public_parcel,1964,1964,consistent,LA County eGIS parcels,2026-10-01T22:50Z,2026-10-04T02:11:41+00:00,1,complete,aligned,No inference used; unresolved or conflicting facts are unknown.,2026-10-04T02:15:46+00:00
A0128,Harvard ST,Dorchester,MA,02124,unknown,unknown,none,,,address_not_aligned,Boston Property Assessment FY2026,2026-10-01T22:50Z,2026-10-04T02:11:41+00:00,1,none,parser_failed,No inference used; unresolved or conflicting facts are unknown.,2026-10-04T02:15:46+00:00
A0129,526-532 MULBERRY ST,Newark,NJ,07039,unknown,unknown,none,,,missing,NJOGIS Parcels & MOD-IV Composite,2026-10-01T22:50Z,2026-10-04T02:11:41+00:00,1,complete,aligned,No inference used; unresolved or conflicting facts are unknown.,2026-10-04T02:15:46+00:00
A0130,554 MARKET ST,Newark,NJ,07205,unknown,unknown,none,,,missing,NJOGIS Parcels & MOD-IV Composite,2026-10-01T22:50Z,2026-10-04T02:11:41+00:00,1,complete,aligned,No inference used; unresolved or conflicting facts are unknown.,2026-10-04T02:15:46+00:00
A0131,43 POPLAR ST.,Jersey City,NJ,07307,1900,verified_both_sources,official_snapshot_and_current_public_parcel,1900,1900,consistent,NJOGIS Parcels & MOD-IV Composite,2026-10-01T22:50Z,2026-10-04T02:11:41+00:00,1,complete,aligned,No inference used; unresolved or conflicting facts are unknown.,2026-10-04T02:15:46+00:00
A0132,587 N 6TH ST,Newark,NJ,11205,unknown,unknown,none,,,missing,NJOGIS Parcels & MOD-IV Composite,2026-10-01T22:50Z,2026-10-04T02:11:41+00:00,1,complete,aligned,No inference used; unresolved or conflicting facts are unknown.,2026-10-04T02:15:46+00:00
A0133,8819 LANKERSHIM BLVD,Los Angeles,CA,91352,1956,verified_both_sources,official_snapshot_and_current_public_parcel,1956,1956,consistent,LA County eGIS parcels,2026-10-01T22:50Z,2026-10-04T02:11:41+00:00,1,complete,aligned,No inference used; unresolved or conflicting facts are unknown.,2026-10-04T02:15:46+00:00
A0134,101 Norfolk ST,Dorchester,MA,02124,1899,resolved,provided_official_source_snapshot,1899,,address_not_aligned,Boston Property Assessment FY2026,2026-10-01T22:50Z,2026-10-04T02:11:41+00:00,1,representative_only,not_aligned,No inference used; unresolved or conflicting facts are unknown.,2026-10-04T02:15:46+00:00
A0135,843 CLAY ST,San Francisco,CA,,1908,verified_both_sources,official_snapshot_and_current_public_parcel,1908,1908,consistent,DataSF wv5m-vpq2 (2025 roll),2026-10-01T22:50Z,2026-10-04T02:11:41+00:00,19,complete,aligned,No inference used; unresolved or conflicting facts are unknown.,2026-10-04T02:15:46+00:00
A0136,920 HUDSON ST,Hoboken,NJ,07030,unknown,unknown,none,,,missing,NJOGIS Parcels & MOD-IV Composite,2026-10-01T22:50Z,2026-10-04T02:11:41+00:00,1,complete,aligned,No inference used; unresolved or conflicting facts are unknown.,2026-10-04T02:15:46+00:00
A0137,65-71 NORFLOK ST,Newark,NJ,07003,unknown,unknown,none,,,missing,NJOGIS Parcels & MOD-IV Composite,2026-10-01T22:50Z,2026-10-04T02:11:41+00:00,1,complete,aligned,No inference used; unresolved or conflicting facts are unknown.,2026-10-04T02:15:46+00:00
A0138,1033 E 51ST ST,Los Angeles,CA,90011,1959,verified_both_sources,official_snapshot_and_current_public_parcel,1959,1959,consistent,LA County eGIS parcels,2026-10-01T22:50Z,2026-10-04T02:11:41+00:00,1,complete,aligned,No inference used; unresolved or conflicting facts are unknown.,2026-10-04T02:15:46+00:00
A0139,54 STUYVESANT AVE.,Jersey City,NJ,07042,1910,verified_both_sources,official_snapshot_and_current_public_parcel,1910,1910,consistent,NJOGIS Parcels & MOD-IV Composite,2026-10-01T22:50Z,2026-10-04T02:11:41+00:00,1,complete,aligned,No inference used; unresolved or conflicting facts are unknown.,2026-10-04T02:15:46+00:00
A0140,459 BEACON ST,Boston,MA,02115,1910,verified_both_sources,official_snapshot_and_current_public_parcel,1910,1910,consistent,Boston Property Assessment FY2026,2026-10-01T22:50Z,2026-10-04T02:11:41+00:00,1,complete,aligned,No inference used; unresolved or conflicting facts are unknown.,2026-10-04T02:15:46+00:00
A0141,2601 43RD AV,San Francisco,CA,,1974,verified_both_sources,official_snapshot_and_current_public_parcel,1974,1974,consistent,DataSF wv5m-vpq2 (2025 roll),2026-10-01T22:50Z,2026-10-04T02:11:41+00:00,19,complete,aligned,No inference used; unresolved or conflicting facts are unknown.,2026-10-04T02:15:46+00:00
A0142,4615 AVALON BLVD,Los Angeles,CA,90011,1957,verified_both_sources,official_snapshot_and_current_public_parcel,1957,1957,consistent,LA County eGIS parcels,2026-10-01T22:50Z,2026-10-04T02:11:41+00:00,1,complete,aligned,No inference used; unresolved or conflicting facts are unknown.,2026-10-04T02:15:46+00:00
A0143,75 ELM HILL AV,Dorchester,MA,02121,unknown,unknown,none,,,missing,Boston Property Assessment FY2026,2026-10-01T22:50Z,2026-10-04T02:11:41+00:00,1,complete,aligned,No inference used; unresolved or conflicting facts are unknown.,2026-10-04T02:15:46+00:00
A0144,112-114 Amory ST,Roxbury,MA,02119,1910,verified_both_sources,official_snapshot_and_current_public_parcel,1910,1910,consistent,Boston Property Assessment FY2026,2026-10-01T22:50Z,2026-10-04T02:11:41+00:00,1,complete,aligned,No inference used; unresolved or conflicting facts are unknown.,2026-10-04T02:15:46+00:00
A0145,4515 FELTON ST,San Diego,CA,92116,63,resolved,current_public_parcel,,63,consistent,SANDAG/SanGIS parcels,2026-10-01T22:50Z,2026-10-04T02:11:41+00:00,1,complete,aligned,No inference used; unresolved or conflicting facts are unknown.,2026-10-04T02:15:46+00:00
A0146,93-95 HAWKINS ST,Newark,NJ,07105,unknown,unknown,none,,,missing,NJOGIS Parcels & MOD-IV Composite,2026-10-01T22:50Z,2026-10-04T02:11:41+00:00,1,complete,aligned,No inference used; unresolved or conflicting facts are unknown.,2026-10-04T02:15:46+00:00
A0147,2850 GOLDEN GATE AV,San Francisco,CA,,1900,verified_both_sources,official_snapshot_and_current_public_parcel,1900,1900,consistent,DataSF wv5m-vpq2 (2025 roll),2026-10-01T22:50Z,2026-10-04T02:11:41+00:00,19,complete,aligned,No inference used; unresolved or conflicting facts are unknown.,2026-10-04T02:15:46+00:00
A0148,162-166 5TH ST,Newark,NJ,07105,unknown,unknown,none,,,address_not_aligned,NJOGIS Parcels & MOD-IV Composite,2026-10-01T22:50Z,2026-10-04T02:11:41+00:00,1,none,parser_failed,No inference used; unresolved or conflicting facts are unknown.,2026-10-04T02:15:46+00:00
A0149,25 Everett ST,East Boston,MA,02128,2023,resolved,provided_official_source_snapshot,2023,,candidate_set_incomplete,Boston Property Assessment FY2026,2026-10-01T22:50Z,2026-10-04T02:11:41+00:00,1,representative_only,aligned,No inference used; unresolved or conflicting facts are unknown.,2026-10-04T02:15:46+00:00
A0150,3784 E BROADWAY,San Diego,CA,92102,unknown,unknown,none,,,address_not_aligned,SANDAG/SanGIS parcels,2026-10-01T22:50Z,2026-10-04T02:11:41+00:00,1,none,parser_failed,No inference used; unresolved or conflicting facts are unknown.,2026-10-04T02:15:46+00:00
A0151,16 Queensberry ST,Boston,MA,02215,1899,verified_both_sources,official_snapshot_and_current_public_parcel,1899,1899,consistent,Boston Property Assessment FY2026,2026-10-01T22:50Z,2026-10-04T02:11:41+00:00,1,complete,aligned,No inference used; unresolved or conflicting facts are unknown.,2026-10-04T02:15:46+00:00
A0152,1669 SUNSET CLIFFS BLVD,San Diego,CA,92107,41,resolved,current_public_parcel,,41,consistent,SANDAG/SanGIS parcels,2026-10-01T22:50Z,2026-10-04T02:11:41+00:00,1,complete,aligned,No inference used; unresolved or conflicting facts are unknown.,2026-10-04T02:15:46+00:00
A0153,366 E 55TH ST,Los Angeles,CA,90011,1924,verified_both_sources,official_snapshot_and_current_public_parcel,1924,1924,consistent,LA County eGIS parcels,2026-10-01T22:50Z,2026-10-04T02:11:41+00:00,1,complete,aligned,No inference used; unresolved or conflicting facts are unknown.,2026-10-04T02:15:46+00:00
A0154,4568 IDAHO ST,San Diego,CA,92116,60,resolved,current_public_parcel,,60,consistent,SANDAG/SanGIS parcels,2026-10-01T22:50Z,2026-10-04T02:11:41+00:00,1,complete,aligned,No inference used; unresolved or conflicting facts are unknown.,2026-10-04T02:15:46+00:00
A0155,473 Harvard ST,Dorchester,MA,02124,unknown,unknown,none,,,missing,Boston Property Assessment FY2026,2026-10-01T22:50Z,2026-10-04T02:11:41+00:00,1,complete,aligned,No inference used; unresolved or conflicting facts are unknown.,2026-10-04T02:15:46+00:00
A0156,290 GREEN ST,San Francisco,CA,,1927,verified_both_sources,official_snapshot_and_current_public_parcel,1927,1927,consistent,DataSF wv5m-vpq2 (2025 roll),2026-10-01T22:50Z,2026-10-04T02:11:41+00:00,19,complete,aligned,No inference used; unresolved or conflicting facts are unknown.,2026-10-04T02:15:46+00:00
A0157,2701 RIDGE RD,Berkeley,CA,94709,unknown,unknown,none,,,missing,Alameda County parcels,2026-10-01T22:50Z,2026-10-04T02:11:41+00:00,1,complete,aligned,No inference used; unresolved or conflicting facts are unknown.,2026-10-04T02:15:46+00:00
A0158,2522 HILGARD AVE,Berkeley,CA,94709,unknown,unknown,none,,,missing,Alameda County parcels,2026-10-01T22:50Z,2026-10-04T02:11:41+00:00,1,complete,aligned,No inference used; unresolved or conflicting facts are unknown.,2026-10-04T02:15:46+00:00
A0159,104 SUNSET AVE,Newark,NJ,11211,unknown,unknown,none,,,missing,NJOGIS Parcels & MOD-IV Composite,2026-10-01T22:50Z,2026-10-04T02:11:41+00:00,1,complete,aligned,No inference used; unresolved or conflicting facts are unknown.,2026-10-04T02:15:46+00:00
A0160,86 CHARLES ST.,Jersey City,NJ,07642,1918,verified_both_sources,official_snapshot_and_current_public_parcel,1918,1918,consistent,NJOGIS Parcels & MOD-IV Composite,2026-10-01T22:50Z,2026-10-04T02:11:41+00:00,1,complete,aligned,No inference used; unresolved or conflicting facts are unknown.,2026-10-04T02:15:46+00:00
A0161,317 UNION ST.,Jersey City,NJ,07013,1930,verified_both_sources,official_snapshot_and_current_public_parcel,1930,1930,consistent,NJOGIS Parcels & MOD-IV Composite,2026-10-01T22:50Z,2026-10-04T02:11:41+00:00,1,complete,aligned,No inference used; unresolved or conflicting facts are unknown.,2026-10-04T02:15:46+00:00
A0162,1640 N POINSETTIA PL,Los Angeles,CA,90046,1987,verified_both_sources,official_snapshot_and_current_public_parcel,1987,1987,consistent,LA County eGIS parcels,2026-10-01T22:50Z,2026-10-04T02:11:41+00:00,1,complete,aligned,No inference used; unresolved or conflicting facts are unknown.,2026-10-04T02:15:46+00:00
A0163,233-235 SECOND ST.,Jersey City,NJ,07042,1870,verified_both_sources,official_snapshot_and_current_public_parcel,1870,1870,consistent,NJOGIS Parcels & MOD-IV Composite,2026-10-01T22:50Z,2026-10-04T02:11:41+00:00,1,complete,aligned,No inference used; unresolved or conflicting facts are unknown.,2026-10-04T02:15:46+00:00
A0164,725 14TH ST,San Francisco,CA,,1911,verified_both_sources,official_snapshot_and_current_public_parcel,1911,1911,consistent,DataSF wv5m-vpq2 (2025 roll),2026-10-01T22:50Z,2026-10-04T02:11:41+00:00,8,complete,aligned,No inference used; unresolved or conflicting facts are unknown.,2026-10-04T02:15:46+00:00
A0165,734 JAMAICA CT,San Diego,CA,92109,58,resolved,current_public_parcel,,58,consistent,SANDAG/SanGIS parcels,2026-10-01T22:50Z,2026-10-04T02:11:41+00:00,1,complete,aligned,No inference used; unresolved or conflicting facts are unknown.,2026-10-04T02:15:46+00:00
A0166,1 Potter Pk,Cambridge,MA,,1900,resolved,provided_official_source_snapshot,1900,,address_not_aligned,Cambridge Property Database FY2026 (waa7-ibdu),2026-10-01T22:50Z,2026-10-04T02:11:41+00:00,1,complete,parser_failed,No inference used; unresolved or conflicting facts are unknown.,2026-10-04T02:15:46+00:00
A0167,4616 FLORIDA ST,San Diego,CA,92116,54,resolved,current_public_parcel,,54,consistent,SANDAG/SanGIS parcels,2026-10-01T22:50Z,2026-10-04T02:11:41+00:00,1,complete,aligned,No inference used; unresolved or conflicting facts are unknown.,2026-10-04T02:15:46+00:00
A0168,600 JACKSON/601 HARRISON,Hoboken,NJ,07030,2007,resolved,provided_official_source_snapshot,2007,,address_not_aligned,NJOGIS Parcels & MOD-IV Composite,2026-10-01T22:50Z,2026-10-04T02:11:41+00:00,1,complete,parser_failed,No inference used; unresolved or conflicting facts are unknown.,2026-10-04T02:15:46+00:00
A0169,115 KILSYTH RD,Brighton,MA,02135,1920,verified_both_sources,official_snapshot_and_current_public_parcel,1920,1920,consistent,Boston Property Assessment FY2026,2026-10-01T22:50Z,2026-10-04T02:11:41+00:00,1,complete,aligned,No inference used; unresolved or conflicting facts are unknown.,2026-10-04T02:15:46+00:00
A0170,8917 CEDROS AVE,Los Angeles,CA,91402,1990,verified_both_sources,official_snapshot_and_current_public_parcel,1990,1990,consistent,LA County eGIS parcels,2026-10-01T22:50Z,2026-10-04T02:11:41+00:00,1,complete,aligned,No inference used; unresolved or conflicting facts are unknown.,2026-10-04T02:15:46+00:00
A0171,127 OGDEN AVE.,Jersey City,NJ,07660,1910,verified_both_sources,official_snapshot_and_current_public_parcel,1910,1910,consistent,NJOGIS Parcels & MOD-IV Composite,2026-10-01T22:50Z,2026-10-04T02:11:41+00:00,1,complete,aligned,No inference used; unresolved or conflicting facts are unknown.,2026-10-04T02:15:46+00:00
A0172,8504 WILLIS AVE,Los Angeles,CA,91402,1960,verified_both_sources,official_snapshot_and_current_public_parcel,1960,1960,consistent,LA County eGIS parcels,2026-10-01T22:50Z,2026-10-04T02:11:41+00:00,1,complete,aligned,No inference used; unresolved or conflicting facts are unknown.,2026-10-04T02:15:46+00:00
A0173,13180 FOOTHILL BLVD,Los Angeles,CA,91342,1937,verified_both_sources,official_snapshot_and_current_public_parcel,1937,1937,consistent,LA County eGIS parcels,2026-10-01T22:50Z,2026-10-04T02:11:41+00:00,1,complete,aligned,No inference used; unresolved or conflicting facts are unknown.,2026-10-04T02:15:46+00:00
A0174,84 Hampshire St,Cambridge,MA,,1900,verified_both_sources,official_snapshot_and_current_public_parcel,1900,1900,consistent,Cambridge Property Database FY2026 (waa7-ibdu),2026-10-01T22:50Z,2026-10-04T02:11:41+00:00,1,complete,aligned,No inference used; unresolved or conflicting facts are unknown.,2026-10-04T02:15:46+00:00
A0175,10 Dover St,Cambridge,MA,,1922,verified_both_sources,official_snapshot_and_current_public_parcel,1922,1922,consistent,Cambridge Property Database FY2026 (waa7-ibdu),2026-10-01T22:50Z,2026-10-04T02:11:41+00:00,1,complete,aligned,No inference used; unresolved or conflicting facts are unknown.,2026-10-04T02:15:46+00:00
A0176,15 Chester St,Cambridge,MA,,1965,resolved,provided_official_source_snapshot,1965,,candidate_set_incomplete,Cambridge Property Database FY2026 (waa7-ibdu),2026-10-01T22:50Z,2026-10-04T02:11:41+00:00,1,representative_only,aligned,No inference used; unresolved or conflicting facts are unknown.,2026-10-04T02:15:46+00:00
A0177,166 HIGHLAND AVE.,Jersey City,NJ,11201,1912,verified_both_sources,official_snapshot_and_current_public_parcel,1912,1912,consistent,NJOGIS Parcels & MOD-IV Composite,2026-10-01T22:50Z,2026-10-04T02:11:41+00:00,1,complete,aligned,No inference used; unresolved or conflicting facts are unknown.,2026-10-04T02:15:46+00:00
A0178,5308 RIVERTON AVE,Los Angeles,CA,91601,1961,verified_both_sources,official_snapshot_and_current_public_parcel,1961,1961,consistent,LA County eGIS parcels,2026-10-01T22:50Z,2026-10-04T02:11:41+00:00,1,complete,aligned,No inference used; unresolved or conflicting facts are unknown.,2026-10-04T02:15:46+00:00
A0179,7006 LANEWOOD AVE,Los Angeles,CA,90028,1958,verified_both_sources,official_snapshot_and_current_public_parcel,1958,1958,consistent,LA County eGIS parcels,2026-10-01T22:50Z,2026-10-04T02:11:41+00:00,1,complete,aligned,No inference used; unresolved or conflicting facts are unknown.,2026-10-04T02:15:46+00:00
A0180,845 S KINGSLEY DR,Los Angeles,CA,90005,1990,verified_both_sources,official_snapshot_and_current_public_parcel,1990,1990,consistent,LA County eGIS parcels,2026-10-01T22:50Z,2026-10-04T02:11:41+00:00,1,complete,aligned,No inference used; unresolved or conflicting facts are unknown.,2026-10-04T02:15:46+00:00
A0181,931 GARDEN ST,Hoboken,NJ,07030,unknown,unknown,none,,,missing,NJOGIS Parcels & MOD-IV Composite,2026-10-01T22:50Z,2026-10-04T02:11:41+00:00,1,complete,aligned,No inference used; unresolved or conflicting facts are unknown.,2026-10-04T02:15:46+00:00
A0182,911-923 CLINTON ST,Hoboken,NJ,07030,unknown,unknown,none,,,missing,NJOGIS Parcels & MOD-IV Composite,2026-10-01T22:50Z,2026-10-04T02:11:41+00:00,1,complete,aligned,No inference used; unresolved or conflicting facts are unknown.,2026-10-04T02:15:46+00:00
A0183,2427 HILGARD AVE,Berkeley,CA,94709,1924,resolved,current_public_parcel,,1924,consistent,Alameda County parcels,2026-10-01T22:50Z,2026-10-04T02:11:41+00:00,1,complete,aligned,No inference used; unresolved or conflicting facts are unknown.,2026-10-04T02:15:46+00:00
A0184,156 W 32ND ST,Los Angeles,CA,90007,1907,verified_both_sources,official_snapshot_and_current_public_parcel,1907,1907,consistent,LA County eGIS parcels,2026-10-01T22:50Z,2026-10-04T02:11:41+00:00,1,complete,aligned,No inference used; unresolved or conflicting facts are unknown.,2026-10-04T02:15:46+00:00
A0185,154 TERHUNE AVE.,Jersey City,NJ,07103,1922,verified_both_sources,official_snapshot_and_current_public_parcel,1922,1922,consistent,NJOGIS Parcels & MOD-IV Composite,2026-10-01T22:50Z,2026-10-04T02:11:41+00:00,1,complete,aligned,No inference used; unresolved or conflicting facts are unknown.,2026-10-04T02:15:46+00:00
A0186,107 BEACON AVE.,Jersey City,NJ,07306,1,resolved,current_public_parcel,,1,consistent,NJOGIS Parcels & MOD-IV Composite,2026-10-01T22:50Z,2026-10-04T02:11:41+00:00,1,complete,aligned,No inference used; unresolved or conflicting facts are unknown.,2026-10-04T02:15:46+00:00
A0187,146 CARLTON AVE.,Jersey City,NJ,07423,1925,verified_both_sources,official_snapshot_and_current_public_parcel,1925,1925,consistent,NJOGIS Parcels & MOD-IV Composite,2026-10-01T22:50Z,2026-10-04T02:11:41+00:00,1,complete,aligned,No inference used; unresolved or conflicting facts are unknown.,2026-10-04T02:15:46+00:00
A0188,2819 MCGEE AVE,Berkeley,CA,94703,1960,resolved,current_public_parcel,,1960,consistent,Alameda County parcels,2026-10-01T22:50Z,2026-10-04T02:11:41+00:00,1,complete,aligned,No inference used; unresolved or conflicting facts are unknown.,2026-10-04T02:15:46+00:00
A0189,1811 CARLETON ST,Berkeley,CA,94703,unknown,unknown,none,,,missing,Alameda County parcels,2026-10-01T22:50Z,2026-10-04T02:11:41+00:00,1,complete,aligned,No inference used; unresolved or conflicting facts are unknown.,2026-10-04T02:15:46+00:00
A0190,283 ADAMS ST,Newark,NJ,07105,unknown,unknown,none,,,missing,NJOGIS Parcels & MOD-IV Composite,2026-10-01T22:50Z,2026-10-04T02:11:41+00:00,1,complete,aligned,No inference used; unresolved or conflicting facts are unknown.,2026-10-04T02:15:46+00:00
A0191,60 Kirkland St,Cambridge,MA,,1891,verified_both_sources,official_snapshot_and_current_public_parcel,1891,1891,consistent,Cambridge Property Database FY2026 (waa7-ibdu),2026-10-01T22:50Z,2026-10-04T02:11:41+00:00,1,complete,aligned,No inference used; unresolved or conflicting facts are unknown.,2026-10-04T02:15:46+00:00
A0192,780 POST ST,San Francisco,CA,,1916,verified_both_sources,official_snapshot_and_current_public_parcel,1916,1916,consistent,DataSF wv5m-vpq2 (2025 roll),2026-10-01T22:50Z,2026-10-04T02:11:41+00:00,19,complete,aligned,No inference used; unresolved or conflicting facts are unknown.,2026-10-04T02:15:46+00:00
A0193,1626 BONITA AVE,Berkeley,CA,94709,1961,resolved,current_public_parcel,,1961,consistent,Alameda County parcels,2026-10-01T22:50Z,2026-10-04T02:11:41+00:00,1,complete,aligned,No inference used; unresolved or conflicting facts are unknown.,2026-10-04T02:15:46+00:00
A0194,72 Burbank ST,Boston,MA,02115,2022,verified_both_sources,official_snapshot_and_current_public_parcel,2022,2022,consistent,Boston Property Assessment FY2026,2026-10-01T22:50Z,2026-10-04T02:11:41+00:00,1,complete,aligned,No inference used; unresolved or conflicting facts are unknown.,2026-10-04T02:15:46+00:00
A0195,1850-1848 COMMONWEALTH AV,Brighton,MA,02135,1910,resolved,provided_official_source_snapshot,1910,,address_not_aligned,Boston Property Assessment FY2026,2026-10-01T22:50Z,2026-10-04T02:11:41+00:00,1,complete,not_aligned,No inference used; unresolved or conflicting facts are unknown.,2026-10-04T02:15:46+00:00
A0196,16915 BLACKHAWK ST,Los Angeles,CA,91344,1962,verified_both_sources,official_snapshot_and_current_public_parcel,1962,1962,consistent,LA County eGIS parcels,2026-10-01T22:50Z,2026-10-04T02:11:41+00:00,1,complete,aligned,No inference used; unresolved or conflicting facts are unknown.,2026-10-04T02:15:46+00:00
A0197,1611 62ND ST,Berkeley,CA,94703,unknown,unknown,none,,,missing,Alameda County parcels,2026-10-01T22:50Z,2026-10-04T02:11:41+00:00,1,complete,aligned,No inference used; unresolved or conflicting facts are unknown.,2026-10-04T02:15:46+00:00
A0198,194 Havre ST,East Boston,MA,02128,2019,verified_both_sources,official_snapshot_and_current_public_parcel,2019,2019,consistent,Boston Property Assessment FY2026,2026-10-01T22:50Z,2026-10-04T02:11:41+00:00,1,complete,aligned,No inference used; unresolved or conflicting facts are unknown.,2026-10-04T02:15:46+00:00
A0199,42 Bay State Rd,Cambridge,MA,,2012,verified_both_sources,official_snapshot_and_current_public_parcel,2012,2012,consistent,Cambridge Property Database FY2026 (waa7-ibdu),2026-10-01T22:50Z,2026-10-04T02:11:41+00:00,1,complete,aligned,No inference used; unresolved or conflicting facts are unknown.,2026-10-04T02:15:46+00:00
A0200,1853 N HIGHLAND AVE,Los Angeles,CA,90028,0,resolved,current_public_parcel,,0,consistent,LA County eGIS parcels,2026-10-01T22:50Z,2026-10-04T02:11:41+00:00,1,complete,aligned,No inference used; unresolved or conflicting facts are unknown.,2026-10-04T02:15:46+00:00
A0201,2737 BENVENUE AVE,Berkeley,CA,94705,1908,resolved,current_public_parcel,,1908,consistent,Alameda County parcels,2026-10-01T22:50Z,2026-10-04T02:11:41+00:00,1,complete,aligned,No inference used; unresolved or conflicting facts are unknown.,2026-10-04T02:15:46+00:00
A0202,1446 JACKSON ST,San Francisco,CA,,1907,verified_both_sources,official_snapshot_and_current_public_parcel,1907,1907,consistent,DataSF wv5m-vpq2 (2025 roll),2026-10-01T22:50Z,2026-10-04T02:11:41+00:00,19,complete,aligned,No inference used; unresolved or conflicting facts are unknown.,2026-10-04T02:15:46+00:00
A0203,2986-2930 Washington ST,Roxbury,MA,02119,2002,resolved,provided_official_source_snapshot,2002,,address_not_aligned,Boston Property Assessment FY2026,2026-10-01T22:50Z,2026-10-04T02:11:41+00:00,1,complete,not_aligned,No inference used; unresolved or conflicting facts are unknown.,2026-10-04T02:15:46+00:00
A0204,202-208 6TH AVE W,Newark,NJ,08736,unknown,unknown,none,,,missing,NJOGIS Parcels & MOD-IV Composite,2026-10-01T22:50Z,2026-10-04T02:11:41+00:00,1,complete,aligned,No inference used; unresolved or conflicting facts are unknown.,2026-10-04T02:15:46+00:00
A0205,2425 GRANT ST,Berkeley,CA,94703,1962,resolved,current_public_parcel,,1962,consistent,Alameda County parcels,2026-10-01T22:50Z,2026-10-04T02:11:41+00:00,1,complete,aligned,No inference used; unresolved or conflicting facts are unknown.,2026-10-04T02:15:46+00:00
A0206,401 43RD AV,San Francisco,CA,,1929,verified_both_sources,official_snapshot_and_current_public_parcel,1929,1929,consistent,DataSF wv5m-vpq2 (2025 roll),2026-10-01T22:50Z,2026-10-04T02:11:41+00:00,19,complete,aligned,No inference used; unresolved or conflicting facts are unknown.,2026-10-04T02:15:46+00:00
A0207,705 W 23RD ST,Los Angeles,CA,90007,1901,verified_both_sources,official_snapshot_and_current_public_parcel,1901,1901,consistent,LA County eGIS parcels,2026-10-01T22:50Z,2026-10-04T02:11:41+00:00,1,complete,aligned,No inference used; unresolved or conflicting facts are unknown.,2026-10-04T02:15:46+00:00
A0208,126 ADAMS ST,Hoboken,NJ,07604,unknown,unknown,none,,,missing,NJOGIS Parcels & MOD-IV Composite,2026-10-01T22:50Z,2026-10-04T02:11:41+00:00,1,complete,aligned,No inference used; unresolved or conflicting facts are unknown.,2026-10-04T02:15:46+00:00
A0209,19 Trowbridge St,Cambridge,MA,,1910,verified_both_sources,official_snapshot_and_current_public_parcel,1910,1910,consistent,Cambridge Property Database FY2026 (waa7-ibdu),2026-10-01T22:50Z,2026-10-04T02:11:41+00:00,1,complete,aligned,No inference used; unresolved or conflicting facts are unknown.,2026-10-04T02:15:46+00:00
A0210,1432 N CURSON AVE,Los Angeles,CA,90046,2016,verified_both_sources,official_snapshot_and_current_public_parcel,2016,2016,consistent,LA County eGIS parcels,2026-10-01T22:50Z,2026-10-04T02:11:41+00:00,1,complete,aligned,No inference used; unresolved or conflicting facts are unknown.,2026-10-04T02:15:46+00:00
A0211,499 BEACON ST,Boston,MA,02215,1899,verified_both_sources,official_snapshot_and_current_public_parcel,1899,1899,consistent,Boston Property Assessment FY2026,2026-10-01T22:50Z,2026-10-04T02:11:41+00:00,1,complete,aligned,No inference used; unresolved or conflicting facts are unknown.,2026-10-04T02:15:46+00:00
A0212,1311 SOUTH VAN NESS AV,San Francisco,CA,,1900,verified_both_sources,official_snapshot_and_current_public_parcel,1900,1900,consistent,DataSF wv5m-vpq2 (2025 roll),2026-10-01T22:50Z,2026-10-04T02:11:41+00:00,19,complete,aligned,No inference used; unresolved or conflicting facts are unknown.,2026-10-04T02:15:46+00:00
A0213,11649 ACAMA ST,Los Angeles,CA,91604,1986,verified_both_sources,official_snapshot_and_current_public_parcel,1986,1986,consistent,LA County eGIS parcels,2026-10-01T22:50Z,2026-10-04T02:11:41+00:00,1,complete,aligned,No inference used; unresolved or conflicting facts are unknown.,2026-10-04T02:15:46+00:00
A0214,358 Harvard St,Cambridge,MA,,1900,verified_both_sources,official_snapshot_and_current_public_parcel,1900,1900,consistent,Cambridge Property Database FY2026 (waa7-ibdu),2026-10-01T22:50Z,2026-10-04T02:11:41+00:00,1,complete,aligned,No inference used; unresolved or conflicting facts are unknown.,2026-10-04T02:15:46+00:00
A0215,2295 CALIFORNIA ST,San Francisco,CA,,1924,verified_both_sources,official_snapshot_and_current_public_parcel,1924,1924,consistent,DataSF wv5m-vpq2 (2025 roll),2026-10-01T22:50Z,2026-10-04T02:11:41+00:00,19,complete,aligned,No inference used; unresolved or conflicting facts are unknown.,2026-10-04T02:15:46+00:00
A0216,2309 HASTE ST,Berkeley,CA,94704,unknown,unknown,none,,,missing,Alameda County parcels,2026-10-01T22:50Z,2026-10-04T02:11:41+00:00,1,complete,aligned,No inference used; unresolved or conflicting facts are unknown.,2026-10-04T02:15:46+00:00
A0217,170-172 Maverick ST,East Boston,MA,02128,2011,verified_both_sources,official_snapshot_and_current_public_parcel,2011,2011,consistent,Boston Property Assessment FY2026,2026-10-01T22:50Z,2026-10-04T02:11:41+00:00,1,complete,aligned,No inference used; unresolved or conflicting facts are unknown.,2026-10-04T02:15:46+00:00
A0218,15 Richdale Ave,Cambridge,MA,,1910,verified_both_sources,official_snapshot_and_current_public_parcel,1910,1910,consistent,Cambridge Property Database FY2026 (waa7-ibdu),2026-10-01T22:50Z,2026-10-04T02:11:41+00:00,1,complete,aligned,No inference used; unresolved or conflicting facts are unknown.,2026-10-04T02:15:46+00:00
A0219,3735 32ND ST,San Diego,CA,92104,71,resolved,current_public_parcel,,71,consistent,SANDAG/SanGIS parcels,2026-10-01T22:50Z,2026-10-04T02:11:41+00:00,1,complete,aligned,No inference used; unresolved or conflicting facts are unknown.,2026-10-04T02:15:46+00:00
A0220,21-23 Faulkner ST,Dorchester,MA,02122,1900,verified_both_sources,official_snapshot_and_current_public_parcel,1900,1900,consistent,Boston Property Assessment FY2026,2026-10-01T22:50Z,2026-10-04T02:11:41+00:00,1,complete,aligned,No inference used; unresolved or conflicting facts are unknown.,2026-10-04T02:15:46+00:00
A0221,191 Park DR,Boston,MA,02215,1910,resolved,provided_official_source_snapshot,1910,,address_not_aligned,Boston Property Assessment FY2026,2026-10-01T22:50Z,2026-10-04T02:11:41+00:00,1,representative_only,not_aligned,No inference used; unresolved or conflicting facts are unknown.,2026-10-04T02:15:46+00:00
A0222,1901 VALLEJO ST,San Francisco,CA,,1960,verified_both_sources,official_snapshot_and_current_public_parcel,1960,1960,consistent,DataSF wv5m-vpq2 (2025 roll),2026-10-01T22:50Z,2026-10-04T02:11:41+00:00,19,complete,aligned,No inference used; unresolved or conflicting facts are unknown.,2026-10-04T02:15:46+00:00
A0223,504 COURT ST,Hoboken,NJ,07030,unknown,unknown,none,,,address_not_aligned,NJOGIS Parcels & MOD-IV Composite,2026-10-01T22:50Z,2026-10-04T02:11:41+00:00,1,representative_only,not_aligned,No inference used; unresolved or conflicting facts are unknown.,2026-10-04T02:15:46+00:00
A0224,8727 TOBIAS AVE,Los Angeles,CA,91402,1960,verified_both_sources,official_snapshot_and_current_public_parcel,1960,1960,consistent,LA County eGIS parcels,2026-10-01T22:50Z,2026-10-04T02:11:41+00:00,1,complete,aligned,No inference used; unresolved or conflicting facts are unknown.,2026-10-04T02:15:46+00:00
A0225,1627 JACKSON ST,San Francisco,CA,,1913,verified_both_sources,official_snapshot_and_current_public_parcel,1913,1913,consistent,DataSF wv5m-vpq2 (2025 roll),2026-10-01T22:50Z,2026-10-04T02:11:41+00:00,19,complete,aligned,No inference used; unresolved or conflicting facts are unknown.,2026-10-04T02:15:46+00:00
A0226,663 MASSACHUSETTS AV,Boston,MA,02118,1905,verified_both_sources,official_snapshot_and_current_public_parcel,1905,1905,consistent,Boston Property Assessment FY2026,2026-10-01T22:50Z,2026-10-04T02:11:41+00:00,1,complete,aligned,No inference used; unresolved or conflicting facts are unknown.,2026-10-04T02:15:46+00:00
A0227,1401 HUDSON ST,Hoboken,NJ,07030,2010,verified_both_sources,official_snapshot_and_current_public_parcel,2010,2010,consistent,NJOGIS Parcels & MOD-IV Composite,2026-10-01T22:50Z,2026-10-04T02:11:41+00:00,1,complete,aligned,No inference used; unresolved or conflicting facts are unknown.,2026-10-04T02:15:46+00:00
A0228,225 COLLINGWOOD ST,San Francisco,CA,,1907,verified_both_sources,official_snapshot_and_current_public_parcel,1907,1907,consistent,DataSF wv5m-vpq2 (2025 roll),2026-10-01T22:50Z,2026-10-04T02:11:41+00:00,19,complete,aligned,No inference used; unresolved or conflicting facts are unknown.,2026-10-04T02:15:46+00:00
A0229,5164 03RD ST,San Francisco,CA,,1914,verified_both_sources,official_snapshot_and_current_public_parcel,1914,1914,consistent,DataSF wv5m-vpq2 (2025 roll),2026-10-01T22:50Z,2026-10-04T02:11:41+00:00,19,complete,aligned,No inference used; unresolved or conflicting facts are unknown.,2026-10-04T02:15:46+00:00
A0230,85 Hancock St,Cambridge,MA,,1996,verified_both_sources,official_snapshot_and_current_public_parcel,1996,1996,consistent,Cambridge Property Database FY2026 (waa7-ibdu),2026-10-01T22:50Z,2026-10-04T02:11:41+00:00,1,complete,aligned,No inference used; unresolved or conflicting facts are unknown.,2026-10-04T02:15:46+00:00
A0231,521 ARGUELLO BL,San Francisco,CA,,1971,verified_both_sources,official_snapshot_and_current_public_parcel,1971,1971,consistent,DataSF wv5m-vpq2 (2025 roll),2026-10-01T22:50Z,2026-10-04T02:11:41+00:00,19,complete,aligned,No inference used; unresolved or conflicting facts are unknown.,2026-10-04T02:15:46+00:00
A0232,189 Third St,Cambridge,MA,,1900,verified_both_sources,official_snapshot_and_current_public_parcel,1900,1900,consistent,Cambridge Property Database FY2026 (waa7-ibdu),2026-10-01T22:50Z,2026-10-04T02:11:41+00:00,1,complete,aligned,No inference used; unresolved or conflicting facts are unknown.,2026-10-04T02:15:46+00:00
A0233,30 MEDFIELD ST,Boston,MA,02215,1920,verified_both_sources,official_snapshot_and_current_public_parcel,1920,1920,consistent,Boston Property Assessment FY2026,2026-10-01T22:50Z,2026-10-04T02:11:41+00:00,1,complete,aligned,No inference used; unresolved or conflicting facts are unknown.,2026-10-04T02:15:46+00:00
A0234,2212 BLAKE ST,Berkeley,CA,94704,unknown,unknown,none,,,missing,Alameda County parcels,2026-10-01T22:50Z,2026-10-04T02:11:41+00:00,1,complete,aligned,No inference used; unresolved or conflicting facts are unknown.,2026-10-04T02:15:46+00:00
A0235,6736 SELMA AVE,Los Angeles,CA,90028,unknown,unknown,none,,,missing,LA County eGIS parcels,2026-10-01T22:50Z,2026-10-04T02:11:41+00:00,1,complete,aligned,No inference used; unresolved or conflicting facts are unknown.,2026-10-04T02:15:46+00:00
A0236,1110 JACKSON ST,San Francisco,CA,,1961,verified_both_sources,official_snapshot_and_current_public_parcel,1961,1961,consistent,DataSF wv5m-vpq2 (2025 roll),2026-10-01T22:50Z,2026-10-04T02:11:41+00:00,19,complete,aligned,No inference used; unresolved or conflicting facts are unknown.,2026-10-04T02:15:46+00:00
A0237,36 VALLEY ST,San Francisco,CA,,1927,resolved,provided_official_source_snapshot,1927,,candidate_set_incomplete,DataSF wv5m-vpq2 (2025 roll),2026-10-01T22:50Z,2026-10-04T02:11:41+00:00,1,none,aligned,No inference used; unresolved or conflicting facts are unknown.,2026-10-04T02:15:46+00:00
A0238,15256 ACRE ST,Los Angeles,CA,91343,1957,verified_both_sources,official_snapshot_and_current_public_parcel,1957,1957,consistent,LA County eGIS parcels,2026-10-01T22:50Z,2026-10-04T02:11:41+00:00,1,complete,aligned,No inference used; unresolved or conflicting facts are unknown.,2026-10-04T02:15:46+00:00
A0239,1476 UNIVERSITY AVE,Berkeley,CA,94702,unknown,unknown,none,,,missing,Alameda County parcels,2026-10-01T22:50Z,2026-10-04T02:11:41+00:00,1,complete,aligned,No inference used; unresolved or conflicting facts are unknown.,2026-10-04T02:15:46+00:00
A0240,4135 38TH ST,San Diego,CA,92105,79,resolved,current_public_parcel,,79,consistent,SANDAG/SanGIS parcels,2026-10-01T22:50Z,2026-10-04T02:11:41+00:00,1,complete,aligned,No inference used; unresolved or conflicting facts are unknown.,2026-10-04T02:15:46+00:00
A0241,913 GARDEN ST,Hoboken,NJ,07030,unknown,unknown,none,,,missing,NJOGIS Parcels & MOD-IV Composite,2026-10-01T22:50Z,2026-10-04T02:11:41+00:00,1,complete,aligned,No inference used; unresolved or conflicting facts are unknown.,2026-10-04T02:15:46+00:00
A0242,85-87 SIERRA RD,Hyde Park,MA,02136,1960,verified_both_sources,official_snapshot_and_current_public_parcel,1960,1960,consistent,Boston Property Assessment FY2026,2026-10-01T22:50Z,2026-10-04T02:11:41+00:00,1,complete,aligned,No inference used; unresolved or conflicting facts are unknown.,2026-10-04T02:15:46+00:00
A0243,664 OCEAN AVE.,Jersey City,NJ,07305,1910,verified_both_sources,official_snapshot_and_current_public_parcel,1910,1910,consistent,NJOGIS Parcels & MOD-IV Composite,2026-10-01T22:50Z,2026-10-04T02:11:41+00:00,1,complete,aligned,No inference used; unresolved or conflicting facts are unknown.,2026-10-04T02:15:46+00:00
A0244,1126 HUDSON ST,Hoboken,NJ,07030,unknown,unknown,none,,,missing,NJOGIS Parcels & MOD-IV Composite,2026-10-01T22:50Z,2026-10-04T02:11:41+00:00,1,complete,aligned,No inference used; unresolved or conflicting facts are unknown.,2026-10-04T02:15:46+00:00
A0245,30 WEST HOWELL ST M-D,Dorchester,MA,02125,2018,verified_both_sources,official_snapshot_and_current_public_parcel,2018,2018,consistent,Boston Property Assessment FY2026,2026-10-01T22:50Z,2026-10-04T02:11:41+00:00,1,complete,aligned,No inference used; unresolved or conflicting facts are unknown.,2026-10-04T02:15:46+00:00
A0246,4386 COPELAND AVE,San Diego,CA,92105,57,resolved,current_public_parcel,,57,consistent,SANDAG/SanGIS parcels,2026-10-01T22:50Z,2026-10-04T02:11:41+00:00,1,complete,aligned,No inference used; unresolved or conflicting facts are unknown.,2026-10-04T02:15:46+00:00
A0247,4957 CAPE MAY AVE,San Diego,CA,92107,72,resolved,current_public_parcel,,72,consistent,SANDAG/SanGIS parcels,2026-10-01T22:50Z,2026-10-04T02:11:41+00:00,1,complete,aligned,No inference used; unresolved or conflicting facts are unknown.,2026-10-04T02:15:46+00:00
A0248,941 S KENMORE AVE,Los Angeles,CA,90006,1923,verified_both_sources,official_snapshot_and_current_public_parcel,1923,1923,consistent,LA County eGIS parcels,2026-10-01T22:50Z,2026-10-04T02:11:41+00:00,1,complete,aligned,No inference used; unresolved or conflicting facts are unknown.,2026-10-04T02:15:46+00:00
A0249,498-500 HAWTHORNE AVE,Newark,NJ,10013,unknown,unknown,none,,,missing,NJOGIS Parcels & MOD-IV Composite,2026-10-01T22:50Z,2026-10-04T02:11:41+00:00,1,complete,aligned,No inference used; unresolved or conflicting facts are unknown.,2026-10-04T02:15:46+00:00
A0250,211 BALDWIN AVE.,Jersey City,NJ,07002,unknown,unknown,none,,,missing,NJOGIS Parcels & MOD-IV Composite,2026-10-01T22:50Z,2026-10-04T02:11:41+00:00,1,complete,aligned,No inference used; unresolved or conflicting facts are unknown.,2026-10-04T02:15:46+00:00
A0251,4663 33RD ST,San Diego,CA,92116,unknown,unknown,none,,,candidate_set_incomplete,SANDAG/SanGIS parcels,2026-10-01T22:50Z,2026-10-04T02:11:41+00:00,1,representative_only,aligned,No inference used; unresolved or conflicting facts are unknown.,2026-10-04T02:15:46+00:00
A0252,15514 CHASE ST,Los Angeles,CA,91343,1984,verified_both_sources,official_snapshot_and_current_public_parcel,1984,1984,consistent,LA County eGIS parcels,2026-10-01T22:50Z,2026-10-04T02:11:41+00:00,1,complete,aligned,No inference used; unresolved or conflicting facts are unknown.,2026-10-04T02:15:46+00:00
A0253,2250 NORTH POINT ST,San Francisco,CA,,1928,verified_both_sources,official_snapshot_and_current_public_parcel,1928,1928,consistent,DataSF wv5m-vpq2 (2025 roll),2026-10-01T22:50Z,2026-10-04T02:11:41+00:00,19,complete,aligned,No inference used; unresolved or conflicting facts are unknown.,2026-10-04T02:15:46+00:00
A0254,805 WASHINGTON ST,Hoboken,NJ,07030,unknown,unknown,none,,,missing,NJOGIS Parcels & MOD-IV Composite,2026-10-01T22:50Z,2026-10-04T02:11:41+00:00,1,complete,aligned,No inference used; unresolved or conflicting facts are unknown.,2026-10-04T02:15:46+00:00
A0255,851 E 51ST ST,Los Angeles,CA,90011,1923,verified_both_sources,official_snapshot_and_current_public_parcel,1923,1923,consistent,LA County eGIS parcels,2026-10-01T22:50Z,2026-10-04T02:11:41+00:00,1,complete,aligned,No inference used; unresolved or conflicting facts are unknown.,2026-10-04T02:15:46+00:00
A0256,327 JACKSON ST,Hoboken,NJ,07017,unknown,unknown,none,,,missing,NJOGIS Parcels & MOD-IV Composite,2026-10-01T22:50Z,2026-10-04T02:11:41+00:00,1,complete,aligned,No inference used; unresolved or conflicting facts are unknown.,2026-10-04T02:15:46+00:00
A0257,5 COMMER CT,San Francisco,CA,,unknown,unknown,none,,,address_not_aligned,DataSF wv5m-vpq2 (2025 roll),2026-10-01T22:50Z,2026-10-04T02:11:41+00:00,1,none,parser_failed,No inference used; unresolved or conflicting facts are unknown.,2026-10-04T02:15:46+00:00
A0258,471 COLUMBIA RD,Dorchester,MA,02125,1930,verified_both_sources,official_snapshot_and_current_public_parcel,1930,1930,consistent,Boston Property Assessment FY2026,2026-10-01T22:50Z,2026-10-04T02:11:41+00:00,1,complete,aligned,No inference used; unresolved or conflicting facts are unknown.,2026-10-04T02:15:46+00:00
A0259,872 NORTH POINT ST,San Francisco,CA,,1900,verified_both_sources,official_snapshot_and_current_public_parcel,1900,1900,consistent,DataSF wv5m-vpq2 (2025 roll),2026-10-01T22:50Z,2026-10-04T02:11:41+00:00,19,complete,aligned,No inference used; unresolved or conflicting facts are unknown.,2026-10-04T02:15:46+00:00
A0260,2479 LE CONTE AVE,Berkeley,CA,94709,unknown,unknown,none,,,missing,Alameda County parcels,2026-10-01T22:50Z,2026-10-04T02:11:41+00:00,1,complete,aligned,No inference used; unresolved or conflicting facts are unknown.,2026-10-04T02:15:46+00:00
A0261,525 ADAMS ST,Hoboken,NJ,07030,unknown,unknown,none,,,missing,NJOGIS Parcels & MOD-IV Composite,2026-10-01T22:50Z,2026-10-04T02:11:41+00:00,1,complete,aligned,No inference used; unresolved or conflicting facts are unknown.,2026-10-04T02:15:46+00:00
A0262,2924 E JUNIPER ST,San Diego,CA,92104,unknown,unknown,none,,,address_not_aligned,SANDAG/SanGIS parcels,2026-10-01T22:50Z,2026-10-04T02:11:41+00:00,1,none,parser_failed,No inference used; unresolved or conflicting facts are unknown.,2026-10-04T02:15:46+00:00
A0263,1636 M L KING JR WAY,Berkeley,CA,94709,unknown,unknown,none,,,missing,Alameda County parcels,2026-10-01T22:50Z,2026-10-04T02:11:41+00:00,1,complete,aligned,No inference used; unresolved or conflicting facts are unknown.,2026-10-04T02:15:46+00:00
A0264,583-589 ELIZABETH AVE,Newark,NJ,11516,unknown,unknown,none,,,missing,NJOGIS Parcels & MOD-IV Composite,2026-10-01T22:50Z,2026-10-04T02:11:41+00:00,1,complete,aligned,No inference used; unresolved or conflicting facts are unknown.,2026-10-04T02:15:46+00:00
A0265,102 BALDWIN AVE.,Jersey City,NJ,07306,1912,verified_both_sources,official_snapshot_and_current_public_parcel,1912,1912,consistent,NJOGIS Parcels & MOD-IV Composite,2026-10-01T22:50Z,2026-10-04T02:11:41+00:00,1,complete,aligned,No inference used; unresolved or conflicting facts are unknown.,2026-10-04T02:15:46+00:00
A0266,52 BRIGHT ST.,Jersey City,NJ,10016,unknown,unknown,none,,,missing,NJOGIS Parcels & MOD-IV Composite,2026-10-01T22:50Z,2026-10-04T02:11:41+00:00,1,complete,aligned,No inference used; unresolved or conflicting facts are unknown.,2026-10-04T02:15:46+00:00
A0267,1314 N VAN NESS AVE,Los Angeles,CA,90028,unknown,unknown,none,,,missing,LA County eGIS parcels,2026-10-01T22:50Z,2026-10-04T02:11:41+00:00,1,complete,aligned,No inference used; unresolved or conflicting facts are unknown.,2026-10-04T02:15:46+00:00
A0268,1848 FRANKLIN ST,San Francisco,CA,,1914,verified_both_sources,official_snapshot_and_current_public_parcel,1914,1914,consistent,DataSF wv5m-vpq2 (2025 roll),2026-10-01T22:50Z,2026-10-04T02:11:41+00:00,19,complete,aligned,No inference used; unresolved or conflicting facts are unknown.,2026-10-04T02:15:46+00:00
A0269,1015 CLINTON ST,Hoboken,NJ,10003,unknown,unknown,none,,,missing,NJOGIS Parcels & MOD-IV Composite,2026-10-01T22:50Z,2026-10-04T02:11:41+00:00,1,complete,aligned,No inference used; unresolved or conflicting facts are unknown.,2026-10-04T02:15:46+00:00
A0270,29 CONCORD ST,Jersey City,NJ,07306,1890,verified_both_sources,official_snapshot_and_current_public_parcel,1890,1890,consistent,NJOGIS Parcels & MOD-IV Composite,2026-10-01T22:50Z,2026-10-04T02:11:41+00:00,1,complete,aligned,No inference used; unresolved or conflicting facts are unknown.,2026-10-04T02:15:46+00:00
A0271,4115 LINCOLN WY,San Francisco,CA,,1928,verified_both_sources,official_snapshot_and_current_public_parcel,1928,1928,consistent,DataSF wv5m-vpq2 (2025 roll),2026-10-01T22:50Z,2026-10-04T02:11:41+00:00,19,complete,aligned,No inference used; unresolved or conflicting facts are unknown.,2026-10-04T02:15:46+00:00
A0272,5 Everett St,Cambridge,MA,,1890,verified_both_sources,official_snapshot_and_current_public_parcel,1890,1890,consistent,Cambridge Property Database FY2026 (waa7-ibdu),2026-10-01T22:50Z,2026-10-04T02:11:41+00:00,1,complete,aligned,No inference used; unresolved or conflicting facts are unknown.,2026-10-04T02:15:46+00:00
A0273,3911 CENTRE ST,San Diego,CA,92103,10,resolved,current_public_parcel,,10,consistent,SANDAG/SanGIS parcels,2026-10-01T22:50Z,2026-10-04T02:11:41+00:00,1,complete,aligned,No inference used; unresolved or conflicting facts are unknown.,2026-10-04T02:15:46+00:00
A0274,7072 EASTMAN ST,San Diego,CA,92111,41,resolved,current_public_parcel,,41,consistent,SANDAG/SanGIS parcels,2026-10-01T22:50Z,2026-10-04T02:11:41+00:00,1,complete,aligned,No inference used; unresolved or conflicting facts are unknown.,2026-10-04T02:15:46+00:00
A0275,4091 MORRELL ST,San Diego,CA,92109,70,resolved,current_public_parcel,,70,consistent,SANDAG/SanGIS parcels,2026-10-01T22:50Z,2026-10-04T02:11:41+00:00,1,complete,aligned,No inference used; unresolved or conflicting facts are unknown.,2026-10-04T02:15:46+00:00
A0276,4361 ILLINOIS ST,San Diego,CA,92104,60,resolved,current_public_parcel,,60,consistent,SANDAG/SanGIS parcels,2026-10-01T22:50Z,2026-10-04T02:11:41+00:00,1,complete,aligned,No inference used; unresolved or conflicting facts are unknown.,2026-10-04T02:15:46+00:00
A0277,2736 GRANT ST,Berkeley,CA,94703,unknown,unknown,none,,,missing,Alameda County parcels,2026-10-01T22:50Z,2026-10-04T02:11:41+00:00,1,complete,aligned,No inference used; unresolved or conflicting facts are unknown.,2026-10-04T02:15:46+00:00
A0278,1800 FRANKLIN ST,San Francisco,CA,,1919,verified_both_sources,official_snapshot_and_current_public_parcel,1919,1919,consistent,DataSF wv5m-vpq2 (2025 roll),2026-10-01T22:50Z,2026-10-04T02:11:41+00:00,19,complete,aligned,No inference used; unresolved or conflicting facts are unknown.,2026-10-04T02:15:46+00:00
A0279,90 KENSINGTON AVE.,Jersey City,NJ,07302,1925,verified_both_sources,official_snapshot_and_current_public_parcel,1925,1925,consistent,NJOGIS Parcels & MOD-IV Composite,2026-10-01T22:50Z,2026-10-04T02:11:41+00:00,1,complete,aligned,No inference used; unresolved or conflicting facts are unknown.,2026-10-04T02:15:46+00:00
A0280,1215 11TH AV,San Francisco,CA,,1971,verified_both_sources,official_snapshot_and_current_public_parcel,1971,1971,consistent,DataSF wv5m-vpq2 (2025 roll),2026-10-01T22:50Z,2026-10-04T02:11:41+00:00,19,complete,aligned,No inference used; unresolved or conflicting facts are unknown.,2026-10-04T02:15:46+00:00
A0281,1725 N GOWER ST,Los Angeles,CA,90028,1946,verified_both_sources,official_snapshot_and_current_public_parcel,1946,1946,consistent,LA County eGIS parcels,2026-10-01T22:50Z,2026-10-04T02:11:41+00:00,1,complete,aligned,No inference used; unresolved or conflicting facts are unknown.,2026-10-04T02:15:46+00:00
A0282,2240 10TH ST,Berkeley,CA,94710,1947,resolved,current_public_parcel,,1947,consistent,Alameda County parcels,2026-10-01T22:50Z,2026-10-04T02:11:41+00:00,1,complete,aligned,No inference used; unresolved or conflicting facts are unknown.,2026-10-04T02:15:46+00:00
A0283,90 BARTLETT ST,San Francisco,CA,,1986,resolved,provided_official_source_snapshot,1986,,candidate_set_incomplete,DataSF wv5m-vpq2 (2025 roll),2026-10-01T22:50Z,2026-10-04T02:11:41+00:00,1,none,aligned,No inference used; unresolved or conflicting facts are unknown.,2026-10-04T02:15:46+00:00
A0284,345 Columbia St,Cambridge,MA,,1920,verified_both_sources,official_snapshot_and_current_public_parcel,1920,1920,consistent,Cambridge Property Database FY2026 (waa7-ibdu),2026-10-01T22:50Z,2026-10-04T02:11:41+00:00,1,complete,aligned,No inference used; unresolved or conflicting facts are unknown.,2026-10-04T02:15:46+00:00
A0285,5255 HARMONY AVE,Los Angeles,CA,91601,0,resolved,current_public_parcel,,0,consistent,LA County eGIS parcels,2026-10-01T22:50Z,2026-10-04T02:11:41+00:00,1,complete,aligned,No inference used; unresolved or conflicting facts are unknown.,2026-10-04T02:15:46+00:00
A0286,27 Irving Ter,Cambridge,MA,,1925,verified_both_sources,official_snapshot_and_current_public_parcel,1925,1925,consistent,Cambridge Property Database FY2026 (waa7-ibdu),2026-10-01T22:50Z,2026-10-04T02:11:41+00:00,1,complete,aligned,No inference used; unresolved or conflicting facts are unknown.,2026-10-04T02:15:46+00:00
A0287,404 GRAND ST,Hoboken,NJ,07075,unknown,unknown,none,,,missing,NJOGIS Parcels & MOD-IV Composite,2026-10-01T22:50Z,2026-10-04T02:11:41+00:00,1,complete,aligned,No inference used; unresolved or conflicting facts are unknown.,2026-10-04T02:15:46+00:00
A0288,75 CLENDENNY AVE.,Jersey City,NJ,11211,unknown,unknown,none,,,missing,NJOGIS Parcels & MOD-IV Composite,2026-10-01T22:50Z,2026-10-04T02:11:41+00:00,1,complete,aligned,No inference used; unresolved or conflicting facts are unknown.,2026-10-04T02:15:46+00:00
A0289,1741 M L KING JR WAY,Berkeley,CA,94709,unknown,unknown,none,,,missing,Alameda County parcels,2026-10-01T22:50Z,2026-10-04T02:11:41+00:00,1,complete,aligned,No inference used; unresolved or conflicting facts are unknown.,2026-10-04T02:15:46+00:00
A0290,21 Forest St,Cambridge,MA,,1880,verified_both_sources,official_snapshot_and_current_public_parcel,1880,1880,consistent,Cambridge Property Database FY2026 (waa7-ibdu),2026-10-01T22:50Z,2026-10-04T02:11:41+00:00,1,complete,aligned,No inference used; unresolved or conflicting facts are unknown.,2026-10-04T02:15:46+00:00
A0291,165 Cambridgepark Dr,Cambridge,MA,,2014,verified_both_sources,official_snapshot_and_current_public_parcel,2014,2014,consistent,Cambridge Property Database FY2026 (waa7-ibdu),2026-10-01T22:50Z,2026-10-04T02:11:41+00:00,1,complete,aligned,No inference used; unresolved or conflicting facts are unknown.,2026-10-04T02:15:46+00:00
A0292,24 Berkshire St,Cambridge,MA,,2019,verified_both_sources,official_snapshot_and_current_public_parcel,2019,2019,consistent,Cambridge Property Database FY2026 (waa7-ibdu),2026-10-01T22:50Z,2026-10-04T02:11:41+00:00,1,complete,aligned,No inference used; unresolved or conflicting facts are unknown.,2026-10-04T02:15:46+00:00
A0293,1314 NATOMA ST,San Francisco,CA,,1907,verified_both_sources,official_snapshot_and_current_public_parcel,1907,1907,consistent,DataSF wv5m-vpq2 (2025 roll),2026-10-01T22:50Z,2026-10-04T02:11:41+00:00,19,complete,aligned,No inference used; unresolved or conflicting facts are unknown.,2026-10-04T02:15:46+00:00
A0294,178 Richdale Ave,Cambridge,MA,,1920,verified_both_sources,official_snapshot_and_current_public_parcel,1920,1920,consistent,Cambridge Property Database FY2026 (waa7-ibdu),2026-10-01T22:50Z,2026-10-04T02:11:41+00:00,1,complete,aligned,No inference used; unresolved or conflicting facts are unknown.,2026-10-04T02:15:46+00:00
A0295,Harvard ST LOT 2A-13,Dorchester,MA,02124,2019,resolved,provided_official_source_snapshot,2019,,address_not_aligned,Boston Property Assessment FY2026,2026-10-01T22:50Z,2026-10-04T02:11:41+00:00,1,none,parser_failed,No inference used; unresolved or conflicting facts are unknown.,2026-10-04T02:15:46+00:00
A0296,83-85 MCWHORTER ST,Newark,NJ,07105,unknown,unknown,none,,,missing,NJOGIS Parcels & MOD-IV Composite,2026-10-01T22:50Z,2026-10-04T02:11:41+00:00,1,complete,aligned,No inference used; unresolved or conflicting facts are unknown.,2026-10-04T02:15:46+00:00
A0297,211-213 SUMMER AVE,Newark,NJ,11205,unknown,unknown,none,,,missing,NJOGIS Parcels & MOD-IV Composite,2026-10-01T22:50Z,2026-10-04T02:11:41+00:00,1,complete,aligned,No inference used; unresolved or conflicting facts are unknown.,2026-10-04T02:15:46+00:00
A0298,361 Washington St,Cambridge,MA,,1900,verified_both_sources,official_snapshot_and_current_public_parcel,1900,1900,consistent,Cambridge Property Database FY2026 (waa7-ibdu),2026-10-01T22:50Z,2026-10-04T02:11:41+00:00,1,complete,aligned,No inference used; unresolved or conflicting facts are unknown.,2026-10-04T02:15:46+00:00
A0299,1037 WASHINGTON ST,Hoboken,NJ,10994,unknown,unknown,none,,,missing,NJOGIS Parcels & MOD-IV Composite,2026-10-01T22:50Z,2026-10-04T02:11:41+00:00,1,complete,aligned,No inference used; unresolved or conflicting facts are unknown.,2026-10-04T02:15:46+00:00
A0300,36 Trowbridge St,Cambridge,MA,,1920,verified_both_sources,official_snapshot_and_current_public_parcel,1920,1920,consistent,Cambridge Property Database FY2026 (waa7-ibdu),2026-10-01T22:50Z,2026-10-04T02:11:41+00:00,1,complete,aligned,No inference used; unresolved or conflicting facts are unknown.,2026-10-04T02:15:46+00:00
A0301,165 Hampshire St,Cambridge,MA,,1905,verified_both_sources,official_snapshot_and_current_public_parcel,1905,1905,consistent,Cambridge Property Database FY2026 (waa7-ibdu),2026-10-01T22:50Z,2026-10-04T02:11:41+00:00,1,complete,aligned,No inference used; unresolved or conflicting facts are unknown.,2026-10-04T02:15:46+00:00
A0302,4-6 Clinton St,Cambridge,MA,,1900,verified_both_sources,official_snapshot_and_current_public_parcel,1900,1900,consistent,Cambridge Property Database FY2026 (waa7-ibdu),2026-10-01T22:50Z,2026-10-04T02:11:41+00:00,1,complete,aligned,No inference used; unresolved or conflicting facts are unknown.,2026-10-04T02:15:46+00:00
A0303,188 E 35TH ST,Los Angeles,CA,90011,1909,verified_both_sources,official_snapshot_and_current_public_parcel,1909,1909,consistent,LA County eGIS parcels,2026-10-01T22:50Z,2026-10-04T02:11:41+00:00,1,complete,aligned,No inference used; unresolved or conflicting facts are unknown.,2026-10-04T02:15:46+00:00
A0304,4541 HAMILTON ST,San Diego,CA,92116,52,resolved,current_public_parcel,,52,consistent,SANDAG/SanGIS parcels,2026-10-01T22:50Z,2026-10-04T02:11:41+00:00,1,complete,aligned,No inference used; unresolved or conflicting facts are unknown.,2026-10-04T02:15:46+00:00
A0305,638 45TH AV,San Francisco,CA,,1908,verified_both_sources,official_snapshot_and_current_public_parcel,1908,1908,consistent,DataSF wv5m-vpq2 (2025 roll),2026-10-01T22:50Z,2026-10-04T02:11:41+00:00,19,complete,aligned,No inference used; unresolved or conflicting facts are unknown.,2026-10-04T02:15:46+00:00
A0306,335A Harvard St,Cambridge,MA,,1920,resolved,provided_official_source_snapshot,1920,,address_not_aligned,Cambridge Property Database FY2026 (waa7-ibdu),2026-10-01T22:50Z,2026-10-04T02:11:41+00:00,1,none,parser_failed,No inference used; unresolved or conflicting facts are unknown.,2026-10-04T02:15:46+00:00
A0307,294-296 VAN BUREN ST,Newark,NJ,07512,unknown,unknown,none,,,missing,NJOGIS Parcels & MOD-IV Composite,2026-10-01T22:50Z,2026-10-04T02:11:41+00:00,1,complete,aligned,No inference used; unresolved or conflicting facts are unknown.,2026-10-04T02:15:46+00:00
A0308,1032 HUDSON ST,Hoboken,NJ,07024,unknown,unknown,none,,,missing,NJOGIS Parcels & MOD-IV Composite,2026-10-01T22:50Z,2026-10-04T02:11:41+00:00,1,complete,aligned,No inference used; unresolved or conflicting facts are unknown.,2026-10-04T02:15:46+00:00
A0309,1706 N STANLEY AVE,Los Angeles,CA,90046,1951,verified_both_sources,official_snapshot_and_current_public_parcel,1951,1951,consistent,LA County eGIS parcels,2026-10-01T22:50Z,2026-10-04T02:11:41+00:00,1,complete,aligned,No inference used; unresolved or conflicting facts are unknown.,2026-10-04T02:15:46+00:00
A0310,53-55 Ashford ST,Allston,MA,02134,1900,verified_both_sources,official_snapshot_and_current_public_parcel,1900,1900,consistent,Boston Property Assessment FY2026,2026-10-01T22:50Z,2026-10-04T02:11:41+00:00,1,complete,aligned,No inference used; unresolved or conflicting facts are unknown.,2026-10-04T02:15:46+00:00
A0311,38-38- SOMME ST,Newark,NJ,07032,unknown,unknown,none,,,address_not_aligned,NJOGIS Parcels & MOD-IV Composite,2026-10-01T22:50Z,2026-10-04T02:11:41+00:00,1,none,parser_failed,No inference used; unresolved or conflicting facts are unknown.,2026-10-04T02:15:46+00:00
A0312,25 ORLANDO ST,Mattapan,MA,02126,1965,verified_both_sources,official_snapshot_and_current_public_parcel,1965,1965,consistent,Boston Property Assessment FY2026,2026-10-01T22:50Z,2026-10-04T02:11:41+00:00,1,complete,aligned,No inference used; unresolved or conflicting facts are unknown.,2026-10-04T02:15:46+00:00
A0313,317-319 W RUNYON ST,Newark,NJ,11205,unknown,unknown,none,,,missing,NJOGIS Parcels & MOD-IV Composite,2026-10-01T22:50Z,2026-10-04T02:11:41+00:00,1,complete,aligned,No inference used; unresolved or conflicting facts are unknown.,2026-10-04T02:15:46+00:00
A0314,6640 LELAND WAY,Los Angeles,CA,90028,1919,verified_both_sources,official_snapshot_and_current_public_parcel,1919,1919,consistent,LA County eGIS parcels,2026-10-01T22:50Z,2026-10-04T02:11:41+00:00,1,complete,aligned,No inference used; unresolved or conflicting facts are unknown.,2026-10-04T02:15:46+00:00
A0315,5233 CARTWRIGHT AVE,Los Angeles,CA,91601,1990,verified_both_sources,official_snapshot_and_current_public_parcel,1990,1990,consistent,LA County eGIS parcels,2026-10-01T22:50Z,2026-10-04T02:11:41+00:00,1,complete,aligned,No inference used; unresolved or conflicting facts are unknown.,2026-10-04T02:15:46+00:00
A0316,3978 FLORIDA ST,San Diego,CA,92104,31,resolved,current_public_parcel,,31,consistent,SANDAG/SanGIS parcels,2026-10-01T22:50Z,2026-10-04T02:11:41+00:00,1,complete,aligned,No inference used; unresolved or conflicting facts are unknown.,2026-10-04T02:15:46+00:00
A0317,2233 CHANNING WAY,Berkeley,CA,94704,1958,resolved,current_public_parcel,,1958,consistent,Alameda County parcels,2026-10-01T22:50Z,2026-10-04T02:11:41+00:00,1,complete,aligned,No inference used; unresolved or conflicting facts are unknown.,2026-10-04T02:15:46+00:00
A0318,2041 FRANCISCO ST,Berkeley,CA,94709,unknown,unknown,none,,,missing,Alameda County parcels,2026-10-01T22:50Z,2026-10-04T02:11:41+00:00,1,complete,aligned,No inference used; unresolved or conflicting facts are unknown.,2026-10-04T02:15:46+00:00
A0319,2315 GRANT ST,Berkeley,CA,94703,unknown,unknown,none,,,missing,Alameda County parcels,2026-10-01T22:50Z,2026-10-04T02:11:41+00:00,1,complete,aligned,No inference used; unresolved or conflicting facts are unknown.,2026-10-04T02:15:46+00:00
A0320,408 MADISON ST,Hoboken,NJ,07030,unknown,unknown,none,,,missing,NJOGIS Parcels & MOD-IV Composite,2026-10-01T22:50Z,2026-10-04T02:11:41+00:00,1,complete,aligned,No inference used; unresolved or conflicting facts are unknown.,2026-10-04T02:15:46+00:00
A0321,200 NUNDA AVE.,Jersey City,NJ,07306,1,resolved,current_public_parcel,,1,consistent,NJOGIS Parcels & MOD-IV Composite,2026-10-01T22:50Z,2026-10-04T02:11:41+00:00,1,complete,aligned,No inference used; unresolved or conflicting facts are unknown.,2026-10-04T02:15:46+00:00
A0322,227 CYPRESS DR,San Ysidro,CA,92173,79,resolved,current_public_parcel,,79,consistent,SANDAG/SanGIS parcels,2026-10-01T22:50Z,2026-10-04T02:11:41+00:00,1,complete,aligned,No inference used; unresolved or conflicting facts are unknown.,2026-10-04T02:15:46+00:00
A0323,4627 COMPTON AVE,Los Angeles,CA,90011,1907,verified_both_sources,official_snapshot_and_current_public_parcel,1907,1907,consistent,LA County eGIS parcels,2026-10-01T22:50Z,2026-10-04T02:11:41+00:00,1,complete,aligned,No inference used; unresolved or conflicting facts are unknown.,2026-10-04T02:15:46+00:00
A0324,2003 FRANKLIN ST,San Francisco,CA,,1885,verified_both_sources,official_snapshot_and_current_public_parcel,1885,1885,consistent,DataSF wv5m-vpq2 (2025 roll),2026-10-01T22:50Z,2026-10-04T02:11:41+00:00,19,complete,aligned,No inference used; unresolved or conflicting facts are unknown.,2026-10-04T02:15:46+00:00
A0325,38A GAUTIER AVE.,Jersey City,NJ,07302,1925,resolved,provided_official_source_snapshot,1925,,address_not_aligned,NJOGIS Parcels & MOD-IV Composite,2026-10-01T22:50Z,2026-10-04T02:11:41+00:00,1,none,parser_failed,No inference used; unresolved or conflicting facts are unknown.,2026-10-04T02:15:46+00:00
A0326,46 JEFFERSON ST,Newark,NJ,07105,unknown,unknown,none,,,missing,NJOGIS Parcels & MOD-IV Composite,2026-10-01T22:50Z,2026-10-04T02:11:41+00:00,1,complete,aligned,No inference used; unresolved or conflicting facts are unknown.,2026-10-04T02:15:46+00:00
A0327,1605 N MARTEL AVE,Los Angeles,CA,90046,1954,verified_both_sources,official_snapshot_and_current_public_parcel,1954,1954,consistent,LA County eGIS parcels,2026-10-01T22:50Z,2026-10-04T02:11:41+00:00,1,complete,aligned,No inference used; unresolved or conflicting facts are unknown.,2026-10-04T02:15:46+00:00
A0328,1845 08TH AV,San Francisco,CA,,1960,verified_both_sources,official_snapshot_and_current_public_parcel,1960,1960,consistent,DataSF wv5m-vpq2 (2025 roll),2026-10-01T22:50Z,2026-10-04T02:11:41+00:00,19,complete,aligned,No inference used; unresolved or conflicting facts are unknown.,2026-10-04T02:15:46+00:00
A0329,51 MADISON ST,Newark,NJ,07105,unknown,unknown,none,,,missing,NJOGIS Parcels & MOD-IV Composite,2026-10-01T22:50Z,2026-10-04T02:11:41+00:00,1,complete,aligned,No inference used; unresolved or conflicting facts are unknown.,2026-10-04T02:15:46+00:00
A0330,5229 WILLOWCREST AVE,Los Angeles,CA,91601,2018,verified_both_sources,official_snapshot_and_current_public_parcel,2018,2018,consistent,LA County eGIS parcels,2026-10-01T22:50Z,2026-10-04T02:11:41+00:00,1,complete,aligned,No inference used; unresolved or conflicting facts are unknown.,2026-10-04T02:15:46+00:00
A0331,342-344 IRVINE TURNER BLV,Newark,NJ,11219,1910,resolved,provided_official_source_snapshot,1910,,address_not_aligned,NJOGIS Parcels & MOD-IV Composite,2026-10-01T22:50Z,2026-10-04T02:11:41+00:00,1,complete,parser_failed,No inference used; unresolved or conflicting facts are unknown.,2026-10-04T02:15:46+00:00
A0332,26 SONOMA ST,Dorchester,MA,02121,unknown,unknown,none,,,missing,Boston Property Assessment FY2026,2026-10-01T22:50Z,2026-10-04T02:11:41+00:00,1,complete,aligned,No inference used; unresolved or conflicting facts are unknown.,2026-10-04T02:15:46+00:00
A0333,3752 33RD ST,San Diego,CA,92104,unknown,unknown,none,,,candidate_set_incomplete,SANDAG/SanGIS parcels,2026-10-01T22:50Z,2026-10-04T02:11:41+00:00,1,representative_only,aligned,No inference used; unresolved or conflicting facts are unknown.,2026-10-04T02:15:46+00:00
A0334,2025 FRANCISCO ST,Berkeley,CA,94709,unknown,unknown,none,,,missing,Alameda County parcels,2026-10-01T22:50Z,2026-10-04T02:11:41+00:00,1,complete,aligned,No inference used; unresolved or conflicting facts are unknown.,2026-10-04T02:15:46+00:00
A0335,125 BEMIS ST,San Francisco,CA,,1968,verified_both_sources,official_snapshot_and_current_public_parcel,1968,1968,consistent,DataSF wv5m-vpq2 (2025 roll),2026-10-01T22:50Z,2026-10-04T02:11:41+00:00,18,complete,aligned,No inference used; unresolved or conflicting facts are unknown.,2026-10-04T02:15:46+00:00
A0336,151 North First St,Cambridge,MA,,2020,resolved,provided_official_source_snapshot,2020,,candidate_set_incomplete,Cambridge Property Database FY2026 (waa7-ibdu),2026-10-01T22:50Z,2026-10-04T02:11:41+00:00,1,representative_only,aligned,No inference used; unresolved or conflicting facts are unknown.,2026-10-04T02:15:46+00:00
A0337,66 MONROE ST,Newark,NJ,07032,unknown,unknown,none,,,missing,NJOGIS Parcels & MOD-IV Composite,2026-10-01T22:50Z,2026-10-04T02:11:41+00:00,1,complete,aligned,No inference used; unresolved or conflicting facts are unknown.,2026-10-04T02:15:46+00:00
A0338,521-523 S 17TH,Newark,NJ,07417,unknown,unknown,none,,,address_not_aligned,NJOGIS Parcels & MOD-IV Composite,2026-10-01T22:50Z,2026-10-04T02:11:41+00:00,1,representative_only,parser_failed,No inference used; unresolved or conflicting facts are unknown.,2026-10-04T02:15:46+00:00
A0339,124 Berkshire St,Cambridge,MA,,1920,verified_both_sources,official_snapshot_and_current_public_parcel,1920,1920,consistent,Cambridge Property Database FY2026 (waa7-ibdu),2026-10-01T22:50Z,2026-10-04T02:11:41+00:00,1,complete,aligned,No inference used; unresolved or conflicting facts are unknown.,2026-10-04T02:15:46+00:00
A0340,14735 ROSCOE BLVD,Los Angeles,CA,91402,1959,verified_both_sources,official_snapshot_and_current_public_parcel,1959,1959,consistent,LA County eGIS parcels,2026-10-01T22:50Z,2026-10-04T02:11:41+00:00,1,complete,aligned,No inference used; unresolved or conflicting facts are unknown.,2026-10-04T02:15:46+00:00
A0341,4225 50TH ST,San Diego,CA,92115,40,resolved,current_public_parcel,,40,consistent,SANDAG/SanGIS parcels,2026-10-01T22:50Z,2026-10-04T02:11:41+00:00,1,complete,aligned,No inference used; unresolved or conflicting facts are unknown.,2026-10-04T02:15:46+00:00
A0342,49 Roseland St,Cambridge,MA,,1910,verified_both_sources,official_snapshot_and_current_public_parcel,1910,1910,consistent,Cambridge Property Database FY2026 (waa7-ibdu),2026-10-01T22:50Z,2026-10-04T02:11:41+00:00,1,complete,aligned,No inference used; unresolved or conflicting facts are unknown.,2026-10-04T02:15:46+00:00
A0343,408-410 5TH ST,Newark,NJ,10997,unknown,unknown,none,,,address_not_aligned,NJOGIS Parcels & MOD-IV Composite,2026-10-01T22:50Z,2026-10-04T02:11:41+00:00,1,representative_only,not_aligned,No inference used; unresolved or conflicting facts are unknown.,2026-10-04T02:15:46+00:00
A0344,238 & 242 GARFIELD AVE.,Jersey City,NJ,07304,1928,verified_both_sources,official_snapshot_and_current_public_parcel,1928,1928,consistent,NJOGIS Parcels & MOD-IV Composite,2026-10-01T22:50Z,2026-10-04T02:11:41+00:00,1,complete,aligned,No inference used; unresolved or conflicting facts are unknown.,2026-10-04T02:15:46+00:00
A0345,153 W VERNON AVE,Los Angeles,CA,90037,1921,verified_both_sources,official_snapshot_and_current_public_parcel,1921,1921,consistent,LA County eGIS parcels,2026-10-01T22:50Z,2026-10-04T02:11:41+00:00,1,complete,aligned,No inference used; unresolved or conflicting facts are unknown.,2026-10-04T02:15:46+00:00
A0346,AUBURN DR,San Diego,CA,92105,unknown,unknown,none,,,address_not_aligned,SANDAG/SanGIS parcels,2026-10-01T22:50Z,2026-10-04T02:11:41+00:00,1,representative_only,parser_failed,No inference used; unresolved or conflicting facts are unknown.,2026-10-04T02:15:46+00:00
A0347,2142 2ND AVE,San Diego,CA,92101,25,resolved,current_public_parcel,,25,consistent,SANDAG/SanGIS parcels,2026-10-01T22:50Z,2026-10-04T02:11:41+00:00,1,complete,aligned,No inference used; unresolved or conflicting facts are unknown.,2026-10-04T02:15:46+00:00
A0348,229 CLINTON ST,Hoboken,NJ,08755,unknown,unknown,none,,,missing,NJOGIS Parcels & MOD-IV Composite,2026-10-01T22:50Z,2026-10-04T02:11:41+00:00,1,complete,aligned,No inference used; unresolved or conflicting facts are unknown.,2026-10-04T02:15:46+00:00
A0349,2400 DANA ST,Berkeley,CA,94704,unknown,unknown,none,,,missing,Alameda County parcels,2026-10-01T22:50Z,2026-10-04T02:11:41+00:00,1,complete,aligned,No inference used; unresolved or conflicting facts are unknown.,2026-10-04T02:15:46+00:00
A0350,1051 WEST SIDE AVE.,Jersey City,NJ,07446,1900,verified_both_sources,official_snapshot_and_current_public_parcel,1900,1900,consistent,NJOGIS Parcels & MOD-IV Composite,2026-10-01T22:50Z,2026-10-04T02:11:41+00:00,1,complete,aligned,No inference used; unresolved or conflicting facts are unknown.,2026-10-04T02:15:46+00:00
A0351,628 HYDE ST,San Francisco,CA,,1907,verified_both_sources,official_snapshot_and_current_public_parcel,1907,1907,consistent,DataSF wv5m-vpq2 (2025 roll),2026-10-01T22:50Z,2026-10-04T02:11:41+00:00,19,complete,aligned,No inference used; unresolved or conflicting facts are unknown.,2026-10-04T02:15:46+00:00
A0352,40-42 MT PROSPECT AVE,Newark,NJ,07083,1900,verified_both_sources,official_snapshot_and_current_public_parcel,1900,1900,consistent,NJOGIS Parcels & MOD-IV Composite,2026-10-01T22:50Z,2026-10-04T02:11:41+00:00,1,complete,aligned,No inference used; unresolved or conflicting facts are unknown.,2026-10-04T02:15:46+00:00
A0353,1044 E JEFFERSON BLVD,Los Angeles,CA,90011,unknown,unknown,none,,,candidate_set_incomplete,LA County eGIS parcels,2026-10-01T22:50Z,2026-10-04T02:11:41+00:00,1,representative_only,aligned,No inference used; unresolved or conflicting facts are unknown.,2026-10-04T02:15:46+00:00
A0354,73 LUBEC ST,East Boston,MA,02128,1899,verified_both_sources,official_snapshot_and_current_public_parcel,1899,1899,consistent,Boston Property Assessment FY2026,2026-10-01T22:50Z,2026-10-04T02:11:41+00:00,1,complete,aligned,No inference used; unresolved or conflicting facts are unknown.,2026-10-04T02:15:46+00:00
A0355,10701 AMESTOY AVE,Los Angeles,CA,91344,1986,verified_both_sources,official_snapshot_and_current_public_parcel,1986,1986,consistent,LA County eGIS parcels,2026-10-01T22:50Z,2026-10-04T02:11:41+00:00,1,complete,aligned,No inference used; unresolved or conflicting facts are unknown.,2026-10-04T02:15:46+00:00
A0356,16 Brainerd RD,Allston,MA,02134,1930,verified_both_sources,official_snapshot_and_current_public_parcel,1930,1930,consistent,Boston Property Assessment FY2026,2026-10-01T22:50Z,2026-10-04T02:11:41+00:00,1,complete,aligned,No inference used; unresolved or conflicting facts are unknown.,2026-10-04T02:15:46+00:00
A0357,173 07TH ST,San Francisco,CA,,1997,verified_both_sources,official_snapshot_and_current_public_parcel,1997,1997,consistent,DataSF wv5m-vpq2 (2025 roll),2026-10-01T22:50Z,2026-10-04T02:11:41+00:00,2,complete,aligned,No inference used; unresolved or conflicting facts are unknown.,2026-10-04T02:15:46+00:00
A0358,717 N 6TH ST,Newark,NJ,07110,unknown,unknown,none,,,candidate_set_incomplete,NJOGIS Parcels & MOD-IV Composite,2026-10-01T22:50Z,2026-10-04T02:11:41+00:00,1,representative_only,aligned,No inference used; unresolved or conflicting facts are unknown.,2026-10-04T02:15:46+00:00
A0359,925 PARK AVE,Hoboken,NJ,07306,unknown,unknown,none,,,missing,NJOGIS Parcels & MOD-IV Composite,2026-10-01T22:50Z,2026-10-04T02:11:41+00:00,1,complete,aligned,No inference used; unresolved or conflicting facts are unknown.,2026-10-04T02:15:46+00:00
A0360,140 NEW YORK AVE.,Jersey City,NJ,10977,1924,verified_both_sources,official_snapshot_and_current_public_parcel,1924,1924,consistent,NJOGIS Parcels & MOD-IV Composite,2026-10-01T22:50Z,2026-10-04T02:11:41+00:00,1,complete,aligned,No inference used; unresolved or conflicting facts are unknown.,2026-10-04T02:15:46+00:00
A0361,15 Berkshire St,Cambridge,MA,,1915,verified_both_sources,official_snapshot_and_current_public_parcel,1915,1915,consistent,Cambridge Property Database FY2026 (waa7-ibdu),2026-10-01T22:50Z,2026-10-04T02:11:41+00:00,1,complete,aligned,No inference used; unresolved or conflicting facts are unknown.,2026-10-04T02:15:46+00:00
A0362,368 RIVERWAY ST,Boston,MA,02115,1920,verified_both_sources,official_snapshot_and_current_public_parcel,1920,1920,consistent,Boston Property Assessment FY2026,2026-10-01T22:50Z,2026-10-04T02:11:41+00:00,1,complete,aligned,No inference used; unresolved or conflicting facts are unknown.,2026-10-04T02:15:46+00:00
A0363,2451 SHATTUCK AVE,Berkeley,CA,94704,2004,resolved,current_public_parcel,,2004,consistent,Alameda County parcels,2026-10-01T22:50Z,2026-10-04T02:11:41+00:00,1,complete,aligned,No inference used; unresolved or conflicting facts are unknown.,2026-10-04T02:15:46+00:00
A0364,125 03RD AV,San Francisco,CA,,1964,verified_both_sources,official_snapshot_and_current_public_parcel,1964,1964,consistent,DataSF wv5m-vpq2 (2025 roll),2026-10-01T22:50Z,2026-10-04T02:11:41+00:00,19,complete,aligned,No inference used; unresolved or conflicting facts are unknown.,2026-10-04T02:15:46+00:00
A0365,3940 IDAHO ST,San Diego,CA,92104,61,resolved,current_public_parcel,,61,consistent,SANDAG/SanGIS parcels,2026-10-01T22:50Z,2026-10-04T02:11:41+00:00,1,complete,aligned,No inference used; unresolved or conflicting facts are unknown.,2026-10-04T02:15:46+00:00
A0366,230 Everett ST,East Boston,MA,02128,2024,verified_both_sources,official_snapshot_and_current_public_parcel,2024,2024,consistent,Boston Property Assessment FY2026,2026-10-01T22:50Z,2026-10-04T02:11:41+00:00,1,complete,aligned,No inference used; unresolved or conflicting facts are unknown.,2026-10-04T02:15:46+00:00
A0367,219 S 35TH ST,San Diego,CA,92113,unknown,unknown,none,,,address_not_aligned,SANDAG/SanGIS parcels,2026-10-01T22:50Z,2026-10-04T02:11:41+00:00,1,none,parser_failed,No inference used; unresolved or conflicting facts are unknown.,2026-10-04T02:15:46+00:00
A0368,1430 FRANCISCO ST,San Francisco,CA,,1926,verified_both_sources,official_snapshot_and_current_public_parcel,1926,1926,consistent,DataSF wv5m-vpq2 (2025 roll),2026-10-01T22:50Z,2026-10-04T02:11:41+00:00,19,complete,aligned,No inference used; unresolved or conflicting facts are unknown.,2026-10-04T02:15:46+00:00
A0369,3260 CALIFORNIA ST,Berkeley,CA,94703,unknown,unknown,none,,,missing,Alameda County parcels,2026-10-01T22:50Z,2026-10-04T02:11:41+00:00,1,complete,aligned,No inference used; unresolved or conflicting facts are unknown.,2026-10-04T02:15:46+00:00
A0370,2222 TOBERMAN ST,Los Angeles,CA,90007,1924,verified_both_sources,official_snapshot_and_current_public_parcel,1924,1924,consistent,LA County eGIS parcels,2026-10-01T22:50Z,2026-10-04T02:11:41+00:00,1,complete,aligned,No inference used; unresolved or conflicting facts are unknown.,2026-10-04T02:15:46+00:00
A0371,76-80 BRUEN ST,Newark,NJ,07105,unknown,unknown,none,,,missing,NJOGIS Parcels & MOD-IV Composite,2026-10-01T22:50Z,2026-10-04T02:11:41+00:00,1,complete,aligned,No inference used; unresolved or conflicting facts are unknown.,2026-10-04T02:15:46+00:00
A0372,314 SEVENTH ST.,Jersey City,NJ,07302,unknown,unknown,none,,,missing,NJOGIS Parcels & MOD-IV Composite,2026-10-01T22:50Z,2026-10-04T02:11:41+00:00,1,complete,aligned,No inference used; unresolved or conflicting facts are unknown.,2026-10-04T02:15:46+00:00
A0373,1315 SPRUCE ST,Berkeley,CA,94709,unknown,unknown,none,,,missing,Alameda County parcels,2026-10-01T22:50Z,2026-10-04T02:11:41+00:00,1,complete,aligned,No inference used; unresolved or conflicting facts are unknown.,2026-10-04T02:15:46+00:00
A0374,686 S ARDMORE AVE,Los Angeles,CA,90005,1990,verified_both_sources,official_snapshot_and_current_public_parcel,1990,1990,consistent,LA County eGIS parcels,2026-10-01T22:50Z,2026-10-04T02:11:41+00:00,1,complete,aligned,No inference used; unresolved or conflicting facts are unknown.,2026-10-04T02:15:46+00:00
A0375,1880 FULTON ST,San Francisco,CA,,1921,verified_both_sources,official_snapshot_and_current_public_parcel,1921,1921,consistent,DataSF wv5m-vpq2 (2025 roll),2026-10-01T22:50Z,2026-10-04T02:11:41+00:00,19,complete,aligned,No inference used; unresolved or conflicting facts are unknown.,2026-10-04T02:15:46+00:00
A0376,ST JAMES ST,Roxbury,MA,02119,unknown,unknown,none,,,address_not_aligned,Boston Property Assessment FY2026,2026-10-01T22:50Z,2026-10-04T02:11:41+00:00,1,none,parser_failed,No inference used; unresolved or conflicting facts are unknown.,2026-10-04T02:15:46+00:00
A0377,206 BLOOMFIELD ST,Hoboken,NJ,10003,unknown,unknown,none,,,missing,NJOGIS Parcels & MOD-IV Composite,2026-10-01T22:50Z,2026-10-04T02:11:41+00:00,1,complete,aligned,No inference used; unresolved or conflicting facts are unknown.,2026-10-04T02:15:46+00:00
A0378,4053 IDAHO ST,San Diego,CA,92104,68,resolved,current_public_parcel,,68,consistent,SANDAG/SanGIS parcels,2026-10-01T22:50Z,2026-10-04T02:11:41+00:00,1,complete,aligned,No inference used; unresolved or conflicting facts are unknown.,2026-10-04T02:15:46+00:00
A0379,1336 BRUNNER ST,San Diego,CA,92110,95,resolved,current_public_parcel,,95,consistent,SANDAG/SanGIS parcels,2026-10-01T22:50Z,2026-10-04T02:11:41+00:00,1,complete,aligned,No inference used; unresolved or conflicting facts are unknown.,2026-10-04T02:15:46+00:00
A0380,GREENVILLE ST,Roxbury,MA,02119,unknown,unknown,none,,,address_not_aligned,Boston Property Assessment FY2026,2026-10-01T22:50Z,2026-10-04T02:11:41+00:00,1,none,parser_failed,No inference used; unresolved or conflicting facts are unknown.,2026-10-04T02:15:46+00:00
A0381,521-523 MARKET ST,Newark,NJ,07105,unknown,unknown,none,,,missing,NJOGIS Parcels & MOD-IV Composite,2026-10-01T22:50Z,2026-10-04T02:11:41+00:00,1,complete,aligned,No inference used; unresolved or conflicting facts are unknown.,2026-10-04T02:15:46+00:00
A0382,119 DAY ST,San Francisco,CA,,1964,verified_both_sources,official_snapshot_and_current_public_parcel,1964,1964,consistent,DataSF wv5m-vpq2 (2025 roll),2026-10-01T22:50Z,2026-10-04T02:11:41+00:00,19,complete,aligned,No inference used; unresolved or conflicting facts are unknown.,2026-10-04T02:15:46+00:00
A0383,1908 CALIFORNIA ST,Berkeley,CA,94703,unknown,unknown,none,,,missing,Alameda County parcels,2026-10-01T22:50Z,2026-10-04T02:11:41+00:00,1,complete,aligned,No inference used; unresolved or conflicting facts are unknown.,2026-10-04T02:15:46+00:00
A0384,21 GUERRERO ST,San Francisco,CA,,1925,resolved,provided_official_source_snapshot,1925,,candidate_set_incomplete,DataSF wv5m-vpq2 (2025 roll),2026-10-01T22:50Z,2026-10-04T02:11:41+00:00,1,none,aligned,No inference used; unresolved or conflicting facts are unknown.,2026-10-04T02:15:46+00:00
A0385,1059 UNION ST,San Francisco,CA,,1986,verified_both_sources,official_snapshot_and_current_public_parcel,1986,1986,consistent,DataSF wv5m-vpq2 (2025 roll),2026-10-01T22:50Z,2026-10-04T02:11:41+00:00,19,complete,aligned,No inference used; unresolved or conflicting facts are unknown.,2026-10-04T02:15:46+00:00
A0386,3654 ARIZONA ST,San Diego,CA,92104,87,resolved,current_public_parcel,,87,consistent,SANDAG/SanGIS parcels,2026-10-01T22:50Z,2026-10-04T02:11:41+00:00,1,complete,aligned,No inference used; unresolved or conflicting facts are unknown.,2026-10-04T02:15:46+00:00
A0387,10303 CAMINITO ALVAREZ,San Diego,CA,92126,unknown,unknown,none,,,address_not_aligned,SANDAG/SanGIS parcels,2026-10-01T22:50Z,2026-10-04T02:11:41+00:00,1,complete,parser_failed,No inference used; unresolved or conflicting facts are unknown.,2026-10-04T02:15:46+00:00
A0388,157-155 CLERK ST.,Jersey City,NJ,07305,unknown,unknown,none,,,address_not_aligned,NJOGIS Parcels & MOD-IV Composite,2026-10-01T22:50Z,2026-10-04T02:11:41+00:00,1,complete,not_aligned,No inference used; unresolved or conflicting facts are unknown.,2026-10-04T02:15:46+00:00
A0389,923 GARDEN ST,Hoboken,NJ,07068,unknown,unknown,none,,,missing,NJOGIS Parcels & MOD-IV Composite,2026-10-01T22:50Z,2026-10-04T02:11:41+00:00,1,complete,aligned,No inference used; unresolved or conflicting facts are unknown.,2026-10-04T02:15:46+00:00
A0390,70 DARCY ST,Newark,NJ,07202,unknown,unknown,none,,,missing,NJOGIS Parcels & MOD-IV Composite,2026-10-01T22:50Z,2026-10-04T02:11:41+00:00,1,complete,aligned,No inference used; unresolved or conflicting facts are unknown.,2026-10-04T02:15:46+00:00
A0391,265 22ND ST,San Diego,CA,92102,6,resolved,current_public_parcel,,6,consistent,SANDAG/SanGIS parcels,2026-10-01T22:50Z,2026-10-04T02:11:41+00:00,1,complete,aligned,No inference used; unresolved or conflicting facts are unknown.,2026-10-04T02:15:46+00:00
A0392,4545 N 39TH ST,San Diego,CA,92116,unknown,unknown,none,,,address_not_aligned,SANDAG/SanGIS parcels,2026-10-01T22:50Z,2026-10-04T02:11:41+00:00,1,none,parser_failed,No inference used; unresolved or conflicting facts are unknown.,2026-10-04T02:15:46+00:00
A0393,91 JORDAN AVE.,Jersey City,NJ,07081,unknown,unknown,none,,,missing,NJOGIS Parcels & MOD-IV Composite,2026-10-01T22:50Z,2026-10-04T02:11:41+00:00,1,complete,aligned,No inference used; unresolved or conflicting facts are unknown.,2026-10-04T02:15:46+00:00
A0394,45 RAVINE AVE.,Jersey City,NJ,07302,1912,verified_both_sources,official_snapshot_and_current_public_parcel,1912,1912,consistent,NJOGIS Parcels & MOD-IV Composite,2026-10-01T22:50Z,2026-10-04T02:11:41+00:00,1,complete,aligned,No inference used; unresolved or conflicting facts are unknown.,2026-10-04T02:15:46+00:00
A0395,1632 RUSSELL ST,Berkeley,CA,94703,1962,resolved,current_public_parcel,,1962,consistent,Alameda County parcels,2026-10-01T22:50Z,2026-10-04T02:11:41+00:00,1,complete,aligned,No inference used; unresolved or conflicting facts are unknown.,2026-10-04T02:15:46+00:00
A0396,3244 CLAIREMONT DR,San Diego,CA,92117,25,resolved,current_public_parcel,,25,consistent,SANDAG/SanGIS parcels,2026-10-01T22:50Z,2026-10-04T02:11:41+00:00,1,complete,aligned,No inference used; unresolved or conflicting facts are unknown.,2026-10-04T02:15:46+00:00
A0397,1677 BUSH ST,San Francisco,CA,,1900,verified_both_sources,official_snapshot_and_current_public_parcel,1900,1900,consistent,DataSF wv5m-vpq2 (2025 roll),2026-10-01T22:50Z,2026-10-04T02:11:41+00:00,19,complete,aligned,No inference used; unresolved or conflicting facts are unknown.,2026-10-04T02:15:46+00:00
A0398,890 GREEN ST,San Francisco,CA,,1908,verified_both_sources,official_snapshot_and_current_public_parcel,1908,1908,consistent,DataSF wv5m-vpq2 (2025 roll),2026-10-01T22:50Z,2026-10-04T02:11:41+00:00,19,complete,aligned,No inference used; unresolved or conflicting facts are unknown.,2026-10-04T02:15:46+00:00
A0399,227 WILLOW AVE,Hoboken,NJ,07643,unknown,unknown,none,,,missing,NJOGIS Parcels & MOD-IV Composite,2026-10-01T22:50Z,2026-10-04T02:11:41+00:00,1,complete,aligned,No inference used; unresolved or conflicting facts are unknown.,2026-10-04T02:15:46+00:00
A0400,174 MT PROSPECT AVE,Newark,NJ,07107,unknown,unknown,none,,,missing,NJOGIS Parcels & MOD-IV Composite,2026-10-01T22:50Z,2026-10-04T02:11:41+00:00,1,complete,aligned,No inference used; unresolved or conflicting facts are unknown.,2026-10-04T02:15:46+00:00
A0401,257 14TH ST,San Francisco,CA,,1908,verified_both_sources,official_snapshot_and_current_public_parcel,1908,1908,consistent,DataSF wv5m-vpq2 (2025 roll),2026-10-01T22:50Z,2026-10-04T02:11:41+00:00,19,complete,aligned,No inference used; unresolved or conflicting facts are unknown.,2026-10-04T02:15:46+00:00
A0402,2914 LARKIN ST,San Francisco,CA,,1900,verified_both_sources,official_snapshot_and_current_public_parcel,1900,1900,consistent,DataSF wv5m-vpq2 (2025 roll),2026-10-01T22:50Z,2026-10-04T02:11:41+00:00,19,complete,aligned,No inference used; unresolved or conflicting facts are unknown.,2026-10-04T02:15:46+00:00
A0403,45 Myrtle ST,Boston,MA,02114,1899,verified_both_sources,official_snapshot_and_current_public_parcel,1899,1899,consistent,Boston Property Assessment FY2026,2026-10-01T22:50Z,2026-10-04T02:11:41+00:00,1,complete,aligned,No inference used; unresolved or conflicting facts are unknown.,2026-10-04T02:15:46+00:00
A0404,240 BOWERS ST.,Jersey City,NJ,07603,1900,verified_both_sources,official_snapshot_and_current_public_parcel,1900,1900,consistent,NJOGIS Parcels & MOD-IV Composite,2026-10-01T22:50Z,2026-10-04T02:11:41+00:00,1,complete,aligned,No inference used; unresolved or conflicting facts are unknown.,2026-10-04T02:15:46+00:00
A0405,10214 FERNGLEN AVE,Los Angeles,CA,91042,2008,verified_both_sources,official_snapshot_and_current_public_parcel,2008,2008,consistent,LA County eGIS parcels,2026-10-01T22:50Z,2026-10-04T02:11:41+00:00,1,complete,aligned,No inference used; unresolved or conflicting facts are unknown.,2026-10-04T02:15:46+00:00
A0406,170 W Springfield ST,Boston,MA,02118,1899,verified_both_sources,official_snapshot_and_current_public_parcel,1899,1899,consistent,Boston Property Assessment FY2026,2026-10-01T22:50Z,2026-10-04T02:11:41+00:00,1,complete,aligned,No inference used; unresolved or conflicting facts are unknown.,2026-10-04T02:15:46+00:00
A0407,4188 GREENBUSH AVE,Los Angeles,CA,91423,1964,verified_both_sources,official_snapshot_and_current_public_parcel,1964,1964,consistent,LA County eGIS parcels,2026-10-01T22:50Z,2026-10-04T02:11:41+00:00,1,complete,aligned,No inference used; unresolved or conflicting facts are unknown.,2026-10-04T02:15:46+00:00
A0408,14375 POLK ST,Los Angeles,CA,91342,1964,verified_both_sources,official_snapshot_and_current_public_parcel,1964,1964,consistent,LA County eGIS parcels,2026-10-01T22:50Z,2026-10-04T02:11:41+00:00,1,complete,aligned,No inference used; unresolved or conflicting facts are unknown.,2026-10-04T02:15:46+00:00
A0409,4428 GRESHAM ST,San Diego,CA,92109,42,resolved,current_public_parcel,,42,consistent,SANDAG/SanGIS parcels,2026-10-01T22:50Z,2026-10-04T02:11:41+00:00,1,complete,aligned,No inference used; unresolved or conflicting facts are unknown.,2026-10-04T02:15:46+00:00
A0410,319 SUMMIT AVE.,Jersey City,NJ,07306,1920,verified_both_sources,official_snapshot_and_current_public_parcel,1920,1920,consistent,NJOGIS Parcels & MOD-IV Composite,2026-10-01T22:50Z,2026-10-04T02:11:41+00:00,1,complete,aligned,No inference used; unresolved or conflicting facts are unknown.,2026-10-04T02:15:46+00:00
A0411,1833 BERKELEY WAY,Berkeley,CA,94703,unknown,unknown,none,,,missing,Alameda County parcels,2026-10-01T22:50Z,2026-10-04T02:11:41+00:00,1,complete,aligned,No inference used; unresolved or conflicting facts are unknown.,2026-10-04T02:15:46+00:00
A0412,229-231 GRAFTON AVE,Newark,NJ,07003,unknown,unknown,none,,,missing,NJOGIS Parcels & MOD-IV Composite,2026-10-01T22:50Z,2026-10-04T02:11:41+00:00,1,complete,aligned,No inference used; unresolved or conflicting facts are unknown.,2026-10-04T02:15:46+00:00
A0413,2209 GRAND AVE,San Diego,CA,92109,70,resolved,current_public_parcel,,70,consistent,SANDAG/SanGIS parcels,2026-10-01T22:50Z,2026-10-04T02:11:41+00:00,1,complete,aligned,No inference used; unresolved or conflicting facts are unknown.,2026-10-04T02:15:46+00:00
A0414,1987 CALIFORNIA ST,San Francisco,CA,,1922,verified_both_sources,official_snapshot_and_current_public_parcel,1922,1922,consistent,DataSF wv5m-vpq2 (2025 roll),2026-10-01T22:50Z,2026-10-04T02:11:41+00:00,19,complete,aligned,No inference used; unresolved or conflicting facts are unknown.,2026-10-04T02:15:46+00:00
A0415,95 WAYNE ST.,Jersey City,NJ,07302,1,resolved,current_public_parcel,,1,consistent,NJOGIS Parcels & MOD-IV Composite,2026-10-01T22:50Z,2026-10-04T02:11:41+00:00,1,complete,aligned,No inference used; unresolved or conflicting facts are unknown.,2026-10-04T02:15:46+00:00
A0416,882 PAVONIA AVE.,Jersey City,NJ,10281,unknown,unknown,none,,,missing,NJOGIS Parcels & MOD-IV Composite,2026-10-01T22:50Z,2026-10-04T02:11:41+00:00,1,complete,aligned,No inference used; unresolved or conflicting facts are unknown.,2026-10-04T02:15:46+00:00
A0417,4957 CAHUENGA BLVD,Los Angeles,CA,91601,0,resolved,current_public_parcel,,0,consistent,LA County eGIS parcels,2026-10-01T22:50Z,2026-10-04T02:11:41+00:00,1,complete,aligned,No inference used; unresolved or conflicting facts are unknown.,2026-10-04T02:15:46+00:00
A0418,221 SIP AVE.,Jersey City,NJ,07009,unknown,unknown,none,,,missing,NJOGIS Parcels & MOD-IV Composite,2026-10-01T22:50Z,2026-10-04T02:11:41+00:00,1,complete,aligned,No inference used; unresolved or conflicting facts are unknown.,2026-10-04T02:15:46+00:00
A0419,1538 HENRY ST,Berkeley,CA,94709,unknown,unknown,none,,,missing,Alameda County parcels,2026-10-01T22:50Z,2026-10-04T02:11:41+00:00,1,complete,aligned,No inference used; unresolved or conflicting facts are unknown.,2026-10-04T02:15:46+00:00
A0420,4419 CLEVELAND AVE,San Diego,CA,92116,72,resolved,current_public_parcel,,72,consistent,SANDAG/SanGIS parcels,2026-10-01T22:50Z,2026-10-04T02:11:41+00:00,1,complete,aligned,No inference used; unresolved or conflicting facts are unknown.,2026-10-04T02:15:46+00:00
A0421,17106 CHATSWORTH ST   APT 0001,Los Angeles,CA,91344,1964,verified_both_sources,official_snapshot_and_current_public_parcel,1964,1964,consistent,LA County eGIS parcels,2026-10-01T22:50Z,2026-10-04T02:11:41+00:00,1,complete,aligned,No inference used; unresolved or conflicting facts are unknown.,2026-10-04T02:15:46+00:00
A0422,21-23 Marion St,Cambridge,MA,,1900,verified_both_sources,official_snapshot_and_current_public_parcel,1900,1900,consistent,Cambridge Property Database FY2026 (waa7-ibdu),2026-10-01T22:50Z,2026-10-04T02:11:41+00:00,1,complete,aligned,No inference used; unresolved or conflicting facts are unknown.,2026-10-04T02:15:46+00:00
A0423,10 CAMELOT CT,Brighton,MA,02135,1965,verified_both_sources,official_snapshot_and_current_public_parcel,1965,1965,consistent,Boston Property Assessment FY2026,2026-10-01T22:50Z,2026-10-04T02:11:41+00:00,1,complete,aligned,No inference used; unresolved or conflicting facts are unknown.,2026-10-04T02:15:46+00:00
A0424,208 JEFFERSON ST,Hoboken,NJ,07030,unknown,unknown,none,,,missing,NJOGIS Parcels & MOD-IV Composite,2026-10-01T22:50Z,2026-10-04T02:11:41+00:00,1,complete,aligned,No inference used; unresolved or conflicting facts are unknown.,2026-10-04T02:15:46+00:00
A0425,650 POST ST,San Francisco,CA,,1916,verified_both_sources,official_snapshot_and_current_public_parcel,1916,1916,consistent,DataSF wv5m-vpq2 (2025 roll),2026-10-01T22:50Z,2026-10-04T02:11:41+00:00,19,complete,aligned,No inference used; unresolved or conflicting facts are unknown.,2026-10-04T02:15:46+00:00
A0426,1307 COLUSA ST,San Diego,CA,92110,74,resolved,current_public_parcel,,74,consistent,SANDAG/SanGIS parcels,2026-10-01T22:50Z,2026-10-04T02:11:41+00:00,1,complete,aligned,No inference used; unresolved or conflicting facts are unknown.,2026-10-04T02:15:46+00:00
A0427,7665 FOUNTAIN AVE,Los Angeles,CA,90046,1986,verified_both_sources,official_snapshot_and_current_public_parcel,1986,1986,consistent,LA County eGIS parcels,2026-10-01T22:50Z,2026-10-04T02:11:41+00:00,1,complete,aligned,No inference used; unresolved or conflicting facts are unknown.,2026-10-04T02:15:46+00:00
A0428,312-314 MT PROSPECT AVE,Newark,NJ,07109,unknown,unknown,none,,,missing,NJOGIS Parcels & MOD-IV Composite,2026-10-01T22:50Z,2026-10-04T02:11:41+00:00,1,complete,aligned,No inference used; unresolved or conflicting facts are unknown.,2026-10-04T02:15:46+00:00
A0429,12 BLACKWOOD ST,Boston,MA,02115,1899,verified_both_sources,official_snapshot_and_current_public_parcel,1899,1899,consistent,Boston Property Assessment FY2026,2026-10-01T22:50Z,2026-10-04T02:11:41+00:00,1,complete,aligned,No inference used; unresolved or conflicting facts are unknown.,2026-10-04T02:15:46+00:00
A0430,1950 ADDISON ST,Berkeley,CA,94704,2020,resolved,current_public_parcel,,2020,consistent,Alameda County parcels,2026-10-01T22:50Z,2026-10-04T02:11:41+00:00,1,complete,aligned,No inference used; unresolved or conflicting facts are unknown.,2026-10-04T02:15:46+00:00
A0431,245 EUCLID AVE,San Diego,CA,92114,80,resolved,current_public_parcel,,80,consistent,SANDAG/SanGIS parcels,2026-10-01T22:50Z,2026-10-04T02:11:41+00:00,1,complete,aligned,No inference used; unresolved or conflicting facts are unknown.,2026-10-04T02:15:46+00:00
A0432,14605 RAYEN ST,Los Angeles,CA,91402,1978,verified_both_sources,official_snapshot_and_current_public_parcel,1978,1978,consistent,LA County eGIS parcels,2026-10-01T22:50Z,2026-10-04T02:11:41+00:00,1,complete,aligned,No inference used; unresolved or conflicting facts are unknown.,2026-10-04T02:15:46+00:00
A0433,720 W 27TH ST,Los Angeles,CA,90007,1964,verified_both_sources,official_snapshot_and_current_public_parcel,1964,1964,consistent,LA County eGIS parcels,2026-10-01T22:50Z,2026-10-04T02:11:41+00:00,1,complete,aligned,No inference used; unresolved or conflicting facts are unknown.,2026-10-04T02:15:46+00:00
A0434,1225 HYDE ST,San Francisco,CA,,1913,verified_both_sources,official_snapshot_and_current_public_parcel,1913,1913,consistent,DataSF wv5m-vpq2 (2025 roll),2026-10-01T22:50Z,2026-10-04T02:11:41+00:00,19,complete,aligned,No inference used; unresolved or conflicting facts are unknown.,2026-10-04T02:15:46+00:00
A0435,310 MONROE ST,Hoboken,NJ,07632,unknown,unknown,none,,,missing,NJOGIS Parcels & MOD-IV Composite,2026-10-01T22:50Z,2026-10-04T02:11:41+00:00,1,complete,aligned,No inference used; unresolved or conflicting facts are unknown.,2026-10-04T02:15:46+00:00
A0436,832 WILLOW AVE,Hoboken,NJ,07030,unknown,unknown,none,,,missing,NJOGIS Parcels & MOD-IV Composite,2026-10-01T22:50Z,2026-10-04T02:11:41+00:00,1,complete,aligned,No inference used; unresolved or conflicting facts are unknown.,2026-10-04T02:15:46+00:00
A0437,2969 SAN MARINO ST,Los Angeles,CA,90006,2004,verified_both_sources,official_snapshot_and_current_public_parcel,2004,2004,consistent,LA County eGIS parcels,2026-10-01T22:50Z,2026-10-04T02:11:41+00:00,1,complete,aligned,No inference used; unresolved or conflicting facts are unknown.,2026-10-04T02:15:46+00:00
A0438,60-62 CAMBRIDGE AVE,Jersey City,NJ,07430,unknown,unknown,none,,,address_not_aligned,NJOGIS Parcels & MOD-IV Composite,2026-10-01T22:50Z,2026-10-04T02:11:41+00:00,1,representative_only,not_aligned,No inference used; unresolved or conflicting facts are unknown.,2026-10-04T02:15:46+00:00
A0439,225 25TH AV,San Francisco,CA,,1988,verified_both_sources,official_snapshot_and_current_public_parcel,1988,1988,consistent,DataSF wv5m-vpq2 (2025 roll),2026-10-01T22:50Z,2026-10-04T02:11:41+00:00,19,complete,aligned,No inference used; unresolved or conflicting facts are unknown.,2026-10-04T02:15:46+00:00
A0440,4042 FULTON ST,San Francisco,CA,,1921,verified_both_sources,official_snapshot_and_current_public_parcel,1921,1921,consistent,DataSF wv5m-vpq2 (2025 roll),2026-10-01T22:50Z,2026-10-04T02:11:41+00:00,19,complete,aligned,No inference used; unresolved or conflicting facts are unknown.,2026-10-04T02:15:46+00:00
A0441,4017 ILLINOIS ST,San Diego,CA,92104,30,resolved,current_public_parcel,,30,consistent,SANDAG/SanGIS parcels,2026-10-01T22:50Z,2026-10-04T02:11:41+00:00,1,complete,aligned,No inference used; unresolved or conflicting facts are unknown.,2026-10-04T02:15:46+00:00
A0442,7014 LANEWOOD AVE,Los Angeles,CA,90028,1986,verified_both_sources,official_snapshot_and_current_public_parcel,1986,1986,consistent,LA County eGIS parcels,2026-10-01T22:50Z,2026-10-04T02:11:41+00:00,1,complete,aligned,No inference used; unresolved or conflicting facts are unknown.,2026-10-04T02:15:46+00:00
A0443,3526 FAIRMOUNT AVE,San Diego,CA,92105,85,resolved,current_public_parcel,,85,consistent,SANDAG/SanGIS parcels,2026-10-01T22:50Z,2026-10-04T02:11:41+00:00,1,complete,aligned,No inference used; unresolved or conflicting facts are unknown.,2026-10-04T02:15:46+00:00
A0444,231 COMMONWEALTH AV,Boston,MA,02116,1899,verified_both_sources,official_snapshot_and_current_public_parcel,1899,1899,consistent,Boston Property Assessment FY2026,2026-10-01T22:50Z,2026-10-04T02:11:41+00:00,1,complete,aligned,No inference used; unresolved or conflicting facts are unknown.,2026-10-04T02:15:46+00:00
A0445,8790 VAN NUYS BLVD,Los Angeles,CA,91402,1977,verified_both_sources,official_snapshot_and_current_public_parcel,1977,1977,consistent,LA County eGIS parcels,2026-10-01T22:50Z,2026-10-04T02:11:41+00:00,1,complete,aligned,No inference used; unresolved or conflicting facts are unknown.,2026-10-04T02:15:46+00:00
A0446,610 COLUMBUS AV,Boston,MA,02118,1899,verified_both_sources,official_snapshot_and_current_public_parcel,1899,1899,consistent,Boston Property Assessment FY2026,2026-10-01T22:50Z,2026-10-04T02:11:41+00:00,1,complete,aligned,No inference used; unresolved or conflicting facts are unknown.,2026-10-04T02:15:46+00:00
A0447,208 CLINTON ST,Hoboken,NJ,07030,unknown,unknown,none,,,missing,NJOGIS Parcels & MOD-IV Composite,2026-10-01T22:50Z,2026-10-04T02:11:41+00:00,1,complete,aligned,No inference used; unresolved or conflicting facts are unknown.,2026-10-04T02:15:46+00:00
A0448,151-153 LAFAYETTE ST,Newark,NJ,07105,unknown,unknown,none,,,missing,NJOGIS Parcels & MOD-IV Composite,2026-10-01T22:50Z,2026-10-04T02:11:41+00:00,1,complete,aligned,No inference used; unresolved or conflicting facts are unknown.,2026-10-04T02:15:46+00:00
A0449,338 CLINTON PL,Newark,NJ,08701,unknown,unknown,none,,,missing,NJOGIS Parcels & MOD-IV Composite,2026-10-01T22:50Z,2026-10-04T02:11:41+00:00,1,complete,aligned,No inference used; unresolved or conflicting facts are unknown.,2026-10-04T02:15:46+00:00
A0450,94 NEPTUNE AVE.,Jersey City,NJ,11211,unknown,unknown,none,,,missing,NJOGIS Parcels & MOD-IV Composite,2026-10-01T22:50Z,2026-10-04T02:11:41+00:00,1,complete,aligned,No inference used; unresolved or conflicting facts are unknown.,2026-10-04T02:15:46+00:00
A0451,7300 VALMONT ST,Los Angeles,CA,91042,1989,verified_both_sources,official_snapshot_and_current_public_parcel,1989,1989,consistent,LA County eGIS parcels,2026-10-01T22:50Z,2026-10-04T02:11:41+00:00,1,complete,aligned,No inference used; unresolved or conflicting facts are unknown.,2026-10-04T02:15:46+00:00
A0452,1310 N LAS PALMAS AVE,Los Angeles,CA,90028,1952,verified_both_sources,official_snapshot_and_current_public_parcel,1952,1952,consistent,LA County eGIS parcels,2026-10-01T22:50Z,2026-10-04T02:11:41+00:00,1,complete,aligned,No inference used; unresolved or conflicting facts are unknown.,2026-10-04T02:15:46+00:00
A0453,11 Carlisle St,Cambridge,MA,,1910,verified_both_sources,official_snapshot_and_current_public_parcel,1910,1910,consistent,Cambridge Property Database FY2026 (waa7-ibdu),2026-10-01T22:50Z,2026-10-04T02:11:41+00:00,1,complete,aligned,No inference used; unresolved or conflicting facts are unknown.,2026-10-04T02:15:46+00:00
A0454,8944 COLUMBUS AVE,Los Angeles,CA,91343,1959,verified_both_sources,official_snapshot_and_current_public_parcel,1959,1959,consistent,LA County eGIS parcels,2026-10-01T22:50Z,2026-10-04T02:11:41+00:00,1,complete,aligned,No inference used; unresolved or conflicting facts are unknown.,2026-10-04T02:15:46+00:00
A0455,78 STEVENS AVE.,Jersey City,NJ,07108,unknown,unknown,none,,,missing,NJOGIS Parcels & MOD-IV Composite,2026-10-01T22:50Z,2026-10-04T02:11:41+00:00,1,complete,aligned,No inference used; unresolved or conflicting facts are unknown.,2026-10-04T02:15:46+00:00
A0456,2151 CHATSWORTH BLVD,San Diego,CA,92107,48,resolved,current_public_parcel,,48,consistent,SANDAG/SanGIS parcels,2026-10-01T22:50Z,2026-10-04T02:11:41+00:00,1,complete,aligned,No inference used; unresolved or conflicting facts are unknown.,2026-10-04T02:15:46+00:00
A0457,1856 GREEN ST,San Francisco,CA,,1906,verified_both_sources,official_snapshot_and_current_public_parcel,1906,1906,consistent,DataSF wv5m-vpq2 (2025 roll),2026-10-01T22:50Z,2026-10-04T02:11:41+00:00,19,complete,aligned,No inference used; unresolved or conflicting facts are unknown.,2026-10-04T02:15:46+00:00
A0458,1670 E 48TH PL,Los Angeles,CA,90011,1963,verified_both_sources,official_snapshot_and_current_public_parcel,1963,1963,consistent,LA County eGIS parcels,2026-10-01T22:50Z,2026-10-04T02:11:41+00:00,1,complete,aligned,No inference used; unresolved or conflicting facts are unknown.,2026-10-04T02:15:46+00:00
A0459,202 SOUTH ST.,Jersey City,NJ,07423,1915,verified_both_sources,official_snapshot_and_current_public_parcel,1915,1915,consistent,NJOGIS Parcels & MOD-IV Composite,2026-10-01T22:50Z,2026-10-04T02:11:41+00:00,1,complete,aligned,No inference used; unresolved or conflicting facts are unknown.,2026-10-04T02:15:46+00:00
A0460,223-229 SHEPHARD AVE,Newark,NJ,11204,unknown,unknown,none,,,missing,NJOGIS Parcels & MOD-IV Composite,2026-10-01T22:50Z,2026-10-04T02:11:41+00:00,1,complete,aligned,No inference used; unresolved or conflicting facts are unknown.,2026-10-04T02:15:46+00:00
A0461,735 11TH AV,San Francisco,CA,,1923,verified_both_sources,official_snapshot_and_current_public_parcel,1923,1923,consistent,DataSF wv5m-vpq2 (2025 roll),2026-10-01T22:50Z,2026-10-04T02:11:41+00:00,19,complete,aligned,No inference used; unresolved or conflicting facts are unknown.,2026-10-04T02:15:46+00:00
A0462,128 ST. PAULS AVE.,Jersey City,NJ,11211,1890,verified_both_sources,official_snapshot_and_current_public_parcel,1890,1890,consistent,NJOGIS Parcels & MOD-IV Composite,2026-10-01T22:50Z,2026-10-04T02:11:41+00:00,1,complete,aligned,No inference used; unresolved or conflicting facts are unknown.,2026-10-04T02:15:46+00:00
A0463,4 BEECHWOOD ST,Dorchester,MA,02121,2007,verified_both_sources,official_snapshot_and_current_public_parcel,2007,2007,consistent,Boston Property Assessment FY2026,2026-10-01T22:50Z,2026-10-04T02:11:41+00:00,1,complete,aligned,No inference used; unresolved or conflicting facts are unknown.,2026-10-04T02:15:46+00:00
A0464,2-98 DABNEY ST,Roxbury,MA,02119,1966,verified_both_sources,official_snapshot_and_current_public_parcel,1966,1966,consistent,Boston Property Assessment FY2026,2026-10-01T22:50Z,2026-10-04T02:11:41+00:00,1,complete,aligned,No inference used; unresolved or conflicting facts are unknown.,2026-10-04T02:15:46+00:00
A0465,141 Oxford St,Cambridge,MA,,1915,verified_both_sources,official_snapshot_and_current_public_parcel,1915,1915,consistent,Cambridge Property Database FY2026 (waa7-ibdu),2026-10-01T22:50Z,2026-10-04T02:11:41+00:00,1,complete,aligned,No inference used; unresolved or conflicting facts are unknown.,2026-10-04T02:15:46+00:00
A0466,115 NORWAY ST,Boston,MA,02115,1920,verified_both_sources,official_snapshot_and_current_public_parcel,1920,1920,consistent,Boston Property Assessment FY2026,2026-10-01T22:50Z,2026-10-04T02:11:41+00:00,1,complete,aligned,No inference used; unresolved or conflicting facts are unknown.,2026-10-04T02:15:46+00:00
A0467,24 ST ALBANS RD,Boston,MA,02115,1923,verified_both_sources,official_snapshot_and_current_public_parcel,1923,1923,consistent,Boston Property Assessment FY2026,2026-10-01T22:50Z,2026-10-04T02:11:41+00:00,1,complete,aligned,No inference used; unresolved or conflicting facts are unknown.,2026-10-04T02:15:46+00:00
A0468,13 Shepard St,Cambridge,MA,,1910,verified_both_sources,official_snapshot_and_current_public_parcel,1910,1910,consistent,Cambridge Property Database FY2026 (waa7-ibdu),2026-10-01T22:50Z,2026-10-04T02:11:41+00:00,1,complete,aligned,No inference used; unresolved or conflicting facts are unknown.,2026-10-04T02:15:46+00:00
A0469,2701 SHATTUCK AVE,Berkeley,CA,94705,2024,resolved,current_public_parcel,,2024,consistent,Alameda County parcels,2026-10-01T22:50Z,2026-10-04T02:11:41+00:00,1,complete,aligned,No inference used; unresolved or conflicting facts are unknown.,2026-10-04T02:15:46+00:00
A0470,1919 CURTIS ST,Berkeley,CA,94702,1949,resolved,current_public_parcel,,1949,consistent,Alameda County parcels,2026-10-01T22:50Z,2026-10-04T02:11:41+00:00,1,complete,aligned,No inference used; unresolved or conflicting facts are unknown.,2026-10-04T02:15:46+00:00
A0471,332-334 GARDEN ST,Hoboken,NJ,07604,unknown,unknown,none,,,missing,NJOGIS Parcels & MOD-IV Composite,2026-10-01T22:50Z,2026-10-04T02:11:41+00:00,1,complete,aligned,No inference used; unresolved or conflicting facts are unknown.,2026-10-04T02:15:46+00:00
A0472,321 WILLOW AVE,Hoboken,NJ,07030,unknown,unknown,none,,,missing,NJOGIS Parcels & MOD-IV Composite,2026-10-01T22:50Z,2026-10-04T02:11:41+00:00,1,complete,aligned,No inference used; unresolved or conflicting facts are unknown.,2026-10-04T02:15:46+00:00
A0473,20 Phillips ST,Boston,MA,02114,1899,verified_both_sources,official_snapshot_and_current_public_parcel,1899,1899,consistent,Boston Property Assessment FY2026,2026-10-01T22:50Z,2026-10-04T02:11:41+00:00,1,complete,aligned,No inference used; unresolved or conflicting facts are unknown.,2026-10-04T02:15:46+00:00
A0474,3438 MCKINLEY AVE,Los Angeles,CA,90011,1928,verified_both_sources,official_snapshot_and_current_public_parcel,1928,1928,consistent,LA County eGIS parcels,2026-10-01T22:50Z,2026-10-04T02:11:41+00:00,1,complete,aligned,No inference used; unresolved or conflicting facts are unknown.,2026-10-04T02:15:46+00:00
A0475,361 FIRST ST,Hoboken,NJ,07030,unknown,unknown,none,,,missing,NJOGIS Parcels & MOD-IV Composite,2026-10-01T22:50Z,2026-10-04T02:11:41+00:00,1,complete,aligned,No inference used; unresolved or conflicting facts are unknown.,2026-10-04T02:15:46+00:00
A0476,26-28 COTTAGE ST,Newark,NJ,07840,unknown,unknown,none,,,missing,NJOGIS Parcels & MOD-IV Composite,2026-10-01T22:50Z,2026-10-04T02:11:41+00:00,1,complete,aligned,No inference used; unresolved or conflicting facts are unknown.,2026-10-04T02:15:46+00:00
A0477,2250 MISSION ST,San Francisco,CA,,1975,verified_both_sources,official_snapshot_and_current_public_parcel,1975,1975,consistent,DataSF wv5m-vpq2 (2025 roll),2026-10-01T22:50Z,2026-10-04T02:11:41+00:00,19,complete,aligned,No inference used; unresolved or conflicting facts are unknown.,2026-10-04T02:15:46+00:00
A0478,3860 CHEROKEE AVE,San Diego,CA,92104,64,resolved,current_public_parcel,,64,consistent,SANDAG/SanGIS parcels,2026-10-01T22:50Z,2026-10-04T02:11:41+00:00,1,complete,aligned,No inference used; unresolved or conflicting facts are unknown.,2026-10-04T02:15:46+00:00
A0479,12948 MOORPARK ST,Los Angeles,CA,91604,1990,verified_both_sources,official_snapshot_and_current_public_parcel,1990,1990,consistent,LA County eGIS parcels,2026-10-01T22:50Z,2026-10-04T02:11:41+00:00,1,complete,aligned,No inference used; unresolved or conflicting facts are unknown.,2026-10-04T02:15:46+00:00
A0480,4046 N 43RD ST,San Diego,CA,92105,unknown,unknown,none,,,address_not_aligned,SANDAG/SanGIS parcels,2026-10-01T22:50Z,2026-10-04T02:11:41+00:00,1,none,parser_failed,No inference used; unresolved or conflicting facts are unknown.,2026-10-04T02:15:46+00:00
A0481,536 LEAVENWORTH ST,San Francisco,CA,,1925,verified_both_sources,official_snapshot_and_current_public_parcel,1925,1925,consistent,DataSF wv5m-vpq2 (2025 roll),2026-10-01T22:50Z,2026-10-04T02:11:41+00:00,19,complete,aligned,No inference used; unresolved or conflicting facts are unknown.,2026-10-04T02:15:46+00:00
A0482,101 CLIFTON PL.,Jersey City,NJ,10982,3,resolved,current_public_parcel,,3,consistent,NJOGIS Parcels & MOD-IV Composite,2026-10-01T22:50Z,2026-10-04T02:11:41+00:00,1,complete,aligned,No inference used; unresolved or conflicting facts are unknown.,2026-10-04T02:15:46+00:00
A0483,1580 MARKET ST,San Francisco,CA,,1917,verified_both_sources,official_snapshot_and_current_public_parcel,1917,1917,consistent,DataSF wv5m-vpq2 (2025 roll),2026-10-01T22:50Z,2026-10-04T02:11:41+00:00,19,complete,aligned,No inference used; unresolved or conflicting facts are unknown.,2026-10-04T02:15:46+00:00
A0484,1801 08TH AV,San Francisco,CA,,1948,verified_both_sources,official_snapshot_and_current_public_parcel,1948,1948,consistent,DataSF wv5m-vpq2 (2025 roll),2026-10-01T22:50Z,2026-10-04T02:11:41+00:00,19,complete,aligned,No inference used; unresolved or conflicting facts are unknown.,2026-10-04T02:15:46+00:00
A0485,296-302 Western Ave,Cambridge,MA,,1920,verified_both_sources,official_snapshot_and_current_public_parcel,1920,1920,consistent,Cambridge Property Database FY2026 (waa7-ibdu),2026-10-01T22:50Z,2026-10-04T02:11:41+00:00,1,complete,aligned,No inference used; unresolved or conflicting facts are unknown.,2026-10-04T02:15:46+00:00
A0486,2280 MISSION ST,San Francisco,CA,,1910,verified_both_sources,official_snapshot_and_current_public_parcel,1910,1910,consistent,DataSF wv5m-vpq2 (2025 roll),2026-10-01T22:50Z,2026-10-04T02:11:41+00:00,19,complete,aligned,No inference used; unresolved or conflicting facts are unknown.,2026-10-04T02:15:46+00:00
A0487,2118 FILLMORE ST,San Francisco,CA,,1900,verified_both_sources,official_snapshot_and_current_public_parcel,1900,1900,consistent,DataSF wv5m-vpq2 (2025 roll),2026-10-01T22:50Z,2026-10-04T02:11:41+00:00,19,complete,aligned,No inference used; unresolved or conflicting facts are unknown.,2026-10-04T02:15:46+00:00
A0488,197 BEACON ST,Boston,MA,02116,1900,verified_both_sources,official_snapshot_and_current_public_parcel,1900,1900,consistent,Boston Property Assessment FY2026,2026-10-01T22:50Z,2026-10-04T02:11:41+00:00,1,complete,aligned,No inference used; unresolved or conflicting facts are unknown.,2026-10-04T02:15:46+00:00
A0489,204 GRAND ST,Hoboken,NJ,06901,2000,verified_both_sources,official_snapshot_and_current_public_parcel,2000,2000,consistent,NJOGIS Parcels & MOD-IV Composite,2026-10-01T22:50Z,2026-10-04T02:11:41+00:00,1,complete,aligned,No inference used; unresolved or conflicting facts are unknown.,2026-10-04T02:15:46+00:00
A0490,526 ADAMS ST,Hoboken,NJ,07030,unknown,unknown,none,,,missing,NJOGIS Parcels & MOD-IV Composite,2026-10-01T22:50Z,2026-10-04T02:11:41+00:00,1,complete,aligned,No inference used; unresolved or conflicting facts are unknown.,2026-10-04T02:15:46+00:00
A0491,37 IRVING ST,Newark,NJ,07104,unknown,unknown,none,,,missing,NJOGIS Parcels & MOD-IV Composite,2026-10-01T22:50Z,2026-10-04T02:11:41+00:00,1,complete,aligned,No inference used; unresolved or conflicting facts are unknown.,2026-10-04T02:15:46+00:00
A0492,800 S HARVARD BLVD,Los Angeles,CA,90005,2019,verified_both_sources,official_snapshot_and_current_public_parcel,2019,2019,consistent,LA County eGIS parcels,2026-10-01T22:50Z,2026-10-04T02:11:41+00:00,1,complete,aligned,No inference used; unresolved or conflicting facts are unknown.,2026-10-04T02:15:46+00:00
A0493,4450 GEARY BL,San Francisco,CA,,1916,verified_both_sources,official_snapshot_and_current_public_parcel,1916,1916,consistent,DataSF wv5m-vpq2 (2025 roll),2026-10-01T22:50Z,2026-10-04T02:11:41+00:00,19,complete,aligned,No inference used; unresolved or conflicting facts are unknown.,2026-10-04T02:15:46+00:00
A0494,2641 FRANKLIN ST,San Francisco,CA,,1923,verified_both_sources,official_snapshot_and_current_public_parcel,1923,1923,consistent,DataSF wv5m-vpq2 (2025 roll),2026-10-01T22:50Z,2026-10-04T02:11:41+00:00,19,complete,aligned,No inference used; unresolved or conflicting facts are unknown.,2026-10-04T02:15:46+00:00
A0495,230 VAN HORNE ST.,Jersey City,NJ,11219,1895,verified_both_sources,official_snapshot_and_current_public_parcel,1895,1895,consistent,NJOGIS Parcels & MOD-IV Composite,2026-10-01T22:50Z,2026-10-04T02:11:41+00:00,1,complete,aligned,No inference used; unresolved or conflicting facts are unknown.,2026-10-04T02:15:46+00:00
A0496,512 32ND ST,San Diego,CA,92102,40,resolved,current_public_parcel,,40,consistent,SANDAG/SanGIS parcels,2026-10-01T22:50Z,2026-10-04T02:11:41+00:00,1,complete,aligned,No inference used; unresolved or conflicting facts are unknown.,2026-10-04T02:15:46+00:00
A0497,3750 29TH ST,San Diego,CA,92104,unknown,unknown,none,,,candidate_set_incomplete,SANDAG/SanGIS parcels,2026-10-01T22:50Z,2026-10-04T02:11:41+00:00,1,representative_only,aligned,No inference used; unresolved or conflicting facts are unknown.,2026-10-04T02:15:46+00:00
A0498,684-686 SUMMER AVE,Newark,NJ,07644,unknown,unknown,none,,,missing,NJOGIS Parcels & MOD-IV Composite,2026-10-01T22:50Z,2026-10-04T02:11:41+00:00,1,complete,aligned,No inference used; unresolved or conflicting facts are unknown.,2026-10-04T02:15:46+00:00
A0499,8519 WILLIS AVE,Los Angeles,CA,91402,1962,verified_both_sources,official_snapshot_and_current_public_parcel,1962,1962,consistent,LA County eGIS parcels,2026-10-01T22:50Z,2026-10-04T02:11:41+00:00,1,complete,aligned,No inference used; unresolved or conflicting facts are unknown.,2026-10-04T02:15:46+00:00
A0500,8811 BURNET AVE,Los Angeles,CA,91343,1954,verified_both_sources,official_snapshot_and_current_public_parcel,1954,1954,consistent,LA County eGIS parcels,2026-10-01T22:50Z,2026-10-04T02:11:41+00:00,1,complete,aligned,No inference used; unresolved or conflicting facts are unknown.,2026-10-04T02:15:46+00:00
