address_id,street_address,postal_city,state,zip,source_dataset,parcel_match_status,candidate_count_reported,candidate_capture_status,address_alignment_status,resolved_year_built,year_built_status,resolved_units,units_status,resolved_use_code,use_code_status,resolved_use_description,use_description_status,overall_fact_status,processed_at
A0001,6238 DE LONGPRE AVE,Los Angeles,CA,90028,LA County eGIS parcels,unique,1,complete,aligned,1927,consistent,32,consistent,0500,consistent,Five or more apartments,consistent,resolved,2026-10-04T02:11:41+00:00
A0002,1031-1035 CLINTON ST,Hoboken,NJ,07030,NJOGIS Parcels & MOD-IV Composite,unique,1,complete,aligned,2001,consistent,20,consistent,4C,consistent,unknown,missing,resolved,2026-10-04T02:11:41+00:00
A0003,876-878 S 14TH ST,Newark,NJ,11219,NJOGIS Parcels & MOD-IV Composite,unresolved_candidates,1,representative_only,not_aligned,unknown,address_not_aligned,unknown,address_not_aligned,unknown,address_not_aligned,unknown,address_not_aligned,unknown,2026-10-04T02:11:41+00:00
A0004,10050 MOUNTAIR AVE,Los Angeles,CA,91042,LA County eGIS parcels,unique,1,complete,aligned,1964,consistent,39,consistent,0500,consistent,Five or more apartments,consistent,resolved,2026-10-04T02:11:41+00:00
A0005,1609 ADDISON ST,Berkeley,CA,94703,Alameda County parcels,unique,1,complete,aligned,unknown,missing,6,consistent,7700,consistent,unknown,missing,resolved,2026-10-04T02:11:41+00:00
A0006,69-71 WESTLAND AV,Boston,MA,02115,Boston Property Assessment FY2026,unique,1,complete,aligned,1900,consistent,unknown,missing,A,consistent,SUBSD HOUSING S- 8,consistent,resolved,2026-10-04T02:11:41+00:00
A0007,4257 SAN PEDRO PL,Los Angeles,CA,90011,LA County eGIS parcels,unique,1,complete,aligned,1913,consistent,4,consistent,0500,consistent,Five or more apartments,consistent,resolved,2026-10-04T02:11:41+00:00
A0008,1065 SUMMIT AVENUE,Jersey City,NJ,78746,NJOGIS Parcels & MOD-IV Composite,unique,1,complete,parser_failed,unknown,address_not_aligned,unknown,address_not_aligned,unknown,address_not_aligned,unknown,address_not_aligned,unknown,2026-10-04T02:11:41+00:00
A0009,322-322.5 Western Ave,Cambridge,MA,,Cambridge Property Database FY2026 (waa7-ibdu),unique,1,complete,aligned,1915,consistent,6,consistent,111,consistent,4-8-UNIT-APT,consistent,resolved,2026-10-04T02:11:41+00:00
A0010,134 Oxford St,Cambridge,MA,,Cambridge Property Database FY2026 (waa7-ibdu),unique,1,complete,aligned,1915,consistent,6,consistent,111,consistent,4-8-UNIT-APT,consistent,resolved,2026-10-04T02:11:41+00:00
A0011,834-836 RAYMOND BLVD,Newark,NJ,08805,NJOGIS Parcels & MOD-IV Composite,unique,1,complete,aligned,unknown,missing,1,consistent,4C,consistent,029,consistent,resolved,2026-10-04T02:11:41+00:00
A0012,1064 SUMMIT AVE.,Jersey City,NJ,07728,NJOGIS Parcels & MOD-IV Composite,unique,1,complete,aligned,1900,consistent,unknown,missing,4C,consistent,029,consistent,resolved,2026-10-04T02:11:41+00:00
A0013,137 N 11TH ST,Newark,NJ,07107,NJOGIS Parcels & MOD-IV Composite,unique,1,complete,aligned,unknown,missing,1,consistent,4C,consistent,029,consistent,resolved,2026-10-04T02:11:41+00:00
A0014,5907 CAHUENGA BLVD,Los Angeles,CA,91601,LA County eGIS parcels,unique,1,complete,aligned,1947,consistent,7,consistent,0500,consistent,Five or more apartments,consistent,resolved,2026-10-04T02:11:41+00:00
A0015,15 Everett St,Cambridge,MA,,Cambridge Property Database FY2026 (waa7-ibdu),unique,1,complete,aligned,1930,consistent,83,consistent,112,consistent,>8-UNIT-APT,consistent,resolved,2026-10-04T02:11:41+00:00
A0017,225 DUNCAN AVE.,Jersey City,NJ,10949,NJOGIS Parcels & MOD-IV Composite,unique,1,complete,aligned,unknown,missing,unknown,missing,4C,consistent,029,consistent,resolved,2026-10-04T02:11:41+00:00
A0018,1906 BONITA AVE,Berkeley,CA,94704,Alameda County parcels,unique,1,complete,aligned,unknown,missing,5,consistent,7200,consistent,unknown,missing,resolved,2026-10-04T02:11:41+00:00
A0019,3820 HAINES ST,San Diego,CA,92109,SANDAG/SanGIS parcels,unique,1,complete,aligned,62,consistent,16,consistent,15,consistent,unknown,missing,resolved,2026-10-04T02:11:41+00:00
A0020,646-648 N 6TH ST,Newark,NJ,07083,NJOGIS Parcels & MOD-IV Composite,unique,1,complete,aligned,unknown,missing,1,consistent,4C,consistent,029,consistent,resolved,2026-10-04T02:11:41+00:00
A0022,10908 HARTSOOK ST,Los Angeles,CA,91601,LA County eGIS parcels,unique,1,complete,aligned,2012,consistent,5,consistent,0500,consistent,Five or more apartments,consistent,resolved,2026-10-04T02:11:41+00:00
A0023,843 IROLO ST,Los Angeles,CA,90005,LA County eGIS parcels,unique,1,complete,aligned,1987,consistent,33,consistent,0500,consistent,Five or more apartments,consistent,resolved,2026-10-04T02:11:41+00:00
A0024,227 Charles St,Cambridge,MA,,Cambridge Property Database FY2026 (waa7-ibdu),unique,1,complete,aligned,1920,consistent,6,consistent,111,consistent,4-8-UNIT-APT,consistent,resolved,2026-10-04T02:11:41+00:00
A0025,2341 8TH ST,Berkeley,CA,94710,Alameda County parcels,unique,1,complete,aligned,unknown,missing,10,consistent,7700,consistent,unknown,missing,resolved,2026-10-04T02:11:41+00:00
A0026,59 OAK ST.,Jersey City,NJ,07306,NJOGIS Parcels & MOD-IV Composite,unique,1,complete,aligned,1901,consistent,unknown,missing,4C,consistent,unknown,missing,resolved,2026-10-04T02:11:41+00:00
A0028,585 5TH ST,Newark,NJ,07107,NJOGIS Parcels & MOD-IV Composite,unresolved_candidates,1,representative_only,not_aligned,unknown,address_not_aligned,unknown,address_not_aligned,unknown,address_not_aligned,unknown,address_not_aligned,unknown,2026-10-04T02:11:41+00:00
A0029,280-284 VERONA AVE,Newark,NJ,07653,NJOGIS Parcels & MOD-IV Composite,unique,1,complete,aligned,unknown,missing,1,consistent,4C,consistent,029,consistent,resolved,2026-10-04T02:11:41+00:00
A0031,5624 S SAN PEDRO ST,Los Angeles,CA,90011,LA County eGIS parcels,unique,1,complete,aligned,1911,consistent,1,consistent,0500,consistent,Five or more apartments,consistent,resolved,2026-10-04T02:11:41+00:00
A0032,63 OAK ST.,Jersey City,NJ,08820,NJOGIS Parcels & MOD-IV Composite,unique,1,complete,aligned,unknown,missing,unknown,missing,4C,consistent,unknown,missing,resolved,2026-10-04T02:11:41+00:00
A0034,25 Gore St,Cambridge,MA,,Cambridge Property Database FY2026 (waa7-ibdu),unique,1,complete,aligned,1886,consistent,6,consistent,111,consistent,4-8-UNIT-APT,consistent,resolved,2026-10-04T02:11:41+00:00
A0035,5239 HARMONY AVE,Los Angeles,CA,91601,LA County eGIS parcels,unique,1,complete,aligned,1997,consistent,14,consistent,0500,consistent,Five or more apartments,consistent,resolved,2026-10-04T02:11:41+00:00
A0036,33 WARD ST,South Boston,MA,02127,Boston Property Assessment FY2026,unique,1,complete,aligned,2019,consistent,unknown,missing,A,consistent,APT 7-30 UNITS,consistent,resolved,2026-10-04T02:11:41+00:00
A0037,770 IROLO ST,Los Angeles,CA,90005,LA County eGIS parcels,unique,1,complete,aligned,2001,consistent,47,consistent,0500,consistent,Five or more apartments,consistent,resolved,2026-10-04T02:11:41+00:00
A0039,1 Craigie St,Cambridge,MA,,Cambridge Property Database FY2026 (waa7-ibdu),unique,1,complete,aligned,1910,consistent,32,consistent,112,consistent,>8-UNIT-APT,consistent,resolved,2026-10-04T02:11:41+00:00
A0040,69-75 JACKSON ST,Hoboken,NJ,07030,NJOGIS Parcels & MOD-IV Composite,unique,1,complete,aligned,unknown,missing,31,consistent,4C,consistent,unknown,missing,resolved,2026-10-04T02:11:41+00:00
A0042,320 FORREST ST.,Jersey City,NJ,07304,NJOGIS Parcels & MOD-IV Composite,unique,1,complete,aligned,1912,consistent,unknown,missing,4C,consistent,unknown,missing,resolved,2026-10-04T02:11:41+00:00
A0043,4 Orchard St,Cambridge,MA,,Cambridge Property Database FY2026 (waa7-ibdu),unique,1,complete,aligned,1920,consistent,6,consistent,111,consistent,4-8-UNIT-APT,consistent,resolved,2026-10-04T02:11:41+00:00
A0044,773-775 SANDFORD AVE,Newark,NJ,11211,NJOGIS Parcels & MOD-IV Composite,unique,1,complete,aligned,unknown,missing,1,consistent,4C,consistent,100,consistent,resolved,2026-10-04T02:11:41+00:00
A0045,12829 BRANFORD ST,Los Angeles,CA,91331,LA County eGIS parcels,unique,1,complete,aligned,1987,consistent,65,consistent,0501,consistent,Five or more apartments,consistent,resolved,2026-10-04T02:11:41+00:00
A0046,8-12 Soden St,Cambridge,MA,,Cambridge Property Database FY2026 (waa7-ibdu),unique,1,complete,aligned,1975,consistent,44,consistent,112,consistent,>8-UNIT-APT,consistent,resolved,2026-10-04T02:11:41+00:00
A0047,14 RUTGERS AVE.,Jersey City,NJ,07304,NJOGIS Parcels & MOD-IV Composite,unique,1,complete,aligned,1913,consistent,unknown,missing,4C,consistent,unknown,missing,resolved,2026-10-04T02:11:41+00:00
A0048,1619 COMMONWEALTH AV,Brighton,MA,02135,Boston Property Assessment FY2026,unique,1,complete,aligned,1899,consistent,unknown,missing,A,consistent,APT 7-30 UNITS,consistent,resolved,2026-10-04T02:11:41+00:00
A0049,721 CLINTON ST,Hoboken,NJ,07856,NJOGIS Parcels & MOD-IV Composite,unique,1,complete,aligned,unknown,missing,unknown,missing,4C,consistent,029,consistent,resolved,2026-10-04T02:11:41+00:00
A0051,65 OAKLAND AVE.,Jersey City,NJ,07423,NJOGIS Parcels & MOD-IV Composite,unique,1,complete,aligned,1,consistent,unknown,missing,4C,consistent,unknown,missing,resolved,2026-10-04T02:11:41+00:00
A0052,88 Gardner ST,Allston,MA,02134,Boston Property Assessment FY2026,unique,1,complete,aligned,1965,consistent,unknown,missing,A,consistent,APT 7-30 UNITS,consistent,resolved,2026-10-04T02:11:41+00:00
A0053,32 Garrison ST,Boston,MA,02116,Boston Property Assessment FY2026,unique,1,complete,aligned,1990,consistent,unknown,missing,A,consistent,LUXURY APARTMENT,consistent,resolved,2026-10-04T02:11:41+00:00
A0054,13 Shetland ST,Roxbury,MA,02119,Boston Property Assessment FY2026,unique,1,complete,aligned,2020,consistent,unknown,missing,A,consistent,APT 7-30 UNITS,consistent,resolved,2026-10-04T02:11:41+00:00
A0056,41-43 Edgerly RD,Boston,MA,02115,Boston Property Assessment FY2026,unique,1,complete,aligned,1920,consistent,unknown,missing,A,consistent,APT 7-30 UNITS,consistent,resolved,2026-10-04T02:11:41+00:00
A0057,57 STONE ST,Newark,NJ,07012,NJOGIS Parcels & MOD-IV Composite,unique,1,complete,aligned,unknown,missing,1,consistent,4C,consistent,020,consistent,resolved,2026-10-04T02:11:41+00:00
A0058,3137 BOSTON AVE,San Diego,CA,92113,SANDAG/SanGIS parcels,unique,1,complete,aligned,69,consistent,7,consistent,14,consistent,unknown,missing,resolved,2026-10-04T02:11:41+00:00
A0059,84-86 WALNUT ST,Newark,NJ,07078,NJOGIS Parcels & MOD-IV Composite,unique,1,complete,aligned,unknown,missing,1,consistent,4C,consistent,029,consistent,resolved,2026-10-04T02:11:41+00:00
A0060,5737 WILLOWCREST AVE,Los Angeles,CA,91601,LA County eGIS parcels,unique,1,complete,aligned,1962,consistent,8,consistent,0500,consistent,Five or more apartments,consistent,resolved,2026-10-04T02:11:41+00:00
A0063,11 Cortes ST,Boston,MA,02116,Boston Property Assessment FY2026,unresolved_candidates,1,representative_only,aligned,unknown,candidate_set_incomplete,unknown,candidate_set_incomplete,unknown,candidate_set_incomplete,unknown,candidate_set_incomplete,unknown,2026-10-04T02:11:41+00:00
A0064,24-26 Concord Ave,Cambridge,MA,,Cambridge Property Database FY2026 (waa7-ibdu),unresolved_candidates,1,representative_only,aligned,unknown,candidate_set_incomplete,unknown,candidate_set_incomplete,unknown,candidate_set_incomplete,unknown,candidate_set_incomplete,unknown,2026-10-04T02:11:41+00:00
A0065,63 Bailey ST,Dorchester,MA,02124,Boston Property Assessment FY2026,unique,1,complete,aligned,unknown,missing,unknown,missing,A,consistent,LUXURY APARTMENT,consistent,resolved,2026-10-04T02:11:41+00:00
A0066,1318 N ORANGE DR,Los Angeles,CA,90028,LA County eGIS parcels,unique,1,complete,aligned,1988,consistent,36,consistent,0500,consistent,Five or more apartments,consistent,resolved,2026-10-04T02:11:41+00:00
A0067,1335 N VISTA ST,Los Angeles,CA,90046,LA County eGIS parcels,unique,1,complete,aligned,1954,consistent,8,consistent,0500,consistent,Five or more apartments,consistent,resolved,2026-10-04T02:11:41+00:00
A0068,40-42 Clearway ST,Boston,MA,02115,Boston Property Assessment FY2026,unique,1,complete,aligned,1920,consistent,unknown,missing,A,consistent,APT 7-30 UNITS,consistent,resolved,2026-10-04T02:11:41+00:00
A0070,43 Fayette St,Cambridge,MA,,Cambridge Property Database FY2026 (waa7-ibdu),unique,1,complete,aligned,1910,consistent,7,consistent,111,consistent,4-8-UNIT-APT,consistent,resolved,2026-10-04T02:11:41+00:00
A0071,14.5-16 Vandine St,Cambridge,MA,,Cambridge Property Database FY2026 (waa7-ibdu),unresolved_candidates,1,none,parser_failed,unknown,address_not_aligned,unknown,address_not_aligned,unknown,address_not_aligned,unknown,address_not_aligned,unknown,2026-10-04T02:11:41+00:00
A0073,35-37 Inman St,Cambridge,MA,,Cambridge Property Database FY2026 (waa7-ibdu),unique,1,complete,aligned,1900,consistent,6,consistent,111,consistent,4-8-UNIT-APT,consistent,resolved,2026-10-04T02:11:41+00:00
A0074,717 S BERENDO ST,Los Angeles,CA,90005,LA County eGIS parcels,unique,1,complete,aligned,1963,consistent,34,consistent,0500,consistent,Five or more apartments,consistent,resolved,2026-10-04T02:11:41+00:00
A0075,27 Everett St,Cambridge,MA,,Cambridge Property Database FY2026 (waa7-ibdu),unique,1,complete,aligned,1880,consistent,10,consistent,112,consistent,>8-UNIT-APT,consistent,resolved,2026-10-04T02:11:41+00:00
A0076,304 E KINNEY ST,Newark,NJ,07033,NJOGIS Parcels & MOD-IV Composite,unique,1,complete,aligned,unknown,missing,1,consistent,4C,consistent,029,consistent,resolved,2026-10-04T02:11:41+00:00
A0077,91 Brookline St,Cambridge,MA,,Cambridge Property Database FY2026 (waa7-ibdu),unique,1,complete,aligned,1902,consistent,6,consistent,111,consistent,4-8-UNIT-APT,consistent,resolved,2026-10-04T02:11:41+00:00
A0078,115 BAYVIEW AVE.,Jersey City,NJ,07304,NJOGIS Parcels & MOD-IV Composite,unique,1,complete,aligned,unknown,missing,unknown,missing,4C,consistent,unknown,missing,resolved,2026-10-04T02:11:41+00:00
A0079,2361 PORTLAND ST,Los Angeles,CA,90007,LA County eGIS parcels,unique,1,complete,aligned,1912,consistent,8,consistent,0500,consistent,Five or more apartments,consistent,resolved,2026-10-04T02:11:41+00:00
A0080,690 S CATALINA ST,Los Angeles,CA,90005,LA County eGIS parcels,unique,1,complete,aligned,2002,consistent,90,consistent,0500,consistent,Five or more apartments,consistent,resolved,2026-10-04T02:11:41+00:00
A0082,63 Inman St,Cambridge,MA,,Cambridge Property Database FY2026 (waa7-ibdu),unique,1,complete,aligned,1880,consistent,16,consistent,112,consistent,>8-UNIT-APT,consistent,resolved,2026-10-04T02:11:41+00:00
A0083,38 KENILWORTH ST,Roxbury,MA,02119,Boston Property Assessment FY2026,unique,1,complete,aligned,1890,consistent,unknown,missing,A,consistent,SUBSD HOUSING S- 8,consistent,resolved,2026-10-04T02:11:41+00:00
A0086,67 Plymouth St,Cambridge,MA,,Cambridge Property Database FY2026 (waa7-ibdu),unique,1,complete,aligned,1837,consistent,5,consistent,111,consistent,4-8-UNIT-APT,consistent,resolved,2026-10-04T02:11:41+00:00
A0087,323 BLOOMFIELD ST,Hoboken,NJ,07504,NJOGIS Parcels & MOD-IV Composite,unique,1,complete,aligned,unknown,missing,16,consistent,4C,consistent,unknown,missing,resolved,2026-10-04T02:11:41+00:00
A0089,935 PARK AVE,Hoboken,NJ,07030,NJOGIS Parcels & MOD-IV Composite,unique,1,complete,aligned,unknown,missing,10,consistent,4C,consistent,738,consistent,resolved,2026-10-04T02:11:41+00:00
A0090,30 JACKSON ST,Newark,NJ,07105,NJOGIS Parcels & MOD-IV Composite,unique,1,complete,aligned,unknown,missing,1,consistent,4C,consistent,029,consistent,resolved,2026-10-04T02:11:41+00:00
A0091,2229 DWIGHT WAY,Berkeley,CA,94704,Alameda County parcels,unique,1,complete,aligned,unknown,missing,8,consistent,7700,consistent,unknown,missing,resolved,2026-10-04T02:11:41+00:00
A0092,2514 PIEDMONT AVE,Berkeley,CA,94704,Alameda County parcels,unique,1,complete,aligned,unknown,missing,32,consistent,7700,consistent,unknown,missing,resolved,2026-10-04T02:11:41+00:00
A0093,90 BICKFORD ST,Jamaica Plain,MA,02130,Boston Property Assessment FY2026,unique,1,complete,aligned,2004,consistent,unknown,missing,A,consistent,ELDERLY HOME,consistent,resolved,2026-10-04T02:11:41+00:00
A0094,1371 27TH ST,San Diego,CA,92154,SANDAG/SanGIS parcels,unique,1,complete,aligned,85,consistent,88,consistent,16,consistent,unknown,missing,resolved,2026-10-04T02:11:41+00:00
A0095,23 Elm St,Cambridge,MA,,Cambridge Property Database FY2026 (waa7-ibdu),unique,1,complete,aligned,1900,consistent,6,consistent,111,consistent,4-8-UNIT-APT,consistent,resolved,2026-10-04T02:11:41+00:00
A0096,81 WESTLAND AV,Boston,MA,02115,Boston Property Assessment FY2026,unique,1,complete,aligned,1910,consistent,unknown,missing,A,consistent,SUBSD HOUSING S- 8,consistent,resolved,2026-10-04T02:11:41+00:00
A0098,WILLOWWOOD ST,Dorchester,MA,02124,Boston Property Assessment FY2026,unresolved_candidates,1,none,parser_failed,unknown,address_not_aligned,unknown,address_not_aligned,unknown,address_not_aligned,unknown,address_not_aligned,unknown,2026-10-04T02:11:41+00:00
A0099,822 WASHINGTON ST,Hoboken,NJ,07458,NJOGIS Parcels & MOD-IV Composite,unique,1,complete,aligned,unknown,missing,5,consistent,4C,consistent,unknown,missing,resolved,2026-10-04T02:11:41+00:00
A0100,4732 BANCROFT ST,San Diego,CA,92116,SANDAG/SanGIS parcels,unique,1,complete,aligned,85,consistent,7,consistent,14,consistent,unknown,missing,resolved,2026-10-04T02:11:41+00:00
A0101,315-319 FAIRMOUNT AVENUE,Jersey City,NJ,07039,NJOGIS Parcels & MOD-IV Composite,unique,1,complete,parser_failed,unknown,address_not_aligned,unknown,address_not_aligned,unknown,address_not_aligned,unknown,address_not_aligned,unknown,2026-10-04T02:11:41+00:00
A0102,124 BLOOMFIELD ST,Hoboken,NJ,10003,NJOGIS Parcels & MOD-IV Composite,unique,1,complete,aligned,unknown,missing,5,consistent,4C,consistent,738,consistent,resolved,2026-10-04T02:11:41+00:00
A0103,2161 ALLSTON WAY,Berkeley,CA,94704,Alameda County parcels,unique,1,complete,aligned,2002,consistent,60,consistent,7700,consistent,unknown,missing,resolved,2026-10-04T02:11:41+00:00
A0104,409 5TH ST,Newark,NJ,07012,NJOGIS Parcels & MOD-IV Composite,unresolved_candidates,1,representative_only,aligned,unknown,candidate_set_incomplete,unknown,candidate_set_incomplete,unknown,candidate_set_incomplete,unknown,candidate_set_incomplete,unknown,2026-10-04T02:11:41+00:00
A0107,10635 SHERMAN GROVE AVE,Los Angeles,CA,91040,LA County eGIS parcels,unique,1,complete,aligned,1978,consistent,20,consistent,0500,consistent,Five or more apartments,consistent,resolved,2026-10-04T02:11:41+00:00
A0108,13 JEFFERSON AVE.,Jersey City,NJ,07030,NJOGIS Parcels & MOD-IV Composite,unique,1,complete,aligned,unknown,missing,unknown,missing,4C,consistent,unknown,missing,resolved,2026-10-04T02:11:41+00:00
A0109,2922 OTIS ST,Berkeley,CA,94703,Alameda County parcels,unique,1,complete,aligned,1961,consistent,5,consistent,7700,consistent,unknown,missing,resolved,2026-10-04T02:11:41+00:00
A0110,130-132 2ND AVE,Newark,NJ,07055,NJOGIS Parcels & MOD-IV Composite,unique,1,complete,aligned,unknown,missing,1,consistent,4C,consistent,029,consistent,resolved,2026-10-04T02:11:41+00:00
A0111,10075 TUJUNGA CANYON BLVD,Los Angeles,CA,91042,LA County eGIS parcels,unique,1,complete,aligned,1984,consistent,40,consistent,0500,consistent,Five or more apartments,consistent,resolved,2026-10-04T02:11:41+00:00
A0113,3151 ETON AVE,Berkeley,CA,94705,Alameda County parcels,unique,1,complete,aligned,1920,consistent,5,consistent,7700,consistent,unknown,missing,resolved,2026-10-04T02:11:41+00:00
A0114,3743 INDIA ST,San Diego,CA,92103,SANDAG/SanGIS parcels,unique,1,complete,aligned,00,consistent,6,consistent,14,consistent,unknown,missing,resolved,2026-10-04T02:11:41+00:00
A0116,36 PROSPECT ST.,Jersey City,NJ,07111,NJOGIS Parcels & MOD-IV Composite,unique,1,complete,aligned,1923,consistent,unknown,missing,4C,consistent,unknown,missing,resolved,2026-10-04T02:11:41+00:00
A0117,1733 N CHEROKEE AVE,Los Angeles,CA,90028,LA County eGIS parcels,unique,1,complete,aligned,1924,consistent,40,consistent,0500,consistent,Five or more apartments,consistent,resolved,2026-10-04T02:11:41+00:00
A0118,18-34 KINGBIRD RD,Dorchester,MA,02124,Boston Property Assessment FY2026,unique,1,complete,aligned,2009,consistent,unknown,missing,A,consistent,SUBSD HOUSING S- 8,consistent,resolved,2026-10-04T02:11:41+00:00
A0119,607 ADAMS ST,Hoboken,NJ,07030,NJOGIS Parcels & MOD-IV Composite,unique,1,complete,aligned,unknown,missing,6,consistent,4C,consistent,unknown,missing,resolved,2026-10-04T02:11:41+00:00
A0120,139 ELM ST,Newark,NJ,07105,NJOGIS Parcels & MOD-IV Composite,unique,1,complete,aligned,unknown,missing,1,consistent,4C,consistent,100,consistent,resolved,2026-10-04T02:11:41+00:00
A0121,4079 FRONT ST,San Diego,CA,92103,SANDAG/SanGIS parcels,unique,1,complete,aligned,87,consistent,22,consistent,15,consistent,unknown,missing,resolved,2026-10-04T02:11:41+00:00
A0122,4812 S BROADWAY,Los Angeles,CA,90037,LA County eGIS parcels,unique,1,complete,parser_failed,unknown,address_not_aligned,unknown,address_not_aligned,unknown,address_not_aligned,unknown,address_not_aligned,unknown,2026-10-04T02:11:41+00:00
A0123,123 Condor ST,East Boston,MA,02128,Boston Property Assessment FY2026,unique,1,complete,aligned,2013,consistent,unknown,missing,A,consistent,SUBSD HOUSING S- 8,consistent,resolved,2026-10-04T02:11:41+00:00
A0124,33-35 Brookline St,Cambridge,MA,,Cambridge Property Database FY2026 (waa7-ibdu),unique,1,complete,aligned,1929,consistent,16,consistent,112,consistent,>8-UNIT-APT,consistent,resolved,2026-10-04T02:11:41+00:00
A0125,227 GRAND ST,Hoboken,NJ,07030,NJOGIS Parcels & MOD-IV Composite,unique,1,complete,aligned,unknown,missing,5,consistent,4C,consistent,635,consistent,resolved,2026-10-04T02:11:41+00:00
A0127,10029 SEPULVEDA BLVD,Los Angeles,CA,91345,LA County eGIS parcels,unique,1,complete,aligned,1964,consistent,5,consistent,050C,consistent,Five or more apartments,consistent,resolved,2026-10-04T02:11:41+00:00
A0128,Harvard ST,Dorchester,MA,02124,Boston Property Assessment FY2026,unresolved_candidates,1,none,parser_failed,unknown,address_not_aligned,unknown,address_not_aligned,unknown,address_not_aligned,unknown,address_not_aligned,unknown,2026-10-04T02:11:41+00:00
A0129,526-532 MULBERRY ST,Newark,NJ,07039,NJOGIS Parcels & MOD-IV Composite,unique,1,complete,aligned,unknown,missing,1,consistent,4C,consistent,029,consistent,resolved,2026-10-04T02:11:41+00:00
A0130,554 MARKET ST,Newark,NJ,07205,NJOGIS Parcels & MOD-IV Composite,unique,1,complete,aligned,unknown,missing,1,consistent,4C,consistent,029,consistent,resolved,2026-10-04T02:11:41+00:00
A0131,43 POPLAR ST.,Jersey City,NJ,07307,NJOGIS Parcels & MOD-IV Composite,unique,1,complete,aligned,1900,consistent,unknown,missing,4C,consistent,029,consistent,resolved,2026-10-04T02:11:41+00:00
A0132,587 N 6TH ST,Newark,NJ,11205,NJOGIS Parcels & MOD-IV Composite,unique,1,complete,aligned,unknown,missing,1,consistent,4C,consistent,100,consistent,resolved,2026-10-04T02:11:41+00:00
A0133,8819 LANKERSHIM BLVD,Los Angeles,CA,91352,LA County eGIS parcels,unique,1,complete,aligned,1956,consistent,6,consistent,0500,consistent,Five or more apartments,consistent,resolved,2026-10-04T02:11:41+00:00
A0134,101 Norfolk ST,Dorchester,MA,02124,Boston Property Assessment FY2026,unresolved_candidates,1,representative_only,not_aligned,unknown,address_not_aligned,unknown,address_not_aligned,unknown,address_not_aligned,unknown,address_not_aligned,unknown,2026-10-04T02:11:41+00:00
A0136,920 HUDSON ST,Hoboken,NJ,07030,NJOGIS Parcels & MOD-IV Composite,unique,1,complete,aligned,unknown,missing,26,consistent,4C,consistent,635,consistent,resolved,2026-10-04T02:11:41+00:00
A0137,65-71 NORFLOK ST,Newark,NJ,07003,NJOGIS Parcels & MOD-IV Composite,unique,1,complete,aligned,unknown,missing,1,consistent,4C,consistent,029,consistent,resolved,2026-10-04T02:11:41+00:00
A0138,1033 E 51ST ST,Los Angeles,CA,90011,LA County eGIS parcels,unique,1,complete,aligned,1959,consistent,4,consistent,0500,consistent,Five or more apartments,consistent,resolved,2026-10-04T02:11:41+00:00
A0139,54 STUYVESANT AVE.,Jersey City,NJ,07042,NJOGIS Parcels & MOD-IV Composite,unique,1,complete,aligned,1910,consistent,5,consistent,4C,consistent,unknown,missing,resolved,2026-10-04T02:11:41+00:00
A0140,459 BEACON ST,Boston,MA,02115,Boston Property Assessment FY2026,unique,1,complete,aligned,1910,consistent,unknown,missing,A,consistent,APT 7-30 UNITS,consistent,resolved,2026-10-04T02:11:41+00:00
A0142,4615 AVALON BLVD,Los Angeles,CA,90011,LA County eGIS parcels,unique,1,complete,aligned,1957,consistent,8,consistent,0500,consistent,Five or more apartments,consistent,resolved,2026-10-04T02:11:41+00:00
A0143,75 ELM HILL AV,Dorchester,MA,02121,Boston Property Assessment FY2026,unique,1,complete,aligned,unknown,missing,unknown,missing,A,consistent,SUBSD HOUSING S- 8,consistent,resolved,2026-10-04T02:11:41+00:00
A0144,112-114 Amory ST,Roxbury,MA,02119,Boston Property Assessment FY2026,unique,1,complete,aligned,1910,consistent,unknown,missing,A,consistent,APT 7-30 UNITS,consistent,resolved,2026-10-04T02:11:41+00:00
A0145,4515 FELTON ST,San Diego,CA,92116,SANDAG/SanGIS parcels,unique,1,complete,aligned,63,consistent,8,consistent,14,consistent,unknown,missing,resolved,2026-10-04T02:11:41+00:00
A0146,93-95 HAWKINS ST,Newark,NJ,07105,NJOGIS Parcels & MOD-IV Composite,unique,1,complete,aligned,unknown,missing,1,consistent,4C,consistent,unknown,missing,resolved,2026-10-04T02:11:41+00:00
A0148,162-166 5TH ST,Newark,NJ,07105,NJOGIS Parcels & MOD-IV Composite,unresolved_candidates,1,none,parser_failed,unknown,address_not_aligned,unknown,address_not_aligned,unknown,address_not_aligned,unknown,address_not_aligned,unknown,2026-10-04T02:11:41+00:00
A0149,25 Everett ST,East Boston,MA,02128,Boston Property Assessment FY2026,unresolved_candidates,1,representative_only,aligned,unknown,candidate_set_incomplete,unknown,candidate_set_incomplete,unknown,candidate_set_incomplete,unknown,candidate_set_incomplete,unknown,2026-10-04T02:11:41+00:00
A0150,3784 E BROADWAY,San Diego,CA,92102,SANDAG/SanGIS parcels,unresolved_candidates,1,none,parser_failed,unknown,address_not_aligned,unknown,address_not_aligned,unknown,address_not_aligned,unknown,address_not_aligned,unknown,2026-10-04T02:11:41+00:00
A0151,16 Queensberry ST,Boston,MA,02215,Boston Property Assessment FY2026,unique,1,complete,aligned,1899,consistent,unknown,missing,A,consistent,APT 7-30 UNITS,consistent,resolved,2026-10-04T02:11:41+00:00
A0152,1669 SUNSET CLIFFS BLVD,San Diego,CA,92107,SANDAG/SanGIS parcels,unique,1,complete,aligned,41,consistent,12,consistent,14,consistent,unknown,missing,resolved,2026-10-04T02:11:41+00:00
A0153,366 E 55TH ST,Los Angeles,CA,90011,LA County eGIS parcels,unique,1,complete,aligned,1924,consistent,4,consistent,0500,consistent,Five or more apartments,consistent,resolved,2026-10-04T02:11:41+00:00
A0154,4568 IDAHO ST,San Diego,CA,92116,SANDAG/SanGIS parcels,unique,1,complete,aligned,60,consistent,8,consistent,14,consistent,unknown,missing,resolved,2026-10-04T02:11:41+00:00
A0155,473 Harvard ST,Dorchester,MA,02124,Boston Property Assessment FY2026,unique,1,complete,aligned,unknown,missing,unknown,missing,A,consistent,SUBSD HOUSING S- 8,consistent,resolved,2026-10-04T02:11:41+00:00
A0157,2701 RIDGE RD,Berkeley,CA,94709,Alameda County parcels,unique,1,complete,aligned,unknown,missing,12,consistent,7700,consistent,unknown,missing,resolved,2026-10-04T02:11:41+00:00
A0158,2522 HILGARD AVE,Berkeley,CA,94709,Alameda County parcels,unique,1,complete,aligned,unknown,missing,6,consistent,7700,consistent,unknown,missing,resolved,2026-10-04T02:11:41+00:00
A0159,104 SUNSET AVE,Newark,NJ,11211,NJOGIS Parcels & MOD-IV Composite,unique,1,complete,aligned,unknown,missing,1,consistent,4C,consistent,999,consistent,resolved,2026-10-04T02:11:41+00:00
A0160,86 CHARLES ST.,Jersey City,NJ,07642,NJOGIS Parcels & MOD-IV Composite,unique,1,complete,aligned,1918,consistent,unknown,missing,4C,consistent,029,consistent,resolved,2026-10-04T02:11:41+00:00
A0161,317 UNION ST.,Jersey City,NJ,07013,NJOGIS Parcels & MOD-IV Composite,unique,1,complete,aligned,1930,consistent,unknown,missing,4C,consistent,unknown,missing,resolved,2026-10-04T02:11:41+00:00
A0162,1640 N POINSETTIA PL,Los Angeles,CA,90046,LA County eGIS parcels,unique,1,complete,aligned,1987,consistent,24,consistent,0500,consistent,Five or more apartments,consistent,resolved,2026-10-04T02:11:41+00:00
A0163,233-235 SECOND ST.,Jersey City,NJ,07042,NJOGIS Parcels & MOD-IV Composite,unique,1,complete,aligned,1870,consistent,unknown,missing,4C,consistent,unknown,missing,resolved,2026-10-04T02:11:41+00:00
A0165,734 JAMAICA CT,San Diego,CA,92109,SANDAG/SanGIS parcels,unique,1,complete,aligned,58,consistent,8,consistent,14,consistent,unknown,missing,resolved,2026-10-04T02:11:41+00:00
A0166,1 Potter Pk,Cambridge,MA,,Cambridge Property Database FY2026 (waa7-ibdu),unique,1,complete,parser_failed,unknown,address_not_aligned,unknown,address_not_aligned,unknown,address_not_aligned,unknown,address_not_aligned,unknown,2026-10-04T02:11:41+00:00
A0167,4616 FLORIDA ST,San Diego,CA,92116,SANDAG/SanGIS parcels,unique,1,complete,aligned,54,consistent,20,consistent,15,consistent,unknown,missing,resolved,2026-10-04T02:11:41+00:00
A0168,600 JACKSON/601 HARRISON,Hoboken,NJ,07030,NJOGIS Parcels & MOD-IV Composite,unique,1,complete,parser_failed,unknown,address_not_aligned,unknown,address_not_aligned,unknown,address_not_aligned,unknown,address_not_aligned,unknown,2026-10-04T02:11:41+00:00
A0169,115 KILSYTH RD,Brighton,MA,02135,Boston Property Assessment FY2026,unique,1,complete,aligned,1920,consistent,unknown,missing,A,consistent,APT 7-30 UNITS,consistent,resolved,2026-10-04T02:11:41+00:00
A0170,8917 CEDROS AVE,Los Angeles,CA,91402,LA County eGIS parcels,unique,1,complete,aligned,1990,consistent,32,consistent,0500,consistent,Five or more apartments,consistent,resolved,2026-10-04T02:11:41+00:00
A0171,127 OGDEN AVE.,Jersey City,NJ,07660,NJOGIS Parcels & MOD-IV Composite,unique,1,complete,aligned,1910,consistent,unknown,missing,4C,consistent,unknown,missing,resolved,2026-10-04T02:11:41+00:00
A0172,8504 WILLIS AVE,Los Angeles,CA,91402,LA County eGIS parcels,unique,1,complete,aligned,1960,consistent,33,consistent,0500,consistent,Five or more apartments,consistent,resolved,2026-10-04T02:11:41+00:00
A0173,13180 FOOTHILL BLVD,Los Angeles,CA,91342,LA County eGIS parcels,unique,1,complete,aligned,1937,consistent,9,consistent,0500,consistent,Five or more apartments,consistent,resolved,2026-10-04T02:11:41+00:00
A0174,84 Hampshire St,Cambridge,MA,,Cambridge Property Database FY2026 (waa7-ibdu),unique,1,complete,aligned,1900,consistent,19,consistent,112,consistent,>8-UNIT-APT,consistent,resolved,2026-10-04T02:11:41+00:00
A0175,10 Dover St,Cambridge,MA,,Cambridge Property Database FY2026 (waa7-ibdu),unique,1,complete,aligned,1922,consistent,6,consistent,111,consistent,4-8-UNIT-APT,consistent,resolved,2026-10-04T02:11:41+00:00
A0176,15 Chester St,Cambridge,MA,,Cambridge Property Database FY2026 (waa7-ibdu),unresolved_candidates,1,representative_only,aligned,unknown,candidate_set_incomplete,unknown,candidate_set_incomplete,unknown,candidate_set_incomplete,unknown,candidate_set_incomplete,unknown,2026-10-04T02:11:41+00:00
A0177,166 HIGHLAND AVE.,Jersey City,NJ,11201,NJOGIS Parcels & MOD-IV Composite,unique,1,complete,aligned,1912,consistent,unknown,missing,4C,consistent,029,consistent,resolved,2026-10-04T02:11:41+00:00
A0178,5308 RIVERTON AVE,Los Angeles,CA,91601,LA County eGIS parcels,unique,1,complete,aligned,1961,consistent,7,consistent,0500,consistent,Five or more apartments,consistent,resolved,2026-10-04T02:11:41+00:00
A0179,7006 LANEWOOD AVE,Los Angeles,CA,90028,LA County eGIS parcels,unique,1,complete,aligned,1958,consistent,18,consistent,0500,consistent,Five or more apartments,consistent,resolved,2026-10-04T02:11:41+00:00
A0180,845 S KINGSLEY DR,Los Angeles,CA,90005,LA County eGIS parcels,unique,1,complete,aligned,1990,consistent,33,consistent,0500,consistent,Five or more apartments,consistent,resolved,2026-10-04T02:11:41+00:00
A0181,931 GARDEN ST,Hoboken,NJ,07030,NJOGIS Parcels & MOD-IV Composite,unique,1,complete,aligned,unknown,missing,10,consistent,4C,consistent,unknown,missing,resolved,2026-10-04T02:11:41+00:00
A0182,911-923 CLINTON ST,Hoboken,NJ,07030,NJOGIS Parcels & MOD-IV Composite,unique,1,complete,aligned,unknown,missing,unknown,missing,4C,consistent,unknown,missing,resolved,2026-10-04T02:11:41+00:00
A0183,2427 HILGARD AVE,Berkeley,CA,94709,Alameda County parcels,unique,1,complete,aligned,1924,consistent,15,consistent,7700,consistent,unknown,missing,resolved,2026-10-04T02:11:41+00:00
A0184,156 W 32ND ST,Los Angeles,CA,90007,LA County eGIS parcels,unique,1,complete,aligned,1907,consistent,16,consistent,0500,consistent,Five or more apartments,consistent,resolved,2026-10-04T02:11:41+00:00
A0185,154 TERHUNE AVE.,Jersey City,NJ,07103,NJOGIS Parcels & MOD-IV Composite,unique,1,complete,aligned,1922,consistent,unknown,missing,4C,consistent,unknown,missing,resolved,2026-10-04T02:11:41+00:00
A0186,107 BEACON AVE.,Jersey City,NJ,07306,NJOGIS Parcels & MOD-IV Composite,unique,1,complete,aligned,1,consistent,5,consistent,4C,consistent,029,consistent,resolved,2026-10-04T02:11:41+00:00
A0187,146 CARLTON AVE.,Jersey City,NJ,07423,NJOGIS Parcels & MOD-IV Composite,unique,1,complete,aligned,1925,consistent,unknown,missing,4C,consistent,unknown,missing,resolved,2026-10-04T02:11:41+00:00
A0188,2819 MCGEE AVE,Berkeley,CA,94703,Alameda County parcels,unique,1,complete,aligned,1960,consistent,7,consistent,7700,consistent,unknown,missing,resolved,2026-10-04T02:11:41+00:00
A0189,1811 CARLETON ST,Berkeley,CA,94703,Alameda County parcels,unique,1,complete,aligned,unknown,missing,6,consistent,7200,consistent,unknown,missing,resolved,2026-10-04T02:11:41+00:00
A0190,283 ADAMS ST,Newark,NJ,07105,NJOGIS Parcels & MOD-IV Composite,unique,1,complete,aligned,unknown,missing,1,consistent,4C,consistent,029,consistent,resolved,2026-10-04T02:11:41+00:00
A0191,60 Kirkland St,Cambridge,MA,,Cambridge Property Database FY2026 (waa7-ibdu),unique,1,complete,aligned,1891,consistent,6,consistent,111,consistent,4-8-UNIT-APT,consistent,resolved,2026-10-04T02:11:41+00:00
A0193,1626 BONITA AVE,Berkeley,CA,94709,Alameda County parcels,unique,1,complete,aligned,1961,consistent,6,consistent,7700,consistent,unknown,missing,resolved,2026-10-04T02:11:41+00:00
A0194,72 Burbank ST,Boston,MA,02115,Boston Property Assessment FY2026,unique,1,complete,aligned,2022,consistent,unknown,missing,A,consistent,SUBSD HOUSING S- 8,consistent,resolved,2026-10-04T02:11:41+00:00
A0195,1850-1848 COMMONWEALTH AV,Brighton,MA,02135,Boston Property Assessment FY2026,unique,1,complete,not_aligned,unknown,address_not_aligned,unknown,address_not_aligned,unknown,address_not_aligned,unknown,address_not_aligned,unknown,2026-10-04T02:11:41+00:00
A0196,16915 BLACKHAWK ST,Los Angeles,CA,91344,LA County eGIS parcels,unique,1,complete,aligned,1962,consistent,30,consistent,0501,consistent,Five or more apartments,consistent,resolved,2026-10-04T02:11:41+00:00
A0197,1611 62ND ST,Berkeley,CA,94703,Alameda County parcels,unique,1,complete,aligned,unknown,missing,7,consistent,7200,consistent,unknown,missing,resolved,2026-10-04T02:11:41+00:00
A0198,194 Havre ST,East Boston,MA,02128,Boston Property Assessment FY2026,unique,1,complete,aligned,2019,consistent,unknown,missing,A,consistent,APT 7-30 UNITS,consistent,resolved,2026-10-04T02:11:41+00:00
A0199,42 Bay State Rd,Cambridge,MA,,Cambridge Property Database FY2026 (waa7-ibdu),unique,1,complete,aligned,2012,consistent,5,consistent,111,consistent,4-8-UNIT-APT,consistent,resolved,2026-10-04T02:11:41+00:00
A0200,1853 N HIGHLAND AVE,Los Angeles,CA,90028,LA County eGIS parcels,unique,1,complete,aligned,0000,consistent,1,consistent,0500,consistent,Five or more apartments,consistent,resolved,2026-10-04T02:11:41+00:00
A0201,2737 BENVENUE AVE,Berkeley,CA,94705,Alameda County parcels,unique,1,complete,aligned,1908,consistent,9,consistent,7700,consistent,unknown,missing,resolved,2026-10-04T02:11:41+00:00
A0203,2986-2930 Washington ST,Roxbury,MA,02119,Boston Property Assessment FY2026,unique,1,complete,not_aligned,unknown,address_not_aligned,unknown,address_not_aligned,unknown,address_not_aligned,unknown,address_not_aligned,unknown,2026-10-04T02:11:41+00:00
A0204,202-208 6TH AVE W,Newark,NJ,08736,NJOGIS Parcels & MOD-IV Composite,unique,1,complete,aligned,unknown,missing,1,consistent,4C,consistent,029,consistent,resolved,2026-10-04T02:11:41+00:00
A0205,2425 GRANT ST,Berkeley,CA,94703,Alameda County parcels,unique,1,complete,aligned,1962,consistent,10,consistent,7700,consistent,unknown,missing,resolved,2026-10-04T02:11:41+00:00
A0207,705 W 23RD ST,Los Angeles,CA,90007,LA County eGIS parcels,unique,1,complete,aligned,1901,consistent,10,consistent,0500,consistent,Five or more apartments,consistent,resolved,2026-10-04T02:11:41+00:00
A0208,126 ADAMS ST,Hoboken,NJ,07604,NJOGIS Parcels & MOD-IV Composite,unique,1,complete,aligned,unknown,missing,8,consistent,4C,consistent,unknown,missing,resolved,2026-10-04T02:11:41+00:00
A0209,19 Trowbridge St,Cambridge,MA,,Cambridge Property Database FY2026 (waa7-ibdu),unique,1,complete,aligned,1910,consistent,6,consistent,111,consistent,4-8-UNIT-APT,consistent,resolved,2026-10-04T02:11:41+00:00
A0210,1432 N CURSON AVE,Los Angeles,CA,90046,LA County eGIS parcels,unique,1,complete,aligned,2016,consistent,9,consistent,0500,consistent,Five or more apartments,consistent,resolved,2026-10-04T02:11:41+00:00
A0211,499 BEACON ST,Boston,MA,02215,Boston Property Assessment FY2026,unique,1,complete,aligned,1899,consistent,unknown,missing,A,consistent,APT 7-30 UNITS,consistent,resolved,2026-10-04T02:11:41+00:00
A0213,11649 ACAMA ST,Los Angeles,CA,91604,LA County eGIS parcels,unique,1,complete,aligned,1986,consistent,7,consistent,0500,consistent,Five or more apartments,consistent,resolved,2026-10-04T02:11:41+00:00
A0214,358 Harvard St,Cambridge,MA,,Cambridge Property Database FY2026 (waa7-ibdu),unique,1,complete,aligned,1900,consistent,6,consistent,111,consistent,4-8-UNIT-APT,consistent,resolved,2026-10-04T02:11:41+00:00
A0216,2309 HASTE ST,Berkeley,CA,94704,Alameda County parcels,unique,1,complete,aligned,unknown,missing,8,consistent,7700,consistent,unknown,missing,resolved,2026-10-04T02:11:41+00:00
A0217,170-172 Maverick ST,East Boston,MA,02128,Boston Property Assessment FY2026,unique,1,complete,aligned,2011,consistent,unknown,missing,A,consistent,SUBSD HOUSING S- 8,consistent,resolved,2026-10-04T02:11:41+00:00
A0218,15 Richdale Ave,Cambridge,MA,,Cambridge Property Database FY2026 (waa7-ibdu),unique,1,complete,aligned,1910,consistent,46,consistent,112,consistent,>8-UNIT-APT,consistent,resolved,2026-10-04T02:11:41+00:00
A0219,3735 32ND ST,San Diego,CA,92104,SANDAG/SanGIS parcels,unique,1,complete,aligned,71,consistent,8,consistent,14,consistent,unknown,missing,resolved,2026-10-04T02:11:41+00:00
A0220,21-23 Faulkner ST,Dorchester,MA,02122,Boston Property Assessment FY2026,unique,1,complete,aligned,1900,consistent,unknown,missing,A,consistent,SUBSD HOUSING S- 8,consistent,resolved,2026-10-04T02:11:41+00:00
A0221,191 Park DR,Boston,MA,02215,Boston Property Assessment FY2026,unresolved_candidates,1,representative_only,not_aligned,unknown,address_not_aligned,unknown,address_not_aligned,unknown,address_not_aligned,unknown,address_not_aligned,unknown,2026-10-04T02:11:41+00:00
A0223,504 COURT ST,Hoboken,NJ,07030,NJOGIS Parcels & MOD-IV Composite,unresolved_candidates,1,representative_only,not_aligned,unknown,address_not_aligned,unknown,address_not_aligned,unknown,address_not_aligned,unknown,address_not_aligned,unknown,2026-10-04T02:11:41+00:00
A0224,8727 TOBIAS AVE,Los Angeles,CA,91402,LA County eGIS parcels,unique,1,complete,aligned,1960,consistent,13,consistent,0500,consistent,Five or more apartments,consistent,resolved,2026-10-04T02:11:41+00:00
A0226,663 MASSACHUSETTS AV,Boston,MA,02118,Boston Property Assessment FY2026,unique,1,complete,aligned,1905,consistent,unknown,missing,A,consistent,SUBSD HOUSING S- 8,consistent,resolved,2026-10-04T02:11:41+00:00
A0227,1401 HUDSON ST,Hoboken,NJ,07030,NJOGIS Parcels & MOD-IV Composite,unique,1,complete,aligned,2010,consistent,93,consistent,4C,consistent,unknown,missing,resolved,2026-10-04T02:11:41+00:00
A0230,85 Hancock St,Cambridge,MA,,Cambridge Property Database FY2026 (waa7-ibdu),unique,1,complete,aligned,1996,consistent,18,consistent,112,consistent,>8-UNIT-APT,consistent,resolved,2026-10-04T02:11:41+00:00
A0232,189 Third St,Cambridge,MA,,Cambridge Property Database FY2026 (waa7-ibdu),unique,1,complete,aligned,1900,consistent,6,consistent,111,consistent,4-8-UNIT-APT,consistent,resolved,2026-10-04T02:11:41+00:00
A0233,30 MEDFIELD ST,Boston,MA,02215,Boston Property Assessment FY2026,unique,1,complete,aligned,1920,consistent,unknown,missing,A,consistent,APT 7-30 UNITS,consistent,resolved,2026-10-04T02:11:41+00:00
A0234,2212 BLAKE ST,Berkeley,CA,94704,Alameda County parcels,unique,1,complete,aligned,unknown,missing,13,consistent,7700,consistent,unknown,missing,resolved,2026-10-04T02:11:41+00:00
A0235,6736 SELMA AVE,Los Angeles,CA,90028,LA County eGIS parcels,unique,1,complete,aligned,unknown,missing,unknown,missing,050V,consistent,Five or more apartments,consistent,resolved,2026-10-04T02:11:41+00:00
A0238,15256 ACRE ST,Los Angeles,CA,91343,LA County eGIS parcels,unique,1,complete,aligned,1957,consistent,6,consistent,0500,consistent,Five or more apartments,consistent,resolved,2026-10-04T02:11:41+00:00
A0239,1476 UNIVERSITY AVE,Berkeley,CA,94702,Alameda County parcels,unique,1,complete,aligned,unknown,missing,18,consistent,7700,consistent,unknown,missing,resolved,2026-10-04T02:11:41+00:00
A0240,4135 38TH ST,San Diego,CA,92105,SANDAG/SanGIS parcels,unique,1,complete,aligned,79,consistent,7,consistent,14,consistent,unknown,missing,resolved,2026-10-04T02:11:41+00:00
A0241,913 GARDEN ST,Hoboken,NJ,07030,NJOGIS Parcels & MOD-IV Composite,unique,1,complete,aligned,unknown,missing,14,consistent,4C,consistent,unknown,missing,resolved,2026-10-04T02:11:41+00:00
A0242,85-87 SIERRA RD,Hyde Park,MA,02136,Boston Property Assessment FY2026,unique,1,complete,aligned,1960,consistent,unknown,missing,A,consistent,APT 7-30 UNITS,consistent,resolved,2026-10-04T02:11:41+00:00
A0243,664 OCEAN AVE.,Jersey City,NJ,07305,NJOGIS Parcels & MOD-IV Composite,unique,1,complete,aligned,1910,consistent,4,consistent,4C,consistent,unknown,missing,resolved,2026-10-04T02:11:41+00:00
A0244,1126 HUDSON ST,Hoboken,NJ,07030,NJOGIS Parcels & MOD-IV Composite,unique,1,complete,aligned,unknown,missing,12,consistent,4C,consistent,unknown,missing,resolved,2026-10-04T02:11:41+00:00
A0245,30 WEST HOWELL ST M-D,Dorchester,MA,02125,Boston Property Assessment FY2026,unique,1,complete,aligned,2018,consistent,unknown,missing,A,consistent,LUXURY APARTMENT,consistent,resolved,2026-10-04T02:11:41+00:00
A0246,4386 COPELAND AVE,San Diego,CA,92105,SANDAG/SanGIS parcels,unique,1,complete,aligned,57,consistent,8,consistent,14,consistent,unknown,missing,resolved,2026-10-04T02:11:41+00:00
A0247,4957 CAPE MAY AVE,San Diego,CA,92107,SANDAG/SanGIS parcels,unique,1,complete,aligned,72,consistent,10,consistent,14,consistent,unknown,missing,resolved,2026-10-04T02:11:41+00:00
A0248,941 S KENMORE AVE,Los Angeles,CA,90006,LA County eGIS parcels,unique,1,complete,aligned,1923,consistent,24,consistent,0500,consistent,Five or more apartments,consistent,resolved,2026-10-04T02:11:41+00:00
A0249,498-500 HAWTHORNE AVE,Newark,NJ,10013,NJOGIS Parcels & MOD-IV Composite,unique,1,complete,aligned,unknown,missing,1,consistent,4C,consistent,029,consistent,resolved,2026-10-04T02:11:41+00:00
A0250,211 BALDWIN AVE.,Jersey City,NJ,07002,NJOGIS Parcels & MOD-IV Composite,unique,1,complete,aligned,unknown,missing,unknown,missing,4C,consistent,unknown,missing,resolved,2026-10-04T02:11:41+00:00
A0251,4663 33RD ST,San Diego,CA,92116,SANDAG/SanGIS parcels,unresolved_candidates,1,representative_only,aligned,unknown,candidate_set_incomplete,unknown,candidate_set_incomplete,unknown,candidate_set_incomplete,unknown,candidate_set_incomplete,unknown,2026-10-04T02:11:41+00:00
A0252,15514 CHASE ST,Los Angeles,CA,91343,LA County eGIS parcels,unique,1,complete,aligned,1984,consistent,6,consistent,0500,consistent,Five or more apartments,consistent,resolved,2026-10-04T02:11:41+00:00
A0254,805 WASHINGTON ST,Hoboken,NJ,07030,NJOGIS Parcels & MOD-IV Composite,unique,1,complete,aligned,unknown,missing,9,consistent,4C,consistent,unknown,missing,resolved,2026-10-04T02:11:41+00:00
A0255,851 E 51ST ST,Los Angeles,CA,90011,LA County eGIS parcels,unique,1,complete,aligned,1923,consistent,2,consistent,0500,consistent,Five or more apartments,consistent,resolved,2026-10-04T02:11:41+00:00
A0256,327 JACKSON ST,Hoboken,NJ,07017,NJOGIS Parcels & MOD-IV Composite,unique,1,complete,aligned,unknown,missing,20,consistent,4C,consistent,738,consistent,resolved,2026-10-04T02:11:41+00:00
A0258,471 COLUMBIA RD,Dorchester,MA,02125,Boston Property Assessment FY2026,unique,1,complete,aligned,1930,consistent,unknown,missing,A,consistent,SUBSD HOUSING S- 8,consistent,resolved,2026-10-04T02:11:41+00:00
A0260,2479 LE CONTE AVE,Berkeley,CA,94709,Alameda County parcels,unique,1,complete,aligned,unknown,missing,10,consistent,7700,consistent,unknown,missing,resolved,2026-10-04T02:11:41+00:00
A0261,525 ADAMS ST,Hoboken,NJ,07030,NJOGIS Parcels & MOD-IV Composite,unique,1,complete,aligned,unknown,missing,10,consistent,4C,consistent,unknown,missing,resolved,2026-10-04T02:11:41+00:00
A0262,2924 E JUNIPER ST,San Diego,CA,92104,SANDAG/SanGIS parcels,unresolved_candidates,1,none,parser_failed,unknown,address_not_aligned,unknown,address_not_aligned,unknown,address_not_aligned,unknown,address_not_aligned,unknown,2026-10-04T02:11:41+00:00
A0263,1636 M L KING JR WAY,Berkeley,CA,94709,Alameda County parcels,unique,1,complete,aligned,unknown,missing,14,consistent,7700,consistent,unknown,missing,resolved,2026-10-04T02:11:41+00:00
A0264,583-589 ELIZABETH AVE,Newark,NJ,11516,NJOGIS Parcels & MOD-IV Composite,unique,1,complete,aligned,unknown,missing,1,consistent,4C,consistent,021,consistent,resolved,2026-10-04T02:11:41+00:00
A0265,102 BALDWIN AVE.,Jersey City,NJ,07306,NJOGIS Parcels & MOD-IV Composite,unique,1,complete,aligned,1912,consistent,unknown,missing,4C,consistent,unknown,missing,resolved,2026-10-04T02:11:41+00:00
A0266,52 BRIGHT ST.,Jersey City,NJ,10016,NJOGIS Parcels & MOD-IV Composite,unique,1,complete,aligned,unknown,missing,unknown,missing,4C,consistent,unknown,missing,resolved,2026-10-04T02:11:41+00:00
A0267,1314 N VAN NESS AVE,Los Angeles,CA,90028,LA County eGIS parcels,unique,1,complete,aligned,unknown,missing,unknown,missing,050V,consistent,Five or more apartments,consistent,resolved,2026-10-04T02:11:41+00:00
A0269,1015 CLINTON ST,Hoboken,NJ,10003,NJOGIS Parcels & MOD-IV Composite,unique,1,complete,aligned,unknown,missing,14,consistent,4C,consistent,unknown,missing,resolved,2026-10-04T02:11:41+00:00
A0270,29 CONCORD ST,Jersey City,NJ,07306,NJOGIS Parcels & MOD-IV Composite,unique,1,complete,aligned,1890,consistent,unknown,missing,4C,consistent,unknown,missing,resolved,2026-10-04T02:11:41+00:00
A0272,5 Everett St,Cambridge,MA,,Cambridge Property Database FY2026 (waa7-ibdu),unique,1,complete,aligned,1890,consistent,6,consistent,111,consistent,4-8-UNIT-APT,consistent,resolved,2026-10-04T02:11:41+00:00
A0273,3911 CENTRE ST,San Diego,CA,92103,SANDAG/SanGIS parcels,unique,1,complete,aligned,10,consistent,10,consistent,14,consistent,unknown,missing,resolved,2026-10-04T02:11:41+00:00
A0274,7072 EASTMAN ST,San Diego,CA,92111,SANDAG/SanGIS parcels,unique,1,complete,aligned,41,consistent,6,consistent,14,consistent,unknown,missing,resolved,2026-10-04T02:11:41+00:00
A0275,4091 MORRELL ST,San Diego,CA,92109,SANDAG/SanGIS parcels,unique,1,complete,aligned,70,consistent,7,consistent,14,consistent,unknown,missing,resolved,2026-10-04T02:11:41+00:00
A0276,4361 ILLINOIS ST,San Diego,CA,92104,SANDAG/SanGIS parcels,unique,1,complete,aligned,60,consistent,6,consistent,14,consistent,unknown,missing,resolved,2026-10-04T02:11:41+00:00
A0277,2736 GRANT ST,Berkeley,CA,94703,Alameda County parcels,unique,1,complete,aligned,unknown,missing,8,consistent,7700,consistent,unknown,missing,resolved,2026-10-04T02:11:41+00:00
A0279,90 KENSINGTON AVE.,Jersey City,NJ,07302,NJOGIS Parcels & MOD-IV Composite,unique,1,complete,aligned,1925,consistent,unknown,missing,4C,consistent,unknown,missing,resolved,2026-10-04T02:11:41+00:00
A0281,1725 N GOWER ST,Los Angeles,CA,90028,LA County eGIS parcels,unique,1,complete,aligned,1946,consistent,20,consistent,0500,consistent,Five or more apartments,consistent,resolved,2026-10-04T02:11:41+00:00
A0282,2240 10TH ST,Berkeley,CA,94710,Alameda County parcels,unique,1,complete,aligned,1947,consistent,9,consistent,7700,consistent,unknown,missing,resolved,2026-10-04T02:11:41+00:00
A0284,345 Columbia St,Cambridge,MA,,Cambridge Property Database FY2026 (waa7-ibdu),unique,1,complete,aligned,1920,consistent,9,consistent,112,consistent,>8-UNIT-APT,consistent,resolved,2026-10-04T02:11:41+00:00
A0285,5255 HARMONY AVE,Los Angeles,CA,91601,LA County eGIS parcels,unique,1,complete,aligned,0000,consistent,8,consistent,0500,consistent,Five or more apartments,consistent,resolved,2026-10-04T02:11:41+00:00
A0286,27 Irving Ter,Cambridge,MA,,Cambridge Property Database FY2026 (waa7-ibdu),unique,1,complete,aligned,1925,consistent,29,consistent,112,consistent,>8-UNIT-APT,consistent,resolved,2026-10-04T02:11:41+00:00
A0287,404 GRAND ST,Hoboken,NJ,07075,NJOGIS Parcels & MOD-IV Composite,unique,1,complete,aligned,unknown,missing,7,consistent,4C,consistent,unknown,missing,resolved,2026-10-04T02:11:41+00:00
A0288,75 CLENDENNY AVE.,Jersey City,NJ,11211,NJOGIS Parcels & MOD-IV Composite,unique,1,complete,aligned,unknown,missing,unknown,missing,4C,consistent,029,consistent,resolved,2026-10-04T02:11:41+00:00
A0289,1741 M L KING JR WAY,Berkeley,CA,94709,Alameda County parcels,unique,1,complete,aligned,unknown,missing,14,consistent,7700,consistent,unknown,missing,resolved,2026-10-04T02:11:41+00:00
A0290,21 Forest St,Cambridge,MA,,Cambridge Property Database FY2026 (waa7-ibdu),unique,1,complete,aligned,1880,consistent,10,consistent,112,consistent,>8-UNIT-APT,consistent,resolved,2026-10-04T02:11:41+00:00
A0291,165 Cambridgepark Dr,Cambridge,MA,,Cambridge Property Database FY2026 (waa7-ibdu),unique,1,complete,aligned,2014,consistent,244,consistent,112,consistent,>8-UNIT-APT,consistent,resolved,2026-10-04T02:11:41+00:00
A0292,24 Berkshire St,Cambridge,MA,,Cambridge Property Database FY2026 (waa7-ibdu),unique,1,complete,aligned,2019,consistent,6,consistent,111,consistent,4-8-UNIT-APT,consistent,resolved,2026-10-04T02:11:41+00:00
A0294,178 Richdale Ave,Cambridge,MA,,Cambridge Property Database FY2026 (waa7-ibdu),unique,1,complete,aligned,1920,consistent,6,consistent,111,consistent,4-8-UNIT-APT,consistent,resolved,2026-10-04T02:11:41+00:00
A0295,Harvard ST LOT 2A-13,Dorchester,MA,02124,Boston Property Assessment FY2026,unresolved_candidates,1,none,parser_failed,unknown,address_not_aligned,unknown,address_not_aligned,unknown,address_not_aligned,unknown,address_not_aligned,unknown,2026-10-04T02:11:41+00:00
A0296,83-85 MCWHORTER ST,Newark,NJ,07105,NJOGIS Parcels & MOD-IV Composite,unique,1,complete,aligned,unknown,missing,1,consistent,4C,consistent,029,consistent,resolved,2026-10-04T02:11:41+00:00
A0297,211-213 SUMMER AVE,Newark,NJ,11205,NJOGIS Parcels & MOD-IV Composite,unique,1,complete,aligned,unknown,missing,1,consistent,4C,consistent,021,consistent,resolved,2026-10-04T02:11:41+00:00
A0298,361 Washington St,Cambridge,MA,,Cambridge Property Database FY2026 (waa7-ibdu),unique,1,complete,aligned,1900,consistent,6,consistent,111,consistent,4-8-UNIT-APT,consistent,resolved,2026-10-04T02:11:41+00:00
A0299,1037 WASHINGTON ST,Hoboken,NJ,10994,NJOGIS Parcels & MOD-IV Composite,unique,1,complete,aligned,unknown,missing,8,consistent,4C,consistent,unknown,missing,resolved,2026-10-04T02:11:41+00:00
A0300,36 Trowbridge St,Cambridge,MA,,Cambridge Property Database FY2026 (waa7-ibdu),unique,1,complete,aligned,1920,consistent,5,consistent,111,consistent,4-8-UNIT-APT,consistent,resolved,2026-10-04T02:11:41+00:00
A0301,165 Hampshire St,Cambridge,MA,,Cambridge Property Database FY2026 (waa7-ibdu),unique,1,complete,aligned,1905,consistent,6,consistent,111,consistent,4-8-UNIT-APT,consistent,resolved,2026-10-04T02:11:41+00:00
A0302,4-6 Clinton St,Cambridge,MA,,Cambridge Property Database FY2026 (waa7-ibdu),unique,1,complete,aligned,1900,consistent,8,consistent,111,consistent,4-8-UNIT-APT,consistent,resolved,2026-10-04T02:11:41+00:00
A0303,188 E 35TH ST,Los Angeles,CA,90011,LA County eGIS parcels,unique,1,complete,aligned,1909,consistent,10,consistent,0500,consistent,Five or more apartments,consistent,resolved,2026-10-04T02:11:41+00:00
A0304,4541 HAMILTON ST,San Diego,CA,92116,SANDAG/SanGIS parcels,unique,1,complete,aligned,52,consistent,7,consistent,14,consistent,unknown,missing,resolved,2026-10-04T02:11:41+00:00
A0306,335A Harvard St,Cambridge,MA,,Cambridge Property Database FY2026 (waa7-ibdu),unresolved_candidates,1,none,parser_failed,unknown,address_not_aligned,unknown,address_not_aligned,unknown,address_not_aligned,unknown,address_not_aligned,unknown,2026-10-04T02:11:41+00:00
A0307,294-296 VAN BUREN ST,Newark,NJ,07512,NJOGIS Parcels & MOD-IV Composite,unique,1,complete,aligned,unknown,missing,1,consistent,4C,consistent,029,consistent,resolved,2026-10-04T02:11:41+00:00
A0308,1032 HUDSON ST,Hoboken,NJ,07024,NJOGIS Parcels & MOD-IV Composite,unique,1,complete,aligned,unknown,missing,11,consistent,4C,consistent,unknown,missing,resolved,2026-10-04T02:11:41+00:00
A0309,1706 N STANLEY AVE,Los Angeles,CA,90046,LA County eGIS parcels,unique,1,complete,aligned,1951,consistent,6,consistent,0500,consistent,Five or more apartments,consistent,resolved,2026-10-04T02:11:41+00:00
A0310,53-55 Ashford ST,Allston,MA,02134,Boston Property Assessment FY2026,unique,1,complete,aligned,1900,consistent,unknown,missing,A,consistent,APT 7-30 UNITS,consistent,resolved,2026-10-04T02:11:41+00:00
A0311,38-38- SOMME ST,Newark,NJ,07032,NJOGIS Parcels & MOD-IV Composite,unresolved_candidates,1,none,parser_failed,unknown,address_not_aligned,unknown,address_not_aligned,unknown,address_not_aligned,unknown,address_not_aligned,unknown,2026-10-04T02:11:41+00:00
A0312,25 ORLANDO ST,Mattapan,MA,02126,Boston Property Assessment FY2026,unique,1,complete,aligned,1965,consistent,unknown,missing,A,consistent,SUBSD HOUSING S- 8,consistent,resolved,2026-10-04T02:11:41+00:00
A0313,317-319 W RUNYON ST,Newark,NJ,11205,NJOGIS Parcels & MOD-IV Composite,unique,1,complete,aligned,unknown,missing,1,consistent,4C,consistent,999,consistent,resolved,2026-10-04T02:11:41+00:00
A0314,6640 LELAND WAY,Los Angeles,CA,90028,LA County eGIS parcels,unique,1,complete,aligned,1919,consistent,7,consistent,0500,consistent,Five or more apartments,consistent,resolved,2026-10-04T02:11:41+00:00
A0315,5233 CARTWRIGHT AVE,Los Angeles,CA,91601,LA County eGIS parcels,unique,1,complete,aligned,1990,consistent,8,consistent,0500,consistent,Five or more apartments,consistent,resolved,2026-10-04T02:11:41+00:00
A0316,3978 FLORIDA ST,San Diego,CA,92104,SANDAG/SanGIS parcels,unique,1,complete,aligned,31,consistent,8,consistent,14,consistent,unknown,missing,resolved,2026-10-04T02:11:41+00:00
A0317,2233 CHANNING WAY,Berkeley,CA,94704,Alameda County parcels,unique,1,complete,aligned,1958,consistent,13,consistent,7700,consistent,unknown,missing,resolved,2026-10-04T02:11:41+00:00
A0318,2041 FRANCISCO ST,Berkeley,CA,94709,Alameda County parcels,unique,1,complete,aligned,unknown,missing,21,consistent,7700,consistent,unknown,missing,resolved,2026-10-04T02:11:41+00:00
A0319,2315 GRANT ST,Berkeley,CA,94703,Alameda County parcels,unique,1,complete,aligned,unknown,missing,8,consistent,7700,consistent,unknown,missing,resolved,2026-10-04T02:11:41+00:00
A0320,408 MADISON ST,Hoboken,NJ,07030,NJOGIS Parcels & MOD-IV Composite,unique,1,complete,aligned,unknown,missing,6,consistent,4C,consistent,unknown,missing,resolved,2026-10-04T02:11:41+00:00
A0321,200 NUNDA AVE.,Jersey City,NJ,07306,NJOGIS Parcels & MOD-IV Composite,unique,1,complete,aligned,1,consistent,unknown,missing,4C,consistent,unknown,missing,resolved,2026-10-04T02:11:41+00:00
A0322,227 CYPRESS DR,San Ysidro,CA,92173,SANDAG/SanGIS parcels,unique,1,complete,aligned,79,consistent,31,consistent,15,consistent,unknown,missing,resolved,2026-10-04T02:11:41+00:00
A0323,4627 COMPTON AVE,Los Angeles,CA,90011,LA County eGIS parcels,unique,1,complete,aligned,1907,consistent,2,consistent,0500,consistent,Five or more apartments,consistent,resolved,2026-10-04T02:11:41+00:00
A0325,38A GAUTIER AVE.,Jersey City,NJ,07302,NJOGIS Parcels & MOD-IV Composite,unresolved_candidates,1,none,parser_failed,unknown,address_not_aligned,unknown,address_not_aligned,unknown,address_not_aligned,unknown,address_not_aligned,unknown,2026-10-04T02:11:41+00:00
A0326,46 JEFFERSON ST,Newark,NJ,07105,NJOGIS Parcels & MOD-IV Composite,unique,1,complete,aligned,unknown,missing,1,consistent,4C,consistent,101,consistent,resolved,2026-10-04T02:11:41+00:00
A0327,1605 N MARTEL AVE,Los Angeles,CA,90046,LA County eGIS parcels,unique,1,complete,aligned,1954,consistent,36,consistent,0501,consistent,Five or more apartments,consistent,resolved,2026-10-04T02:11:41+00:00
A0329,51 MADISON ST,Newark,NJ,07105,NJOGIS Parcels & MOD-IV Composite,unique,1,complete,aligned,unknown,missing,1,consistent,4C,consistent,unknown,missing,resolved,2026-10-04T02:11:41+00:00
A0330,5229 WILLOWCREST AVE,Los Angeles,CA,91601,LA County eGIS parcels,unique,1,complete,aligned,2018,consistent,24,consistent,0500,consistent,Five or more apartments,consistent,resolved,2026-10-04T02:11:41+00:00
A0331,342-344 IRVINE TURNER BLV,Newark,NJ,11219,NJOGIS Parcels & MOD-IV Composite,unique,1,complete,parser_failed,unknown,address_not_aligned,unknown,address_not_aligned,unknown,address_not_aligned,unknown,address_not_aligned,unknown,2026-10-04T02:11:41+00:00
A0332,26 SONOMA ST,Dorchester,MA,02121,Boston Property Assessment FY2026,unique,1,complete,aligned,unknown,missing,unknown,missing,A,consistent,SUBSD HOUSING S- 8,consistent,resolved,2026-10-04T02:11:41+00:00
A0333,3752 33RD ST,San Diego,CA,92104,SANDAG/SanGIS parcels,unresolved_candidates,1,representative_only,aligned,unknown,candidate_set_incomplete,unknown,candidate_set_incomplete,unknown,candidate_set_incomplete,unknown,candidate_set_incomplete,unknown,2026-10-04T02:11:41+00:00
A0334,2025 FRANCISCO ST,Berkeley,CA,94709,Alameda County parcels,unique,1,complete,aligned,unknown,missing,9,consistent,7700,consistent,unknown,missing,resolved,2026-10-04T02:11:41+00:00
A0336,151 North First St,Cambridge,MA,,Cambridge Property Database FY2026 (waa7-ibdu),unresolved_candidates,1,representative_only,aligned,unknown,candidate_set_incomplete,unknown,candidate_set_incomplete,unknown,candidate_set_incomplete,unknown,candidate_set_incomplete,unknown,2026-10-04T02:11:41+00:00
A0337,66 MONROE ST,Newark,NJ,07032,NJOGIS Parcels & MOD-IV Composite,unique,1,complete,aligned,unknown,missing,1,consistent,4C,consistent,100,consistent,resolved,2026-10-04T02:11:41+00:00
A0338,521-523 S 17TH,Newark,NJ,07417,NJOGIS Parcels & MOD-IV Composite,unresolved_candidates,1,representative_only,parser_failed,unknown,address_not_aligned,unknown,address_not_aligned,unknown,address_not_aligned,unknown,address_not_aligned,unknown,2026-10-04T02:11:41+00:00
A0339,124 Berkshire St,Cambridge,MA,,Cambridge Property Database FY2026 (waa7-ibdu),unique,1,complete,aligned,1920,consistent,8,consistent,111,consistent,4-8-UNIT-APT,consistent,resolved,2026-10-04T02:11:41+00:00
A0340,14735 ROSCOE BLVD,Los Angeles,CA,91402,LA County eGIS parcels,unique,1,complete,aligned,1959,consistent,50,consistent,0500,consistent,Five or more apartments,consistent,resolved,2026-10-04T02:11:41+00:00
A0341,4225 50TH ST,San Diego,CA,92115,SANDAG/SanGIS parcels,unique,1,complete,aligned,40,consistent,6,consistent,14,consistent,unknown,missing,resolved,2026-10-04T02:11:41+00:00
A0342,49 Roseland St,Cambridge,MA,,Cambridge Property Database FY2026 (waa7-ibdu),unique,1,complete,aligned,1910,consistent,6,consistent,111,consistent,4-8-UNIT-APT,consistent,resolved,2026-10-04T02:11:41+00:00
A0343,408-410 5TH ST,Newark,NJ,10997,NJOGIS Parcels & MOD-IV Composite,unresolved_candidates,1,representative_only,not_aligned,unknown,address_not_aligned,unknown,address_not_aligned,unknown,address_not_aligned,unknown,address_not_aligned,unknown,2026-10-04T02:11:41+00:00
A0344,238 & 242 GARFIELD AVE.,Jersey City,NJ,07304,NJOGIS Parcels & MOD-IV Composite,unique,1,complete,aligned,1928,consistent,unknown,missing,4C,consistent,029,consistent,resolved,2026-10-04T02:11:41+00:00
A0345,153 W VERNON AVE,Los Angeles,CA,90037,LA County eGIS parcels,unique,1,complete,aligned,1921,consistent,5,consistent,0500,consistent,Five or more apartments,consistent,resolved,2026-10-04T02:11:41+00:00
A0346,AUBURN DR,San Diego,CA,92105,SANDAG/SanGIS parcels,unresolved_candidates,1,representative_only,parser_failed,unknown,address_not_aligned,unknown,address_not_aligned,unknown,address_not_aligned,unknown,address_not_aligned,unknown,2026-10-04T02:11:41+00:00
A0347,2142 2ND AVE,San Diego,CA,92101,SANDAG/SanGIS parcels,unique,1,complete,aligned,25,consistent,9,consistent,14,consistent,unknown,missing,resolved,2026-10-04T02:11:41+00:00
A0348,229 CLINTON ST,Hoboken,NJ,08755,NJOGIS Parcels & MOD-IV Composite,unique,1,complete,aligned,unknown,missing,7,consistent,4C,consistent,unknown,missing,resolved,2026-10-04T02:11:41+00:00
A0349,2400 DANA ST,Berkeley,CA,94704,Alameda County parcels,unique,1,complete,aligned,unknown,missing,6,consistent,7700,consistent,unknown,missing,resolved,2026-10-04T02:11:41+00:00
A0350,1051 WEST SIDE AVE.,Jersey City,NJ,07446,NJOGIS Parcels & MOD-IV Composite,unique,1,complete,aligned,1900,consistent,unknown,missing,4C,consistent,unknown,missing,resolved,2026-10-04T02:11:41+00:00
A0352,40-42 MT PROSPECT AVE,Newark,NJ,07083,NJOGIS Parcels & MOD-IV Composite,unique,1,complete,aligned,1900,consistent,1,consistent,4C,consistent,029,consistent,resolved,2026-10-04T02:11:41+00:00
A0353,1044 E JEFFERSON BLVD,Los Angeles,CA,90011,LA County eGIS parcels,unresolved_candidates,1,representative_only,aligned,unknown,candidate_set_incomplete,unknown,candidate_set_incomplete,unknown,candidate_set_incomplete,unknown,candidate_set_incomplete,unknown,2026-10-04T02:11:41+00:00
A0354,73 LUBEC ST,East Boston,MA,02128,Boston Property Assessment FY2026,unique,1,complete,aligned,1899,consistent,unknown,missing,A,consistent,APT 7-30 UNITS,consistent,resolved,2026-10-04T02:11:41+00:00
A0355,10701 AMESTOY AVE,Los Angeles,CA,91344,LA County eGIS parcels,unique,1,complete,aligned,1986,consistent,7,consistent,0500,consistent,Five or more apartments,consistent,resolved,2026-10-04T02:11:41+00:00
A0356,16 Brainerd RD,Allston,MA,02134,Boston Property Assessment FY2026,unique,1,complete,aligned,1930,consistent,unknown,missing,A,consistent,APT 7-30 UNITS,consistent,resolved,2026-10-04T02:11:41+00:00
A0358,717 N 6TH ST,Newark,NJ,07110,NJOGIS Parcels & MOD-IV Composite,unresolved_candidates,1,representative_only,aligned,unknown,candidate_set_incomplete,unknown,candidate_set_incomplete,unknown,candidate_set_incomplete,unknown,candidate_set_incomplete,unknown,2026-10-04T02:11:41+00:00
A0359,925 PARK AVE,Hoboken,NJ,07306,NJOGIS Parcels & MOD-IV Composite,unique,1,complete,aligned,unknown,missing,10,consistent,4C,consistent,unknown,missing,resolved,2026-10-04T02:11:41+00:00
A0360,140 NEW YORK AVE.,Jersey City,NJ,10977,NJOGIS Parcels & MOD-IV Composite,unique,1,complete,aligned,1924,consistent,unknown,missing,4C,consistent,021,consistent,resolved,2026-10-04T02:11:41+00:00
A0361,15 Berkshire St,Cambridge,MA,,Cambridge Property Database FY2026 (waa7-ibdu),unique,1,complete,aligned,1915,consistent,6,consistent,111,consistent,4-8-UNIT-APT,consistent,resolved,2026-10-04T02:11:41+00:00
A0362,368 RIVERWAY ST,Boston,MA,02115,Boston Property Assessment FY2026,unique,1,complete,aligned,1920,consistent,unknown,missing,A,consistent,APT 7-30 UNITS,consistent,resolved,2026-10-04T02:11:41+00:00
A0363,2451 SHATTUCK AVE,Berkeley,CA,94704,Alameda County parcels,unique,1,complete,aligned,2004,consistent,100,consistent,7700,consistent,unknown,missing,resolved,2026-10-04T02:11:41+00:00
A0365,3940 IDAHO ST,San Diego,CA,92104,SANDAG/SanGIS parcels,unique,1,complete,aligned,61,consistent,12,consistent,14,consistent,unknown,missing,resolved,2026-10-04T02:11:41+00:00
A0366,230 Everett ST,East Boston,MA,02128,Boston Property Assessment FY2026,unique,1,complete,aligned,2024,consistent,unknown,missing,A,consistent,LUXURY APARTMENT,consistent,resolved,2026-10-04T02:11:41+00:00
A0367,219 S 35TH ST,San Diego,CA,92113,SANDAG/SanGIS parcels,unresolved_candidates,1,none,parser_failed,unknown,address_not_aligned,unknown,address_not_aligned,unknown,address_not_aligned,unknown,address_not_aligned,unknown,2026-10-04T02:11:41+00:00
A0369,3260 CALIFORNIA ST,Berkeley,CA,94703,Alameda County parcels,unique,1,complete,aligned,unknown,missing,5,consistent,7700,consistent,unknown,missing,resolved,2026-10-04T02:11:41+00:00
A0370,2222 TOBERMAN ST,Los Angeles,CA,90007,LA County eGIS parcels,unique,1,complete,aligned,1924,consistent,2,consistent,0500,consistent,Five or more apartments,consistent,resolved,2026-10-04T02:11:41+00:00
A0371,76-80 BRUEN ST,Newark,NJ,07105,NJOGIS Parcels & MOD-IV Composite,unique,1,complete,aligned,unknown,missing,1,consistent,4C,consistent,029,consistent,resolved,2026-10-04T02:11:41+00:00
A0372,314 SEVENTH ST.,Jersey City,NJ,07302,NJOGIS Parcels & MOD-IV Composite,unique,1,complete,aligned,unknown,missing,unknown,missing,4C,consistent,unknown,missing,resolved,2026-10-04T02:11:41+00:00
A0373,1315 SPRUCE ST,Berkeley,CA,94709,Alameda County parcels,unique,1,complete,aligned,unknown,missing,6,consistent,7200,consistent,unknown,missing,resolved,2026-10-04T02:11:41+00:00
A0374,686 S ARDMORE AVE,Los Angeles,CA,90005,LA County eGIS parcels,unique,1,complete,aligned,1990,consistent,15,consistent,0500,consistent,Five or more apartments,consistent,resolved,2026-10-04T02:11:41+00:00
A0376,ST JAMES ST,Roxbury,MA,02119,Boston Property Assessment FY2026,unresolved_candidates,1,none,parser_failed,unknown,address_not_aligned,unknown,address_not_aligned,unknown,address_not_aligned,unknown,address_not_aligned,unknown,2026-10-04T02:11:41+00:00
A0377,206 BLOOMFIELD ST,Hoboken,NJ,10003,NJOGIS Parcels & MOD-IV Composite,unique,1,complete,aligned,unknown,missing,14,consistent,4C,consistent,unknown,missing,resolved,2026-10-04T02:11:41+00:00
A0378,4053 IDAHO ST,San Diego,CA,92104,SANDAG/SanGIS parcels,unique,1,complete,aligned,68,consistent,9,consistent,14,consistent,unknown,missing,resolved,2026-10-04T02:11:41+00:00
A0379,1336 BRUNNER ST,San Diego,CA,92110,SANDAG/SanGIS parcels,unique,1,complete,aligned,95,consistent,12,consistent,14,consistent,unknown,missing,resolved,2026-10-04T02:11:41+00:00
A0380,GREENVILLE ST,Roxbury,MA,02119,Boston Property Assessment FY2026,unresolved_candidates,1,none,parser_failed,unknown,address_not_aligned,unknown,address_not_aligned,unknown,address_not_aligned,unknown,address_not_aligned,unknown,2026-10-04T02:11:41+00:00
A0381,521-523 MARKET ST,Newark,NJ,07105,NJOGIS Parcels & MOD-IV Composite,unique,1,complete,aligned,unknown,missing,1,consistent,4C,consistent,unknown,missing,resolved,2026-10-04T02:11:41+00:00
A0383,1908 CALIFORNIA ST,Berkeley,CA,94703,Alameda County parcels,unique,1,complete,aligned,unknown,missing,11,consistent,7700,consistent,unknown,missing,resolved,2026-10-04T02:11:41+00:00
A0386,3654 ARIZONA ST,San Diego,CA,92104,SANDAG/SanGIS parcels,unique,1,complete,aligned,87,consistent,7,consistent,14,consistent,unknown,missing,resolved,2026-10-04T02:11:41+00:00
A0387,10303 CAMINITO ALVAREZ,San Diego,CA,92126,SANDAG/SanGIS parcels,unique,1,complete,parser_failed,unknown,address_not_aligned,unknown,address_not_aligned,unknown,address_not_aligned,unknown,address_not_aligned,unknown,2026-10-04T02:11:41+00:00
A0388,157-155 CLERK ST.,Jersey City,NJ,07305,NJOGIS Parcels & MOD-IV Composite,unique,1,complete,not_aligned,unknown,address_not_aligned,unknown,address_not_aligned,unknown,address_not_aligned,unknown,address_not_aligned,unknown,2026-10-04T02:11:41+00:00
A0389,923 GARDEN ST,Hoboken,NJ,07068,NJOGIS Parcels & MOD-IV Composite,unique,1,complete,aligned,unknown,missing,10,consistent,4C,consistent,unknown,missing,resolved,2026-10-04T02:11:41+00:00
A0390,70 DARCY ST,Newark,NJ,07202,NJOGIS Parcels & MOD-IV Composite,unique,1,complete,aligned,unknown,missing,1,consistent,4C,consistent,029,consistent,resolved,2026-10-04T02:11:41+00:00
A0391,265 22ND ST,San Diego,CA,92102,SANDAG/SanGIS parcels,unique,1,complete,aligned,06,consistent,9,consistent,14,consistent,unknown,missing,resolved,2026-10-04T02:11:41+00:00
A0392,4545 N 39TH ST,San Diego,CA,92116,SANDAG/SanGIS parcels,unresolved_candidates,1,none,parser_failed,unknown,address_not_aligned,unknown,address_not_aligned,unknown,address_not_aligned,unknown,address_not_aligned,unknown,2026-10-04T02:11:41+00:00
A0393,91 JORDAN AVE.,Jersey City,NJ,07081,NJOGIS Parcels & MOD-IV Composite,unique,1,complete,aligned,unknown,missing,unknown,missing,4C,consistent,029,consistent,resolved,2026-10-04T02:11:41+00:00
A0394,45 RAVINE AVE.,Jersey City,NJ,07302,NJOGIS Parcels & MOD-IV Composite,unique,1,complete,aligned,1912,consistent,unknown,missing,4C,consistent,unknown,missing,resolved,2026-10-04T02:11:41+00:00
A0395,1632 RUSSELL ST,Berkeley,CA,94703,Alameda County parcels,unique,1,complete,aligned,1962,consistent,5,consistent,7700,consistent,unknown,missing,resolved,2026-10-04T02:11:41+00:00
A0396,3244 CLAIREMONT DR,San Diego,CA,92117,SANDAG/SanGIS parcels,unique,1,complete,aligned,25,consistent,6,consistent,14,consistent,unknown,missing,resolved,2026-10-04T02:11:41+00:00
A0399,227 WILLOW AVE,Hoboken,NJ,07643,NJOGIS Parcels & MOD-IV Composite,unique,1,complete,aligned,unknown,missing,9,consistent,4C,consistent,unknown,missing,resolved,2026-10-04T02:11:41+00:00
A0400,174 MT PROSPECT AVE,Newark,NJ,07107,NJOGIS Parcels & MOD-IV Composite,unique,1,complete,aligned,unknown,missing,1,consistent,4C,consistent,029,consistent,resolved,2026-10-04T02:11:41+00:00
A0403,45 Myrtle ST,Boston,MA,02114,Boston Property Assessment FY2026,unique,1,complete,aligned,1899,consistent,unknown,missing,A,consistent,SUBSD HOUSING S- 8,consistent,resolved,2026-10-04T02:11:41+00:00
A0404,240 BOWERS ST.,Jersey City,NJ,07603,NJOGIS Parcels & MOD-IV Composite,unique,1,complete,aligned,1900,consistent,unknown,missing,4C,consistent,unknown,missing,resolved,2026-10-04T02:11:41+00:00
A0405,10214 FERNGLEN AVE,Los Angeles,CA,91042,LA County eGIS parcels,unique,1,complete,aligned,2008,consistent,6,consistent,0500,consistent,Five or more apartments,consistent,resolved,2026-10-04T02:11:41+00:00
A0406,170 W Springfield ST,Boston,MA,02118,Boston Property Assessment FY2026,unique,1,complete,aligned,1899,consistent,unknown,missing,A,consistent,SUBSD HOUSING S- 8,consistent,resolved,2026-10-04T02:11:41+00:00
A0407,4188 GREENBUSH AVE,Los Angeles,CA,91423,LA County eGIS parcels,unique,1,complete,aligned,1964,consistent,10,consistent,0500,consistent,Five or more apartments,consistent,resolved,2026-10-04T02:11:41+00:00
A0408,14375 POLK ST,Los Angeles,CA,91342,LA County eGIS parcels,unique,1,complete,aligned,1964,consistent,23,consistent,0500,consistent,Five or more apartments,consistent,resolved,2026-10-04T02:11:41+00:00
A0409,4428 GRESHAM ST,San Diego,CA,92109,SANDAG/SanGIS parcels,unique,1,complete,aligned,42,consistent,5,consistent,14,consistent,unknown,missing,resolved,2026-10-04T02:11:41+00:00
A0410,319 SUMMIT AVE.,Jersey City,NJ,07306,NJOGIS Parcels & MOD-IV Composite,unique,1,complete,aligned,1920,consistent,unknown,missing,4C,consistent,unknown,missing,resolved,2026-10-04T02:11:41+00:00
A0411,1833 BERKELEY WAY,Berkeley,CA,94703,Alameda County parcels,unique,1,complete,aligned,unknown,missing,5,consistent,7200,consistent,unknown,missing,resolved,2026-10-04T02:11:41+00:00
A0412,229-231 GRAFTON AVE,Newark,NJ,07003,NJOGIS Parcels & MOD-IV Composite,unique,1,complete,aligned,unknown,missing,1,consistent,4C,consistent,029,consistent,resolved,2026-10-04T02:11:41+00:00
A0413,2209 GRAND AVE,San Diego,CA,92109,SANDAG/SanGIS parcels,unique,1,complete,aligned,70,consistent,8,consistent,14,consistent,unknown,missing,resolved,2026-10-04T02:11:41+00:00
A0415,95 WAYNE ST.,Jersey City,NJ,07302,NJOGIS Parcels & MOD-IV Composite,unique,1,complete,aligned,1,consistent,unknown,missing,4C,consistent,unknown,missing,resolved,2026-10-04T02:11:41+00:00
A0416,882 PAVONIA AVE.,Jersey City,NJ,10281,NJOGIS Parcels & MOD-IV Composite,unique,1,complete,aligned,unknown,missing,unknown,missing,4C,consistent,unknown,missing,resolved,2026-10-04T02:11:41+00:00
A0417,4957 CAHUENGA BLVD,Los Angeles,CA,91601,LA County eGIS parcels,unique,1,complete,aligned,0000,consistent,5,consistent,0500,consistent,Five or more apartments,consistent,resolved,2026-10-04T02:11:41+00:00
A0418,221 SIP AVE.,Jersey City,NJ,07009,NJOGIS Parcels & MOD-IV Composite,unique,1,complete,aligned,unknown,missing,unknown,missing,4C,consistent,unknown,missing,resolved,2026-10-04T02:11:41+00:00
A0419,1538 HENRY ST,Berkeley,CA,94709,Alameda County parcels,unique,1,complete,aligned,unknown,missing,6,consistent,7700,consistent,unknown,missing,resolved,2026-10-04T02:11:41+00:00
A0420,4419 CLEVELAND AVE,San Diego,CA,92116,SANDAG/SanGIS parcels,unique,1,complete,aligned,72,consistent,10,consistent,14,consistent,unknown,missing,resolved,2026-10-04T02:11:41+00:00
A0421,17106 CHATSWORTH ST   APT 0001,Los Angeles,CA,91344,LA County eGIS parcels,unique,1,complete,aligned,1964,consistent,6,consistent,0500,consistent,Five or more apartments,consistent,resolved,2026-10-04T02:11:41+00:00
A0422,21-23 Marion St,Cambridge,MA,,Cambridge Property Database FY2026 (waa7-ibdu),unique,1,complete,aligned,1900,consistent,6,consistent,111,consistent,4-8-UNIT-APT,consistent,resolved,2026-10-04T02:11:41+00:00
A0423,10 CAMELOT CT,Brighton,MA,02135,Boston Property Assessment FY2026,unique,1,complete,aligned,1965,consistent,unknown,missing,A,consistent,APT 7-30 UNITS,consistent,resolved,2026-10-04T02:11:41+00:00
A0424,208 JEFFERSON ST,Hoboken,NJ,07030,NJOGIS Parcels & MOD-IV Composite,unique,1,complete,aligned,unknown,missing,8,consistent,4C,consistent,unknown,missing,resolved,2026-10-04T02:11:41+00:00
A0426,1307 COLUSA ST,San Diego,CA,92110,SANDAG/SanGIS parcels,unique,1,complete,aligned,74,consistent,12,consistent,14,consistent,unknown,missing,resolved,2026-10-04T02:11:41+00:00
A0427,7665 FOUNTAIN AVE,Los Angeles,CA,90046,LA County eGIS parcels,unique,1,complete,aligned,1986,consistent,15,consistent,0500,consistent,Five or more apartments,consistent,resolved,2026-10-04T02:11:41+00:00
A0428,312-314 MT PROSPECT AVE,Newark,NJ,07109,NJOGIS Parcels & MOD-IV Composite,unique,1,complete,aligned,unknown,missing,1,consistent,4C,consistent,029,consistent,resolved,2026-10-04T02:11:41+00:00
A0429,12 BLACKWOOD ST,Boston,MA,02115,Boston Property Assessment FY2026,unique,1,complete,aligned,1899,consistent,unknown,missing,A,consistent,APT 7-30 UNITS,consistent,resolved,2026-10-04T02:11:41+00:00
A0430,1950 ADDISON ST,Berkeley,CA,94704,Alameda County parcels,unique,1,complete,aligned,2020,consistent,107,consistent,7800,consistent,unknown,missing,resolved,2026-10-04T02:11:41+00:00
A0431,245 EUCLID AVE,San Diego,CA,92114,SANDAG/SanGIS parcels,unique,1,complete,aligned,80,consistent,5,consistent,14,consistent,unknown,missing,resolved,2026-10-04T02:11:41+00:00
A0432,14605 RAYEN ST,Los Angeles,CA,91402,LA County eGIS parcels,unique,1,complete,aligned,1978,consistent,23,consistent,0500,consistent,Five or more apartments,consistent,resolved,2026-10-04T02:11:41+00:00
A0433,720 W 27TH ST,Los Angeles,CA,90007,LA County eGIS parcels,unique,1,complete,aligned,1964,consistent,58,consistent,0501,consistent,Five or more apartments,consistent,resolved,2026-10-04T02:11:41+00:00
A0435,310 MONROE ST,Hoboken,NJ,07632,NJOGIS Parcels & MOD-IV Composite,unique,1,complete,aligned,unknown,missing,8,consistent,4C,consistent,029,consistent,resolved,2026-10-04T02:11:41+00:00
A0436,832 WILLOW AVE,Hoboken,NJ,07030,NJOGIS Parcels & MOD-IV Composite,unique,1,complete,aligned,unknown,missing,unknown,missing,4C,consistent,unknown,missing,resolved,2026-10-04T02:11:41+00:00
A0437,2969 SAN MARINO ST,Los Angeles,CA,90006,LA County eGIS parcels,unique,1,complete,aligned,2004,consistent,20,consistent,0500,consistent,Five or more apartments,consistent,resolved,2026-10-04T02:11:41+00:00
A0438,60-62 CAMBRIDGE AVE,Jersey City,NJ,07430,NJOGIS Parcels & MOD-IV Composite,unresolved_candidates,1,representative_only,not_aligned,unknown,address_not_aligned,unknown,address_not_aligned,unknown,address_not_aligned,unknown,address_not_aligned,unknown,2026-10-04T02:11:41+00:00
A0441,4017 ILLINOIS ST,San Diego,CA,92104,SANDAG/SanGIS parcels,unique,1,complete,aligned,30,consistent,6,consistent,14,consistent,unknown,missing,resolved,2026-10-04T02:11:41+00:00
A0442,7014 LANEWOOD AVE,Los Angeles,CA,90028,LA County eGIS parcels,unique,1,complete,aligned,1986,consistent,18,consistent,0500,consistent,Five or more apartments,consistent,resolved,2026-10-04T02:11:41+00:00
A0443,3526 FAIRMOUNT AVE,San Diego,CA,92105,SANDAG/SanGIS parcels,unique,1,complete,aligned,85,consistent,16,consistent,15,consistent,unknown,missing,resolved,2026-10-04T02:11:41+00:00
A0444,231 COMMONWEALTH AV,Boston,MA,02116,Boston Property Assessment FY2026,unique,1,complete,aligned,1899,consistent,unknown,missing,A,consistent,APT 7-30 UNITS,consistent,resolved,2026-10-04T02:11:41+00:00
A0445,8790 VAN NUYS BLVD,Los Angeles,CA,91402,LA County eGIS parcels,unique,1,complete,aligned,1977,consistent,25,consistent,0500,consistent,Five or more apartments,consistent,resolved,2026-10-04T02:11:41+00:00
A0446,610 COLUMBUS AV,Boston,MA,02118,Boston Property Assessment FY2026,unique,1,complete,aligned,1899,consistent,unknown,missing,A,consistent,APT 7-30 UNITS,consistent,resolved,2026-10-04T02:11:41+00:00
A0447,208 CLINTON ST,Hoboken,NJ,07030,NJOGIS Parcels & MOD-IV Composite,unique,1,complete,aligned,unknown,missing,35,consistent,4C,consistent,unknown,missing,resolved,2026-10-04T02:11:41+00:00
A0448,151-153 LAFAYETTE ST,Newark,NJ,07105,NJOGIS Parcels & MOD-IV Composite,unique,1,complete,aligned,unknown,missing,1,consistent,4C,consistent,100,consistent,resolved,2026-10-04T02:11:41+00:00
A0449,338 CLINTON PL,Newark,NJ,08701,NJOGIS Parcels & MOD-IV Composite,unique,1,complete,aligned,unknown,missing,1,consistent,4C,consistent,029,consistent,resolved,2026-10-04T02:11:41+00:00
A0450,94 NEPTUNE AVE.,Jersey City,NJ,11211,NJOGIS Parcels & MOD-IV Composite,unique,1,complete,aligned,unknown,missing,unknown,missing,4C,consistent,029,consistent,resolved,2026-10-04T02:11:41+00:00
A0451,7300 VALMONT ST,Los Angeles,CA,91042,LA County eGIS parcels,unique,1,complete,aligned,1989,consistent,8,consistent,0500,consistent,Five or more apartments,consistent,resolved,2026-10-04T02:11:41+00:00
A0452,1310 N LAS PALMAS AVE,Los Angeles,CA,90028,LA County eGIS parcels,unique,1,complete,aligned,1952,consistent,8,consistent,0500,consistent,Five or more apartments,consistent,resolved,2026-10-04T02:11:41+00:00
A0453,11 Carlisle St,Cambridge,MA,,Cambridge Property Database FY2026 (waa7-ibdu),unique,1,complete,aligned,1910,consistent,6,consistent,111,consistent,4-8-UNIT-APT,consistent,resolved,2026-10-04T02:11:41+00:00
A0454,8944 COLUMBUS AVE,Los Angeles,CA,91343,LA County eGIS parcels,unique,1,complete,aligned,1959,consistent,6,consistent,0500,consistent,Five or more apartments,consistent,resolved,2026-10-04T02:11:41+00:00
A0455,78 STEVENS AVE.,Jersey City,NJ,07108,NJOGIS Parcels & MOD-IV Composite,unique,1,complete,aligned,unknown,missing,unknown,missing,4C,consistent,unknown,missing,resolved,2026-10-04T02:11:41+00:00
A0456,2151 CHATSWORTH BLVD,San Diego,CA,92107,SANDAG/SanGIS parcels,unique,1,complete,aligned,48,consistent,17,consistent,15,consistent,unknown,missing,resolved,2026-10-04T02:11:41+00:00
A0458,1670 E 48TH PL,Los Angeles,CA,90011,LA County eGIS parcels,unique,1,complete,aligned,1963,consistent,6,consistent,0500,consistent,Five or more apartments,consistent,resolved,2026-10-04T02:11:41+00:00
A0459,202 SOUTH ST.,Jersey City,NJ,07423,NJOGIS Parcels & MOD-IV Composite,unique,1,complete,aligned,1915,consistent,unknown,missing,4C,consistent,029,consistent,resolved,2026-10-04T02:11:41+00:00
A0460,223-229 SHEPHARD AVE,Newark,NJ,11204,NJOGIS Parcels & MOD-IV Composite,unique,1,complete,aligned,unknown,missing,1,consistent,4C,consistent,029,consistent,resolved,2026-10-04T02:11:41+00:00
A0462,128 ST. PAULS AVE.,Jersey City,NJ,11211,NJOGIS Parcels & MOD-IV Composite,unique,1,complete,aligned,1890,consistent,unknown,missing,4C,consistent,029,consistent,resolved,2026-10-04T02:11:41+00:00
A0463,4 BEECHWOOD ST,Dorchester,MA,02121,Boston Property Assessment FY2026,unique,1,complete,aligned,2007,consistent,unknown,missing,A,consistent,SUBSD HOUSING S- 8,consistent,resolved,2026-10-04T02:11:41+00:00
A0464,2-98 DABNEY ST,Roxbury,MA,02119,Boston Property Assessment FY2026,unique,1,complete,aligned,1966,consistent,unknown,missing,A,consistent,SUBSD HOUSING S- 8,consistent,resolved,2026-10-04T02:11:41+00:00
A0465,141 Oxford St,Cambridge,MA,,Cambridge Property Database FY2026 (waa7-ibdu),unique,1,complete,aligned,1915,consistent,8,consistent,111,consistent,4-8-UNIT-APT,consistent,resolved,2026-10-04T02:11:41+00:00
A0466,115 NORWAY ST,Boston,MA,02115,Boston Property Assessment FY2026,unique,1,complete,aligned,1920,consistent,unknown,missing,A,consistent,APT 7-30 UNITS,consistent,resolved,2026-10-04T02:11:41+00:00
A0467,24 ST ALBANS RD,Boston,MA,02115,Boston Property Assessment FY2026,unique,1,complete,aligned,1923,consistent,unknown,missing,A,consistent,SUBSD HOUSING S- 8,consistent,resolved,2026-10-04T02:11:41+00:00
A0468,13 Shepard St,Cambridge,MA,,Cambridge Property Database FY2026 (waa7-ibdu),unique,1,complete,aligned,1910,consistent,6,consistent,111,consistent,4-8-UNIT-APT,consistent,resolved,2026-10-04T02:11:41+00:00
A0469,2701 SHATTUCK AVE,Berkeley,CA,94705,Alameda County parcels,unique,1,complete,aligned,2024,consistent,57,consistent,7700,consistent,unknown,missing,resolved,2026-10-04T02:11:41+00:00
A0470,1919 CURTIS ST,Berkeley,CA,94702,Alameda County parcels,unique,1,complete,aligned,1949,consistent,10,consistent,7700,consistent,unknown,missing,resolved,2026-10-04T02:11:41+00:00
A0471,332-334 GARDEN ST,Hoboken,NJ,07604,NJOGIS Parcels & MOD-IV Composite,unique,1,complete,aligned,unknown,missing,10,consistent,4C,consistent,unknown,missing,resolved,2026-10-04T02:11:41+00:00
A0472,321 WILLOW AVE,Hoboken,NJ,07030,NJOGIS Parcels & MOD-IV Composite,unique,1,complete,aligned,unknown,missing,12,consistent,4C,consistent,unknown,missing,resolved,2026-10-04T02:11:41+00:00
A0473,20 Phillips ST,Boston,MA,02114,Boston Property Assessment FY2026,unique,1,complete,aligned,1899,consistent,unknown,missing,A,consistent,APT 7-30 UNITS,consistent,resolved,2026-10-04T02:11:41+00:00
A0474,3438 MCKINLEY AVE,Los Angeles,CA,90011,LA County eGIS parcels,unique,1,complete,aligned,1928,consistent,8,consistent,0500,consistent,Five or more apartments,consistent,resolved,2026-10-04T02:11:41+00:00
A0475,361 FIRST ST,Hoboken,NJ,07030,NJOGIS Parcels & MOD-IV Composite,unique,1,complete,aligned,unknown,missing,7,consistent,4C,consistent,unknown,missing,resolved,2026-10-04T02:11:41+00:00
A0476,26-28 COTTAGE ST,Newark,NJ,07840,NJOGIS Parcels & MOD-IV Composite,unique,1,complete,aligned,unknown,missing,1,consistent,4C,consistent,029,consistent,resolved,2026-10-04T02:11:41+00:00
A0478,3860 CHEROKEE AVE,San Diego,CA,92104,SANDAG/SanGIS parcels,unique,1,complete,aligned,64,consistent,9,consistent,14,consistent,unknown,missing,resolved,2026-10-04T02:11:41+00:00
A0479,12948 MOORPARK ST,Los Angeles,CA,91604,LA County eGIS parcels,unique,1,complete,aligned,1990,consistent,8,consistent,0500,consistent,Five or more apartments,consistent,resolved,2026-10-04T02:11:41+00:00
A0480,4046 N 43RD ST,San Diego,CA,92105,SANDAG/SanGIS parcels,unresolved_candidates,1,none,parser_failed,unknown,address_not_aligned,unknown,address_not_aligned,unknown,address_not_aligned,unknown,address_not_aligned,unknown,2026-10-04T02:11:41+00:00
A0482,101 CLIFTON PL.,Jersey City,NJ,10982,NJOGIS Parcels & MOD-IV Composite,unique,1,complete,aligned,3,consistent,unknown,missing,4C,consistent,unknown,missing,resolved,2026-10-04T02:11:41+00:00
A0485,296-302 Western Ave,Cambridge,MA,,Cambridge Property Database FY2026 (waa7-ibdu),unique,1,complete,aligned,1920,consistent,6,consistent,111,consistent,4-8-UNIT-APT,consistent,resolved,2026-10-04T02:11:41+00:00
A0488,197 BEACON ST,Boston,MA,02116,Boston Property Assessment FY2026,unique,1,complete,aligned,1900,consistent,unknown,missing,A,consistent,APT 7-30 UNITS,consistent,resolved,2026-10-04T02:11:41+00:00
A0489,204 GRAND ST,Hoboken,NJ,06901,NJOGIS Parcels & MOD-IV Composite,unique,1,complete,aligned,2000,consistent,30,consistent,4C,consistent,unknown,missing,resolved,2026-10-04T02:11:41+00:00
A0490,526 ADAMS ST,Hoboken,NJ,07030,NJOGIS Parcels & MOD-IV Composite,unique,1,complete,aligned,unknown,missing,unknown,missing,4C,consistent,738,consistent,resolved,2026-10-04T02:11:41+00:00
A0491,37 IRVING ST,Newark,NJ,07104,NJOGIS Parcels & MOD-IV Composite,unique,1,complete,aligned,unknown,missing,1,consistent,4C,consistent,unknown,missing,resolved,2026-10-04T02:11:41+00:00
A0492,800 S HARVARD BLVD,Los Angeles,CA,90005,LA County eGIS parcels,unique,1,complete,aligned,2019,consistent,131,consistent,0551,consistent,Five or more apartments,consistent,resolved,2026-10-04T02:11:41+00:00
A0495,230 VAN HORNE ST.,Jersey City,NJ,11219,NJOGIS Parcels & MOD-IV Composite,unique,1,complete,aligned,1895,consistent,unknown,missing,4C,consistent,unknown,missing,resolved,2026-10-04T02:11:41+00:00
A0496,512 32ND ST,San Diego,CA,92102,SANDAG/SanGIS parcels,unique,1,complete,aligned,40,consistent,8,consistent,14,consistent,unknown,missing,resolved,2026-10-04T02:11:41+00:00
A0497,3750 29TH ST,San Diego,CA,92104,SANDAG/SanGIS parcels,unresolved_candidates,1,representative_only,aligned,unknown,candidate_set_incomplete,unknown,candidate_set_incomplete,unknown,candidate_set_incomplete,unknown,candidate_set_incomplete,unknown,2026-10-04T02:11:41+00:00
A0498,684-686 SUMMER AVE,Newark,NJ,07644,NJOGIS Parcels & MOD-IV Composite,unique,1,complete,aligned,unknown,missing,1,consistent,4C,consistent,029,consistent,resolved,2026-10-04T02:11:41+00:00
A0499,8519 WILLIS AVE,Los Angeles,CA,91402,LA County eGIS parcels,unique,1,complete,aligned,1962,consistent,33,consistent,0501,consistent,Five or more apartments,consistent,resolved,2026-10-04T02:11:41+00:00
A0500,8811 BURNET AVE,Los Angeles,CA,91343,LA County eGIS parcels,unique,1,complete,aligned,1954,consistent,36,consistent,0500,consistent,Five or more apartments,consistent,resolved,2026-10-04T02:11:41+00:00
A0016,3515 FILLMORE ST,San Francisco,CA,,DataSF wv5m-vpq2 (2025 roll),multiple_candidates,19,complete,aligned,1926,consistent,21.0,consistent,MRES,consistent,Multi-Family Residential,consistent,resolved,2026-10-04T02:11:41+00:00
A0021,22 PRECITA AV,San Francisco,CA,,DataSF wv5m-vpq2 (2025 roll),unresolved_candidates,1,none,aligned,unknown,candidate_set_incomplete,unknown,candidate_set_incomplete,unknown,candidate_set_incomplete,unknown,candidate_set_incomplete,unknown,2026-10-04T02:11:41+00:00
A0027,3918 FULTON ST,San Francisco,CA,,DataSF wv5m-vpq2 (2025 roll),multiple_candidates,38,complete,aligned,1923,consistent,unknown,conflicting_facts,MRES,consistent,Multi-Family Residential,consistent,conflicting_facts,2026-10-04T02:11:41+00:00
A0030,2051 DIVISADERO ST,San Francisco,CA,,DataSF wv5m-vpq2 (2025 roll),multiple_candidates,19,complete,aligned,1908,consistent,5.0,consistent,MRES,consistent,Multi-Family Residential,consistent,resolved,2026-10-04T02:11:41+00:00
A0033,1260 KEARNY ST,San Francisco,CA,,DataSF wv5m-vpq2 (2025 roll),multiple_candidates,19,complete,aligned,1910,consistent,5.0,consistent,MRES,consistent,Multi-Family Residential,consistent,resolved,2026-10-04T02:11:41+00:00
A0038,154 YUKON ST,San Francisco,CA,,DataSF wv5m-vpq2 (2025 roll),multiple_candidates,19,complete,aligned,1908,consistent,5.0,consistent,MRES,consistent,Multi-Family Residential,consistent,resolved,2026-10-04T02:11:41+00:00
A0041,122 TIFFANY AV,San Francisco,CA,,DataSF wv5m-vpq2 (2025 roll),multiple_candidates,19,complete,aligned,1900,consistent,unknown,conflicting_facts,MRES,consistent,Multi-Family Residential,consistent,conflicting_facts,2026-10-04T02:11:41+00:00
A0050,36 HOFF ST,San Francisco,CA,,DataSF wv5m-vpq2 (2025 roll),unresolved_candidates,1,none,aligned,unknown,candidate_set_incomplete,unknown,candidate_set_incomplete,unknown,candidate_set_incomplete,unknown,candidate_set_incomplete,unknown,2026-10-04T02:11:41+00:00
A0055,305 10TH AV,San Francisco,CA,,DataSF wv5m-vpq2 (2025 roll),multiple_candidates,19,complete,aligned,1963,consistent,6.0,consistent,MRES,consistent,Multi-Family Residential,consistent,resolved,2026-10-04T02:11:41+00:00
A0061,106 18TH AV,San Francisco,CA,,DataSF wv5m-vpq2 (2025 roll),multiple_candidates,19,complete,aligned,1915,consistent,5.0,consistent,MRES,consistent,Multi-Family Residential,consistent,resolved,2026-10-04T02:11:41+00:00
A0062,77 HOFF ST,San Francisco,CA,,DataSF wv5m-vpq2 (2025 roll),unresolved_candidates,1,none,aligned,unknown,candidate_set_incomplete,unknown,candidate_set_incomplete,unknown,candidate_set_incomplete,unknown,candidate_set_incomplete,unknown,2026-10-04T02:11:41+00:00
A0069,2277 UNION ST,San Francisco,CA,,DataSF wv5m-vpq2 (2025 roll),multiple_candidates,19,complete,aligned,1900,consistent,unknown,conflicting_facts,unknown,conflicting_facts,unknown,conflicting_facts,conflicting_facts,2026-10-04T02:11:41+00:00
A0072,1251 10TH AV,San Francisco,CA,,DataSF wv5m-vpq2 (2025 roll),multiple_candidates,19,complete,aligned,1973,consistent,6.0,consistent,MRES,consistent,Multi-Family Residential,consistent,resolved,2026-10-04T02:11:41+00:00
A0081,145 TAYLOR ST,San Francisco,CA,,DataSF wv5m-vpq2 (2025 roll),multiple_candidates,19,complete,aligned,2005,consistent,69.0,consistent,unknown,conflicting_facts,unknown,conflicting_facts,conflicting_facts,2026-10-04T02:11:41+00:00
A0084,1725 CHESTNUT ST,San Francisco,CA,,DataSF wv5m-vpq2 (2025 roll),multiple_candidates,19,complete,aligned,1908,consistent,5.0,consistent,MRES,consistent,Multi-Family Residential,consistent,resolved,2026-10-04T02:11:41+00:00
A0085,1101 CHURCH ST,San Francisco,CA,,DataSF wv5m-vpq2 (2025 roll),multiple_candidates,19,complete,aligned,1926,consistent,6.0,consistent,MRES,consistent,Multi-Family Residential,consistent,resolved,2026-10-04T02:11:41+00:00
A0088,201 CLEMENT ST,San Francisco,CA,,DataSF wv5m-vpq2 (2025 roll),multiple_candidates,19,complete,aligned,1908,consistent,9.0,consistent,MRES,consistent,Multi-Family Residential,consistent,resolved,2026-10-04T02:11:41+00:00
A0097,1560 MASON ST,San Francisco,CA,,DataSF wv5m-vpq2 (2025 roll),multiple_candidates,19,complete,aligned,1907,consistent,8.0,consistent,MRES,consistent,Multi-Family Residential,consistent,resolved,2026-10-04T02:11:41+00:00
A0105,140 PORTOLA DR,San Francisco,CA,,DataSF wv5m-vpq2 (2025 roll),multiple_candidates,17,complete,aligned,2019,consistent,7.0,consistent,MRES,consistent,Multi-Family Residential,consistent,resolved,2026-10-04T02:11:41+00:00
A0106,250 FREMONT ST,San Francisco,CA,,DataSF wv5m-vpq2 (2025 roll),multiple_candidates,23,complete,aligned,unknown,missing,unknown,conflicting_facts,unknown,conflicting_facts,unknown,conflicting_facts,conflicting_facts,2026-10-04T02:11:41+00:00
A0112,448 BRODERICK ST,San Francisco,CA,,DataSF wv5m-vpq2 (2025 roll),multiple_candidates,7,complete,aligned,1905,consistent,9.0,consistent,MRES,consistent,Multi-Family Residential,consistent,resolved,2026-10-04T02:11:41+00:00
A0115,397 05TH AV,San Francisco,CA,,DataSF wv5m-vpq2 (2025 roll),multiple_candidates,19,complete,aligned,1900,consistent,6.0,consistent,MRES,consistent,Multi-Family Residential,consistent,resolved,2026-10-04T02:11:41+00:00
A0126,1350 POTRERO AV,San Francisco,CA,,DataSF wv5m-vpq2 (2025 roll),multiple_candidates,19,complete,aligned,1927,consistent,8.0,consistent,MRES,consistent,Multi-Family Residential,consistent,resolved,2026-10-04T02:11:41+00:00
A0135,843 CLAY ST,San Francisco,CA,,DataSF wv5m-vpq2 (2025 roll),multiple_candidates,19,complete,aligned,1908,consistent,29.0,consistent,MRES,consistent,Multi-Family Residential,consistent,resolved,2026-10-04T02:11:41+00:00
A0141,2601 43RD AV,San Francisco,CA,,DataSF wv5m-vpq2 (2025 roll),multiple_candidates,19,complete,aligned,1974,consistent,8.0,consistent,MRES,consistent,Multi-Family Residential,consistent,resolved,2026-10-04T02:11:41+00:00
A0147,2850 GOLDEN GATE AV,San Francisco,CA,,DataSF wv5m-vpq2 (2025 roll),multiple_candidates,19,complete,aligned,1900,consistent,5.0,consistent,MRES,consistent,Multi-Family Residential,consistent,resolved,2026-10-04T02:11:41+00:00
A0156,290 GREEN ST,San Francisco,CA,,DataSF wv5m-vpq2 (2025 roll),multiple_candidates,19,complete,aligned,1927,consistent,9.0,consistent,MRES,consistent,Multi-Family Residential,consistent,resolved,2026-10-04T02:11:41+00:00
A0164,725 14TH ST,San Francisco,CA,,DataSF wv5m-vpq2 (2025 roll),multiple_candidates,8,complete,aligned,1911,consistent,6.0,consistent,MRES,consistent,Multi-Family Residential,consistent,resolved,2026-10-04T02:11:41+00:00
A0192,780 POST ST,San Francisco,CA,,DataSF wv5m-vpq2 (2025 roll),multiple_candidates,19,complete,aligned,1916,consistent,36.0,consistent,MRES,consistent,Multi-Family Residential,consistent,resolved,2026-10-04T02:11:41+00:00
A0202,1446 JACKSON ST,San Francisco,CA,,DataSF wv5m-vpq2 (2025 roll),multiple_candidates,19,complete,aligned,1907,consistent,6.0,consistent,MRES,consistent,Multi-Family Residential,consistent,resolved,2026-10-04T02:11:41+00:00
A0206,401 43RD AV,San Francisco,CA,,DataSF wv5m-vpq2 (2025 roll),multiple_candidates,19,complete,aligned,1929,consistent,21.0,consistent,MRES,consistent,Multi-Family Residential,consistent,resolved,2026-10-04T02:11:41+00:00
A0212,1311 SOUTH VAN NESS AV,San Francisco,CA,,DataSF wv5m-vpq2 (2025 roll),multiple_candidates,19,complete,aligned,1900,consistent,5.0,consistent,MRES,consistent,Multi-Family Residential,consistent,resolved,2026-10-04T02:11:41+00:00
A0215,2295 CALIFORNIA ST,San Francisco,CA,,DataSF wv5m-vpq2 (2025 roll),multiple_candidates,19,complete,aligned,1924,consistent,21.0,consistent,MRES,consistent,Multi-Family Residential,consistent,resolved,2026-10-04T02:11:41+00:00
A0222,1901 VALLEJO ST,San Francisco,CA,,DataSF wv5m-vpq2 (2025 roll),multiple_candidates,19,complete,aligned,1960,consistent,8.0,consistent,MRES,consistent,Multi-Family Residential,consistent,resolved,2026-10-04T02:11:41+00:00
A0225,1627 JACKSON ST,San Francisco,CA,,DataSF wv5m-vpq2 (2025 roll),multiple_candidates,19,complete,aligned,1913,consistent,9.0,consistent,MRES,consistent,Multi-Family Residential,consistent,resolved,2026-10-04T02:11:41+00:00
A0228,225 COLLINGWOOD ST,San Francisco,CA,,DataSF wv5m-vpq2 (2025 roll),multiple_candidates,19,complete,aligned,1907,consistent,5.0,consistent,MRES,consistent,Multi-Family Residential,consistent,resolved,2026-10-04T02:11:41+00:00
A0229,5164 03RD ST,San Francisco,CA,,DataSF wv5m-vpq2 (2025 roll),multiple_candidates,19,complete,aligned,1914,consistent,6.0,consistent,MRES,consistent,Multi-Family Residential,consistent,resolved,2026-10-04T02:11:41+00:00
A0231,521 ARGUELLO BL,San Francisco,CA,,DataSF wv5m-vpq2 (2025 roll),multiple_candidates,19,complete,aligned,1971,consistent,6.0,consistent,MRES,consistent,Multi-Family Residential,consistent,resolved,2026-10-04T02:11:41+00:00
A0236,1110 JACKSON ST,San Francisco,CA,,DataSF wv5m-vpq2 (2025 roll),multiple_candidates,19,complete,aligned,1961,consistent,9.0,consistent,MRES,consistent,Multi-Family Residential,consistent,resolved,2026-10-04T02:11:41+00:00
A0237,36 VALLEY ST,San Francisco,CA,,DataSF wv5m-vpq2 (2025 roll),unresolved_candidates,1,none,aligned,unknown,candidate_set_incomplete,unknown,candidate_set_incomplete,unknown,candidate_set_incomplete,unknown,candidate_set_incomplete,unknown,2026-10-04T02:11:41+00:00
A0253,2250 NORTH POINT ST,San Francisco,CA,,DataSF wv5m-vpq2 (2025 roll),multiple_candidates,19,complete,aligned,1928,consistent,7.0,consistent,MRES,consistent,Multi-Family Residential,consistent,resolved,2026-10-04T02:11:41+00:00
A0257,5 COMMER CT,San Francisco,CA,,DataSF wv5m-vpq2 (2025 roll),unresolved_candidates,1,none,parser_failed,unknown,address_not_aligned,unknown,address_not_aligned,unknown,address_not_aligned,unknown,address_not_aligned,unknown,2026-10-04T02:11:41+00:00
A0259,872 NORTH POINT ST,San Francisco,CA,,DataSF wv5m-vpq2 (2025 roll),multiple_candidates,19,complete,aligned,1900,consistent,5.0,consistent,MRES,consistent,Multi-Family Residential,consistent,resolved,2026-10-04T02:11:41+00:00
A0268,1848 FRANKLIN ST,San Francisco,CA,,DataSF wv5m-vpq2 (2025 roll),multiple_candidates,19,complete,aligned,1914,consistent,7.0,consistent,MRES,consistent,Multi-Family Residential,consistent,resolved,2026-10-04T02:11:41+00:00
A0271,4115 LINCOLN WY,San Francisco,CA,,DataSF wv5m-vpq2 (2025 roll),multiple_candidates,19,complete,aligned,1928,consistent,13.0,consistent,MRES,consistent,Multi-Family Residential,consistent,resolved,2026-10-04T02:11:41+00:00
A0278,1800 FRANKLIN ST,San Francisco,CA,,DataSF wv5m-vpq2 (2025 roll),multiple_candidates,19,complete,aligned,1919,consistent,17.0,consistent,MRES,consistent,Multi-Family Residential,consistent,resolved,2026-10-04T02:11:41+00:00
A0280,1215 11TH AV,San Francisco,CA,,DataSF wv5m-vpq2 (2025 roll),multiple_candidates,19,complete,aligned,1971,consistent,6.0,consistent,MRES,consistent,Multi-Family Residential,consistent,resolved,2026-10-04T02:11:41+00:00
A0283,90 BARTLETT ST,San Francisco,CA,,DataSF wv5m-vpq2 (2025 roll),unresolved_candidates,1,none,aligned,unknown,candidate_set_incomplete,unknown,candidate_set_incomplete,unknown,candidate_set_incomplete,unknown,candidate_set_incomplete,unknown,2026-10-04T02:11:41+00:00
A0293,1314 NATOMA ST,San Francisco,CA,,DataSF wv5m-vpq2 (2025 roll),multiple_candidates,19,complete,aligned,1907,consistent,6.0,consistent,MRES,consistent,Multi-Family Residential,consistent,resolved,2026-10-04T02:11:41+00:00
A0305,638 45TH AV,San Francisco,CA,,DataSF wv5m-vpq2 (2025 roll),multiple_candidates,19,complete,aligned,1908,consistent,5.0,consistent,MRES,consistent,Multi-Family Residential,consistent,resolved,2026-10-04T02:11:41+00:00
A0324,2003 FRANKLIN ST,San Francisco,CA,,DataSF wv5m-vpq2 (2025 roll),multiple_candidates,19,complete,aligned,1885,consistent,6.0,consistent,MRES,consistent,Multi-Family Residential,consistent,resolved,2026-10-04T02:11:41+00:00
A0328,1845 08TH AV,San Francisco,CA,,DataSF wv5m-vpq2 (2025 roll),multiple_candidates,19,complete,aligned,1960,consistent,6.0,consistent,MRES,consistent,Multi-Family Residential,consistent,resolved,2026-10-04T02:11:41+00:00
A0335,125 BEMIS ST,San Francisco,CA,,DataSF wv5m-vpq2 (2025 roll),multiple_candidates,18,complete,aligned,1968,consistent,10.0,consistent,MRES,consistent,Multi-Family Residential,consistent,resolved,2026-10-04T02:11:41+00:00
A0351,628 HYDE ST,San Francisco,CA,,DataSF wv5m-vpq2 (2025 roll),multiple_candidates,19,complete,aligned,1907,consistent,7.0,consistent,MRES,consistent,Multi-Family Residential,consistent,resolved,2026-10-04T02:11:41+00:00
A0357,173 07TH ST,San Francisco,CA,,DataSF wv5m-vpq2 (2025 roll),multiple_candidates,2,complete,aligned,1997,consistent,29.0,consistent,MRES,consistent,Multi-Family Residential,consistent,resolved,2026-10-04T02:11:41+00:00
A0364,125 03RD AV,San Francisco,CA,,DataSF wv5m-vpq2 (2025 roll),multiple_candidates,19,complete,aligned,1964,consistent,6.0,consistent,MRES,consistent,Multi-Family Residential,consistent,resolved,2026-10-04T02:11:41+00:00
A0368,1430 FRANCISCO ST,San Francisco,CA,,DataSF wv5m-vpq2 (2025 roll),multiple_candidates,19,complete,aligned,1926,consistent,12.0,consistent,MRES,consistent,Multi-Family Residential,consistent,resolved,2026-10-04T02:11:41+00:00
A0375,1880 FULTON ST,San Francisco,CA,,DataSF wv5m-vpq2 (2025 roll),multiple_candidates,19,complete,aligned,1921,consistent,9.0,consistent,MRES,consistent,Multi-Family Residential,consistent,resolved,2026-10-04T02:11:41+00:00
A0382,119 DAY ST,San Francisco,CA,,DataSF wv5m-vpq2 (2025 roll),multiple_candidates,19,complete,aligned,1964,consistent,10.0,consistent,MRES,consistent,Multi-Family Residential,consistent,resolved,2026-10-04T02:11:41+00:00
A0384,21 GUERRERO ST,San Francisco,CA,,DataSF wv5m-vpq2 (2025 roll),unresolved_candidates,1,none,aligned,unknown,candidate_set_incomplete,unknown,candidate_set_incomplete,unknown,candidate_set_incomplete,unknown,candidate_set_incomplete,unknown,2026-10-04T02:11:41+00:00
A0385,1059 UNION ST,San Francisco,CA,,DataSF wv5m-vpq2 (2025 roll),multiple_candidates,19,complete,aligned,1986,consistent,16.0,consistent,MRES,consistent,Multi-Family Residential,consistent,resolved,2026-10-04T02:11:41+00:00
A0397,1677 BUSH ST,San Francisco,CA,,DataSF wv5m-vpq2 (2025 roll),multiple_candidates,19,complete,aligned,1900,consistent,21.0,consistent,MRES,consistent,Multi-Family Residential,consistent,resolved,2026-10-04T02:11:41+00:00
A0398,890 GREEN ST,San Francisco,CA,,DataSF wv5m-vpq2 (2025 roll),multiple_candidates,19,complete,aligned,1908,consistent,5.0,consistent,MRES,consistent,Multi-Family Residential,consistent,resolved,2026-10-04T02:11:41+00:00
A0401,257 14TH ST,San Francisco,CA,,DataSF wv5m-vpq2 (2025 roll),multiple_candidates,19,complete,aligned,1908,consistent,unknown,conflicting_facts,MRES,consistent,Multi-Family Residential,consistent,conflicting_facts,2026-10-04T02:11:41+00:00
A0402,2914 LARKIN ST,San Francisco,CA,,DataSF wv5m-vpq2 (2025 roll),multiple_candidates,19,complete,aligned,1900,consistent,5.0,consistent,MRES,consistent,Multi-Family Residential,consistent,resolved,2026-10-04T02:11:41+00:00
A0414,1987 CALIFORNIA ST,San Francisco,CA,,DataSF wv5m-vpq2 (2025 roll),multiple_candidates,19,complete,aligned,1922,consistent,9.0,consistent,MRES,consistent,Multi-Family Residential,consistent,resolved,2026-10-04T02:11:41+00:00
A0425,650 POST ST,San Francisco,CA,,DataSF wv5m-vpq2 (2025 roll),multiple_candidates,19,complete,aligned,1916,consistent,23.0,consistent,MRES,consistent,Multi-Family Residential,consistent,resolved,2026-10-04T02:11:41+00:00
A0434,1225 HYDE ST,San Francisco,CA,,DataSF wv5m-vpq2 (2025 roll),multiple_candidates,19,complete,aligned,1913,consistent,8.0,consistent,MRES,consistent,Multi-Family Residential,consistent,resolved,2026-10-04T02:11:41+00:00
A0439,225 25TH AV,San Francisco,CA,,DataSF wv5m-vpq2 (2025 roll),multiple_candidates,19,complete,aligned,1988,consistent,unknown,conflicting_facts,MRES,consistent,Multi-Family Residential,consistent,conflicting_facts,2026-10-04T02:11:41+00:00
A0440,4042 FULTON ST,San Francisco,CA,,DataSF wv5m-vpq2 (2025 roll),multiple_candidates,19,complete,aligned,1921,consistent,5.0,consistent,MRES,consistent,Multi-Family Residential,consistent,resolved,2026-10-04T02:11:41+00:00
A0457,1856 GREEN ST,San Francisco,CA,,DataSF wv5m-vpq2 (2025 roll),multiple_candidates,19,complete,aligned,1906,consistent,5.0,consistent,MRES,consistent,Multi-Family Residential,consistent,resolved,2026-10-04T02:11:41+00:00
A0461,735 11TH AV,San Francisco,CA,,DataSF wv5m-vpq2 (2025 roll),multiple_candidates,19,complete,aligned,1923,consistent,5.0,consistent,MRES,consistent,Multi-Family Residential,consistent,resolved,2026-10-04T02:11:41+00:00
A0477,2250 MISSION ST,San Francisco,CA,,DataSF wv5m-vpq2 (2025 roll),multiple_candidates,19,complete,aligned,1975,consistent,unknown,conflicting_facts,unknown,conflicting_facts,unknown,conflicting_facts,conflicting_facts,2026-10-04T02:11:41+00:00
A0481,536 LEAVENWORTH ST,San Francisco,CA,,DataSF wv5m-vpq2 (2025 roll),multiple_candidates,19,complete,aligned,1925,consistent,63.0,consistent,MRES,consistent,Multi-Family Residential,consistent,resolved,2026-10-04T02:11:41+00:00
A0483,1580 MARKET ST,San Francisco,CA,,DataSF wv5m-vpq2 (2025 roll),multiple_candidates,19,complete,aligned,1917,consistent,unknown,conflicting_facts,MRES,consistent,Multi-Family Residential,consistent,conflicting_facts,2026-10-04T02:11:41+00:00
A0484,1801 08TH AV,San Francisco,CA,,DataSF wv5m-vpq2 (2025 roll),multiple_candidates,19,complete,aligned,1948,consistent,5.0,consistent,MRES,consistent,Multi-Family Residential,consistent,resolved,2026-10-04T02:11:41+00:00
A0486,2280 MISSION ST,San Francisco,CA,,DataSF wv5m-vpq2 (2025 roll),multiple_candidates,19,complete,aligned,1910,consistent,9.0,consistent,unknown,conflicting_facts,unknown,conflicting_facts,conflicting_facts,2026-10-04T02:11:41+00:00
A0487,2118 FILLMORE ST,San Francisco,CA,,DataSF wv5m-vpq2 (2025 roll),multiple_candidates,19,complete,aligned,1900,consistent,11.0,consistent,unknown,conflicting_facts,unknown,conflicting_facts,conflicting_facts,2026-10-04T02:11:41+00:00
A0493,4450 GEARY BL,San Francisco,CA,,DataSF wv5m-vpq2 (2025 roll),multiple_candidates,19,complete,aligned,1916,consistent,10.0,consistent,MRES,consistent,Multi-Family Residential,consistent,resolved,2026-10-04T02:11:41+00:00
A0494,2641 FRANKLIN ST,San Francisco,CA,,DataSF wv5m-vpq2 (2025 roll),multiple_candidates,19,complete,aligned,1923,consistent,6.0,consistent,MRES,consistent,Multi-Family Residential,consistent,resolved,2026-10-04T02:11:41+00:00
