address_id,candidate_number,reported_candidate_count,candidate_capture_status,source_dataset,source_url,source_version,input_street_address,input_postal_city,input_state,input_zip,parcel_id,parcel_address,parcel_city,parcel_zip,year_built_raw,year_built_source_field,units_raw,units_source_field,use_code_raw,use_code_source_field,use_description_raw,use_description_source_field,input_parser_status,candidate_parser_status,address_alignment_status,candidate_decision,candidate_decision_reason,retrieved_at
A0001,1,1,complete,LA County eGIS parcels,https://cache.gis.lacounty.gov/cache/rest/services/LACounty_Cache/LACounty_Parcel/FeatureServer/0,2026,6238 DE LONGPRE AVE,Los Angeles,CA,90028,5546022008,6238 DE LONGPRE AVE LOS ANGELES CA 90028,LOS ANGELES CA,90028-8265,1927,YearBuilt1,32,Units1,0500,UseCode,Five or more apartments,UseDescription,parsed,parsed,aligned,eligible,unique aligned parcel,2026-10-04T01:51:09+00:00
A0002,1,1,complete,NJOGIS Parcels & MOD-IV Composite,https://services2.arcgis.com/XVOqAjTOJ5P6ngMu/arcgis/rest/services/Parcels_Composite_NJ_WM/FeatureServer/0,1761714000000,1031-1035 CLINTON ST,Hoboken,NJ,07030,0905_162_4,1031-1035 CLINTON ST,HOBOKEN CITY,07030,2001,YR_CONSTR,20,DWELL/COMM_DWELL,4C,PROP_CLASS,,PROP_USE,parsed,parsed,aligned,eligible,unique aligned parcel,2026-10-04T01:51:10+00:00
A0003,1,2,representative_only,NJOGIS Parcels & MOD-IV Composite,https://services2.arcgis.com/XVOqAjTOJ5P6ngMu/arcgis/rest/services/Parcels_Composite_NJ_WM/FeatureServer/0,1772427600000,876-878 S 14TH ST,Newark,NJ,11219,0714_3010_57,876-878 S 15TH ST,NEWARK CITY,11205,1907,YR_CONSTR,2,DWELL/COMM_DWELL,2,PROP_CLASS,,PROP_USE,parsed,parsed,not_aligned,excluded_from_automatic_resolution,candidate set not fully captured,2026-10-04T01:51:10+00:00
A0004,1,1,complete,LA County eGIS parcels,https://cache.gis.lacounty.gov/cache/rest/services/LACounty_Cache/LACounty_Parcel/FeatureServer/0,2026,10050 MOUNTAIR AVE,Los Angeles,CA,91042,2568009025,10050 MOUNTAIR AVE LOS ANGELES CA 91042,LOS ANGELES CA,91042-3676,1964,YearBuilt1,39,Units1,0500,UseCode,Five or more apartments,UseDescription,parsed,parsed,aligned,eligible,unique aligned parcel,2026-10-04T01:51:11+00:00
A0005,1,1,complete,Alameda County parcels,https://gis.cityofberkeley.info/arcgis3/rest/services/Public/GISPortal/MapServer/1,current,1609 ADDISON ST,Berkeley,CA,94703,056 200401500,1609 ADDISON ST BERKELEY 94703,BERKELEY,94703,,YearBuilt,6,Units,7700,UseCode,,,parsed,parsed,aligned,eligible,unique aligned parcel,2026-10-04T01:51:12+00:00
A0006,1,1,complete,Boston Property Assessment FY2026,https://data.boston.gov/dataset/e02c44d2-3c64-459c-8fe2-e1ce5f38a035/resource/ee73430d-96c0-423e-ad21-c4cfb54c8961/download/fy2026-property-assessment-data_rev.csv,FY2026,69-71 WESTLAND AV,Boston,MA,02115,0401466000,69 WESTLAND AV  ,Boston,02115,1900,YR_BUILT,,RES_UNITS,A,LU,SUBSD HOUSING S- 8,LU_DESC,parsed,parsed,aligned,eligible,unique aligned parcel,2026-10-04T01:51:12+00:00
A0007,1,1,complete,LA County eGIS parcels,https://cache.gis.lacounty.gov/cache/rest/services/LACounty_Cache/LACounty_Parcel/FeatureServer/0,2026,4257 SAN PEDRO PL,Los Angeles,CA,90011,5113034020,4257 SAN PEDRO PL LOS ANGELES CA 90011,LOS ANGELES CA,90011-2917,1913,YearBuilt1,4,Units1,0500,UseCode,Five or more apartments,UseDescription,parsed,parsed,aligned,eligible,unique aligned parcel,2026-10-04T01:51:13+00:00
A0008,1,1,complete,NJOGIS Parcels & MOD-IV Composite,https://services2.arcgis.com/XVOqAjTOJ5P6ngMu/arcgis/rest/services/Parcels_Composite_NJ_WM/FeatureServer/0,1761714000000,1065 SUMMIT AVENUE,Jersey City,NJ,78746,0906_2102_4,1065 SUMMIT AVENUE,JERSEY CITY CITY,78746,,YR_CONSTR,,DWELL/COMM_DWELL,4C,PROP_CLASS,021,PROP_USE,failed,failed,parser_failed,excluded_from_automatic_resolution,parser_failed,2026-10-04T01:51:14+00:00
A0009,1,1,complete,Cambridge Property Database FY2026 (waa7-ibdu),https://data.cambridgema.gov/resource/waa7-ibdu.json,2026,322-322.5 Western Ave,Cambridge,MA,,126-3,322-322.5 Western Ave,Cambridge,,1915,condition_yearbuilt,6,interior_numunits,111,stateclasscode,4-8-UNIT-APT,propertyclass/exterior_occupancy,parsed,parsed,aligned,eligible,unique aligned parcel,2026-10-04T01:51:14+00:00
A0010,1,1,complete,Cambridge Property Database FY2026 (waa7-ibdu),https://data.cambridgema.gov/resource/waa7-ibdu.json,2026,134 Oxford St,Cambridge,MA,,151-70,134 Oxford St,Cambridge,,1915,condition_yearbuilt,6,interior_numunits,111,stateclasscode,4-8-UNIT-APT,propertyclass/exterior_occupancy,parsed,parsed,aligned,eligible,unique aligned parcel,2026-10-04T01:51:15+00:00
A0011,1,1,complete,NJOGIS Parcels & MOD-IV Composite,https://services2.arcgis.com/XVOqAjTOJ5P6ngMu/arcgis/rest/services/Parcels_Composite_NJ_WM/FeatureServer/0,1772427600000,834-836 RAYMOND BLVD,Newark,NJ,08805,0714_2003_12,834-836 RAYMOND BLVD,NEWARK CITY,08805,,YR_CONSTR,1,DWELL/COMM_DWELL,4C,PROP_CLASS,029,PROP_USE,parsed,parsed,aligned,eligible,unique aligned parcel,2026-10-04T01:51:16+00:00
A0012,1,1,complete,NJOGIS Parcels & MOD-IV Composite,https://services2.arcgis.com/XVOqAjTOJ5P6ngMu/arcgis/rest/services/Parcels_Composite_NJ_WM/FeatureServer/0,1761714000000,1064 SUMMIT AVE.,Jersey City,NJ,07728,0906_1502_3,1064 SUMMIT AVE.,JERSEY CITY CITY,07728,1900,YR_CONSTR,,DWELL/COMM_DWELL,4C,PROP_CLASS,029,PROP_USE,parsed,parsed,aligned,eligible,unique aligned parcel,2026-10-04T01:51:16+00:00
A0013,1,1,complete,NJOGIS Parcels & MOD-IV Composite,https://services2.arcgis.com/XVOqAjTOJ5P6ngMu/arcgis/rest/services/Parcels_Composite_NJ_WM/FeatureServer/0,1772427600000,137 N 11TH ST,Newark,NJ,07107,0714_1927_56,137 N 11TH ST,NEWARK CITY,07107,,YR_CONSTR,1,DWELL/COMM_DWELL,4C,PROP_CLASS,029,PROP_USE,parsed,parsed,aligned,eligible,unique aligned parcel,2026-10-04T01:51:16+00:00
A0014,1,1,complete,LA County eGIS parcels,https://cache.gis.lacounty.gov/cache/rest/services/LACounty_Cache/LACounty_Parcel/FeatureServer/0,2026,5907 CAHUENGA BLVD,Los Angeles,CA,91601,2415014010,5907 CAHUENGA BLVD LOS ANGELES CA 91601,LOS ANGELES CA,91601-1506,1947,YearBuilt1,7,Units1,0500,UseCode,Five or more apartments,UseDescription,parsed,parsed,aligned,eligible,unique aligned parcel,2026-10-04T01:51:16+00:00
A0015,1,1,complete,Cambridge Property Database FY2026 (waa7-ibdu),https://data.cambridgema.gov/resource/waa7-ibdu.json,2026,15 Everett St,Cambridge,MA,,157-51,15 Everett St,Cambridge,,1930,condition_yearbuilt,83,interior_numunits,112,stateclasscode,>8-UNIT-APT,propertyclass/exterior_occupancy,parsed,parsed,aligned,eligible,unique aligned parcel,2026-10-04T01:51:17+00:00
A0017,1,1,complete,NJOGIS Parcels & MOD-IV Composite,https://services2.arcgis.com/XVOqAjTOJ5P6ngMu/arcgis/rest/services/Parcels_Composite_NJ_WM/FeatureServer/0,1761714000000,225 DUNCAN AVE.,Jersey City,NJ,10949,0906_16101_17,225 DUNCAN AVE.,JERSEY CITY CITY,10949,,YR_CONSTR,,DWELL/COMM_DWELL,4C,PROP_CLASS,029,PROP_USE,parsed,parsed,aligned,eligible,unique aligned parcel,2026-10-04T01:51:21+00:00
A0018,1,1,complete,Alameda County parcels,https://gis.cityofberkeley.info/arcgis3/rest/services/Public/GISPortal/MapServer/1,current,1906 BONITA AVE,Berkeley,CA,94704,057 205800500,1906 BONITA AVE BERKELEY 94704,BERKELEY,94704,,YearBuilt,5,Units,7200,UseCode,,,parsed,parsed,aligned,eligible,unique aligned parcel,2026-10-04T01:51:21+00:00
A0019,1,1,complete,SANDAG/SanGIS parcels,https://geo.sandag.org/server/rest/services/hosted/Parcels/FeatureServer/0,current,3820 HAINES ST,San Diego,CA,92109,4234241500,3820 HAINES ST,SAN DIEGO,92109-6367,62,year_effective,16,unitqty,15,asr_landuse,,,parsed,parsed,aligned,eligible,unique aligned parcel,2026-10-04T01:51:21+00:00
A0020,1,1,complete,NJOGIS Parcels & MOD-IV Composite,https://services2.arcgis.com/XVOqAjTOJ5P6ngMu/arcgis/rest/services/Parcels_Composite_NJ_WM/FeatureServer/0,1772427600000,646-648 N 6TH ST,Newark,NJ,07083,0714_641_5.01,646-648 N 6TH ST,NEWARK CITY,07083,,YR_CONSTR,1,DWELL/COMM_DWELL,4C,PROP_CLASS,029,PROP_USE,parsed,parsed,aligned,eligible,unique aligned parcel,2026-10-04T01:51:22+00:00
A0022,1,1,complete,LA County eGIS parcels,https://cache.gis.lacounty.gov/cache/rest/services/LACounty_Cache/LACounty_Parcel/FeatureServer/0,2026,10908 HARTSOOK ST,Los Angeles,CA,91601,2419002027,10908 HARTSOOK ST LOS ANGELES CA 91601,LOS ANGELES CA,91601-3961,2012,YearBuilt1,5,Units1,0500,UseCode,Five or more apartments,UseDescription,parsed,parsed,aligned,eligible,unique aligned parcel,2026-10-04T01:51:24+00:00
A0023,1,1,complete,LA County eGIS parcels,https://cache.gis.lacounty.gov/cache/rest/services/LACounty_Cache/LACounty_Parcel/FeatureServer/0,2026,843 IROLO ST,Los Angeles,CA,90005,5094020029,843 IROLO ST LOS ANGELES CA 90005,LOS ANGELES CA,90005-2465,1987,YearBuilt1,33,Units1,0500,UseCode,Five or more apartments,UseDescription,parsed,parsed,aligned,eligible,unique aligned parcel,2026-10-04T01:51:25+00:00
A0024,1,1,complete,Cambridge Property Database FY2026 (waa7-ibdu),https://data.cambridgema.gov/resource/waa7-ibdu.json,2026,227 Charles St,Cambridge,MA,,26-170,227 Charles St,Cambridge,,1920,condition_yearbuilt,6,interior_numunits,111,stateclasscode,4-8-UNIT-APT,propertyclass/exterior_occupancy,parsed,parsed,aligned,eligible,unique aligned parcel,2026-10-04T01:51:26+00:00
A0025,1,1,complete,Alameda County parcels,https://gis.cityofberkeley.info/arcgis3/rest/services/Public/GISPortal/MapServer/1,current,2341 8TH ST,Berkeley,CA,94710,056 193702001,2341 8TH ST BERKELEY 94710,BERKELEY,94710,,YearBuilt,10,Units,7700,UseCode,,,parsed,parsed,aligned,eligible,unique aligned parcel,2026-10-04T01:51:27+00:00
A0026,1,1,complete,NJOGIS Parcels & MOD-IV Composite,https://services2.arcgis.com/XVOqAjTOJ5P6ngMu/arcgis/rest/services/Parcels_Composite_NJ_WM/FeatureServer/0,1761714000000,59 OAK ST.,Jersey City,NJ,07306,0906_19503_34,59 OAK ST.,JERSEY CITY CITY,07306,1901,YR_CONSTR,,DWELL/COMM_DWELL,4C,PROP_CLASS,,PROP_USE,parsed,parsed,aligned,eligible,unique aligned parcel,2026-10-04T01:51:27+00:00
A0028,1,2,representative_only,NJOGIS Parcels & MOD-IV Composite,https://services2.arcgis.com/XVOqAjTOJ5P6ngMu/arcgis/rest/services/Parcels_Composite_NJ_WM/FeatureServer/0,1772427600000,585 5TH ST,Newark,NJ,07107,0714_597_50,585 N 6TH ST,NEWARK CITY,07107,1910,YR_CONSTR,3,DWELL/COMM_DWELL,2,PROP_CLASS,,PROP_USE,parsed,parsed,not_aligned,excluded_from_automatic_resolution,candidate set not fully captured,2026-10-04T01:51:32+00:00
A0029,1,1,complete,NJOGIS Parcels & MOD-IV Composite,https://services2.arcgis.com/XVOqAjTOJ5P6ngMu/arcgis/rest/services/Parcels_Composite_NJ_WM/FeatureServer/0,1772427600000,280-284 VERONA AVE,Newark,NJ,07653,0714_810_1,280-284 VERONA AVE,NEWARK CITY,07653,,YR_CONSTR,1,DWELL/COMM_DWELL,4C,PROP_CLASS,029,PROP_USE,parsed,parsed,aligned,eligible,unique aligned parcel,2026-10-04T01:51:32+00:00
A0031,1,1,complete,LA County eGIS parcels,https://cache.gis.lacounty.gov/cache/rest/services/LACounty_Cache/LACounty_Parcel/FeatureServer/0,2026,5624 S SAN PEDRO ST,Los Angeles,CA,90011,5101009039,5624 S SAN PEDRO ST LOS ANGELES CA 90011,LOS ANGELES CA,90011-5136,1911,YearBuilt1,1,Units1,0500,UseCode,Five or more apartments,UseDescription,parsed,parsed,aligned,eligible,unique aligned parcel,2026-10-04T01:51:36+00:00
A0032,1,1,complete,NJOGIS Parcels & MOD-IV Composite,https://services2.arcgis.com/XVOqAjTOJ5P6ngMu/arcgis/rest/services/Parcels_Composite_NJ_WM/FeatureServer/0,1761714000000,63 OAK ST.,Jersey City,NJ,08820,0906_19503_32,63 OAK ST.,JERSEY CITY CITY,08820,,YR_CONSTR,,DWELL/COMM_DWELL,4C,PROP_CLASS,,PROP_USE,parsed,parsed,aligned,eligible,unique aligned parcel,2026-10-04T01:51:37+00:00
A0034,1,1,complete,Cambridge Property Database FY2026 (waa7-ibdu),https://data.cambridgema.gov/resource/waa7-ibdu.json,2026,25 Gore St,Cambridge,MA,,20-12,25 Gore St,Cambridge,,1886,condition_yearbuilt,6,interior_numunits,111,stateclasscode,4-8-UNIT-APT,propertyclass/exterior_occupancy,parsed,parsed,aligned,eligible,unique aligned parcel,2026-10-04T01:51:38+00:00
A0035,1,1,complete,LA County eGIS parcels,https://cache.gis.lacounty.gov/cache/rest/services/LACounty_Cache/LACounty_Parcel/FeatureServer/0,2026,5239 HARMONY AVE,Los Angeles,CA,91601,2416009031,5239 HARMONY AVE LOS ANGELES CA 91601,LOS ANGELES CA,91601-5532,1997,YearBuilt1,14,Units1,0500,UseCode,Five or more apartments,UseDescription,parsed,parsed,aligned,eligible,unique aligned parcel,2026-10-04T01:51:39+00:00
A0036,1,1,complete,Boston Property Assessment FY2026,https://data.boston.gov/dataset/e02c44d2-3c64-459c-8fe2-e1ce5f38a035/resource/ee73430d-96c0-423e-ad21-c4cfb54c8961/download/fy2026-property-assessment-data_rev.csv,FY2026,33 WARD ST,South Boston,MA,02127,0700676000,33 WARD ST  ,Boston,02127,2019,YR_BUILT,,RES_UNITS,A,LU,APT 7-30 UNITS,LU_DESC,parsed,parsed,aligned,eligible,unique aligned parcel,2026-10-04T01:51:40+00:00
A0037,1,1,complete,LA County eGIS parcels,https://cache.gis.lacounty.gov/cache/rest/services/LACounty_Cache/LACounty_Parcel/FeatureServer/0,2026,770 IROLO ST,Los Angeles,CA,90005,5094004010,770 IROLO ST LOS ANGELES CA 90005,LOS ANGELES CA,90005-2370,2001,YearBuilt1,47,Units1,0500,UseCode,Five or more apartments,UseDescription,parsed,parsed,aligned,eligible,unique aligned parcel,2026-10-04T01:51:40+00:00
A0039,1,1,complete,Cambridge Property Database FY2026 (waa7-ibdu),https://data.cambridgema.gov/resource/waa7-ibdu.json,2026,1 Craigie St,Cambridge,MA,,224-12,1 Craigie St,Cambridge,,1910,condition_yearbuilt,32,interior_numunits,112,stateclasscode,>8-UNIT-APT,propertyclass/exterior_occupancy,parsed,parsed,aligned,eligible,unique aligned parcel,2026-10-04T01:51:43+00:00
A0040,1,1,complete,NJOGIS Parcels & MOD-IV Composite,https://services2.arcgis.com/XVOqAjTOJ5P6ngMu/arcgis/rest/services/Parcels_Composite_NJ_WM/FeatureServer/0,1761714000000,69-75 JACKSON ST,Hoboken,NJ,07030,0905_15_5,69-75 JACKSON ST,HOBOKEN CITY,07030,,YR_CONSTR,31,DWELL/COMM_DWELL,4C,PROP_CLASS,,PROP_USE,parsed,parsed,aligned,eligible,unique aligned parcel,2026-10-04T01:51:43+00:00
A0042,1,1,complete,NJOGIS Parcels & MOD-IV Composite,https://services2.arcgis.com/XVOqAjTOJ5P6ngMu/arcgis/rest/services/Parcels_Composite_NJ_WM/FeatureServer/0,1761714000000,320 FORREST ST.,Jersey City,NJ,07304,0906_19503_44,320 FORREST ST.,JERSEY CITY CITY,07304,1912,YR_CONSTR,,DWELL/COMM_DWELL,4C,PROP_CLASS,,PROP_USE,parsed,parsed,aligned,eligible,unique aligned parcel,2026-10-04T01:51:46+00:00
A0043,1,1,complete,Cambridge Property Database FY2026 (waa7-ibdu),https://data.cambridgema.gov/resource/waa7-ibdu.json,2026,4 Orchard St,Cambridge,MA,,179-38,4 Orchard St,Cambridge,,1920,condition_yearbuilt,6,interior_numunits,111,stateclasscode,4-8-UNIT-APT,propertyclass/exterior_occupancy,parsed,parsed,aligned,eligible,unique aligned parcel,2026-10-04T01:51:46+00:00
A0044,1,1,complete,NJOGIS Parcels & MOD-IV Composite,https://services2.arcgis.com/XVOqAjTOJ5P6ngMu/arcgis/rest/services/Parcels_Composite_NJ_WM/FeatureServer/0,1772427600000,773-775 SANDFORD AVE,Newark,NJ,11211,0714_4132_3,773-775 SANDFORD AVE,NEWARK CITY,11211,,YR_CONSTR,1,DWELL/COMM_DWELL,4C,PROP_CLASS,100,PROP_USE,parsed,parsed,aligned,eligible,unique aligned parcel,2026-10-04T01:51:46+00:00
A0045,1,1,complete,LA County eGIS parcels,https://cache.gis.lacounty.gov/cache/rest/services/LACounty_Cache/LACounty_Parcel/FeatureServer/0,2026,12829 BRANFORD ST,Los Angeles,CA,91331,2626014030,12829 BRANFORD ST LOS ANGELES CA 91331,LOS ANGELES CA,91331-4206,1987,YearBuilt1,65,Units1,0501,UseCode,Five or more apartments,UseDescription,parsed,parsed,aligned,eligible,unique aligned parcel,2026-10-04T01:51:46+00:00
A0046,1,1,complete,Cambridge Property Database FY2026 (waa7-ibdu),https://data.cambridgema.gov/resource/waa7-ibdu.json,2026,8-12 Soden St,Cambridge,MA,,124-91,8-12 Soden St,Cambridge,,1975,condition_yearbuilt,44,interior_numunits,112,stateclasscode,>8-UNIT-APT,propertyclass/exterior_occupancy,parsed,parsed,aligned,eligible,unique aligned parcel,2026-10-04T01:51:47+00:00
A0047,1,1,complete,NJOGIS Parcels & MOD-IV Composite,https://services2.arcgis.com/XVOqAjTOJ5P6ngMu/arcgis/rest/services/Parcels_Composite_NJ_WM/FeatureServer/0,1761714000000,14 RUTGERS AVE.,Jersey City,NJ,07304,0906_28201_24,14 RUTGERS AVE.,JERSEY CITY CITY,07304,1913,YR_CONSTR,,DWELL/COMM_DWELL,4C,PROP_CLASS,,PROP_USE,parsed,parsed,aligned,eligible,unique aligned parcel,2026-10-04T01:51:48+00:00
A0048,1,1,complete,Boston Property Assessment FY2026,https://data.boston.gov/dataset/e02c44d2-3c64-459c-8fe2-e1ce5f38a035/resource/ee73430d-96c0-423e-ad21-c4cfb54c8961/download/fy2026-property-assessment-data_rev.csv,FY2026,1619 COMMONWEALTH AV,Brighton,MA,02135,2101918000,1619 COMMONWEALTH AV  ,Boston,02135,1899,YR_BUILT,,RES_UNITS,A,LU,APT 7-30 UNITS,LU_DESC,parsed,parsed,aligned,eligible,unique aligned parcel,2026-10-04T01:51:48+00:00
A0049,1,1,complete,NJOGIS Parcels & MOD-IV Composite,https://services2.arcgis.com/XVOqAjTOJ5P6ngMu/arcgis/rest/services/Parcels_Composite_NJ_WM/FeatureServer/0,1761714000000,721 CLINTON ST,Hoboken,NJ,07856,0905_159_7,721 CLINTON ST,HOBOKEN CITY,07856,,YR_CONSTR,,DWELL/COMM_DWELL,4C,PROP_CLASS,029,PROP_USE,parsed,parsed,aligned,eligible,unique aligned parcel,2026-10-04T01:51:49+00:00
A0051,1,1,complete,NJOGIS Parcels & MOD-IV Composite,https://services2.arcgis.com/XVOqAjTOJ5P6ngMu/arcgis/rest/services/Parcels_Composite_NJ_WM/FeatureServer/0,1761714000000,65 OAKLAND AVE.,Jersey City,NJ,07423,0906_5701_11,65 OAKLAND AVE.,JERSEY CITY CITY,07423,1,YR_CONSTR,,DWELL/COMM_DWELL,4C,PROP_CLASS,,PROP_USE,parsed,parsed,aligned,eligible,unique aligned parcel,2026-10-04T01:51:53+00:00
A0052,1,1,complete,Boston Property Assessment FY2026,https://data.boston.gov/dataset/e02c44d2-3c64-459c-8fe2-e1ce5f38a035/resource/ee73430d-96c0-423e-ad21-c4cfb54c8961/download/fy2026-property-assessment-data_rev.csv,FY2026,88 Gardner ST,Allston,MA,02134,2100538000,88 Gardner ST  ,Boston,02134,1965,YR_BUILT,,RES_UNITS,A,LU,APT 7-30 UNITS,LU_DESC,parsed,parsed,aligned,eligible,unique aligned parcel,2026-10-04T01:51:53+00:00
A0053,1,1,complete,Boston Property Assessment FY2026,https://data.boston.gov/dataset/e02c44d2-3c64-459c-8fe2-e1ce5f38a035/resource/ee73430d-96c0-423e-ad21-c4cfb54c8961/download/fy2026-property-assessment-data_rev.csv,FY2026,32 Garrison ST,Boston,MA,02116,0400972000,32 Garrison ST  ,Boston,02116,1990,YR_BUILT,,RES_UNITS,A,LU,LUXURY APARTMENT,LU_DESC,parsed,parsed,aligned,eligible,unique aligned parcel,2026-10-04T01:51:54+00:00
A0054,1,1,complete,Boston Property Assessment FY2026,https://data.boston.gov/dataset/e02c44d2-3c64-459c-8fe2-e1ce5f38a035/resource/ee73430d-96c0-423e-ad21-c4cfb54c8961/download/fy2026-property-assessment-data_rev.csv,FY2026,13 Shetland ST,Roxbury,MA,02119,0800437000,13 Shetland ST  ,Boston,02119,2020,YR_BUILT,,RES_UNITS,A,LU,APT 7-30 UNITS,LU_DESC,parsed,parsed,aligned,eligible,unique aligned parcel,2026-10-04T01:51:55+00:00
A0056,1,1,complete,Boston Property Assessment FY2026,https://data.boston.gov/dataset/e02c44d2-3c64-459c-8fe2-e1ce5f38a035/resource/ee73430d-96c0-423e-ad21-c4cfb54c8961/download/fy2026-property-assessment-data_rev.csv,FY2026,41-43 Edgerly RD,Boston,MA,02115,0401409000,41 Edgerly RD  ,Boston,02115,1920,YR_BUILT,,RES_UNITS,A,LU,APT 7-30 UNITS,LU_DESC,parsed,parsed,aligned,eligible,unique aligned parcel,2026-10-04T01:51:56+00:00
A0057,1,1,complete,NJOGIS Parcels & MOD-IV Composite,https://services2.arcgis.com/XVOqAjTOJ5P6ngMu/arcgis/rest/services/Parcels_Composite_NJ_WM/FeatureServer/0,1772427600000,57 STONE ST,Newark,NJ,07012,0714_485_10,57 STONE ST,NEWARK CITY,07012,,YR_CONSTR,1,DWELL/COMM_DWELL,4C,PROP_CLASS,020,PROP_USE,parsed,parsed,aligned,eligible,unique aligned parcel,2026-10-04T01:51:57+00:00
A0058,1,1,complete,SANDAG/SanGIS parcels,https://geo.sandag.org/server/rest/services/hosted/Parcels/FeatureServer/0,current,3137 BOSTON AVE,San Diego,CA,92113,5502602600,3137 BOSTON AVE,SAN DIEGO,92113-3745,69,year_effective,7,unitqty,14,asr_landuse,,,parsed,parsed,aligned,eligible,unique aligned parcel,2026-10-04T01:51:57+00:00
A0059,1,1,complete,NJOGIS Parcels & MOD-IV Composite,https://services2.arcgis.com/XVOqAjTOJ5P6ngMu/arcgis/rest/services/Parcels_Composite_NJ_WM/FeatureServer/0,1772427600000,84-86 WALNUT ST,Newark,NJ,07078,0714_877_21,84-86 WALNUT ST,NEWARK CITY,07078,,YR_CONSTR,1,DWELL/COMM_DWELL,4C,PROP_CLASS,029,PROP_USE,parsed,parsed,aligned,eligible,unique aligned parcel,2026-10-04T01:51:57+00:00
A0060,1,1,complete,LA County eGIS parcels,https://cache.gis.lacounty.gov/cache/rest/services/LACounty_Cache/LACounty_Parcel/FeatureServer/0,2026,5737 WILLOWCREST AVE,Los Angeles,CA,91601,2415021020,5737 WILLOWCREST AVE LOS ANGELES CA 91601,LOS ANGELES CA,91601-2124,1962,YearBuilt1,8,Units1,0500,UseCode,Five or more apartments,UseDescription,parsed,parsed,aligned,eligible,unique aligned parcel,2026-10-04T01:51:57+00:00
A0063,1,2,representative_only,Boston Property Assessment FY2026,https://data.boston.gov/dataset/e02c44d2-3c64-459c-8fe2-e1ce5f38a035/resource/ee73430d-96c0-423e-ad21-c4cfb54c8961/download/fy2026-property-assessment-data_rev.csv,FY2026,11 Cortes ST,Boston,MA,02116,0501101000,11 Cortes ST  ,Boston,02116,1899,YR_BUILT,,RES_UNITS,A,LU,APT 7-30 UNITS,LU_DESC,parsed,parsed,aligned,excluded_from_automatic_resolution,candidate set not fully captured,2026-10-04T01:52:02+00:00
A0064,1,2,representative_only,Cambridge Property Database FY2026 (waa7-ibdu),https://data.cambridgema.gov/resource/waa7-ibdu.json,2026,24-26 Concord Ave,Cambridge,MA,,216-34,24-26 Concord Ave,Cambridge,,1890,condition_yearbuilt,84,interior_numunits,112,stateclasscode,>8-UNIT-APT,propertyclass/exterior_occupancy,parsed,parsed,aligned,excluded_from_automatic_resolution,candidate set not fully captured,2026-10-04T01:52:03+00:00
A0065,1,1,complete,Boston Property Assessment FY2026,https://data.boston.gov/dataset/e02c44d2-3c64-459c-8fe2-e1ce5f38a035/resource/ee73430d-96c0-423e-ad21-c4cfb54c8961/download/fy2026-property-assessment-data_rev.csv,FY2026,63 Bailey ST,Dorchester,MA,02124,1704522020,63 Bailey ST  ,Boston,02124,,YR_BUILT,,RES_UNITS,A,LU,LUXURY APARTMENT,LU_DESC,parsed,parsed,aligned,eligible,unique aligned parcel,2026-10-04T01:52:03+00:00
A0066,1,1,complete,LA County eGIS parcels,https://cache.gis.lacounty.gov/cache/rest/services/LACounty_Cache/LACounty_Parcel/FeatureServer/0,2026,1318 N ORANGE DR,Los Angeles,CA,90028,5548023103,1318 N ORANGE DR LOS ANGELES CA 90028,LOS ANGELES CA,90028-7559,1988,YearBuilt1,36,Units1,0500,UseCode,Five or more apartments,UseDescription,parsed,parsed,aligned,eligible,unique aligned parcel,2026-10-04T01:52:04+00:00
A0067,1,1,complete,LA County eGIS parcels,https://cache.gis.lacounty.gov/cache/rest/services/LACounty_Cache/LACounty_Parcel/FeatureServer/0,2026,1335 N VISTA ST,Los Angeles,CA,90046,5550023014,1335 N VISTA ST LOS ANGELES CA 90046,LOS ANGELES CA,90046-4824,1954,YearBuilt1,8,Units1,0500,UseCode,Five or more apartments,UseDescription,parsed,parsed,aligned,eligible,unique aligned parcel,2026-10-04T01:52:05+00:00
A0068,1,1,complete,Boston Property Assessment FY2026,https://data.boston.gov/dataset/e02c44d2-3c64-459c-8fe2-e1ce5f38a035/resource/ee73430d-96c0-423e-ad21-c4cfb54c8961/download/fy2026-property-assessment-data_rev.csv,FY2026,40-42 Clearway ST,Boston,MA,02115,0401193000,40 Clearway ST  ,Boston,02115,1920,YR_BUILT,,RES_UNITS,A,LU,APT 7-30 UNITS,LU_DESC,parsed,parsed,aligned,eligible,unique aligned parcel,2026-10-04T01:52:06+00:00
A0070,1,1,complete,Cambridge Property Database FY2026 (waa7-ibdu),https://data.cambridgema.gov/resource/waa7-ibdu.json,2026,43 Fayette St,Cambridge,MA,,113-47,43 Fayette St,Cambridge,,1910,condition_yearbuilt,7,interior_numunits,111,stateclasscode,4-8-UNIT-APT,propertyclass/exterior_occupancy,parsed,parsed,aligned,eligible,unique aligned parcel,2026-10-04T01:52:10+00:00
A0071,1,0,none,Cambridge Property Database FY2026 (waa7-ibdu),https://data.cambridgema.gov/resource/waa7-ibdu.json,,14.5-16 Vandine St,Cambridge,MA,,,,,,,,,,,,,,parsed,failed,parser_failed,excluded_from_automatic_resolution,candidate set not fully captured,2026-10-04T01:52:10+00:00
A0073,1,1,complete,Cambridge Property Database FY2026 (waa7-ibdu),https://data.cambridgema.gov/resource/waa7-ibdu.json,2026,35-37 Inman St,Cambridge,MA,,118-55,35-37 Inman St,Cambridge,,1900,condition_yearbuilt,6,interior_numunits,111,stateclasscode,4-8-UNIT-APT,propertyclass/exterior_occupancy,parsed,parsed,aligned,eligible,unique aligned parcel,2026-10-04T01:52:12+00:00
A0074,1,1,complete,LA County eGIS parcels,https://cache.gis.lacounty.gov/cache/rest/services/LACounty_Cache/LACounty_Parcel/FeatureServer/0,2026,717 S BERENDO ST,Los Angeles,CA,90005,5094009013,717 S BERENDO ST LOS ANGELES CA 90005,LOS ANGELES CA,90005-1650,1963,YearBuilt1,34,Units1,0500,UseCode,Five or more apartments,UseDescription,parsed,parsed,aligned,eligible,unique aligned parcel,2026-10-04T01:52:12+00:00
A0075,1,1,complete,Cambridge Property Database FY2026 (waa7-ibdu),https://data.cambridgema.gov/resource/waa7-ibdu.json,2026,27 Everett St,Cambridge,MA,,157-19,27 Everett St,Cambridge,,1880,condition_yearbuilt,10,interior_numunits,112,stateclasscode,>8-UNIT-APT,propertyclass/exterior_occupancy,parsed,parsed,aligned,eligible,unique aligned parcel,2026-10-04T01:52:14+00:00
A0076,1,1,complete,NJOGIS Parcels & MOD-IV Composite,https://services2.arcgis.com/XVOqAjTOJ5P6ngMu/arcgis/rest/services/Parcels_Composite_NJ_WM/FeatureServer/0,1772427600000,304 E KINNEY ST,Newark,NJ,07033,0714_958_45,304 E KINNEY ST,NEWARK CITY,07033,,YR_CONSTR,1,DWELL/COMM_DWELL,4C,PROP_CLASS,029,PROP_USE,parsed,parsed,aligned,eligible,unique aligned parcel,2026-10-04T01:52:14+00:00
A0077,1,1,complete,Cambridge Property Database FY2026 (waa7-ibdu),https://data.cambridgema.gov/resource/waa7-ibdu.json,2026,91 Brookline St,Cambridge,MA,,94-91,91 Brookline St,Cambridge,,1902,condition_yearbuilt,6,interior_numunits,111,stateclasscode,4-8-UNIT-APT,propertyclass/exterior_occupancy,parsed,parsed,aligned,eligible,unique aligned parcel,2026-10-04T01:52:14+00:00
A0078,1,1,complete,NJOGIS Parcels & MOD-IV Composite,https://services2.arcgis.com/XVOqAjTOJ5P6ngMu/arcgis/rest/services/Parcels_Composite_NJ_WM/FeatureServer/0,1761714000000,115 BAYVIEW AVE.,Jersey City,NJ,07304,0906_24001_26,115 BAYVIEW AVE.,JERSEY CITY CITY,07304,,YR_CONSTR,,DWELL/COMM_DWELL,4C,PROP_CLASS,,PROP_USE,parsed,parsed,aligned,eligible,unique aligned parcel,2026-10-04T01:52:15+00:00
A0079,1,1,complete,LA County eGIS parcels,https://cache.gis.lacounty.gov/cache/rest/services/LACounty_Cache/LACounty_Parcel/FeatureServer/0,2026,2361 PORTLAND ST,Los Angeles,CA,90007,5124010016,2361 PORTLAND ST LOS ANGELES CA 90007,LOS ANGELES CA,90007-1917,1912,YearBuilt1,8,Units1,0500,UseCode,Five or more apartments,UseDescription,parsed,parsed,aligned,eligible,unique aligned parcel,2026-10-04T01:52:15+00:00
A0080,1,1,complete,LA County eGIS parcels,https://cache.gis.lacounty.gov/cache/rest/services/LACounty_Cache/LACounty_Parcel/FeatureServer/0,2026,690 S CATALINA ST,Los Angeles,CA,90005,5094007022,690 S CATALINA ST LOS ANGELES CA 90005,LOS ANGELES CA,90005-1740,2002,YearBuilt1,90,Units1,0500,UseCode,Five or more apartments,UseDescription,parsed,parsed,aligned,eligible,unique aligned parcel,2026-10-04T01:52:16+00:00
A0082,1,1,complete,Cambridge Property Database FY2026 (waa7-ibdu),https://data.cambridgema.gov/resource/waa7-ibdu.json,2026,63 Inman St,Cambridge,MA,,114-94,63 Inman St,Cambridge,,1880,condition_yearbuilt,16,interior_numunits,112,stateclasscode,>8-UNIT-APT,propertyclass/exterior_occupancy,parsed,parsed,aligned,eligible,unique aligned parcel,2026-10-04T01:52:18+00:00
A0083,1,1,complete,Boston Property Assessment FY2026,https://data.boston.gov/dataset/e02c44d2-3c64-459c-8fe2-e1ce5f38a035/resource/ee73430d-96c0-423e-ad21-c4cfb54c8961/download/fy2026-property-assessment-data_rev.csv,FY2026,38 KENILWORTH ST,Roxbury,MA,02119,0903209000,38 KENILWORTH ST  ,Boston,02119,1890,YR_BUILT,,RES_UNITS,A,LU,SUBSD HOUSING S- 8,LU_DESC,parsed,parsed,aligned,eligible,unique aligned parcel,2026-10-04T01:52:19+00:00
A0086,1,1,complete,Cambridge Property Database FY2026 (waa7-ibdu),https://data.cambridgema.gov/resource/waa7-ibdu.json,2026,67 Plymouth St,Cambridge,MA,,78-47,67 Plymouth St,Cambridge,,1837,condition_yearbuilt,5,interior_numunits,111,stateclasscode,4-8-UNIT-APT,propertyclass/exterior_occupancy,parsed,parsed,aligned,eligible,unique aligned parcel,2026-10-04T01:52:24+00:00
A0087,1,1,complete,NJOGIS Parcels & MOD-IV Composite,https://services2.arcgis.com/XVOqAjTOJ5P6ngMu/arcgis/rest/services/Parcels_Composite_NJ_WM/FeatureServer/0,1761714000000,323 BLOOMFIELD ST,Hoboken,NJ,07504,0905_202_12,323 BLOOMFIELD ST,HOBOKEN CITY,07504,,YR_CONSTR,16,DWELL/COMM_DWELL,4C,PROP_CLASS,,PROP_USE,parsed,parsed,aligned,eligible,unique aligned parcel,2026-10-04T01:52:25+00:00
A0089,1,1,complete,NJOGIS Parcels & MOD-IV Composite,https://services2.arcgis.com/XVOqAjTOJ5P6ngMu/arcgis/rest/services/Parcels_Composite_NJ_WM/FeatureServer/0,1761714000000,935 PARK AVE,Hoboken,NJ,07030,0905_184_19,935 PARK AVE,HOBOKEN CITY,07030,,YR_CONSTR,10,DWELL/COMM_DWELL,4C,PROP_CLASS,738,PROP_USE,parsed,parsed,aligned,eligible,unique aligned parcel,2026-10-04T01:52:27+00:00
A0090,1,1,complete,NJOGIS Parcels & MOD-IV Composite,https://services2.arcgis.com/XVOqAjTOJ5P6ngMu/arcgis/rest/services/Parcels_Composite_NJ_WM/FeatureServer/0,1772427600000,30 JACKSON ST,Newark,NJ,07105,0714_1999_40,30 JACKSON ST,NEWARK CITY,07105,,YR_CONSTR,1,DWELL/COMM_DWELL,4C,PROP_CLASS,029,PROP_USE,parsed,parsed,aligned,eligible,unique aligned parcel,2026-10-04T01:52:27+00:00
A0091,1,1,complete,Alameda County parcels,https://gis.cityofberkeley.info/arcgis3/rest/services/Public/GISPortal/MapServer/1,current,2229 DWIGHT WAY,Berkeley,CA,94704,055 188900901,2229 DWIGHT WAY BERKELEY 94704,BERKELEY,94704,,YearBuilt,8,Units,7700,UseCode,,,parsed,parsed,aligned,eligible,unique aligned parcel,2026-10-04T01:52:27+00:00
A0092,1,1,complete,Alameda County parcels,https://gis.cityofberkeley.info/arcgis3/rest/services/Public/GISPortal/MapServer/1,current,2514 PIEDMONT AVE,Berkeley,CA,94704,055 185000401,2514 PIEDMONT AVE BERKELEY 94704,BERKELEY,94704,,YearBuilt,32,Units,7700,UseCode,,,parsed,parsed,aligned,eligible,unique aligned parcel,2026-10-04T01:52:27+00:00
A0093,1,1,complete,Boston Property Assessment FY2026,https://data.boston.gov/dataset/e02c44d2-3c64-459c-8fe2-e1ce5f38a035/resource/ee73430d-96c0-423e-ad21-c4cfb54c8961/download/fy2026-property-assessment-data_rev.csv,FY2026,90 BICKFORD ST,Jamaica Plain,MA,02130,1002334010,90 BICKFORD ST  ,Boston,02130,2004,YR_BUILT,,RES_UNITS,A,LU,ELDERLY HOME,LU_DESC,parsed,parsed,aligned,eligible,unique aligned parcel,2026-10-04T01:52:27+00:00
A0094,1,1,complete,SANDAG/SanGIS parcels,https://geo.sandag.org/server/rest/services/hosted/Parcels/FeatureServer/0,current,1371 27TH ST,San Diego,CA,92154,6301500600,1371 27TH ST,SAN DIEGO,92154-3287,85,year_effective,88,unitqty,16,asr_landuse,,,parsed,parsed,aligned,eligible,unique aligned parcel,2026-10-04T01:52:28+00:00
A0095,1,1,complete,Cambridge Property Database FY2026 (waa7-ibdu),https://data.cambridgema.gov/resource/waa7-ibdu.json,2026,23 Elm St,Cambridge,MA,,88-51,23 Elm St,Cambridge,,1900,condition_yearbuilt,6,interior_numunits,111,stateclasscode,4-8-UNIT-APT,propertyclass/exterior_occupancy,parsed,parsed,aligned,eligible,unique aligned parcel,2026-10-04T01:52:28+00:00
A0096,1,1,complete,Boston Property Assessment FY2026,https://data.boston.gov/dataset/e02c44d2-3c64-459c-8fe2-e1ce5f38a035/resource/ee73430d-96c0-423e-ad21-c4cfb54c8961/download/fy2026-property-assessment-data_rev.csv,FY2026,81 WESTLAND AV,Boston,MA,02115,0401471000,81 WESTLAND AV  ,Boston,02115,1910,YR_BUILT,,RES_UNITS,A,LU,SUBSD HOUSING S- 8,LU_DESC,parsed,parsed,aligned,eligible,unique aligned parcel,2026-10-04T01:52:29+00:00
A0098,1,0,none,Boston Property Assessment FY2026,https://data.boston.gov/dataset/e02c44d2-3c64-459c-8fe2-e1ce5f38a035/resource/ee73430d-96c0-423e-ad21-c4cfb54c8961/download/fy2026-property-assessment-data_rev.csv,,WILLOWWOOD ST,Dorchester,MA,02124,,,,,,,,,,,,,failed,failed,parser_failed,excluded_from_automatic_resolution,candidate set not fully captured,2026-10-04T01:52:31+00:00
A0099,1,1,complete,NJOGIS Parcels & MOD-IV Composite,https://services2.arcgis.com/XVOqAjTOJ5P6ngMu/arcgis/rest/services/Parcels_Composite_NJ_WM/FeatureServer/0,1761714000000,822 WASHINGTON ST,Hoboken,NJ,07458,0905_207_23.02,822 WASHINGTON ST,HOBOKEN CITY,07458,,YR_CONSTR,5,DWELL/COMM_DWELL,4C,PROP_CLASS,,PROP_USE,parsed,parsed,aligned,eligible,unique aligned parcel,2026-10-04T01:52:32+00:00
A0100,1,1,complete,SANDAG/SanGIS parcels,https://geo.sandag.org/server/rest/services/hosted/Parcels/FeatureServer/0,current,4732 BANCROFT ST,San Diego,CA,92116,4393822300,4732 BANCROFT ST,SAN DIEGO,92116-1663,85,year_effective,7,unitqty,14,asr_landuse,,,parsed,parsed,aligned,eligible,unique aligned parcel,2026-10-04T01:52:32+00:00
A0101,1,1,complete,NJOGIS Parcels & MOD-IV Composite,https://services2.arcgis.com/XVOqAjTOJ5P6ngMu/arcgis/rest/services/Parcels_Composite_NJ_WM/FeatureServer/0,1761714000000,315-319 FAIRMOUNT AVENUE,Jersey City,NJ,07039,0906_16501_11,315-319 FAIRMOUNT AVENUE,JERSEY CITY CITY,07039,,YR_CONSTR,,DWELL/COMM_DWELL,4C,PROP_CLASS,,PROP_USE,failed,failed,parser_failed,excluded_from_automatic_resolution,parser_failed,2026-10-04T01:52:32+00:00
A0102,1,1,complete,NJOGIS Parcels & MOD-IV Composite,https://services2.arcgis.com/XVOqAjTOJ5P6ngMu/arcgis/rest/services/Parcels_Composite_NJ_WM/FeatureServer/0,1761714000000,124 BLOOMFIELD ST,Hoboken,NJ,10003,0905_188_31,124 BLOOMFIELD ST,HOBOKEN CITY,10003,,YR_CONSTR,5,DWELL/COMM_DWELL,4C,PROP_CLASS,738,PROP_USE,parsed,parsed,aligned,eligible,unique aligned parcel,2026-10-04T01:52:32+00:00
A0103,1,1,complete,Alameda County parcels,https://gis.cityofberkeley.info/arcgis3/rest/services/Public/GISPortal/MapServer/1,current,2161 ALLSTON WAY,Berkeley,CA,94704,057 203100300,2161 ALLSTON WAY BERKELEY 94704,BERKELEY,94704,2002,YearBuilt,60,Units,7700,UseCode,,,parsed,parsed,aligned,eligible,unique aligned parcel,2026-10-04T01:52:33+00:00
A0104,1,2,representative_only,NJOGIS Parcels & MOD-IV Composite,https://services2.arcgis.com/XVOqAjTOJ5P6ngMu/arcgis/rest/services/Parcels_Composite_NJ_WM/FeatureServer/0,1772427600000,409 5TH ST,Newark,NJ,07012,0714_1950_49,409 5TH ST,NEWARK CITY,07012,,YR_CONSTR,1,DWELL/COMM_DWELL,4C,PROP_CLASS,029,PROP_USE,parsed,parsed,aligned,excluded_from_automatic_resolution,candidate set not fully captured,2026-10-04T01:52:33+00:00
A0107,1,1,complete,LA County eGIS parcels,https://cache.gis.lacounty.gov/cache/rest/services/LACounty_Cache/LACounty_Parcel/FeatureServer/0,2026,10635 SHERMAN GROVE AVE,Los Angeles,CA,91040,2555031004,10635 SHERMAN GROVE AVE LOS ANGELES CA 91040,LOS ANGELES CA,91040-2702,1978,YearBuilt1,20,Units1,0500,UseCode,Five or more apartments,UseDescription,parsed,parsed,aligned,eligible,unique aligned parcel,2026-10-04T01:52:39+00:00
A0108,1,1,complete,NJOGIS Parcels & MOD-IV Composite,https://services2.arcgis.com/XVOqAjTOJ5P6ngMu/arcgis/rest/services/Parcels_Composite_NJ_WM/FeatureServer/0,1761714000000,13 JEFFERSON AVE.,Jersey City,NJ,07030,0906_5902_15,13 JEFFERSON AVE.,JERSEY CITY CITY,07030,,YR_CONSTR,,DWELL/COMM_DWELL,4C,PROP_CLASS,,PROP_USE,parsed,parsed,aligned,eligible,unique aligned parcel,2026-10-04T01:52:39+00:00
A0109,1,1,complete,Alameda County parcels,https://gis.cityofberkeley.info/arcgis3/rest/services/Public/GISPortal/MapServer/1,current,2922 OTIS ST,Berkeley,CA,94703,053 159901000,2922 OTIS ST BERKELEY 94703,BERKELEY,94703,1961,YearBuilt,5,Units,7700,UseCode,,,parsed,parsed,aligned,eligible,unique aligned parcel,2026-10-04T01:52:40+00:00
A0110,1,1,complete,NJOGIS Parcels & MOD-IV Composite,https://services2.arcgis.com/XVOqAjTOJ5P6ngMu/arcgis/rest/services/Parcels_Composite_NJ_WM/FeatureServer/0,1772427600000,130-132 2ND AVE,Newark,NJ,07055,0714_556_3,130-132 2ND AVE,NEWARK CITY,07055,,YR_CONSTR,1,DWELL/COMM_DWELL,4C,PROP_CLASS,029,PROP_USE,parsed,parsed,aligned,eligible,unique aligned parcel,2026-10-04T01:52:40+00:00
A0111,1,1,complete,LA County eGIS parcels,https://cache.gis.lacounty.gov/cache/rest/services/LACounty_Cache/LACounty_Parcel/FeatureServer/0,2026,10075 TUJUNGA CANYON BLVD,Los Angeles,CA,91042,2568015053,10075 TUJUNGA CANYON BLVD LOS ANGELES CA 91042,LOS ANGELES CA,91042-2071,1984,YearBuilt1,40,Units1,0500,UseCode,Five or more apartments,UseDescription,parsed,parsed,aligned,eligible,unique aligned parcel,2026-10-04T01:52:40+00:00
A0113,1,1,complete,Alameda County parcels,https://gis.cityofberkeley.info/arcgis3/rest/services/Public/GISPortal/MapServer/1,current,3151 ETON AVE,Berkeley,CA,94705,052 156316600,3151 ETON AVE BERKELEY 94705,BERKELEY,94705,1920,YearBuilt,5,Units,7700,UseCode,,,parsed,parsed,aligned,eligible,unique aligned parcel,2026-10-04T01:52:42+00:00
A0114,1,1,complete,SANDAG/SanGIS parcels,https://geo.sandag.org/server/rest/services/hosted/Parcels/FeatureServer/0,current,3743 INDIA ST,San Diego,CA,92103,4515910300,3743 INDIA ST,SAN DIEGO,92103-3727,00,year_effective,6,unitqty,14,asr_landuse,,,parsed,parsed,aligned,eligible,unique aligned parcel,2026-10-04T01:52:42+00:00
A0116,1,1,complete,NJOGIS Parcels & MOD-IV Composite,https://services2.arcgis.com/XVOqAjTOJ5P6ngMu/arcgis/rest/services/Parcels_Composite_NJ_WM/FeatureServer/0,1761714000000,36 PROSPECT ST.,Jersey City,NJ,07111,0906_5801_27,36 PROSPECT ST.,JERSEY CITY CITY,07111,1923,YR_CONSTR,,DWELL/COMM_DWELL,4C,PROP_CLASS,,PROP_USE,parsed,parsed,aligned,eligible,unique aligned parcel,2026-10-04T01:52:44+00:00
A0117,1,1,complete,LA County eGIS parcels,https://cache.gis.lacounty.gov/cache/rest/services/LACounty_Cache/LACounty_Parcel/FeatureServer/0,2026,1733 N CHEROKEE AVE,Los Angeles,CA,90028,5547009016,1733 N CHEROKEE AVE LOS ANGELES CA 90028,LOS ANGELES CA,90028-4817,1924,YearBuilt1,40,Units1,0500,UseCode,Five or more apartments,UseDescription,parsed,parsed,aligned,eligible,unique aligned parcel,2026-10-04T01:52:44+00:00
A0118,1,1,complete,Boston Property Assessment FY2026,https://data.boston.gov/dataset/e02c44d2-3c64-459c-8fe2-e1ce5f38a035/resource/ee73430d-96c0-423e-ad21-c4cfb54c8961/download/fy2026-property-assessment-data_rev.csv,FY2026,18-34 KINGBIRD RD,Dorchester,MA,02124,1405196950,18 KINGBIRD RD  ,Boston,02124,2009,YR_BUILT,,RES_UNITS,A,LU,SUBSD HOUSING S- 8,LU_DESC,parsed,parsed,aligned,eligible,unique aligned parcel,2026-10-04T01:52:45+00:00
A0119,1,1,complete,NJOGIS Parcels & MOD-IV Composite,https://services2.arcgis.com/XVOqAjTOJ5P6ngMu/arcgis/rest/services/Parcels_Composite_NJ_WM/FeatureServer/0,1761714000000,607 ADAMS ST,Hoboken,NJ,07030,0905_78_4,607 ADAMS ST,HOBOKEN CITY,07030,,YR_CONSTR,6,DWELL/COMM_DWELL,4C,PROP_CLASS,,PROP_USE,parsed,parsed,aligned,eligible,unique aligned parcel,2026-10-04T01:52:46+00:00
A0120,1,1,complete,NJOGIS Parcels & MOD-IV Composite,https://services2.arcgis.com/XVOqAjTOJ5P6ngMu/arcgis/rest/services/Parcels_Composite_NJ_WM/FeatureServer/0,1772427600000,139 ELM ST,Newark,NJ,07105,0714_192_28,139 ELM ST,NEWARK CITY,07105,,YR_CONSTR,1,DWELL/COMM_DWELL,4C,PROP_CLASS,100,PROP_USE,parsed,parsed,aligned,eligible,unique aligned parcel,2026-10-04T01:52:46+00:00
A0121,1,1,complete,SANDAG/SanGIS parcels,https://geo.sandag.org/server/rest/services/hosted/Parcels/FeatureServer/0,current,4079 FRONT ST,San Diego,CA,92103,4444923800,4079 FRONT ST,SAN DIEGO,92103-2078,87,year_effective,22,unitqty,15,asr_landuse,,,parsed,parsed,aligned,eligible,unique aligned parcel,2026-10-04T01:52:46+00:00
A0122,1,1,complete,LA County eGIS parcels,https://cache.gis.lacounty.gov/cache/rest/services/LACounty_Cache/LACounty_Parcel/FeatureServer/0,2026,4812 S BROADWAY,Los Angeles,CA,90037,5110017001,4812 S BROADWAY LOS ANGELES CA 90037,LOS ANGELES CA,90037-3275,1909,YearBuilt1,8,Units1,0500,UseCode,Five or more apartments,UseDescription,failed,failed,parser_failed,excluded_from_automatic_resolution,parser_failed,2026-10-04T01:52:46+00:00
A0123,1,1,complete,Boston Property Assessment FY2026,https://data.boston.gov/dataset/e02c44d2-3c64-459c-8fe2-e1ce5f38a035/resource/ee73430d-96c0-423e-ad21-c4cfb54c8961/download/fy2026-property-assessment-data_rev.csv,FY2026,123 Condor ST,East Boston,MA,02128,0103362000,123 Condor ST  ,Boston,02128,2013,YR_BUILT,,RES_UNITS,A,LU,SUBSD HOUSING S- 8,LU_DESC,parsed,parsed,aligned,eligible,unique aligned parcel,2026-10-04T01:52:47+00:00
A0124,1,1,complete,Cambridge Property Database FY2026 (waa7-ibdu),https://data.cambridgema.gov/resource/waa7-ibdu.json,2026,33-35 Brookline St,Cambridge,MA,,93-64,33-35 Brookline St,Cambridge,,1929,condition_yearbuilt,16,interior_numunits,112,stateclasscode,>8-UNIT-APT,propertyclass/exterior_occupancy,parsed,parsed,aligned,eligible,unique aligned parcel,2026-10-04T01:52:47+00:00
A0125,1,1,complete,NJOGIS Parcels & MOD-IV Composite,https://services2.arcgis.com/XVOqAjTOJ5P6ngMu/arcgis/rest/services/Parcels_Composite_NJ_WM/FeatureServer/0,1761714000000,227 GRAND ST,Hoboken,NJ,07030,0905_42_13,227 GRAND ST,HOBOKEN CITY,07030,,YR_CONSTR,5,DWELL/COMM_DWELL,4C,PROP_CLASS,635,PROP_USE,parsed,parsed,aligned,eligible,unique aligned parcel,2026-10-04T01:52:48+00:00
A0127,1,1,complete,LA County eGIS parcels,https://cache.gis.lacounty.gov/cache/rest/services/LACounty_Cache/LACounty_Parcel/FeatureServer/0,2026,10029 SEPULVEDA BLVD,Los Angeles,CA,91345,2660008034,10029 SEPULVEDA BLVD LOS ANGELES CA 91345,LOS ANGELES CA,91345-2932,1964,YearBuilt1,5,Units1,050C,UseCode,Five or more apartments,UseDescription,parsed,parsed,aligned,eligible,unique aligned parcel,2026-10-04T01:52:50+00:00
A0128,1,0,none,Boston Property Assessment FY2026,https://data.boston.gov/dataset/e02c44d2-3c64-459c-8fe2-e1ce5f38a035/resource/ee73430d-96c0-423e-ad21-c4cfb54c8961/download/fy2026-property-assessment-data_rev.csv,,Harvard ST,Dorchester,MA,02124,,,,,,,,,,,,,failed,failed,parser_failed,excluded_from_automatic_resolution,candidate set not fully captured,2026-10-04T01:52:51+00:00
A0129,1,1,complete,NJOGIS Parcels & MOD-IV Composite,https://services2.arcgis.com/XVOqAjTOJ5P6ngMu/arcgis/rest/services/Parcels_Composite_NJ_WM/FeatureServer/0,1772427600000,526-532 MULBERRY ST,Newark,NJ,07039,0714_1181_1,526-532 MULBERRY ST,NEWARK CITY,07039,,YR_CONSTR,1,DWELL/COMM_DWELL,4C,PROP_CLASS,029,PROP_USE,parsed,parsed,aligned,eligible,unique aligned parcel,2026-10-04T01:52:51+00:00
A0130,1,1,complete,NJOGIS Parcels & MOD-IV Composite,https://services2.arcgis.com/XVOqAjTOJ5P6ngMu/arcgis/rest/services/Parcels_Composite_NJ_WM/FeatureServer/0,1772427600000,554 MARKET ST,Newark,NJ,07205,0714_1998_1,554 MARKET ST,NEWARK CITY,07205,,YR_CONSTR,1,DWELL/COMM_DWELL,4C,PROP_CLASS,029,PROP_USE,parsed,parsed,aligned,eligible,unique aligned parcel,2026-10-04T01:52:52+00:00
A0131,1,1,complete,NJOGIS Parcels & MOD-IV Composite,https://services2.arcgis.com/XVOqAjTOJ5P6ngMu/arcgis/rest/services/Parcels_Composite_NJ_WM/FeatureServer/0,1761714000000,43 POPLAR ST.,Jersey City,NJ,07307,0906_803_5,43 POPLAR ST.,JERSEY CITY CITY,07307,1900,YR_CONSTR,,DWELL/COMM_DWELL,4C,PROP_CLASS,029,PROP_USE,parsed,parsed,aligned,eligible,unique aligned parcel,2026-10-04T01:52:52+00:00
A0132,1,1,complete,NJOGIS Parcels & MOD-IV Composite,https://services2.arcgis.com/XVOqAjTOJ5P6ngMu/arcgis/rest/services/Parcels_Composite_NJ_WM/FeatureServer/0,1772427600000,587 N 6TH ST,Newark,NJ,11205,0714_597_51,587 N 6TH ST,NEWARK CITY,11205,,YR_CONSTR,1,DWELL/COMM_DWELL,4C,PROP_CLASS,100,PROP_USE,parsed,parsed,aligned,eligible,unique aligned parcel,2026-10-04T01:52:52+00:00
A0133,1,1,complete,LA County eGIS parcels,https://cache.gis.lacounty.gov/cache/rest/services/LACounty_Cache/LACounty_Parcel/FeatureServer/0,2026,8819 LANKERSHIM BLVD,Los Angeles,CA,91352,2631012064,8819 LANKERSHIM BLVD LOS ANGELES CA 91352,LOS ANGELES CA,91352-2518,1956,YearBuilt1,6,Units1,0500,UseCode,Five or more apartments,UseDescription,parsed,parsed,aligned,eligible,unique aligned parcel,2026-10-04T01:52:52+00:00
A0134,1,2,representative_only,Boston Property Assessment FY2026,https://data.boston.gov/dataset/e02c44d2-3c64-459c-8fe2-e1ce5f38a035/resource/ee73430d-96c0-423e-ad21-c4cfb54c8961/download/fy2026-property-assessment-data_rev.csv,FY2026,101 Norfolk ST,Dorchester,MA,02124,0800803000,101 NORFOLK AV  ,Boston,02119,,YR_BUILT,,RES_UNITS,CL,LU,INDUSTRIAL LAND,LU_DESC,parsed,parsed,not_aligned,excluded_from_automatic_resolution,candidate set not fully captured,2026-10-04T01:52:53+00:00
A0136,1,1,complete,NJOGIS Parcels & MOD-IV Composite,https://services2.arcgis.com/XVOqAjTOJ5P6ngMu/arcgis/rest/services/Parcels_Composite_NJ_WM/FeatureServer/0,1761714000000,920 HUDSON ST,Hoboken,NJ,07030,0905_220_29,920 HUDSON ST,HOBOKEN CITY,07030,,YR_CONSTR,26,DWELL/COMM_DWELL,4C,PROP_CLASS,635,PROP_USE,parsed,parsed,aligned,eligible,unique aligned parcel,2026-10-04T01:52:54+00:00
A0137,1,1,complete,NJOGIS Parcels & MOD-IV Composite,https://services2.arcgis.com/XVOqAjTOJ5P6ngMu/arcgis/rest/services/Parcels_Composite_NJ_WM/FeatureServer/0,1772427600000,65-71 NORFLOK ST,Newark,NJ,07003,0714_2839_15,65-71 NORFLOK ST,NEWARK CITY,07003,,YR_CONSTR,1,DWELL/COMM_DWELL,4C,PROP_CLASS,029,PROP_USE,parsed,parsed,aligned,eligible,unique aligned parcel,2026-10-04T01:52:55+00:00
A0138,1,1,complete,LA County eGIS parcels,https://cache.gis.lacounty.gov/cache/rest/services/LACounty_Cache/LACounty_Parcel/FeatureServer/0,2026,1033 E 51ST ST,Los Angeles,CA,90011,5108015015,1033 E 51ST ST LOS ANGELES CA 90011,LOS ANGELES CA,90011-4117,1959,YearBuilt1,4,Units1,0500,UseCode,Five or more apartments,UseDescription,parsed,parsed,aligned,eligible,unique aligned parcel,2026-10-04T01:52:55+00:00
A0139,1,1,complete,NJOGIS Parcels & MOD-IV Composite,https://services2.arcgis.com/XVOqAjTOJ5P6ngMu/arcgis/rest/services/Parcels_Composite_NJ_WM/FeatureServer/0,1761714000000,54 STUYVESANT AVE.,Jersey City,NJ,07042,0906_12003_29,54 STUYVESANT AVE.,JERSEY CITY CITY,07042,1910,YR_CONSTR,5,DWELL/COMM_DWELL,4C,PROP_CLASS,,PROP_USE,parsed,parsed,aligned,eligible,unique aligned parcel,2026-10-04T01:52:55+00:00
A0140,1,1,complete,Boston Property Assessment FY2026,https://data.boston.gov/dataset/e02c44d2-3c64-459c-8fe2-e1ce5f38a035/resource/ee73430d-96c0-423e-ad21-c4cfb54c8961/download/fy2026-property-assessment-data_rev.csv,FY2026,459 BEACON ST,Boston,MA,02115,0503655000,459 BEACON ST  ,Boston,02115,1910,YR_BUILT,,RES_UNITS,A,LU,APT 7-30 UNITS,LU_DESC,parsed,parsed,aligned,eligible,unique aligned parcel,2026-10-04T01:52:56+00:00
A0142,1,1,complete,LA County eGIS parcels,https://cache.gis.lacounty.gov/cache/rest/services/LACounty_Cache/LACounty_Parcel/FeatureServer/0,2026,4615 AVALON BLVD,Los Angeles,CA,90011,5109016015,4615 AVALON BLVD LOS ANGELES CA 90011,LOS ANGELES CA,90011-5454,1957,YearBuilt1,8,Units1,0500,UseCode,Five or more apartments,UseDescription,parsed,parsed,aligned,eligible,unique aligned parcel,2026-10-04T01:52:58+00:00
A0143,1,1,complete,Boston Property Assessment FY2026,https://data.boston.gov/dataset/e02c44d2-3c64-459c-8fe2-e1ce5f38a035/resource/ee73430d-96c0-423e-ad21-c4cfb54c8961/download/fy2026-property-assessment-data_rev.csv,FY2026,75 ELM HILL AV,Dorchester,MA,02121,1202256000,75 ELM HILL AV  ,Boston,02121,,YR_BUILT,,RES_UNITS,A,LU,SUBSD HOUSING S- 8,LU_DESC,parsed,parsed,aligned,eligible,unique aligned parcel,2026-10-04T01:52:58+00:00
A0144,1,1,complete,Boston Property Assessment FY2026,https://data.boston.gov/dataset/e02c44d2-3c64-459c-8fe2-e1ce5f38a035/resource/ee73430d-96c0-423e-ad21-c4cfb54c8961/download/fy2026-property-assessment-data_rev.csv,FY2026,112-114 Amory ST,Roxbury,MA,02119,1101138000,112 Amory ST  ,Boston,02119,1910,YR_BUILT,,RES_UNITS,A,LU,APT 7-30 UNITS,LU_DESC,parsed,parsed,aligned,eligible,unique aligned parcel,2026-10-04T01:52:59+00:00
A0145,1,1,complete,SANDAG/SanGIS parcels,https://geo.sandag.org/server/rest/services/hosted/Parcels/FeatureServer/0,current,4515 FELTON ST,San Diego,CA,92116,4475221300,4515 FELTON ST,SAN DIEGO,92116-4469,63,year_effective,8,unitqty,14,asr_landuse,,,parsed,parsed,aligned,eligible,unique aligned parcel,2026-10-04T01:53:00+00:00
A0146,1,1,complete,NJOGIS Parcels & MOD-IV Composite,https://services2.arcgis.com/XVOqAjTOJ5P6ngMu/arcgis/rest/services/Parcels_Composite_NJ_WM/FeatureServer/0,1772427600000,93-95 HAWKINS ST,Newark,NJ,07105,0714_2383_9,93-95 HAWKINS ST,NEWARK CITY,07105,,YR_CONSTR,1,DWELL/COMM_DWELL,4C,PROP_CLASS,,PROP_USE,parsed,parsed,aligned,eligible,unique aligned parcel,2026-10-04T01:53:00+00:00
A0148,1,0,none,NJOGIS Parcels & MOD-IV Composite,https://services2.arcgis.com/XVOqAjTOJ5P6ngMu/arcgis/rest/services/Parcels_Composite_NJ_WM/FeatureServer/0,,162-166 5TH ST,Newark,NJ,07105,,,,,,,,,,,,,parsed,failed,parser_failed,excluded_from_automatic_resolution,candidate set not fully captured,2026-10-04T01:53:01+00:00
A0149,1,2,representative_only,Boston Property Assessment FY2026,https://data.boston.gov/dataset/e02c44d2-3c64-459c-8fe2-e1ce5f38a035/resource/ee73430d-96c0-423e-ad21-c4cfb54c8961/download/fy2026-property-assessment-data_rev.csv,FY2026,25 Everett ST,East Boston,MA,02128,0104940000,25 Everett ST  ,Boston,02128,2023,YR_BUILT,,RES_UNITS,A,LU,LUXURY APARTMENT,LU_DESC,parsed,parsed,aligned,excluded_from_automatic_resolution,candidate set not fully captured,2026-10-04T01:53:02+00:00
A0150,1,0,none,SANDAG/SanGIS parcels,https://geo.sandag.org/server/rest/services/hosted/Parcels/FeatureServer/0,,3784 E BROADWAY,San Diego,CA,92102,,,,,,,,,,,,,failed,failed,parser_failed,excluded_from_automatic_resolution,candidate set not fully captured,2026-10-04T01:53:02+00:00
A0151,1,1,complete,Boston Property Assessment FY2026,https://data.boston.gov/dataset/e02c44d2-3c64-459c-8fe2-e1ce5f38a035/resource/ee73430d-96c0-423e-ad21-c4cfb54c8961/download/fy2026-property-assessment-data_rev.csv,FY2026,16 Queensberry ST,Boston,MA,02215,0504270000,16 Queensberry ST  ,Boston,02215,1899,YR_BUILT,,RES_UNITS,A,LU,APT 7-30 UNITS,LU_DESC,parsed,parsed,aligned,eligible,unique aligned parcel,2026-10-04T01:53:02+00:00
A0152,1,1,complete,SANDAG/SanGIS parcels,https://geo.sandag.org/server/rest/services/hosted/Parcels/FeatureServer/0,current,1669 SUNSET CLIFFS BLVD,San Diego,CA,92107,4483720100,1669 SUNSET CLIFFS BLVD,SAN DIEGO,92107-3323,41,year_effective,12,unitqty,14,asr_landuse,,,parsed,parsed,aligned,eligible,unique aligned parcel,2026-10-04T01:53:03+00:00
A0153,1,1,complete,LA County eGIS parcels,https://cache.gis.lacounty.gov/cache/rest/services/LACounty_Cache/LACounty_Parcel/FeatureServer/0,2026,366 E 55TH ST,Los Angeles,CA,90011,5101010035,366 E 55TH ST LOS ANGELES CA 90011,LOS ANGELES CA,90011-5110,1924,YearBuilt1,4,Units1,0500,UseCode,Five or more apartments,UseDescription,parsed,parsed,aligned,eligible,unique aligned parcel,2026-10-04T01:53:03+00:00
A0154,1,1,complete,SANDAG/SanGIS parcels,https://geo.sandag.org/server/rest/services/hosted/Parcels/FeatureServer/0,current,4568 IDAHO ST,San Diego,CA,92116,4451722900,4568 IDAHO ST,SAN DIEGO,92116-3158,60,year_effective,8,unitqty,14,asr_landuse,,,parsed,parsed,aligned,eligible,unique aligned parcel,2026-10-04T01:53:04+00:00
A0155,1,1,complete,Boston Property Assessment FY2026,https://data.boston.gov/dataset/e02c44d2-3c64-459c-8fe2-e1ce5f38a035/resource/ee73430d-96c0-423e-ad21-c4cfb54c8961/download/fy2026-property-assessment-data_rev.csv,FY2026,473 Harvard ST,Dorchester,MA,02124,1405196455,473 Harvard ST  ,Boston,02124,,YR_BUILT,,RES_UNITS,A,LU,SUBSD HOUSING S- 8,LU_DESC,parsed,parsed,aligned,eligible,unique aligned parcel,2026-10-04T01:53:04+00:00
A0157,1,1,complete,Alameda County parcels,https://gis.cityofberkeley.info/arcgis3/rest/services/Public/GISPortal/MapServer/1,current,2701 RIDGE RD,Berkeley,CA,94709,058 220400801,2701 RIDGE RD BERKELEY 94709,BERKELEY,94709,,YearBuilt,12,Units,7700,UseCode,,,parsed,parsed,aligned,eligible,unique aligned parcel,2026-10-04T01:53:06+00:00
A0158,1,1,complete,Alameda County parcels,https://gis.cityofberkeley.info/arcgis3/rest/services/Public/GISPortal/MapServer/1,current,2522 HILGARD AVE,Berkeley,CA,94709,058 219701500,2522 HILGARD AVE BERKELEY 94709,BERKELEY,94709,,YearBuilt,6,Units,7700,UseCode,,,parsed,parsed,aligned,eligible,unique aligned parcel,2026-10-04T01:53:06+00:00
A0159,1,1,complete,NJOGIS Parcels & MOD-IV Composite,https://services2.arcgis.com/XVOqAjTOJ5P6ngMu/arcgis/rest/services/Parcels_Composite_NJ_WM/FeatureServer/0,1772427600000,104 SUNSET AVE,Newark,NJ,11211,0714_4059_74,104 SUNSET AVE,NEWARK CITY,11211,,YR_CONSTR,1,DWELL/COMM_DWELL,4C,PROP_CLASS,999,PROP_USE,parsed,parsed,aligned,eligible,unique aligned parcel,2026-10-04T01:53:06+00:00
A0160,1,1,complete,NJOGIS Parcels & MOD-IV Composite,https://services2.arcgis.com/XVOqAjTOJ5P6ngMu/arcgis/rest/services/Parcels_Composite_NJ_WM/FeatureServer/0,1761714000000,86 CHARLES ST.,Jersey City,NJ,07642,0906_2705_37,86 CHARLES ST.,JERSEY CITY CITY,07642,1918,YR_CONSTR,,DWELL/COMM_DWELL,4C,PROP_CLASS,029,PROP_USE,parsed,parsed,aligned,eligible,unique aligned parcel,2026-10-04T01:53:07+00:00
A0161,1,1,complete,NJOGIS Parcels & MOD-IV Composite,https://services2.arcgis.com/XVOqAjTOJ5P6ngMu/arcgis/rest/services/Parcels_Composite_NJ_WM/FeatureServer/0,1761714000000,317 UNION ST.,Jersey City,NJ,07013,0906_20601_4,317 UNION ST.,JERSEY CITY CITY,07013,1930,YR_CONSTR,,DWELL/COMM_DWELL,4C,PROP_CLASS,,PROP_USE,parsed,parsed,aligned,eligible,unique aligned parcel,2026-10-04T01:53:07+00:00
A0162,1,1,complete,LA County eGIS parcels,https://cache.gis.lacounty.gov/cache/rest/services/LACounty_Cache/LACounty_Parcel/FeatureServer/0,2026,1640 N POINSETTIA PL,Los Angeles,CA,90046,5548009039,1640 N POINSETTIA PL LOS ANGELES CA 90046,LOS ANGELES CA,90046-3595,1987,YearBuilt1,24,Units1,0500,UseCode,Five or more apartments,UseDescription,parsed,parsed,aligned,eligible,unique aligned parcel,2026-10-04T01:53:08+00:00
A0163,1,1,complete,NJOGIS Parcels & MOD-IV Composite,https://services2.arcgis.com/XVOqAjTOJ5P6ngMu/arcgis/rest/services/Parcels_Composite_NJ_WM/FeatureServer/0,1761714000000,233-235 SECOND ST.,Jersey City,NJ,07042,0906_11402_12,233-235 SECOND ST.,JERSEY CITY CITY,07042,1870,YR_CONSTR,,DWELL/COMM_DWELL,4C,PROP_CLASS,,PROP_USE,parsed,parsed,aligned,eligible,unique aligned parcel,2026-10-04T01:53:08+00:00
A0165,1,1,complete,SANDAG/SanGIS parcels,https://geo.sandag.org/server/rest/services/hosted/Parcels/FeatureServer/0,current,734 JAMAICA CT,San Diego,CA,92109,4236471000,734 JAMAICA CT,SAN DIEGO,92109-7721,58,year_effective,8,unitqty,14,asr_landuse,,,parsed,parsed,aligned,eligible,unique aligned parcel,2026-10-04T01:53:10+00:00
A0166,1,1,complete,Cambridge Property Database FY2026 (waa7-ibdu),https://data.cambridgema.gov/resource/waa7-ibdu.json,2026,1 Potter Pk,Cambridge,MA,,175-64,1 Potter Pk,Cambridge,,1900,condition_yearbuilt,5,interior_numunits,111,stateclasscode,4-8-UNIT-APT,propertyclass/exterior_occupancy,failed,failed,parser_failed,excluded_from_automatic_resolution,parser_failed,2026-10-04T01:53:10+00:00
A0167,1,1,complete,SANDAG/SanGIS parcels,https://geo.sandag.org/server/rest/services/hosted/Parcels/FeatureServer/0,current,4616 FLORIDA ST,San Diego,CA,92116,4450511600,4616 FLORIDA ST,SAN DIEGO,92116-2711,54,year_effective,20,unitqty,15,asr_landuse,,,parsed,parsed,aligned,eligible,unique aligned parcel,2026-10-04T01:53:29+00:00
A0168,1,1,complete,NJOGIS Parcels & MOD-IV Composite,https://services2.arcgis.com/XVOqAjTOJ5P6ngMu/arcgis/rest/services/Parcels_Composite_NJ_WM/FeatureServer/0,1761714000000,600 JACKSON/601 HARRISON,Hoboken,NJ,07030,0905_73_1,600 JACKSON/601 HARRISON,HOBOKEN CITY,07030,2007,YR_CONSTR,,DWELL/COMM_DWELL,4C,PROP_CLASS,,PROP_USE,failed,failed,parser_failed,excluded_from_automatic_resolution,parser_failed,2026-10-04T01:57:32+00:00
A0169,1,1,complete,Boston Property Assessment FY2026,https://data.boston.gov/dataset/e02c44d2-3c64-459c-8fe2-e1ce5f38a035/resource/ee73430d-96c0-423e-ad21-c4cfb54c8961/download/fy2026-property-assessment-data_rev.csv,FY2026,115 KILSYTH RD,Brighton,MA,02135,2102080000,115 KILSYTH RD  ,Boston,02135,1920,YR_BUILT,,RES_UNITS,A,LU,APT 7-30 UNITS,LU_DESC,parsed,parsed,aligned,eligible,unique aligned parcel,2026-10-04T01:53:29+00:00
A0170,1,1,complete,LA County eGIS parcels,https://cache.gis.lacounty.gov/cache/rest/services/LACounty_Cache/LACounty_Parcel/FeatureServer/0,2026,8917 CEDROS AVE,Los Angeles,CA,91402,2651012183,8917 CEDROS AVE LOS ANGELES CA 91402,LOS ANGELES CA,91402-1600,1990,YearBuilt1,32,Units1,0500,UseCode,Five or more apartments,UseDescription,parsed,parsed,aligned,eligible,unique aligned parcel,2026-10-04T01:53:30+00:00
A0171,1,1,complete,NJOGIS Parcels & MOD-IV Composite,https://services2.arcgis.com/XVOqAjTOJ5P6ngMu/arcgis/rest/services/Parcels_Composite_NJ_WM/FeatureServer/0,1761714000000,127 OGDEN AVE.,Jersey City,NJ,07660,0906_5201_6,127 OGDEN AVE.,JERSEY CITY CITY,07660,1910,YR_CONSTR,,DWELL/COMM_DWELL,4C,PROP_CLASS,,PROP_USE,parsed,parsed,aligned,eligible,unique aligned parcel,2026-10-04T01:53:31+00:00
A0172,1,1,complete,LA County eGIS parcels,https://cache.gis.lacounty.gov/cache/rest/services/LACounty_Cache/LACounty_Parcel/FeatureServer/0,2026,8504 WILLIS AVE,Los Angeles,CA,91402,2653016046,8504 WILLIS AVE LOS ANGELES CA 91402,LOS ANGELES CA,91402-3455,1960,YearBuilt1,33,Units1,0500,UseCode,Five or more apartments,UseDescription,parsed,parsed,aligned,eligible,unique aligned parcel,2026-10-04T01:53:32+00:00
A0173,1,1,complete,LA County eGIS parcels,https://cache.gis.lacounty.gov/cache/rest/services/LACounty_Cache/LACounty_Parcel/FeatureServer/0,2026,13180 FOOTHILL BLVD,Los Angeles,CA,91342,2513025007,13180 FOOTHILL BLVD LOS ANGELES CA 91342,LOS ANGELES CA,91342-4829,1937,YearBuilt1,9,Units1,0500,UseCode,Five or more apartments,UseDescription,parsed,parsed,aligned,eligible,unique aligned parcel,2026-10-04T01:53:32+00:00
A0174,1,1,complete,Cambridge Property Database FY2026 (waa7-ibdu),https://data.cambridgema.gov/resource/waa7-ibdu.json,2026,84 Hampshire St,Cambridge,MA,,77-76,84 Hampshire St,Cambridge,,1900,condition_yearbuilt,19,interior_numunits,112,stateclasscode,>8-UNIT-APT,propertyclass/exterior_occupancy,parsed,parsed,aligned,eligible,unique aligned parcel,2026-10-04T01:53:33+00:00
A0175,1,1,complete,Cambridge Property Database FY2026 (waa7-ibdu),https://data.cambridgema.gov/resource/waa7-ibdu.json,2026,10 Dover St,Cambridge,MA,,182-63,10 Dover St,Cambridge,,1922,condition_yearbuilt,6,interior_numunits,111,stateclasscode,4-8-UNIT-APT,propertyclass/exterior_occupancy,parsed,parsed,aligned,eligible,unique aligned parcel,2026-10-04T01:53:34+00:00
A0176,1,2,representative_only,Cambridge Property Database FY2026 (waa7-ibdu),https://data.cambridgema.gov/resource/waa7-ibdu.json,2026,15 Chester St,Cambridge,MA,,182-86,15 Chester St,Cambridge,,1965,condition_yearbuilt,29,interior_numunits,112,stateclasscode,>8-UNIT-APT,propertyclass/exterior_occupancy,parsed,parsed,aligned,excluded_from_automatic_resolution,candidate set not fully captured,2026-10-04T01:53:34+00:00
A0177,1,1,complete,NJOGIS Parcels & MOD-IV Composite,https://services2.arcgis.com/XVOqAjTOJ5P6ngMu/arcgis/rest/services/Parcels_Composite_NJ_WM/FeatureServer/0,1761714000000,166 HIGHLAND AVE.,Jersey City,NJ,11201,0906_13203_60,166 HIGHLAND AVE.,JERSEY CITY CITY,11201,1912,YR_CONSTR,,DWELL/COMM_DWELL,4C,PROP_CLASS,029,PROP_USE,parsed,parsed,aligned,eligible,unique aligned parcel,2026-10-04T01:53:35+00:00
A0178,1,1,complete,LA County eGIS parcels,https://cache.gis.lacounty.gov/cache/rest/services/LACounty_Cache/LACounty_Parcel/FeatureServer/0,2026,5308 RIVERTON AVE,Los Angeles,CA,91601,2416023010,5308 RIVERTON AVE LOS ANGELES CA 91601,LOS ANGELES CA,91601-3325,1961,YearBuilt1,7,Units1,0500,UseCode,Five or more apartments,UseDescription,parsed,parsed,aligned,eligible,unique aligned parcel,2026-10-04T01:53:35+00:00
A0179,1,1,complete,LA County eGIS parcels,https://cache.gis.lacounty.gov/cache/rest/services/LACounty_Cache/LACounty_Parcel/FeatureServer/0,2026,7006 LANEWOOD AVE,Los Angeles,CA,90028,5548013011,7006 LANEWOOD AVE LOS ANGELES CA 90028,LOS ANGELES CA,90028-7027,1958,YearBuilt1,18,Units1,0500,UseCode,Five or more apartments,UseDescription,parsed,parsed,aligned,eligible,unique aligned parcel,2026-10-04T01:53:36+00:00
A0180,1,1,complete,LA County eGIS parcels,https://cache.gis.lacounty.gov/cache/rest/services/LACounty_Cache/LACounty_Parcel/FeatureServer/0,2026,845 S KINGSLEY DR,Los Angeles,CA,90005,5093022026,845 S KINGSLEY DR LOS ANGELES CA 90005,LOS ANGELES CA,90005-4360,1990,YearBuilt1,33,Units1,0500,UseCode,Five or more apartments,UseDescription,parsed,parsed,aligned,eligible,unique aligned parcel,2026-10-04T01:53:37+00:00
A0181,1,1,complete,NJOGIS Parcels & MOD-IV Composite,https://services2.arcgis.com/XVOqAjTOJ5P6ngMu/arcgis/rest/services/Parcels_Composite_NJ_WM/FeatureServer/0,1761714000000,931 GARDEN ST,Hoboken,NJ,07030,0905_196_16,931 GARDEN ST,HOBOKEN CITY,07030,,YR_CONSTR,10,DWELL/COMM_DWELL,4C,PROP_CLASS,,PROP_USE,parsed,parsed,aligned,eligible,unique aligned parcel,2026-10-04T01:53:38+00:00
A0182,1,1,complete,NJOGIS Parcels & MOD-IV Composite,https://services2.arcgis.com/XVOqAjTOJ5P6ngMu/arcgis/rest/services/Parcels_Composite_NJ_WM/FeatureServer/0,1761714000000,911-923 CLINTON ST,Hoboken,NJ,07030,0905_161_6,911-923 CLINTON ST,HOBOKEN CITY,07030,,YR_CONSTR,,DWELL/COMM_DWELL,4C,PROP_CLASS,,PROP_USE,parsed,parsed,aligned,eligible,unique aligned parcel,2026-10-04T01:53:38+00:00
A0183,1,1,complete,Alameda County parcels,https://gis.cityofberkeley.info/arcgis3/rest/services/Public/GISPortal/MapServer/1,current,2427 HILGARD AVE,Berkeley,CA,94709,058 219501000,2427 HILGARD AVE BERKELEY 94709,BERKELEY,94709,1924,YearBuilt,15,Units,7700,UseCode,,,parsed,parsed,aligned,eligible,unique aligned parcel,2026-10-04T01:53:38+00:00
A0184,1,1,complete,LA County eGIS parcels,https://cache.gis.lacounty.gov/cache/rest/services/LACounty_Cache/LACounty_Parcel/FeatureServer/0,2026,156 W 32ND ST,Los Angeles,CA,90007,5122006012,156 W 32ND ST LOS ANGELES CA 90007,LOS ANGELES CA,90007-3809,1907,YearBuilt1,16,Units1,0500,UseCode,Five or more apartments,UseDescription,parsed,parsed,aligned,eligible,unique aligned parcel,2026-10-04T01:53:38+00:00
A0185,1,1,complete,NJOGIS Parcels & MOD-IV Composite,https://services2.arcgis.com/XVOqAjTOJ5P6ngMu/arcgis/rest/services/Parcels_Composite_NJ_WM/FeatureServer/0,1761714000000,154 TERHUNE AVE.,Jersey City,NJ,07103,0906_26201_83,154 TERHUNE AVE.,JERSEY CITY CITY,07103,1922,YR_CONSTR,,DWELL/COMM_DWELL,4C,PROP_CLASS,,PROP_USE,parsed,parsed,aligned,eligible,unique aligned parcel,2026-10-04T01:53:39+00:00
A0186,1,1,complete,NJOGIS Parcels & MOD-IV Composite,https://services2.arcgis.com/XVOqAjTOJ5P6ngMu/arcgis/rest/services/Parcels_Composite_NJ_WM/FeatureServer/0,1761714000000,107 BEACON AVE.,Jersey City,NJ,07306,0906_5704_5,107 BEACON AVE.,JERSEY CITY CITY,07306,1,YR_CONSTR,5,DWELL/COMM_DWELL,4C,PROP_CLASS,029,PROP_USE,parsed,parsed,aligned,eligible,unique aligned parcel,2026-10-04T01:53:39+00:00
A0187,1,1,complete,NJOGIS Parcels & MOD-IV Composite,https://services2.arcgis.com/XVOqAjTOJ5P6ngMu/arcgis/rest/services/Parcels_Composite_NJ_WM/FeatureServer/0,1761714000000,146 CARLTON AVE.,Jersey City,NJ,07423,0906_4204_24,146 CARLTON AVE.,JERSEY CITY CITY,07423,1925,YR_CONSTR,,DWELL/COMM_DWELL,4C,PROP_CLASS,,PROP_USE,parsed,parsed,aligned,eligible,unique aligned parcel,2026-10-04T01:53:39+00:00
A0188,1,1,complete,Alameda County parcels,https://gis.cityofberkeley.info/arcgis3/rest/services/Public/GISPortal/MapServer/1,current,2819 MCGEE AVE,Berkeley,CA,94703,053 167502000,2819 MCGEE AVE BERKELEY 94703,BERKELEY,94703,1960,YearBuilt,7,Units,7700,UseCode,,,parsed,parsed,aligned,eligible,unique aligned parcel,2026-10-04T01:53:39+00:00
A0189,1,1,complete,Alameda County parcels,https://gis.cityofberkeley.info/arcgis3/rest/services/Public/GISPortal/MapServer/1,current,1811 CARLETON ST,Berkeley,CA,94703,054 181201300,1811 CARLETON ST BERKELEY 94703,BERKELEY,94703,,YearBuilt,6,Units,7200,UseCode,,,parsed,parsed,aligned,eligible,unique aligned parcel,2026-10-04T01:53:40+00:00
A0190,1,1,complete,NJOGIS Parcels & MOD-IV Composite,https://services2.arcgis.com/XVOqAjTOJ5P6ngMu/arcgis/rest/services/Parcels_Composite_NJ_WM/FeatureServer/0,1772427600000,283 ADAMS ST,Newark,NJ,07105,0714_956_68,283 ADAMS ST,NEWARK CITY,07105,,YR_CONSTR,1,DWELL/COMM_DWELL,4C,PROP_CLASS,029,PROP_USE,parsed,parsed,aligned,eligible,unique aligned parcel,2026-10-04T01:53:40+00:00
A0191,1,1,complete,Cambridge Property Database FY2026 (waa7-ibdu),https://data.cambridgema.gov/resource/waa7-ibdu.json,2026,60 Kirkland St,Cambridge,MA,,142-28,60 Kirkland St,Cambridge,,1891,condition_yearbuilt,6,interior_numunits,111,stateclasscode,4-8-UNIT-APT,propertyclass/exterior_occupancy,parsed,parsed,aligned,eligible,unique aligned parcel,2026-10-04T01:53:40+00:00
A0193,1,1,complete,Alameda County parcels,https://gis.cityofberkeley.info/arcgis3/rest/services/Public/GISPortal/MapServer/1,current,1626 BONITA AVE,Berkeley,CA,94709,058 217101300,1626 BONITA AVE BERKELEY 94709,BERKELEY,94709,1961,YearBuilt,6,Units,7700,UseCode,,,parsed,parsed,aligned,eligible,unique aligned parcel,2026-10-04T01:53:42+00:00
A0194,1,1,complete,Boston Property Assessment FY2026,https://data.boston.gov/dataset/e02c44d2-3c64-459c-8fe2-e1ce5f38a035/resource/ee73430d-96c0-423e-ad21-c4cfb54c8961/download/fy2026-property-assessment-data_rev.csv,FY2026,72 Burbank ST,Boston,MA,02115,0401475000,72 Burbank ST  ,Boston,02115,2022,YR_BUILT,,RES_UNITS,A,LU,SUBSD HOUSING S- 8,LU_DESC,parsed,parsed,aligned,eligible,unique aligned parcel,2026-10-04T01:53:42+00:00
A0195,1,1,complete,Boston Property Assessment FY2026,https://data.boston.gov/dataset/e02c44d2-3c64-459c-8fe2-e1ce5f38a035/resource/ee73430d-96c0-423e-ad21-c4cfb54c8961/download/fy2026-property-assessment-data_rev.csv,FY2026,1850-1848 COMMONWEALTH AV,Brighton,MA,02135,2102312000,1850 COMMONWEALTH AV  ,Boston,02135,1910,YR_BUILT,,RES_UNITS,A,LU,APT 7-30 UNITS,LU_DESC,parsed,parsed,not_aligned,excluded_from_automatic_resolution,not_aligned,2026-10-04T01:53:43+00:00
A0196,1,1,complete,LA County eGIS parcels,https://cache.gis.lacounty.gov/cache/rest/services/LACounty_Cache/LACounty_Parcel/FeatureServer/0,2026,16915 BLACKHAWK ST,Los Angeles,CA,91344,2684012033,16915 BLACKHAWK ST LOS ANGELES CA 91344,LOS ANGELES CA,91344-7312,1962,YearBuilt1,30,Units1,0501,UseCode,Five or more apartments,UseDescription,parsed,parsed,aligned,eligible,unique aligned parcel,2026-10-04T01:53:43+00:00
A0197,1,1,complete,Alameda County parcels,https://gis.cityofberkeley.info/arcgis3/rest/services/Public/GISPortal/MapServer/1,current,1611 62ND ST,Berkeley,CA,94703,052 152301502,1611 62ND ST BERKELEY 94703,BERKELEY,94703,,YearBuilt,7,Units,7200,UseCode,,,parsed,parsed,aligned,eligible,unique aligned parcel,2026-10-04T01:53:44+00:00
A0198,1,1,complete,Boston Property Assessment FY2026,https://data.boston.gov/dataset/e02c44d2-3c64-459c-8fe2-e1ce5f38a035/resource/ee73430d-96c0-423e-ad21-c4cfb54c8961/download/fy2026-property-assessment-data_rev.csv,FY2026,194 Havre ST,East Boston,MA,02128,0106134000,194 Havre ST  ,Boston,02128,2019,YR_BUILT,,RES_UNITS,A,LU,APT 7-30 UNITS,LU_DESC,parsed,parsed,aligned,eligible,unique aligned parcel,2026-10-04T01:53:44+00:00
A0199,1,1,complete,Cambridge Property Database FY2026 (waa7-ibdu),https://data.cambridgema.gov/resource/waa7-ibdu.json,2026,42 Bay State Rd,Cambridge,MA,,261-200,42 Bay State Rd,Cambridge,,2012,condition_yearbuilt,5,interior_numunits,111,stateclasscode,4-8-UNIT-APT,propertyclass/exterior_occupancy,parsed,parsed,aligned,eligible,unique aligned parcel,2026-10-04T01:53:45+00:00
A0200,1,1,complete,LA County eGIS parcels,https://cache.gis.lacounty.gov/cache/rest/services/LACounty_Cache/LACounty_Parcel/FeatureServer/0,2026,1853 N HIGHLAND AVE,Los Angeles,CA,90028,5549018011,1853 N HIGHLAND AVE LOS ANGELES CA 90028,LOS ANGELES CA,90028-4519,0000,YearBuilt1,1,Units1,0500,UseCode,Five or more apartments,UseDescription,parsed,parsed,aligned,eligible,unique aligned parcel,2026-10-04T01:53:45+00:00
A0201,1,1,complete,Alameda County parcels,https://gis.cityofberkeley.info/arcgis3/rest/services/Public/GISPortal/MapServer/1,current,2737 BENVENUE AVE,Berkeley,CA,94705,054 170902000,2737 BENVENUE AVE BERKELEY 94705,BERKELEY,94705,1908,YearBuilt,9,Units,7700,UseCode,,,parsed,parsed,aligned,eligible,unique aligned parcel,2026-10-04T01:53:46+00:00
A0203,1,1,complete,Boston Property Assessment FY2026,https://data.boston.gov/dataset/e02c44d2-3c64-459c-8fe2-e1ce5f38a035/resource/ee73430d-96c0-423e-ad21-c4cfb54c8961/download/fy2026-property-assessment-data_rev.csv,FY2026,2986-2930 Washington ST,Roxbury,MA,02119,1101752000,2986 Washington ST  ,Boston,02119,2002,YR_BUILT,,RES_UNITS,A,LU,SUBSD HOUSING S- 8,LU_DESC,parsed,parsed,not_aligned,excluded_from_automatic_resolution,not_aligned,2026-10-04T01:53:48+00:00
A0204,1,1,complete,NJOGIS Parcels & MOD-IV Composite,https://services2.arcgis.com/XVOqAjTOJ5P6ngMu/arcgis/rest/services/Parcels_Composite_NJ_WM/FeatureServer/0,1772427600000,202-208 6TH AVE W,Newark,NJ,08736,0714_1914_35,202-208 6TH AVE W,NEWARK CITY,08736,,YR_CONSTR,1,DWELL/COMM_DWELL,4C,PROP_CLASS,029,PROP_USE,parsed,parsed,aligned,eligible,unique aligned parcel,2026-10-04T01:53:48+00:00
A0205,1,1,complete,Alameda County parcels,https://gis.cityofberkeley.info/arcgis3/rest/services/Public/GISPortal/MapServer/1,current,2425 GRANT ST,Berkeley,CA,94703,055 190302300,2425 GRANT ST BERKELEY 94703,BERKELEY,94703,1962,YearBuilt,10,Units,7700,UseCode,,,parsed,parsed,aligned,eligible,unique aligned parcel,2026-10-04T01:53:49+00:00
A0207,1,1,complete,LA County eGIS parcels,https://cache.gis.lacounty.gov/cache/rest/services/LACounty_Cache/LACounty_Parcel/FeatureServer/0,2026,705 W 23RD ST,Los Angeles,CA,90007,5124031008,705 W 23RD ST LOS ANGELES CA 90007,LOS ANGELES CA,90007-2039,1901,YearBuilt1,10,Units1,0500,UseCode,Five or more apartments,UseDescription,parsed,parsed,aligned,eligible,unique aligned parcel,2026-10-04T01:53:50+00:00
A0208,1,1,complete,NJOGIS Parcels & MOD-IV Composite,https://services2.arcgis.com/XVOqAjTOJ5P6ngMu/arcgis/rest/services/Parcels_Composite_NJ_WM/FeatureServer/0,1761714000000,126 ADAMS ST,Hoboken,NJ,07604,0905_30_16,126 ADAMS ST,HOBOKEN CITY,07604,,YR_CONSTR,8,DWELL/COMM_DWELL,4C,PROP_CLASS,,PROP_USE,parsed,parsed,aligned,eligible,unique aligned parcel,2026-10-04T01:53:51+00:00
A0209,1,1,complete,Cambridge Property Database FY2026 (waa7-ibdu),https://data.cambridgema.gov/resource/waa7-ibdu.json,2026,19 Trowbridge St,Cambridge,MA,,134-14,19 Trowbridge St,Cambridge,,1910,condition_yearbuilt,6,interior_numunits,111,stateclasscode,4-8-UNIT-APT,propertyclass/exterior_occupancy,parsed,parsed,aligned,eligible,unique aligned parcel,2026-10-04T01:53:51+00:00
A0210,1,1,complete,LA County eGIS parcels,https://cache.gis.lacounty.gov/cache/rest/services/LACounty_Cache/LACounty_Parcel/FeatureServer/0,2026,1432 N CURSON AVE,Los Angeles,CA,90046,5550026045,1432 N CURSON AVE LOS ANGELES CA 90046,LOS ANGELES CA,90046-4002,2016,YearBuilt1,9,Units1,0500,UseCode,Five or more apartments,UseDescription,parsed,parsed,aligned,eligible,unique aligned parcel,2026-10-04T01:53:51+00:00
A0211,1,1,complete,Boston Property Assessment FY2026,https://data.boston.gov/dataset/e02c44d2-3c64-459c-8fe2-e1ce5f38a035/resource/ee73430d-96c0-423e-ad21-c4cfb54c8961/download/fy2026-property-assessment-data_rev.csv,FY2026,499 BEACON ST,Boston,MA,02215,0503887000,499 BEACON ST  ,Boston,02215,1899,YR_BUILT,,RES_UNITS,A,LU,APT 7-30 UNITS,LU_DESC,parsed,parsed,aligned,eligible,unique aligned parcel,2026-10-04T01:53:52+00:00
A0213,1,1,complete,LA County eGIS parcels,https://cache.gis.lacounty.gov/cache/rest/services/LACounty_Cache/LACounty_Parcel/FeatureServer/0,2026,11649 ACAMA ST,Los Angeles,CA,91604,2368014010,11649 ACAMA ST LOS ANGELES CA 91604,LOS ANGELES CA,91604-2960,1986,YearBuilt1,7,Units1,0500,UseCode,Five or more apartments,UseDescription,parsed,parsed,aligned,eligible,unique aligned parcel,2026-10-04T01:53:56+00:00
A0214,1,1,complete,Cambridge Property Database FY2026 (waa7-ibdu),https://data.cambridgema.gov/resource/waa7-ibdu.json,2026,358 Harvard St,Cambridge,MA,,134-48,358 Harvard St,Cambridge,,1900,condition_yearbuilt,6,interior_numunits,111,stateclasscode,4-8-UNIT-APT,propertyclass/exterior_occupancy,parsed,parsed,aligned,eligible,unique aligned parcel,2026-10-04T01:53:56+00:00
A0216,1,1,complete,Alameda County parcels,https://gis.cityofberkeley.info/arcgis3/rest/services/Public/GISPortal/MapServer/1,current,2309 HASTE ST,Berkeley,CA,94704,055 188301600,2309 HASTE ST BERKELEY 94704,BERKELEY,94704,,YearBuilt,8,Units,7700,UseCode,,,parsed,parsed,aligned,eligible,unique aligned parcel,2026-10-04T01:53:59+00:00
A0217,1,1,complete,Boston Property Assessment FY2026,https://data.boston.gov/dataset/e02c44d2-3c64-459c-8fe2-e1ce5f38a035/resource/ee73430d-96c0-423e-ad21-c4cfb54c8961/download/fy2026-property-assessment-data_rev.csv,FY2026,170-172 Maverick ST,East Boston,MA,02128,0103916000,170 Maverick ST  ,Boston,02128,2011,YR_BUILT,,RES_UNITS,A,LU,SUBSD HOUSING S- 8,LU_DESC,parsed,parsed,aligned,eligible,unique aligned parcel,2026-10-04T01:53:59+00:00
A0218,1,1,complete,Cambridge Property Database FY2026 (waa7-ibdu),https://data.cambridgema.gov/resource/waa7-ibdu.json,2026,15 Richdale Ave,Cambridge,MA,,178-122,15 Richdale Ave,Cambridge,,1910,condition_yearbuilt,46,interior_numunits,112,stateclasscode,>8-UNIT-APT,propertyclass/exterior_occupancy,parsed,parsed,aligned,eligible,unique aligned parcel,2026-10-04T01:53:59+00:00
A0219,1,1,complete,SANDAG/SanGIS parcels,https://geo.sandag.org/server/rest/services/hosted/Parcels/FeatureServer/0,current,3735 32ND ST,San Diego,CA,92104,4464910900,3735 32ND ST,SAN DIEGO,92104-7715,71,year_effective,8,unitqty,14,asr_landuse,,,parsed,parsed,aligned,eligible,unique aligned parcel,2026-10-04T01:54:00+00:00
A0220,1,1,complete,Boston Property Assessment FY2026,https://data.boston.gov/dataset/e02c44d2-3c64-459c-8fe2-e1ce5f38a035/resource/ee73430d-96c0-423e-ad21-c4cfb54c8961/download/fy2026-property-assessment-data_rev.csv,FY2026,21-23 Faulkner ST,Dorchester,MA,02122,1600764000,21 Faulkner ST  ,Boston,02122,1900,YR_BUILT,,RES_UNITS,A,LU,SUBSD HOUSING S- 8,LU_DESC,parsed,parsed,aligned,eligible,unique aligned parcel,2026-10-04T01:54:00+00:00
A0221,1,2,representative_only,Boston Property Assessment FY2026,https://data.boston.gov/dataset/e02c44d2-3c64-459c-8fe2-e1ce5f38a035/resource/ee73430d-96c0-423e-ad21-c4cfb54c8961/download/fy2026-property-assessment-data_rev.csv,FY2026,191 Park DR,Boston,MA,02215,2002184000,191 PARK ST  ,Boston,02132,1925,YR_BUILT,,RES_UNITS,R2,LU,TWO-FAM DWELLING,LU_DESC,parsed,parsed,not_aligned,excluded_from_automatic_resolution,candidate set not fully captured,2026-10-04T01:54:01+00:00
A0223,1,3,representative_only,NJOGIS Parcels & MOD-IV Composite,https://services2.arcgis.com/XVOqAjTOJ5P6ngMu/arcgis/rest/services/Parcels_Composite_NJ_WM/FeatureServer/0,1761714000000,504 COURT ST,Hoboken,NJ,07030,0905_204_39.02,504 WASHINGTON ST,HOBOKEN CITY,07039,,YR_CONSTR,3,DWELL/COMM_DWELL,4A,PROP_CLASS,738,PROP_USE,parsed,parsed,not_aligned,excluded_from_automatic_resolution,candidate set not fully captured,2026-10-04T01:54:03+00:00
A0224,1,1,complete,LA County eGIS parcels,https://cache.gis.lacounty.gov/cache/rest/services/LACounty_Cache/LACounty_Parcel/FeatureServer/0,2026,8727 TOBIAS AVE,Los Angeles,CA,91402,2653003021,8727 TOBIAS AVE LOS ANGELES CA 91402,LOS ANGELES CA,91402-2326,1960,YearBuilt1,13,Units1,0500,UseCode,Five or more apartments,UseDescription,parsed,parsed,aligned,eligible,unique aligned parcel,2026-10-04T01:54:03+00:00
A0226,1,1,complete,Boston Property Assessment FY2026,https://data.boston.gov/dataset/e02c44d2-3c64-459c-8fe2-e1ce5f38a035/resource/ee73430d-96c0-423e-ad21-c4cfb54c8961/download/fy2026-property-assessment-data_rev.csv,FY2026,663 MASSACHUSETTS AV,Boston,MA,02118,0801580001,663 MASSACHUSETTS AV  ,Boston,02118,1905,YR_BUILT,,RES_UNITS,A,LU,SUBSD HOUSING S- 8,LU_DESC,parsed,parsed,aligned,eligible,unique aligned parcel,2026-10-04T01:54:06+00:00
A0227,1,1,complete,NJOGIS Parcels & MOD-IV Composite,https://services2.arcgis.com/XVOqAjTOJ5P6ngMu/arcgis/rest/services/Parcels_Composite_NJ_WM/FeatureServer/0,1761714000000,1401 HUDSON ST,Hoboken,NJ,07030,0905_263.03_1,1401 HUDSON ST,HOBOKEN CITY,07030,2010,YR_CONSTR,93,DWELL/COMM_DWELL,4C,PROP_CLASS,,PROP_USE,parsed,parsed,aligned,eligible,unique aligned parcel,2026-10-04T01:54:07+00:00
A0230,1,1,complete,Cambridge Property Database FY2026 (waa7-ibdu),https://data.cambridgema.gov/resource/waa7-ibdu.json,2026,85 Hancock St,Cambridge,MA,,116-92,85 Hancock St,Cambridge,,1996,condition_yearbuilt,18,interior_numunits,112,stateclasscode,>8-UNIT-APT,propertyclass/exterior_occupancy,parsed,parsed,aligned,eligible,unique aligned parcel,2026-10-04T01:54:11+00:00
A0232,1,1,complete,Cambridge Property Database FY2026 (waa7-ibdu),https://data.cambridgema.gov/resource/waa7-ibdu.json,2026,189 Third St,Cambridge,MA,,17-13,189 Third St,Cambridge,,1900,condition_yearbuilt,6,interior_numunits,111,stateclasscode,4-8-UNIT-APT,propertyclass/exterior_occupancy,parsed,parsed,aligned,eligible,unique aligned parcel,2026-10-04T01:54:13+00:00
A0233,1,1,complete,Boston Property Assessment FY2026,https://data.boston.gov/dataset/e02c44d2-3c64-459c-8fe2-e1ce5f38a035/resource/ee73430d-96c0-423e-ad21-c4cfb54c8961/download/fy2026-property-assessment-data_rev.csv,FY2026,30 MEDFIELD ST,Boston,MA,02215,2100117000,30 MEDFIELD ST  ,Boston,02215,1920,YR_BUILT,,RES_UNITS,A,LU,APT 7-30 UNITS,LU_DESC,parsed,parsed,aligned,eligible,unique aligned parcel,2026-10-04T01:54:14+00:00
A0234,1,1,complete,Alameda County parcels,https://gis.cityofberkeley.info/arcgis3/rest/services/Public/GISPortal/MapServer/1,current,2212 BLAKE ST,Berkeley,CA,94704,055 182901900,2212 BLAKE ST BERKELEY 94704,BERKELEY,94704,,YearBuilt,13,Units,7700,UseCode,,,parsed,parsed,aligned,eligible,unique aligned parcel,2026-10-04T01:54:14+00:00
A0235,1,1,complete,LA County eGIS parcels,https://cache.gis.lacounty.gov/cache/rest/services/LACounty_Cache/LACounty_Parcel/FeatureServer/0,2026,6736 SELMA AVE,Los Angeles,CA,90028,5547020027,6736 SELMA AVE LOS ANGELES CA 90028,LOS ANGELES CA,90028-6114,,YearBuilt1,,Units1,050V,UseCode,Five or more apartments,UseDescription,parsed,parsed,aligned,eligible,unique aligned parcel,2026-10-04T01:54:15+00:00
A0238,1,1,complete,LA County eGIS parcels,https://cache.gis.lacounty.gov/cache/rest/services/LACounty_Cache/LACounty_Parcel/FeatureServer/0,2026,15256 ACRE ST,Los Angeles,CA,91343,2654010001,15256 ACRE ST LOS ANGELES CA 91343,LOS ANGELES CA,91343-5256,1957,YearBuilt1,6,Units1,0500,UseCode,Five or more apartments,UseDescription,parsed,parsed,aligned,eligible,unique aligned parcel,2026-10-04T01:54:20+00:00
A0239,1,1,complete,Alameda County parcels,https://gis.cityofberkeley.info/arcgis3/rest/services/Public/GISPortal/MapServer/1,current,1476 UNIVERSITY AVE,Berkeley,CA,94702,056 199602500,1476 UNIVERSITY AVE BERKELEY 94702,BERKELEY,94702,,YearBuilt,18,Units,7700,UseCode,,,parsed,parsed,aligned,eligible,unique aligned parcel,2026-10-04T01:54:20+00:00
A0240,1,1,complete,SANDAG/SanGIS parcels,https://geo.sandag.org/server/rest/services/hosted/Parcels/FeatureServer/0,current,4135 38TH ST,San Diego,CA,92105,4473523500,4135 38TH ST,SAN DIEGO,92105-1351,79,year_effective,7,unitqty,14,asr_landuse,,,parsed,parsed,aligned,eligible,unique aligned parcel,2026-10-04T01:54:21+00:00
A0241,1,1,complete,NJOGIS Parcels & MOD-IV Composite,https://services2.arcgis.com/XVOqAjTOJ5P6ngMu/arcgis/rest/services/Parcels_Composite_NJ_WM/FeatureServer/0,1761714000000,913 GARDEN ST,Hoboken,NJ,07030,0905_196_9.01,913 GARDEN ST,HOBOKEN CITY,07030,,YR_CONSTR,14,DWELL/COMM_DWELL,4C,PROP_CLASS,,PROP_USE,parsed,parsed,aligned,eligible,unique aligned parcel,2026-10-04T01:54:21+00:00
A0242,1,1,complete,Boston Property Assessment FY2026,https://data.boston.gov/dataset/e02c44d2-3c64-459c-8fe2-e1ce5f38a035/resource/ee73430d-96c0-423e-ad21-c4cfb54c8961/download/fy2026-property-assessment-data_rev.csv,FY2026,85-87 SIERRA RD,Hyde Park,MA,02136,1809798003,85 SIERRA RD  ,Boston,02136,1960,YR_BUILT,,RES_UNITS,A,LU,APT 7-30 UNITS,LU_DESC,parsed,parsed,aligned,eligible,unique aligned parcel,2026-10-04T01:54:21+00:00
A0243,1,1,complete,NJOGIS Parcels & MOD-IV Composite,https://services2.arcgis.com/XVOqAjTOJ5P6ngMu/arcgis/rest/services/Parcels_Composite_NJ_WM/FeatureServer/0,1761714000000,664 OCEAN AVE.,Jersey City,NJ,07305,0906_22701_34,664 OCEAN AVE.,JERSEY CITY CITY,07305,1910,YR_CONSTR,4,DWELL/COMM_DWELL,4C,PROP_CLASS,,PROP_USE,parsed,parsed,aligned,eligible,unique aligned parcel,2026-10-04T01:54:22+00:00
A0244,1,1,complete,NJOGIS Parcels & MOD-IV Composite,https://services2.arcgis.com/XVOqAjTOJ5P6ngMu/arcgis/rest/services/Parcels_Composite_NJ_WM/FeatureServer/0,1761714000000,1126 HUDSON ST,Hoboken,NJ,07030,0905_243_17,1126 HUDSON ST,HOBOKEN CITY,07030,,YR_CONSTR,12,DWELL/COMM_DWELL,4C,PROP_CLASS,,PROP_USE,parsed,parsed,aligned,eligible,unique aligned parcel,2026-10-04T01:54:22+00:00
A0245,1,1,complete,Boston Property Assessment FY2026,https://data.boston.gov/dataset/e02c44d2-3c64-459c-8fe2-e1ce5f38a035/resource/ee73430d-96c0-423e-ad21-c4cfb54c8961/download/fy2026-property-assessment-data_rev.csv,FY2026,30 WEST HOWELL ST M-D,Dorchester,MA,02125,0703441022,30 WEST HOWELL ST  M-D,Boston,02125,2018,YR_BUILT,,RES_UNITS,A,LU,LUXURY APARTMENT,LU_DESC,parsed,parsed,aligned,eligible,unique aligned parcel,2026-10-04T01:54:22+00:00
A0246,1,1,complete,SANDAG/SanGIS parcels,https://geo.sandag.org/server/rest/services/hosted/Parcels/FeatureServer/0,current,4386 COPELAND AVE,San Diego,CA,92105,4710512600,4386 COPELAND AVE,SAN DIEGO,92105-1248,57,year_effective,8,unitqty,14,asr_landuse,,,parsed,parsed,aligned,eligible,unique aligned parcel,2026-10-04T01:54:23+00:00
A0247,1,1,complete,SANDAG/SanGIS parcels,https://geo.sandag.org/server/rest/services/hosted/Parcels/FeatureServer/0,current,4957 CAPE MAY AVE,San Diego,CA,92107,4482013100,4957 CAPE MAY AVE,SAN DIEGO,92107-2554,72,year_effective,10,unitqty,14,asr_landuse,,,parsed,parsed,aligned,eligible,unique aligned parcel,2026-10-04T01:54:23+00:00
A0248,1,1,complete,LA County eGIS parcels,https://cache.gis.lacounty.gov/cache/rest/services/LACounty_Cache/LACounty_Parcel/FeatureServer/0,2026,941 S KENMORE AVE,Los Angeles,CA,90006,5094023030,941 S KENMORE AVE LOS ANGELES CA 90006,LOS ANGELES CA,90006-1558,1923,YearBuilt1,24,Units1,0500,UseCode,Five or more apartments,UseDescription,parsed,parsed,aligned,eligible,unique aligned parcel,2026-10-04T01:54:23+00:00
A0249,1,1,complete,NJOGIS Parcels & MOD-IV Composite,https://services2.arcgis.com/XVOqAjTOJ5P6ngMu/arcgis/rest/services/Parcels_Composite_NJ_WM/FeatureServer/0,1772427600000,498-500 HAWTHORNE AVE,Newark,NJ,10013,0714_3066_3,498-500 HAWTHORNE AVE,NEWARK CITY,10013,,YR_CONSTR,1,DWELL/COMM_DWELL,4C,PROP_CLASS,029,PROP_USE,parsed,parsed,aligned,eligible,unique aligned parcel,2026-10-04T01:54:24+00:00
A0250,1,1,complete,NJOGIS Parcels & MOD-IV Composite,https://services2.arcgis.com/XVOqAjTOJ5P6ngMu/arcgis/rest/services/Parcels_Composite_NJ_WM/FeatureServer/0,1761714000000,211 BALDWIN AVE.,Jersey City,NJ,07002,0906_10803_29.01,211 BALDWIN AVE.,JERSEY CITY CITY,07002,,YR_CONSTR,,DWELL/COMM_DWELL,4C,PROP_CLASS,,PROP_USE,parsed,parsed,aligned,eligible,unique aligned parcel,2026-10-04T01:54:24+00:00
A0251,1,2,representative_only,SANDAG/SanGIS parcels,https://geo.sandag.org/server/rest/services/hosted/Parcels/FeatureServer/0,current,4663 33RD ST,San Diego,CA,92116,4394411000,4663 33RD ST,SAN DIEGO,92116-6302,70,year_effective,8,unitqty,14,asr_landuse,,,parsed,parsed,aligned,excluded_from_automatic_resolution,candidate set not fully captured,2026-10-04T01:54:24+00:00
A0252,1,1,complete,LA County eGIS parcels,https://cache.gis.lacounty.gov/cache/rest/services/LACounty_Cache/LACounty_Parcel/FeatureServer/0,2026,15514 CHASE ST,Los Angeles,CA,91343,2654028031,15514 CHASE ST LOS ANGELES CA 91343,LOS ANGELES CA,91343-6583,1984,YearBuilt1,6,Units1,0500,UseCode,Five or more apartments,UseDescription,parsed,parsed,aligned,eligible,unique aligned parcel,2026-10-04T01:54:24+00:00
A0254,1,1,complete,NJOGIS Parcels & MOD-IV Composite,https://services2.arcgis.com/XVOqAjTOJ5P6ngMu/arcgis/rest/services/Parcels_Composite_NJ_WM/FeatureServer/0,1761714000000,805 WASHINGTON ST,Hoboken,NJ,07030,0905_219_3,805 WASHINGTON ST,HOBOKEN CITY,07030,,YR_CONSTR,9,DWELL/COMM_DWELL,4C,PROP_CLASS,,PROP_USE,parsed,parsed,aligned,eligible,unique aligned parcel,2026-10-04T01:54:28+00:00
A0255,1,1,complete,LA County eGIS parcels,https://cache.gis.lacounty.gov/cache/rest/services/LACounty_Cache/LACounty_Parcel/FeatureServer/0,2026,851 E 51ST ST,Los Angeles,CA,90011,5108014027,851 E 51ST ST LOS ANGELES CA 90011,LOS ANGELES CA,90011-4113,1923,YearBuilt1,2,Units1,0500,UseCode,Five or more apartments,UseDescription,parsed,parsed,aligned,eligible,unique aligned parcel,2026-10-04T01:54:29+00:00
A0256,1,1,complete,NJOGIS Parcels & MOD-IV Composite,https://services2.arcgis.com/XVOqAjTOJ5P6ngMu/arcgis/rest/services/Parcels_Composite_NJ_WM/FeatureServer/0,1761714000000,327 JACKSON ST,Hoboken,NJ,07017,0905_47_13,327 JACKSON ST,HOBOKEN CITY,07017,,YR_CONSTR,20,DWELL/COMM_DWELL,4C,PROP_CLASS,738,PROP_USE,parsed,parsed,aligned,eligible,unique aligned parcel,2026-10-04T01:54:29+00:00
A0258,1,1,complete,Boston Property Assessment FY2026,https://data.boston.gov/dataset/e02c44d2-3c64-459c-8fe2-e1ce5f38a035/resource/ee73430d-96c0-423e-ad21-c4cfb54c8961/download/fy2026-property-assessment-data_rev.csv,FY2026,471 COLUMBIA RD,Dorchester,MA,02125,1502618000,471 COLUMBIA RD  ,Boston,02125,1930,YR_BUILT,,RES_UNITS,A,LU,SUBSD HOUSING S- 8,LU_DESC,parsed,parsed,aligned,eligible,unique aligned parcel,2026-10-04T01:54:31+00:00
A0260,1,1,complete,Alameda County parcels,https://gis.cityofberkeley.info/arcgis3/rest/services/Public/GISPortal/MapServer/1,current,2479 LE CONTE AVE,Berkeley,CA,94709,058 219300300,2479 LE CONTE AVE BERKELEY 94709,BERKELEY,94709,,YearBuilt,10,Units,7700,UseCode,,,parsed,parsed,aligned,eligible,unique aligned parcel,2026-10-04T01:54:34+00:00
A0261,1,1,complete,NJOGIS Parcels & MOD-IV Composite,https://services2.arcgis.com/XVOqAjTOJ5P6ngMu/arcgis/rest/services/Parcels_Composite_NJ_WM/FeatureServer/0,1761714000000,525 ADAMS ST,Hoboken,NJ,07030,0905_70_6,525 ADAMS ST,HOBOKEN CITY,07030,,YR_CONSTR,10,DWELL/COMM_DWELL,4C,PROP_CLASS,,PROP_USE,parsed,parsed,aligned,eligible,unique aligned parcel,2026-10-04T01:54:34+00:00
A0262,1,0,none,SANDAG/SanGIS parcels,https://geo.sandag.org/server/rest/services/hosted/Parcels/FeatureServer/0,,2924 E JUNIPER ST,San Diego,CA,92104,,,,,,,,,,,,,parsed,failed,parser_failed,excluded_from_automatic_resolution,candidate set not fully captured,2026-10-04T01:54:34+00:00
A0263,1,1,complete,Alameda County parcels,https://gis.cityofberkeley.info/arcgis3/rest/services/Public/GISPortal/MapServer/1,current,1636 M L KING JR WAY,Berkeley,CA,94709,058 216601801,1636 M L KING JR WAY BERKELEY 94709,BERKELEY,94709,,YearBuilt,14,Units,7700,UseCode,,,parsed,parsed,aligned,eligible,unique aligned parcel,2026-10-04T01:54:34+00:00
A0264,1,1,complete,NJOGIS Parcels & MOD-IV Composite,https://services2.arcgis.com/XVOqAjTOJ5P6ngMu/arcgis/rest/services/Parcels_Composite_NJ_WM/FeatureServer/0,1772427600000,583-589 ELIZABETH AVE,Newark,NJ,11516,0714_3644_5,583-589 ELIZABETH AVE,NEWARK CITY,11516,,YR_CONSTR,1,DWELL/COMM_DWELL,4C,PROP_CLASS,021,PROP_USE,parsed,parsed,aligned,eligible,unique aligned parcel,2026-10-04T01:54:34+00:00
A0265,1,1,complete,NJOGIS Parcels & MOD-IV Composite,https://services2.arcgis.com/XVOqAjTOJ5P6ngMu/arcgis/rest/services/Parcels_Composite_NJ_WM/FeatureServer/0,1761714000000,102 BALDWIN AVE.,Jersey City,NJ,07306,0906_12306_11,102 BALDWIN AVE.,JERSEY CITY CITY,07306,1912,YR_CONSTR,,DWELL/COMM_DWELL,4C,PROP_CLASS,,PROP_USE,parsed,parsed,aligned,eligible,unique aligned parcel,2026-10-04T01:54:34+00:00
A0266,1,1,complete,NJOGIS Parcels & MOD-IV Composite,https://services2.arcgis.com/XVOqAjTOJ5P6ngMu/arcgis/rest/services/Parcels_Composite_NJ_WM/FeatureServer/0,1761714000000,52 BRIGHT ST.,Jersey City,NJ,10016,0906_13903_20,52 BRIGHT ST.,JERSEY CITY CITY,10016,,YR_CONSTR,,DWELL/COMM_DWELL,4C,PROP_CLASS,,PROP_USE,parsed,parsed,aligned,eligible,unique aligned parcel,2026-10-04T01:54:35+00:00
A0267,1,1,complete,LA County eGIS parcels,https://cache.gis.lacounty.gov/cache/rest/services/LACounty_Cache/LACounty_Parcel/FeatureServer/0,current,1314 N VAN NESS AVE,Los Angeles,CA,90028,5545019913,1314 N VAN NESS AVE LOS ANGELES CA 90028,LOS ANGELES CA,90028-8567,,YearBuilt1,,Units1,050V,UseCode,Five or more apartments,UseDescription,parsed,parsed,aligned,eligible,unique aligned parcel,2026-10-04T01:54:35+00:00
A0269,1,1,complete,NJOGIS Parcels & MOD-IV Composite,https://services2.arcgis.com/XVOqAjTOJ5P6ngMu/arcgis/rest/services/Parcels_Composite_NJ_WM/FeatureServer/0,1761714000000,1015 CLINTON ST,Hoboken,NJ,10003,0905_162_2,1015 CLINTON ST,HOBOKEN CITY,10003,,YR_CONSTR,14,DWELL/COMM_DWELL,4C,PROP_CLASS,,PROP_USE,parsed,parsed,aligned,eligible,unique aligned parcel,2026-10-04T01:54:37+00:00
A0270,1,1,complete,NJOGIS Parcels & MOD-IV Composite,https://services2.arcgis.com/XVOqAjTOJ5P6ngMu/arcgis/rest/services/Parcels_Composite_NJ_WM/FeatureServer/0,1761714000000,29 CONCORD ST,Jersey City,NJ,07306,0906_6808_19,29 CONCORD ST,JERSEY CITY CITY,07306,1890,YR_CONSTR,,DWELL/COMM_DWELL,4C,PROP_CLASS,,PROP_USE,parsed,parsed,aligned,eligible,unique aligned parcel,2026-10-04T01:54:37+00:00
A0272,1,1,complete,Cambridge Property Database FY2026 (waa7-ibdu),https://data.cambridgema.gov/resource/waa7-ibdu.json,2026,5 Everett St,Cambridge,MA,,157-52,5 Everett St,Cambridge,,1890,condition_yearbuilt,6,interior_numunits,111,stateclasscode,4-8-UNIT-APT,propertyclass/exterior_occupancy,parsed,parsed,aligned,eligible,unique aligned parcel,2026-10-04T01:54:38+00:00
A0273,1,1,complete,SANDAG/SanGIS parcels,https://geo.sandag.org/server/rest/services/hosted/Parcels/FeatureServer/0,current,3911 CENTRE ST,San Diego,CA,92103,4456420900,3911 CENTRE ST,SAN DIEGO,92103-3410,10,year_effective,10,unitqty,14,asr_landuse,,,parsed,parsed,aligned,eligible,unique aligned parcel,2026-10-04T01:54:39+00:00
A0274,1,1,complete,SANDAG/SanGIS parcels,https://geo.sandag.org/server/rest/services/hosted/Parcels/FeatureServer/0,current,7072 EASTMAN ST,San Diego,CA,92111,4312600300,7072 EASTMAN ST,SAN DIEGO,92111-6004,41,year_effective,6,unitqty,14,asr_landuse,,,parsed,parsed,aligned,eligible,unique aligned parcel,2026-10-04T01:54:39+00:00
A0275,1,1,complete,SANDAG/SanGIS parcels,https://geo.sandag.org/server/rest/services/hosted/Parcels/FeatureServer/0,current,4091 MORRELL ST,San Diego,CA,92109,4244330100,4091 MORRELL ST,SAN DIEGO,92109-6263,70,year_effective,7,unitqty,14,asr_landuse,,,parsed,parsed,aligned,eligible,unique aligned parcel,2026-10-04T01:54:39+00:00
A0276,1,1,complete,SANDAG/SanGIS parcels,https://geo.sandag.org/server/rest/services/hosted/Parcels/FeatureServer/0,current,4361 ILLINOIS ST,San Diego,CA,92104,4461810500,4361 ILLINOIS ST,SAN DIEGO,92104-1324,60,year_effective,6,unitqty,14,asr_landuse,,,parsed,parsed,aligned,eligible,unique aligned parcel,2026-10-04T01:54:39+00:00
A0277,1,1,complete,Alameda County parcels,https://gis.cityofberkeley.info/arcgis3/rest/services/Public/GISPortal/MapServer/1,current,2736 GRANT ST,Berkeley,CA,94703,054 172900300,2736 GRANT ST BERKELEY 94703,BERKELEY,94703,,YearBuilt,8,Units,7700,UseCode,,,parsed,parsed,aligned,eligible,unique aligned parcel,2026-10-04T01:54:40+00:00
A0279,1,1,complete,NJOGIS Parcels & MOD-IV Composite,https://services2.arcgis.com/XVOqAjTOJ5P6ngMu/arcgis/rest/services/Parcels_Composite_NJ_WM/FeatureServer/0,1761714000000,90 KENSINGTON AVE.,Jersey City,NJ,07302,0906_16402_36,90 KENSINGTON AVE.,JERSEY CITY CITY,07302,1925,YR_CONSTR,,DWELL/COMM_DWELL,4C,PROP_CLASS,,PROP_USE,parsed,parsed,aligned,eligible,unique aligned parcel,2026-10-04T01:57:32+00:00
A0281,1,1,complete,LA County eGIS parcels,https://cache.gis.lacounty.gov/cache/rest/services/LACounty_Cache/LACounty_Parcel/FeatureServer/0,2026,1725 N GOWER ST,Los Angeles,CA,90028,5546032002,1725 N GOWER ST LOS ANGELES CA 90028,LOS ANGELES CA,90028-5432,1946,YearBuilt1,20,Units1,0500,UseCode,Five or more apartments,UseDescription,parsed,parsed,aligned,eligible,unique aligned parcel,2026-10-04T01:54:45+00:00
A0282,1,1,complete,Alameda County parcels,https://gis.cityofberkeley.info/arcgis3/rest/services/Public/GISPortal/MapServer/1,current,2240 10TH ST,Berkeley,CA,94710,056 197501700,2240 10TH ST BERKELEY 94710,BERKELEY,94710,1947,YearBuilt,9,Units,7700,UseCode,,,parsed,parsed,aligned,eligible,unique aligned parcel,2026-10-04T01:54:46+00:00
A0284,1,1,complete,Cambridge Property Database FY2026 (waa7-ibdu),https://data.cambridgema.gov/resource/waa7-ibdu.json,2026,345 Columbia St,Cambridge,MA,,80-13,345 Columbia St,Cambridge,,1920,condition_yearbuilt,9,interior_numunits,112,stateclasscode,>8-UNIT-APT,propertyclass/exterior_occupancy,parsed,parsed,aligned,eligible,unique aligned parcel,2026-10-04T01:54:48+00:00
A0285,1,1,complete,LA County eGIS parcels,https://cache.gis.lacounty.gov/cache/rest/services/LACounty_Cache/LACounty_Parcel/FeatureServer/0,2026,5255 HARMONY AVE,Los Angeles,CA,91601,2416009016,5255 HARMONY AVE LOS ANGELES CA 91601,LOS ANGELES CA,91601-3322,0000,YearBuilt1,8,Units1,0500,UseCode,Five or more apartments,UseDescription,parsed,parsed,aligned,eligible,unique aligned parcel,2026-10-04T01:54:48+00:00
A0286,1,1,complete,Cambridge Property Database FY2026 (waa7-ibdu),https://data.cambridgema.gov/resource/waa7-ibdu.json,2026,27 Irving Ter,Cambridge,MA,,142-85,27 Irving Ter,Cambridge,,1925,condition_yearbuilt,29,interior_numunits,112,stateclasscode,>8-UNIT-APT,propertyclass/exterior_occupancy,parsed,parsed,aligned,eligible,unique aligned parcel,2026-10-04T01:54:49+00:00
A0287,1,1,complete,NJOGIS Parcels & MOD-IV Composite,https://services2.arcgis.com/XVOqAjTOJ5P6ngMu/arcgis/rest/services/Parcels_Composite_NJ_WM/FeatureServer/0,1761714000000,404 GRAND ST,Hoboken,NJ,07075,0905_61_20,404 GRAND ST,HOBOKEN CITY,07075,,YR_CONSTR,7,DWELL/COMM_DWELL,4C,PROP_CLASS,,PROP_USE,parsed,parsed,aligned,eligible,unique aligned parcel,2026-10-04T01:54:50+00:00
A0288,1,1,complete,NJOGIS Parcels & MOD-IV Composite,https://services2.arcgis.com/XVOqAjTOJ5P6ngMu/arcgis/rest/services/Parcels_Composite_NJ_WM/FeatureServer/0,1761714000000,75 CLENDENNY AVE.,Jersey City,NJ,11211,0906_19303_25,75 CLENDENNY AVE.,JERSEY CITY CITY,11211,,YR_CONSTR,,DWELL/COMM_DWELL,4C,PROP_CLASS,029,PROP_USE,parsed,parsed,aligned,eligible,unique aligned parcel,2026-10-04T01:54:50+00:00
A0289,1,1,complete,Alameda County parcels,https://gis.cityofberkeley.info/arcgis3/rest/services/Public/GISPortal/MapServer/1,current,1741 M L KING JR WAY,Berkeley,CA,94709,058 216901900,1741 M L KING JR WAY BERKELEY 94709,BERKELEY,94709,,YearBuilt,14,Units,7700,UseCode,,,parsed,parsed,aligned,eligible,unique aligned parcel,2026-10-04T01:54:50+00:00
A0290,1,1,complete,Cambridge Property Database FY2026 (waa7-ibdu),https://data.cambridgema.gov/resource/waa7-ibdu.json,2026,21 Forest St,Cambridge,MA,,153-28,21 Forest St,Cambridge,,1880,condition_yearbuilt,10,interior_numunits,112,stateclasscode,>8-UNIT-APT,propertyclass/exterior_occupancy,parsed,parsed,aligned,eligible,unique aligned parcel,2026-10-04T01:54:50+00:00
A0291,1,1,complete,Cambridge Property Database FY2026 (waa7-ibdu),https://data.cambridgema.gov/resource/waa7-ibdu.json,2026,165 Cambridgepark Dr,Cambridge,MA,,267.4-176,165 Cambridgepark Dr,Cambridge,,2014,condition_yearbuilt,244,interior_numunits,112,stateclasscode,>8-UNIT-APT,propertyclass/exterior_occupancy,parsed,parsed,aligned,eligible,unique aligned parcel,2026-10-04T01:54:51+00:00
A0292,1,1,complete,Cambridge Property Database FY2026 (waa7-ibdu),https://data.cambridgema.gov/resource/waa7-ibdu.json,2026,24 Berkshire St,Cambridge,MA,,40-143,24 Berkshire St,Cambridge,,2019,condition_yearbuilt,6,interior_numunits,111,stateclasscode,4-8-UNIT-APT,propertyclass/exterior_occupancy,parsed,parsed,aligned,eligible,unique aligned parcel,2026-10-04T01:54:51+00:00
A0294,1,1,complete,Cambridge Property Database FY2026 (waa7-ibdu),https://data.cambridgema.gov/resource/waa7-ibdu.json,2026,178 Richdale Ave,Cambridge,MA,,202-17,178 Richdale Ave,Cambridge,,1920,condition_yearbuilt,6,interior_numunits,111,stateclasscode,4-8-UNIT-APT,propertyclass/exterior_occupancy,parsed,parsed,aligned,eligible,unique aligned parcel,2026-10-04T01:54:53+00:00
A0295,1,0,none,Boston Property Assessment FY2026,https://data.boston.gov/dataset/e02c44d2-3c64-459c-8fe2-e1ce5f38a035/resource/ee73430d-96c0-423e-ad21-c4cfb54c8961/download/fy2026-property-assessment-data_rev.csv,,Harvard ST LOT 2A-13,Dorchester,MA,02124,,,,,,,,,,,,,failed,failed,parser_failed,excluded_from_automatic_resolution,candidate set not fully captured,2026-10-04T01:54:54+00:00
A0296,1,1,complete,NJOGIS Parcels & MOD-IV Composite,https://services2.arcgis.com/XVOqAjTOJ5P6ngMu/arcgis/rest/services/Parcels_Composite_NJ_WM/FeatureServer/0,1772427600000,83-85 MCWHORTER ST,Newark,NJ,07105,0714_197_1,83-85 MCWHORTER ST,NEWARK CITY,07105,,YR_CONSTR,1,DWELL/COMM_DWELL,4C,PROP_CLASS,029,PROP_USE,parsed,parsed,aligned,eligible,unique aligned parcel,2026-10-04T01:54:55+00:00
A0297,1,1,complete,NJOGIS Parcels & MOD-IV Composite,https://services2.arcgis.com/XVOqAjTOJ5P6ngMu/arcgis/rest/services/Parcels_Composite_NJ_WM/FeatureServer/0,1772427600000,211-213 SUMMER AVE,Newark,NJ,11205,0714_526_4,211-213 SUMMER AVE,NEWARK CITY,11205,,YR_CONSTR,1,DWELL/COMM_DWELL,4C,PROP_CLASS,021,PROP_USE,parsed,parsed,aligned,eligible,unique aligned parcel,2026-10-04T01:54:55+00:00
A0298,1,1,complete,Cambridge Property Database FY2026 (waa7-ibdu),https://data.cambridgema.gov/resource/waa7-ibdu.json,2026,361 Washington St,Cambridge,MA,,89-82,361 Washington St,Cambridge,,1900,condition_yearbuilt,6,interior_numunits,111,stateclasscode,4-8-UNIT-APT,propertyclass/exterior_occupancy,parsed,parsed,aligned,eligible,unique aligned parcel,2026-10-04T01:54:55+00:00
A0299,1,1,complete,NJOGIS Parcels & MOD-IV Composite,https://services2.arcgis.com/XVOqAjTOJ5P6ngMu/arcgis/rest/services/Parcels_Composite_NJ_WM/FeatureServer/0,1761714000000,1037 WASHINGTON ST,Hoboken,NJ,10994,0905_221_12.01,1037 WASHINGTON ST,HOBOKEN CITY,10994,,YR_CONSTR,8,DWELL/COMM_DWELL,4C,PROP_CLASS,,PROP_USE,parsed,parsed,aligned,eligible,unique aligned parcel,2026-10-04T01:54:55+00:00
A0300,1,1,complete,Cambridge Property Database FY2026 (waa7-ibdu),https://data.cambridgema.gov/resource/waa7-ibdu.json,2026,36 Trowbridge St,Cambridge,MA,,135-88,36 Trowbridge St,Cambridge,,1920,condition_yearbuilt,5,interior_numunits,111,stateclasscode,4-8-UNIT-APT,propertyclass/exterior_occupancy,parsed,parsed,aligned,eligible,unique aligned parcel,2026-10-04T01:54:56+00:00
A0301,1,1,complete,Cambridge Property Database FY2026 (waa7-ibdu),https://data.cambridgema.gov/resource/waa7-ibdu.json,2026,165 Hampshire St,Cambridge,MA,,84-70,165 Hampshire St,Cambridge,,1905,condition_yearbuilt,6,interior_numunits,111,stateclasscode,4-8-UNIT-APT,propertyclass/exterior_occupancy,parsed,parsed,aligned,eligible,unique aligned parcel,2026-10-04T01:54:56+00:00
A0302,1,1,complete,Cambridge Property Database FY2026 (waa7-ibdu),https://data.cambridgema.gov/resource/waa7-ibdu.json,2026,4-6 Clinton St,Cambridge,MA,,118-3,4-6 Clinton St,Cambridge,,1900,condition_yearbuilt,8,interior_numunits,111,stateclasscode,4-8-UNIT-APT,propertyclass/exterior_occupancy,parsed,parsed,aligned,eligible,unique aligned parcel,2026-10-04T01:54:56+00:00
A0303,1,1,complete,LA County eGIS parcels,https://cache.gis.lacounty.gov/cache/rest/services/LACounty_Cache/LACounty_Parcel/FeatureServer/0,2026,188 E 35TH ST,Los Angeles,CA,90011,5120009009,188 E 35TH ST LOS ANGELES CA 90011,LOS ANGELES CA,90011-2315,1909,YearBuilt1,10,Units1,0500,UseCode,Five or more apartments,UseDescription,parsed,parsed,aligned,eligible,unique aligned parcel,2026-10-04T01:54:57+00:00
A0304,1,1,complete,SANDAG/SanGIS parcels,https://geo.sandag.org/server/rest/services/hosted/Parcels/FeatureServer/0,current,4541 HAMILTON ST,San Diego,CA,92116,4451710700,4541 HAMILTON ST,SAN DIEGO,92116-3033,52,year_effective,7,unitqty,14,asr_landuse,,,parsed,parsed,aligned,eligible,unique aligned parcel,2026-10-04T01:54:58+00:00
A0306,1,0,none,Cambridge Property Database FY2026 (waa7-ibdu),https://data.cambridgema.gov/resource/waa7-ibdu.json,,335A Harvard St,Cambridge,MA,,,,,,,,,,,,,,failed,failed,parser_failed,excluded_from_automatic_resolution,candidate set not fully captured,2026-10-04T01:54:59+00:00
A0307,1,1,complete,NJOGIS Parcels & MOD-IV Composite,https://services2.arcgis.com/XVOqAjTOJ5P6ngMu/arcgis/rest/services/Parcels_Composite_NJ_WM/FeatureServer/0,1772427600000,294-296 VAN BUREN ST,Newark,NJ,07512,0714_978_38,294-296 VAN BUREN ST,NEWARK CITY,07512,,YR_CONSTR,1,DWELL/COMM_DWELL,4C,PROP_CLASS,029,PROP_USE,parsed,parsed,aligned,eligible,unique aligned parcel,2026-10-04T01:54:59+00:00
A0308,1,1,complete,NJOGIS Parcels & MOD-IV Composite,https://services2.arcgis.com/XVOqAjTOJ5P6ngMu/arcgis/rest/services/Parcels_Composite_NJ_WM/FeatureServer/0,1761714000000,1032 HUDSON ST,Hoboken,NJ,07024,0905_221_14,1032 HUDSON ST,HOBOKEN CITY,07024,,YR_CONSTR,11,DWELL/COMM_DWELL,4C,PROP_CLASS,,PROP_USE,parsed,parsed,aligned,eligible,unique aligned parcel,2026-10-04T01:55:00+00:00
A0309,1,1,complete,LA County eGIS parcels,https://cache.gis.lacounty.gov/cache/rest/services/LACounty_Cache/LACounty_Parcel/FeatureServer/0,2026,1706 N STANLEY AVE,Los Angeles,CA,90046,5551011007,1706 N STANLEY AVE LOS ANGELES CA 90046,LOS ANGELES CA,90046-2246,1951,YearBuilt1,6,Units1,0500,UseCode,Five or more apartments,UseDescription,parsed,parsed,aligned,eligible,unique aligned parcel,2026-10-04T01:55:00+00:00
A0310,1,1,complete,Boston Property Assessment FY2026,https://data.boston.gov/dataset/e02c44d2-3c64-459c-8fe2-e1ce5f38a035/resource/ee73430d-96c0-423e-ad21-c4cfb54c8961/download/fy2026-property-assessment-data_rev.csv,FY2026,53-55 Ashford ST,Allston,MA,02134,2100551000,53 Ashford ST  ,Boston,02134,1900,YR_BUILT,,RES_UNITS,A,LU,APT 7-30 UNITS,LU_DESC,parsed,parsed,aligned,eligible,unique aligned parcel,2026-10-04T01:55:00+00:00
A0311,1,0,none,NJOGIS Parcels & MOD-IV Composite,https://services2.arcgis.com/XVOqAjTOJ5P6ngMu/arcgis/rest/services/Parcels_Composite_NJ_WM/FeatureServer/0,,38-38- SOMME ST,Newark,NJ,07032,,,,,,,,,,,,,failed,failed,parser_failed,excluded_from_automatic_resolution,candidate set not fully captured,2026-10-04T01:55:01+00:00
A0312,1,1,complete,Boston Property Assessment FY2026,https://data.boston.gov/dataset/e02c44d2-3c64-459c-8fe2-e1ce5f38a035/resource/ee73430d-96c0-423e-ad21-c4cfb54c8961/download/fy2026-property-assessment-data_rev.csv,FY2026,25 ORLANDO ST,Mattapan,MA,02126,1802200000,25 ORLANDO ST  ,Boston,02126,1965,YR_BUILT,,RES_UNITS,A,LU,SUBSD HOUSING S- 8,LU_DESC,parsed,parsed,aligned,eligible,unique aligned parcel,2026-10-04T01:55:01+00:00
A0313,1,1,complete,NJOGIS Parcels & MOD-IV Composite,https://services2.arcgis.com/XVOqAjTOJ5P6ngMu/arcgis/rest/services/Parcels_Composite_NJ_WM/FeatureServer/0,1772427600000,317-319 W RUNYON ST,Newark,NJ,11205,0714_3035_17,317-319 W RUNYON ST,NEWARK CITY,11205,,YR_CONSTR,1,DWELL/COMM_DWELL,4C,PROP_CLASS,999,PROP_USE,parsed,parsed,aligned,eligible,unique aligned parcel,2026-10-04T01:55:02+00:00
A0314,1,1,complete,LA County eGIS parcels,https://cache.gis.lacounty.gov/cache/rest/services/LACounty_Cache/LACounty_Parcel/FeatureServer/0,2026,6640 LELAND WAY,Los Angeles,CA,90028,5547025004,6640 LELAND WAY LOS ANGELES CA 90028,LOS ANGELES CA,90028-7871,1919,YearBuilt1,7,Units1,0500,UseCode,Five or more apartments,UseDescription,parsed,parsed,aligned,eligible,unique aligned parcel,2026-10-04T01:55:02+00:00
A0315,1,1,complete,LA County eGIS parcels,https://cache.gis.lacounty.gov/cache/rest/services/LACounty_Cache/LACounty_Parcel/FeatureServer/0,2026,5233 CARTWRIGHT AVE,Los Angeles,CA,91601,2416025021,5233 CARTWRIGHT AVE LOS ANGELES CA 91601,LOS ANGELES CA,91601-5427,1990,YearBuilt1,8,Units1,0500,UseCode,Five or more apartments,UseDescription,parsed,parsed,aligned,eligible,unique aligned parcel,2026-10-04T01:55:03+00:00
A0316,1,1,complete,SANDAG/SanGIS parcels,https://geo.sandag.org/server/rest/services/hosted/Parcels/FeatureServer/0,current,3978 FLORIDA ST,San Diego,CA,92104,4456713100,3978 FLORIDA ST,SAN DIEGO,92104-2787,31,year_effective,8,unitqty,14,asr_landuse,,,parsed,parsed,aligned,eligible,unique aligned parcel,2026-10-04T01:55:03+00:00
A0317,1,1,complete,Alameda County parcels,https://gis.cityofberkeley.info/arcgis3/rest/services/Public/GISPortal/MapServer/1,current,2233 CHANNING WAY,Berkeley,CA,94704,055 188700600,2233 CHANNING WAY BERKELEY 94704,BERKELEY,94704,1958,YearBuilt,13,Units,7700,UseCode,,,parsed,parsed,aligned,eligible,unique aligned parcel,2026-10-04T01:55:04+00:00
A0318,1,1,complete,Alameda County parcels,https://gis.cityofberkeley.info/arcgis3/rest/services/Public/GISPortal/MapServer/1,current,2041 FRANCISCO ST,Berkeley,CA,94709,058 217500800,2041 FRANCISCO ST BERKELEY 94709,BERKELEY,94709,,YearBuilt,21,Units,7700,UseCode,,,parsed,parsed,aligned,eligible,unique aligned parcel,2026-10-04T01:55:04+00:00
A0319,1,1,complete,Alameda County parcels,https://gis.cityofberkeley.info/arcgis3/rest/services/Public/GISPortal/MapServer/1,current,2315 GRANT ST,Berkeley,CA,94703,055 190402600,2315 GRANT ST BERKELEY 94703,BERKELEY,94703,,YearBuilt,8,Units,7700,UseCode,,,parsed,parsed,aligned,eligible,unique aligned parcel,2026-10-04T01:55:04+00:00
A0320,1,1,complete,NJOGIS Parcels & MOD-IV Composite,https://services2.arcgis.com/XVOqAjTOJ5P6ngMu/arcgis/rest/services/Parcels_Composite_NJ_WM/FeatureServer/0,1761714000000,408 MADISON ST,Hoboken,NJ,07030,0905_58_21,408 MADISON ST,HOBOKEN CITY,07030,,YR_CONSTR,6,DWELL/COMM_DWELL,4C,PROP_CLASS,,PROP_USE,parsed,parsed,aligned,eligible,unique aligned parcel,2026-10-04T01:55:04+00:00
A0321,1,1,complete,NJOGIS Parcels & MOD-IV Composite,https://services2.arcgis.com/XVOqAjTOJ5P6ngMu/arcgis/rest/services/Parcels_Composite_NJ_WM/FeatureServer/0,1761714000000,200 NUNDA AVE.,Jersey City,NJ,07306,0906_14702_31,200 NUNDA AVE.,JERSEY CITY CITY,07306,1,YR_CONSTR,,DWELL/COMM_DWELL,4C,PROP_CLASS,,PROP_USE,parsed,parsed,aligned,eligible,unique aligned parcel,2026-10-04T01:55:04+00:00
A0322,1,1,complete,SANDAG/SanGIS parcels,https://geo.sandag.org/server/rest/services/hosted/Parcels/FeatureServer/0,current,227 CYPRESS DR,San Ysidro,CA,92173,6381201400,227 CYPRESS DR,SAN YSIDRO,92173-2532,79,year_effective,31,unitqty,15,asr_landuse,,,parsed,parsed,aligned,eligible,unique aligned parcel,2026-10-04T01:55:04+00:00
A0323,1,1,complete,LA County eGIS parcels,https://cache.gis.lacounty.gov/cache/rest/services/LACounty_Cache/LACounty_Parcel/FeatureServer/0,2026,4627 COMPTON AVE,Los Angeles,CA,90011,5107012006,4627 COMPTON AVE LOS ANGELES CA 90011,LOS ANGELES CA,90011-4333,1907,YearBuilt1,2,Units1,0500,UseCode,Five or more apartments,UseDescription,parsed,parsed,aligned,eligible,unique aligned parcel,2026-10-04T01:55:05+00:00
A0325,1,0,none,NJOGIS Parcels & MOD-IV Composite,https://services2.arcgis.com/XVOqAjTOJ5P6ngMu/arcgis/rest/services/Parcels_Composite_NJ_WM/FeatureServer/0,,38A GAUTIER AVE.,Jersey City,NJ,07302,,,,,,,,,,,,,failed,failed,parser_failed,excluded_from_automatic_resolution,candidate set not fully captured,2026-10-04T01:55:07+00:00
A0326,1,1,complete,NJOGIS Parcels & MOD-IV Composite,https://services2.arcgis.com/XVOqAjTOJ5P6ngMu/arcgis/rest/services/Parcels_Composite_NJ_WM/FeatureServer/0,1772427600000,46 JEFFERSON ST,Newark,NJ,07105,0714_174_13,46 JEFFERSON ST,NEWARK CITY,07105,,YR_CONSTR,1,DWELL/COMM_DWELL,4C,PROP_CLASS,101,PROP_USE,parsed,parsed,aligned,eligible,unique aligned parcel,2026-10-04T01:55:07+00:00
A0327,1,1,complete,LA County eGIS parcels,https://cache.gis.lacounty.gov/cache/rest/services/LACounty_Cache/LACounty_Parcel/FeatureServer/0,2026,1605 N MARTEL AVE,Los Angeles,CA,90046,5550015016,1605 N MARTEL AVE LOS ANGELES CA 90046,LOS ANGELES CA,90046-3561,1954,YearBuilt1,36,Units1,0501,UseCode,Five or more apartments,UseDescription,parsed,parsed,aligned,eligible,unique aligned parcel,2026-10-04T01:55:07+00:00
A0329,1,1,complete,NJOGIS Parcels & MOD-IV Composite,https://services2.arcgis.com/XVOqAjTOJ5P6ngMu/arcgis/rest/services/Parcels_Composite_NJ_WM/FeatureServer/0,1772427600000,51 MADISON ST,Newark,NJ,07105,0714_174_30,51 MADISON ST,NEWARK CITY,07105,,YR_CONSTR,1,DWELL/COMM_DWELL,4C,PROP_CLASS,,PROP_USE,parsed,parsed,aligned,eligible,unique aligned parcel,2026-10-04T01:55:10+00:00
A0330,1,1,complete,LA County eGIS parcels,https://cache.gis.lacounty.gov/cache/rest/services/LACounty_Cache/LACounty_Parcel/FeatureServer/0,2026,5229 WILLOWCREST AVE,Los Angeles,CA,91601,2416028047,5229 WILLOWCREST AVE LOS ANGELES 91601,LOS ANGELES,91601,2018,YearBuilt1,24,Units1,0500,UseCode,Five or more apartments,UseDescription,parsed,parsed,aligned,eligible,unique aligned parcel,2026-10-04T01:55:10+00:00
A0331,1,1,complete,NJOGIS Parcels & MOD-IV Composite,https://services2.arcgis.com/XVOqAjTOJ5P6ngMu/arcgis/rest/services/Parcels_Composite_NJ_WM/FeatureServer/0,1772427600000,342-344 IRVINE TURNER BLV,Newark,NJ,11219,0714_2665_20,342-344 IRVINE TURNER BLV,NEWARK CITY,11219,1910,YR_CONSTR,1,DWELL/COMM_DWELL,4C,PROP_CLASS,999,PROP_USE,failed,failed,parser_failed,excluded_from_automatic_resolution,parser_failed,2026-10-04T01:55:11+00:00
A0332,1,1,complete,Boston Property Assessment FY2026,https://data.boston.gov/dataset/e02c44d2-3c64-459c-8fe2-e1ce5f38a035/resource/ee73430d-96c0-423e-ad21-c4cfb54c8961/download/fy2026-property-assessment-data_rev.csv,FY2026,26 SONOMA ST,Dorchester,MA,02121,1202359000,26 SONOMA ST  ,Boston,02121,,YR_BUILT,,RES_UNITS,A,LU,SUBSD HOUSING S- 8,LU_DESC,parsed,parsed,aligned,eligible,unique aligned parcel,2026-10-04T01:55:11+00:00
A0333,1,3,representative_only,SANDAG/SanGIS parcels,https://geo.sandag.org/server/rest/services/hosted/Parcels/FeatureServer/0,current,3752 33RD ST,San Diego,CA,92104,4464922200,3752 33RD ST,SAN DIEGO,92104-7709,88,year_effective,8,unitqty,14,asr_landuse,,,parsed,parsed,aligned,excluded_from_automatic_resolution,candidate set not fully captured,2026-10-04T01:55:12+00:00
A0334,1,1,complete,Alameda County parcels,https://gis.cityofberkeley.info/arcgis3/rest/services/Public/GISPortal/MapServer/1,current,2025 FRANCISCO ST,Berkeley,CA,94709,058 217501200,2025 FRANCISCO ST BERKELEY 94709,BERKELEY,94709,,YearBuilt,9,Units,7700,UseCode,,,parsed,parsed,aligned,eligible,unique aligned parcel,2026-10-04T01:55:12+00:00
A0336,1,2,representative_only,Cambridge Property Database FY2026 (waa7-ibdu),https://data.cambridgema.gov/resource/waa7-ibdu.json,2026,151 North First St,Cambridge,MA,,1A-210,151 North First St,Cambridge,,2020,condition_yearbuilt,468,interior_numunits,112,stateclasscode,MXD >8-UNIT-APT,propertyclass/exterior_occupancy,parsed,parsed,aligned,excluded_from_automatic_resolution,candidate set not fully captured,2026-10-04T01:55:13+00:00
A0337,1,1,complete,NJOGIS Parcels & MOD-IV Composite,https://services2.arcgis.com/XVOqAjTOJ5P6ngMu/arcgis/rest/services/Parcels_Composite_NJ_WM/FeatureServer/0,1772427600000,66 MONROE ST,Newark,NJ,07032,0714_1988_16,66 MONROE ST,NEWARK CITY,07032,,YR_CONSTR,1,DWELL/COMM_DWELL,4C,PROP_CLASS,100,PROP_USE,parsed,parsed,aligned,eligible,unique aligned parcel,2026-10-04T01:55:14+00:00
A0338,1,5,representative_only,NJOGIS Parcels & MOD-IV Composite,https://services2.arcgis.com/XVOqAjTOJ5P6ngMu/arcgis/rest/services/Parcels_Composite_NJ_WM/FeatureServer/0,1772427600000,521-523 S 17TH,Newark,NJ,07417,0714_334_19,521 S 16TH ST,NEWARK CITY,07103,1911,YR_CONSTR,3,DWELL/COMM_DWELL,2,PROP_CLASS,,PROP_USE,failed,parsed,parser_failed,excluded_from_automatic_resolution,candidate set not fully captured,2026-10-04T01:55:14+00:00
A0339,1,1,complete,Cambridge Property Database FY2026 (waa7-ibdu),https://data.cambridgema.gov/resource/waa7-ibdu.json,2026,124 Berkshire St,Cambridge,MA,,37-56,124 Berkshire St,Cambridge,,1920,condition_yearbuilt,8,interior_numunits,111,stateclasscode,4-8-UNIT-APT,propertyclass/exterior_occupancy,parsed,parsed,aligned,eligible,unique aligned parcel,2026-10-04T01:55:14+00:00
A0340,1,1,complete,LA County eGIS parcels,https://cache.gis.lacounty.gov/cache/rest/services/LACounty_Cache/LACounty_Parcel/FeatureServer/0,2026,14735 ROSCOE BLVD,Los Angeles,CA,91402,2653019033,14735 ROSCOE BLVD LOS ANGELES CA 91402,LOS ANGELES CA,91402-4144,1959,YearBuilt1,50,Units1,0500,UseCode,Five or more apartments,UseDescription,parsed,parsed,aligned,eligible,unique aligned parcel,2026-10-04T01:55:15+00:00
A0341,1,1,complete,SANDAG/SanGIS parcels,https://geo.sandag.org/server/rest/services/hosted/Parcels/FeatureServer/0,current,4225 50TH ST,San Diego,CA,92115,4713420900,4225 50TH ST,SAN DIEGO,92115-5020,40,year_effective,6,unitqty,14,asr_landuse,,,parsed,parsed,aligned,eligible,unique aligned parcel,2026-10-04T01:55:16+00:00
A0342,1,1,complete,Cambridge Property Database FY2026 (waa7-ibdu),https://data.cambridgema.gov/resource/waa7-ibdu.json,2026,49 Roseland St,Cambridge,MA,,152-18,49 Roseland St,Cambridge,,1910,condition_yearbuilt,6,interior_numunits,111,stateclasscode,4-8-UNIT-APT,propertyclass/exterior_occupancy,parsed,parsed,aligned,eligible,unique aligned parcel,2026-10-04T01:55:16+00:00
A0343,1,3,representative_only,NJOGIS Parcels & MOD-IV Composite,https://services2.arcgis.com/XVOqAjTOJ5P6ngMu/arcgis/rest/services/Parcels_Composite_NJ_WM/FeatureServer/0,1772427600000,408-410 5TH ST,Newark,NJ,10997,0714_1948_14,408 N 6TH ST,NEWARK CITY,07107,1930,YR_CONSTR,2,DWELL/COMM_DWELL,2,PROP_CLASS,,PROP_USE,parsed,parsed,not_aligned,excluded_from_automatic_resolution,candidate set not fully captured,2026-10-04T01:55:17+00:00
A0344,1,1,complete,NJOGIS Parcels & MOD-IV Composite,https://services2.arcgis.com/XVOqAjTOJ5P6ngMu/arcgis/rest/services/Parcels_Composite_NJ_WM/FeatureServer/0,1761714000000,238 & 242 GARFIELD AVE.,Jersey City,NJ,07304,0906_29503_4,238 & 242 GARFIELD AVE.,JERSEY CITY CITY,07304,1928,YR_CONSTR,,DWELL/COMM_DWELL,4C,PROP_CLASS,029,PROP_USE,parsed,parsed,aligned,eligible,unique aligned parcel,2026-10-04T01:55:17+00:00
A0345,1,1,complete,LA County eGIS parcels,https://cache.gis.lacounty.gov/cache/rest/services/LACounty_Cache/LACounty_Parcel/FeatureServer/0,2026,153 W VERNON AVE,Los Angeles,CA,90037,5111011024,153 W VERNON AVE LOS ANGELES CA 90037,LOS ANGELES CA,90037-2713,1921,YearBuilt1,5,Units1,0500,UseCode,Five or more apartments,UseDescription,parsed,parsed,aligned,eligible,unique aligned parcel,2026-10-04T01:55:17+00:00
A0346,1,2,representative_only,SANDAG/SanGIS parcels,https://geo.sandag.org/server/rest/services/hosted/Parcels/FeatureServer/0,current,AUBURN DR,San Diego,CA,92105,4717911100|4718001200,AUBURN DR|4979 AUBURN DR,San Diego,92105,,,8,unitqty,14,asr_landuse,,,failed,failed,parser_failed,excluded_from_automatic_resolution,candidate set not fully captured,2026-10-04T01:55:19+00:00
A0347,1,1,complete,SANDAG/SanGIS parcels,https://geo.sandag.org/server/rest/services/hosted/Parcels/FeatureServer/0,current,2142 2ND AVE,San Diego,CA,92101,5331721000,2142 2ND AVE,SAN DIEGO,92101-2061,25,year_effective,9,unitqty,14,asr_landuse,,,parsed,parsed,aligned,eligible,unique aligned parcel,2026-10-04T01:55:19+00:00
A0348,1,1,complete,NJOGIS Parcels & MOD-IV Composite,https://services2.arcgis.com/XVOqAjTOJ5P6ngMu/arcgis/rest/services/Parcels_Composite_NJ_WM/FeatureServer/0,1761714000000,229 CLINTON ST,Hoboken,NJ,08755,0905_43_16,229 CLINTON ST,HOBOKEN CITY,08755,,YR_CONSTR,7,DWELL/COMM_DWELL,4C,PROP_CLASS,,PROP_USE,parsed,parsed,aligned,eligible,unique aligned parcel,2026-10-04T01:55:19+00:00
A0349,1,1,complete,Alameda County parcels,https://gis.cityofberkeley.info/arcgis3/rest/services/Public/GISPortal/MapServer/1,current,2400 DANA ST,Berkeley,CA,94704,055 188300100,2400 DANA ST BERKELEY 94704,BERKELEY,94704,,YearBuilt,6,Units,7700,UseCode,,,parsed,parsed,aligned,eligible,unique aligned parcel,2026-10-04T01:55:19+00:00
A0350,1,1,complete,NJOGIS Parcels & MOD-IV Composite,https://services2.arcgis.com/XVOqAjTOJ5P6ngMu/arcgis/rest/services/Parcels_Composite_NJ_WM/FeatureServer/0,1761714000000,1051 WEST SIDE AVE.,Jersey City,NJ,07446,0906_9205_12,1051 WEST SIDE AVE.,JERSEY CITY CITY,07446,1900,YR_CONSTR,,DWELL/COMM_DWELL,4C,PROP_CLASS,,PROP_USE,parsed,parsed,aligned,eligible,unique aligned parcel,2026-10-04T01:55:19+00:00
A0352,1,1,complete,NJOGIS Parcels & MOD-IV Composite,https://services2.arcgis.com/XVOqAjTOJ5P6ngMu/arcgis/rest/services/Parcels_Composite_NJ_WM/FeatureServer/0,1772427600000,40-42 MT PROSPECT AVE,Newark,NJ,07083,0714_472_11,40-42 MT PROSPECT AVE,NEWARK CITY,07083,1900,YR_CONSTR,1,DWELL/COMM_DWELL,4C,PROP_CLASS,029,PROP_USE,parsed,parsed,aligned,eligible,unique aligned parcel,2026-10-04T01:57:32+00:00
A0353,1,6,representative_only,LA County eGIS parcels,https://cache.gis.lacounty.gov/cache/rest/services/LACounty_Cache/LACounty_Parcel/FeatureServer/0,2026,1044 E JEFFERSON BLVD,Los Angeles,CA,90011,5114014037,1044 E JEFFERSON BLVD LOS ANGELES CA 90011,LOS ANGELES CA,90011-6273,,YearBuilt1,,Units1,1214,UseCode,Store Combination,UseDescription,parsed,parsed,aligned,excluded_from_automatic_resolution,candidate set not fully captured,2026-10-04T01:55:21+00:00
A0354,1,1,complete,Boston Property Assessment FY2026,https://data.boston.gov/dataset/e02c44d2-3c64-459c-8fe2-e1ce5f38a035/resource/ee73430d-96c0-423e-ad21-c4cfb54c8961/download/fy2026-property-assessment-data_rev.csv,FY2026,73 LUBEC ST,East Boston,MA,02128,0104032000,73 LUBEC ST  ,Boston,02128,1899,YR_BUILT,,RES_UNITS,A,LU,APT 7-30 UNITS,LU_DESC,parsed,parsed,aligned,eligible,unique aligned parcel,2026-10-04T01:55:22+00:00
A0355,1,1,complete,LA County eGIS parcels,https://cache.gis.lacounty.gov/cache/rest/services/LACounty_Cache/LACounty_Parcel/FeatureServer/0,2026,10701 AMESTOY AVE,Los Angeles,CA,91344,2696028052,10701 AMESTOY AVE LOS ANGELES CA 91344,LOS ANGELES CA,91344-4800,1986,YearBuilt1,7,Units1,0500,UseCode,Five or more apartments,UseDescription,parsed,parsed,aligned,eligible,unique aligned parcel,2026-10-04T01:55:23+00:00
A0356,1,1,complete,Boston Property Assessment FY2026,https://data.boston.gov/dataset/e02c44d2-3c64-459c-8fe2-e1ce5f38a035/resource/ee73430d-96c0-423e-ad21-c4cfb54c8961/download/fy2026-property-assessment-data_rev.csv,FY2026,16 Brainerd RD,Allston,MA,02134,2101504000,16 Brainerd RD  ,Boston,02134,1930,YR_BUILT,,RES_UNITS,A,LU,APT 7-30 UNITS,LU_DESC,parsed,parsed,aligned,eligible,unique aligned parcel,2026-10-04T01:55:23+00:00
A0358,1,2,representative_only,NJOGIS Parcels & MOD-IV Composite,https://services2.arcgis.com/XVOqAjTOJ5P6ngMu/arcgis/rest/services/Parcels_Composite_NJ_WM/FeatureServer/0,1772427600000,717 N 6TH ST,Newark,NJ,07110,0714_694_15,717 N 6TH ST,NEWARK CITY,07110,,YR_CONSTR,1,DWELL/COMM_DWELL,4C,PROP_CLASS,,PROP_USE,parsed,parsed,aligned,excluded_from_automatic_resolution,candidate set not fully captured,2026-10-04T01:55:25+00:00
A0359,1,1,complete,NJOGIS Parcels & MOD-IV Composite,https://services2.arcgis.com/XVOqAjTOJ5P6ngMu/arcgis/rest/services/Parcels_Composite_NJ_WM/FeatureServer/0,1761714000000,925 PARK AVE,Hoboken,NJ,07306,0905_184_15,925 PARK AVE,HOBOKEN CITY,07306,,YR_CONSTR,10,DWELL/COMM_DWELL,4C,PROP_CLASS,,PROP_USE,parsed,parsed,aligned,eligible,unique aligned parcel,2026-10-04T01:55:25+00:00
A0360,1,1,complete,NJOGIS Parcels & MOD-IV Composite,https://services2.arcgis.com/XVOqAjTOJ5P6ngMu/arcgis/rest/services/Parcels_Composite_NJ_WM/FeatureServer/0,1761714000000,140 NEW YORK AVE.,Jersey City,NJ,10977,0906_4504_9,140 NEW YORK AVE.,JERSEY CITY CITY,10977,1924,YR_CONSTR,,DWELL/COMM_DWELL,4C,PROP_CLASS,021,PROP_USE,parsed,parsed,aligned,eligible,unique aligned parcel,2026-10-04T01:55:25+00:00
A0361,1,1,complete,Cambridge Property Database FY2026 (waa7-ibdu),https://data.cambridgema.gov/resource/waa7-ibdu.json,2026,15 Berkshire St,Cambridge,MA,,40-148,15 Berkshire St,Cambridge,,1915,condition_yearbuilt,6,interior_numunits,111,stateclasscode,4-8-UNIT-APT,propertyclass/exterior_occupancy,parsed,parsed,aligned,eligible,unique aligned parcel,2026-10-04T01:55:25+00:00
A0362,1,1,complete,Boston Property Assessment FY2026,https://data.boston.gov/dataset/e02c44d2-3c64-459c-8fe2-e1ce5f38a035/resource/ee73430d-96c0-423e-ad21-c4cfb54c8961/download/fy2026-property-assessment-data_rev.csv,FY2026,368 RIVERWAY ST,Boston,MA,02115,1000314000,368 RIVERWAY ST  ,Boston,02115,1920,YR_BUILT,,RES_UNITS,A,LU,APT 7-30 UNITS,LU_DESC,parsed,parsed,aligned,eligible,unique aligned parcel,2026-10-04T01:55:26+00:00
A0363,1,1,complete,Alameda County parcels,https://gis.cityofberkeley.info/arcgis3/rest/services/Public/GISPortal/MapServer/1,current,2451 SHATTUCK AVE,Berkeley,CA,94704,055 189001302,2451 SHATTUCK AVE BERKELEY 94704,BERKELEY,94704,2004,YearBuilt,100,Units,7700,UseCode,,,parsed,parsed,aligned,eligible,unique aligned parcel,2026-10-04T01:55:26+00:00
A0365,1,1,complete,SANDAG/SanGIS parcels,https://geo.sandag.org/server/rest/services/hosted/Parcels/FeatureServer/0,current,3940 IDAHO ST,San Diego,CA,92104,4457111900,3940 IDAHO ST,SAN DIEGO,92104-2935,61,year_effective,12,unitqty,14,asr_landuse,,,parsed,parsed,aligned,eligible,unique aligned parcel,2026-10-04T01:55:27+00:00
A0366,1,1,complete,Boston Property Assessment FY2026,https://data.boston.gov/dataset/e02c44d2-3c64-459c-8fe2-e1ce5f38a035/resource/ee73430d-96c0-423e-ad21-c4cfb54c8961/download/fy2026-property-assessment-data_rev.csv,FY2026,230 Everett ST,East Boston,MA,02128,0105144000,230 Everett ST  ,Boston,02128,2024,YR_BUILT,,RES_UNITS,A,LU,LUXURY APARTMENT,LU_DESC,parsed,parsed,aligned,eligible,unique aligned parcel,2026-10-04T01:55:28+00:00
A0367,1,0,none,SANDAG/SanGIS parcels,https://geo.sandag.org/server/rest/services/hosted/Parcels/FeatureServer/0,,219 S 35TH ST,San Diego,CA,92113,,,,,,,,,,,,,parsed,failed,parser_failed,excluded_from_automatic_resolution,candidate set not fully captured,2026-10-04T01:55:28+00:00
A0369,1,1,complete,Alameda County parcels,https://gis.cityofberkeley.info/arcgis3/rest/services/Public/GISPortal/MapServer/1,current,3260 CALIFORNIA ST,Berkeley,CA,94703,052 152000400,3260 CALIFORNIA ST BERKELEY 94703,BERKELEY,94703,,YearBuilt,5,Units,7700,UseCode,,,parsed,parsed,aligned,eligible,unique aligned parcel,2026-10-04T01:55:29+00:00
A0370,1,1,complete,LA County eGIS parcels,https://cache.gis.lacounty.gov/cache/rest/services/LACounty_Cache/LACounty_Parcel/FeatureServer/0,2026,2222 TOBERMAN ST,Los Angeles,CA,90007,5124014020,2222 TOBERMAN ST LOS ANGELES CA 90007,LOS ANGELES CA,90007-1833,1924,YearBuilt1,2,Units1,0500,UseCode,Five or more apartments,UseDescription,parsed,parsed,aligned,eligible,unique aligned parcel,2026-10-04T01:55:30+00:00
A0371,1,1,complete,NJOGIS Parcels & MOD-IV Composite,https://services2.arcgis.com/XVOqAjTOJ5P6ngMu/arcgis/rest/services/Parcels_Composite_NJ_WM/FeatureServer/0,1772427600000,76-80 BRUEN ST,Newark,NJ,07105,0714_197_25,76-80 BRUEN ST,NEWARK CITY,07105,,YR_CONSTR,1,DWELL/COMM_DWELL,4C,PROP_CLASS,029,PROP_USE,parsed,parsed,aligned,eligible,unique aligned parcel,2026-10-04T01:55:30+00:00
A0372,1,1,complete,NJOGIS Parcels & MOD-IV Composite,https://services2.arcgis.com/XVOqAjTOJ5P6ngMu/arcgis/rest/services/Parcels_Composite_NJ_WM/FeatureServer/0,1761714000000,314 SEVENTH ST.,Jersey City,NJ,07302,0906_10007_16,314 SEVENTH ST.,JERSEY CITY CITY,07302,,YR_CONSTR,,DWELL/COMM_DWELL,4C,PROP_CLASS,,PROP_USE,parsed,parsed,aligned,eligible,unique aligned parcel,2026-10-04T01:55:30+00:00
A0373,1,1,complete,Alameda County parcels,https://gis.cityofberkeley.info/arcgis3/rest/services/Public/GISPortal/MapServer/1,current,1315 SPRUCE ST,Berkeley,CA,94709,060 246201700,1315 SPRUCE ST BERKELEY 94709,BERKELEY,94709,,YearBuilt,6,Units,7200,UseCode,,,parsed,parsed,aligned,eligible,unique aligned parcel,2026-10-04T01:55:31+00:00
A0374,1,1,complete,LA County eGIS parcels,https://cache.gis.lacounty.gov/cache/rest/services/LACounty_Cache/LACounty_Parcel/FeatureServer/0,2026,686 S ARDMORE AVE,Los Angeles,CA,90005,5094001001,686 S ARDMORE AVE LOS ANGELES CA 90005,LOS ANGELES CA,90005-2396,1990,YearBuilt1,15,Units1,0500,UseCode,Five or more apartments,UseDescription,parsed,parsed,aligned,eligible,unique aligned parcel,2026-10-04T01:55:31+00:00
A0376,1,0,none,Boston Property Assessment FY2026,https://data.boston.gov/dataset/e02c44d2-3c64-459c-8fe2-e1ce5f38a035/resource/ee73430d-96c0-423e-ad21-c4cfb54c8961/download/fy2026-property-assessment-data_rev.csv,,ST JAMES ST,Roxbury,MA,02119,,,,,,,,,,,,,failed,failed,parser_failed,excluded_from_automatic_resolution,candidate set not fully captured,2026-10-04T01:55:33+00:00
A0377,1,1,complete,NJOGIS Parcels & MOD-IV Composite,https://services2.arcgis.com/XVOqAjTOJ5P6ngMu/arcgis/rest/services/Parcels_Composite_NJ_WM/FeatureServer/0,1761714000000,206 BLOOMFIELD ST,Hoboken,NJ,10003,0905_189_40,206 BLOOMFIELD ST,HOBOKEN CITY,10003,,YR_CONSTR,14,DWELL/COMM_DWELL,4C,PROP_CLASS,,PROP_USE,parsed,parsed,aligned,eligible,unique aligned parcel,2026-10-04T01:55:34+00:00
A0378,1,1,complete,SANDAG/SanGIS parcels,https://geo.sandag.org/server/rest/services/hosted/Parcels/FeatureServer/0,current,4053 IDAHO ST,San Diego,CA,92104,4463610700,4053 IDAHO ST,SAN DIEGO,92104-2565,68,year_effective,9,unitqty,14,asr_landuse,,,parsed,parsed,aligned,eligible,unique aligned parcel,2026-10-04T01:55:34+00:00
A0379,1,1,complete,SANDAG/SanGIS parcels,https://geo.sandag.org/server/rest/services/hosted/Parcels/FeatureServer/0,current,1336 BRUNNER ST,San Diego,CA,92110,4363830400,1336 BRUNNER ST,SAN DIEGO,92110,95,year_effective,12,unitqty,14,asr_landuse,,,parsed,parsed,aligned,eligible,unique aligned parcel,2026-10-04T01:55:34+00:00
A0380,1,0,none,Boston Property Assessment FY2026,https://data.boston.gov/dataset/e02c44d2-3c64-459c-8fe2-e1ce5f38a035/resource/ee73430d-96c0-423e-ad21-c4cfb54c8961/download/fy2026-property-assessment-data_rev.csv,,GREENVILLE ST,Roxbury,MA,02119,,,,,,,,,,,,,failed,failed,parser_failed,excluded_from_automatic_resolution,candidate set not fully captured,2026-10-04T01:55:34+00:00
A0381,1,1,complete,NJOGIS Parcels & MOD-IV Composite,https://services2.arcgis.com/XVOqAjTOJ5P6ngMu/arcgis/rest/services/Parcels_Composite_NJ_WM/FeatureServer/0,1772427600000,521-523 MARKET ST,Newark,NJ,07105,0714_2003.01_35,521-523 MARKET ST,NEWARK CITY,07105,,YR_CONSTR,1,DWELL/COMM_DWELL,4C,PROP_CLASS,,PROP_USE,parsed,parsed,aligned,eligible,unique aligned parcel,2026-10-04T01:55:35+00:00
A0383,1,1,complete,Alameda County parcels,https://gis.cityofberkeley.info/arcgis3/rest/services/Public/GISPortal/MapServer/1,current,1908 CALIFORNIA ST,Berkeley,CA,94703,057 206800201,1908 CALIFORNIA ST BERKELEY 94703,BERKELEY,94703,,YearBuilt,11,Units,7700,UseCode,,,parsed,parsed,aligned,eligible,unique aligned parcel,2026-10-04T01:55:36+00:00
A0386,1,1,complete,SANDAG/SanGIS parcels,https://geo.sandag.org/server/rest/services/hosted/Parcels/FeatureServer/0,current,3654 ARIZONA ST,San Diego,CA,92104,4532122500,3654 ARIZONA ST,SAN DIEGO,92104-4069,87,year_effective,7,unitqty,14,asr_landuse,,,parsed,parsed,aligned,eligible,unique aligned parcel,2026-10-04T01:55:39+00:00
A0387,1,1,complete,SANDAG/SanGIS parcels,https://geo.sandag.org/server/rest/services/hosted/Parcels/FeatureServer/0,current,10303 CAMINITO ALVAREZ,San Diego,CA,92126,3410412400,10303 CAMINITO ALVAREZ,SAN DIEGO,92126-5825,87,year_effective,152,unitqty,16,asr_landuse,,,failed,failed,parser_failed,excluded_from_automatic_resolution,parser_failed,2026-10-04T01:55:39+00:00
A0388,1,1,complete,NJOGIS Parcels & MOD-IV Composite,https://services2.arcgis.com/XVOqAjTOJ5P6ngMu/arcgis/rest/services/Parcels_Composite_NJ_WM/FeatureServer/0,1761714000000,157-155 CLERK ST.,Jersey City,NJ,07305,0906_22701_12,157-155 CLERK ST.,JERSEY CITY CITY,07305,,YR_CONSTR,,DWELL/COMM_DWELL,4C,PROP_CLASS,,PROP_USE,parsed,parsed,not_aligned,excluded_from_automatic_resolution,not_aligned,2026-10-04T01:55:40+00:00
A0389,1,1,complete,NJOGIS Parcels & MOD-IV Composite,https://services2.arcgis.com/XVOqAjTOJ5P6ngMu/arcgis/rest/services/Parcels_Composite_NJ_WM/FeatureServer/0,1761714000000,923 GARDEN ST,Hoboken,NJ,07068,0905_196_12,923 GARDEN ST,HOBOKEN CITY,07068,,YR_CONSTR,10,DWELL/COMM_DWELL,4C,PROP_CLASS,,PROP_USE,parsed,parsed,aligned,eligible,unique aligned parcel,2026-10-04T01:55:40+00:00
A0390,1,1,complete,NJOGIS Parcels & MOD-IV Composite,https://services2.arcgis.com/XVOqAjTOJ5P6ngMu/arcgis/rest/services/Parcels_Composite_NJ_WM/FeatureServer/0,1772427600000,70 DARCY ST,Newark,NJ,07202,0714_2040_11,70 DARCY ST,NEWARK CITY,07202,,YR_CONSTR,1,DWELL/COMM_DWELL,4C,PROP_CLASS,029,PROP_USE,parsed,parsed,aligned,eligible,unique aligned parcel,2026-10-04T01:55:40+00:00
A0391,1,1,complete,SANDAG/SanGIS parcels,https://geo.sandag.org/server/rest/services/hosted/Parcels/FeatureServer/0,current,265 22ND ST,San Diego,CA,92102,5354500100,265 22ND ST,SAN DIEGO,92102-2935,06,year_effective,9,unitqty,14,asr_landuse,,,parsed,parsed,aligned,eligible,unique aligned parcel,2026-10-04T01:55:40+00:00
A0392,1,0,none,SANDAG/SanGIS parcels,https://geo.sandag.org/server/rest/services/hosted/Parcels/FeatureServer/0,,4545 N 39TH ST,San Diego,CA,92116,,,,,,,,,,,,,parsed,failed,parser_failed,excluded_from_automatic_resolution,candidate set not fully captured,2026-10-04T01:55:40+00:00
A0393,1,1,complete,NJOGIS Parcels & MOD-IV Composite,https://services2.arcgis.com/XVOqAjTOJ5P6ngMu/arcgis/rest/services/Parcels_Composite_NJ_WM/FeatureServer/0,1761714000000,91 JORDAN AVE.,Jersey City,NJ,07081,0906_12202_28,91 JORDAN AVE.,JERSEY CITY CITY,07081,,YR_CONSTR,,DWELL/COMM_DWELL,4C,PROP_CLASS,029,PROP_USE,parsed,parsed,aligned,eligible,unique aligned parcel,2026-10-04T01:55:40+00:00
A0394,1,1,complete,NJOGIS Parcels & MOD-IV Composite,https://services2.arcgis.com/XVOqAjTOJ5P6ngMu/arcgis/rest/services/Parcels_Composite_NJ_WM/FeatureServer/0,1761714000000,45 RAVINE AVE.,Jersey City,NJ,07302,0906_5008_4,45 RAVINE AVE.,JERSEY CITY CITY,07302,1912,YR_CONSTR,,DWELL/COMM_DWELL,4C,PROP_CLASS,,PROP_USE,parsed,parsed,aligned,eligible,unique aligned parcel,2026-10-04T01:55:40+00:00
A0395,1,1,complete,Alameda County parcels,https://gis.cityofberkeley.info/arcgis3/rest/services/Public/GISPortal/MapServer/1,current,1632 RUSSELL ST,Berkeley,CA,94703,053 160902900,1632 RUSSELL ST BERKELEY 94703,BERKELEY,94703,1962,YearBuilt,5,Units,7700,UseCode,,,parsed,parsed,aligned,eligible,unique aligned parcel,2026-10-04T01:55:40+00:00
A0396,1,1,complete,SANDAG/SanGIS parcels,https://geo.sandag.org/server/rest/services/hosted/Parcels/FeatureServer/0,current,3244 CLAIREMONT DR,San Diego,CA,92117,4253700800,3244 CLAIREMONT DR,SAN DIEGO,92117-6447,25,year_effective,6,unitqty,14,asr_landuse,,,parsed,parsed,aligned,eligible,unique aligned parcel,2026-10-04T01:55:41+00:00
A0399,1,1,complete,NJOGIS Parcels & MOD-IV Composite,https://services2.arcgis.com/XVOqAjTOJ5P6ngMu/arcgis/rest/services/Parcels_Composite_NJ_WM/FeatureServer/0,1761714000000,227 WILLOW AVE,Hoboken,NJ,07643,0905_165_14,227 WILLOW AVE,HOBOKEN CITY,07643,,YR_CONSTR,9,DWELL/COMM_DWELL,4C,PROP_CLASS,,PROP_USE,parsed,parsed,aligned,eligible,unique aligned parcel,2026-10-04T01:55:44+00:00
A0400,1,1,complete,NJOGIS Parcels & MOD-IV Composite,https://services2.arcgis.com/XVOqAjTOJ5P6ngMu/arcgis/rest/services/Parcels_Composite_NJ_WM/FeatureServer/0,1772427600000,174 MT PROSPECT AVE,Newark,NJ,07107,0714_510_12,174 MT PROSPECT AVE,NEWARK CITY,07107,,YR_CONSTR,1,DWELL/COMM_DWELL,4C,PROP_CLASS,029,PROP_USE,parsed,parsed,aligned,eligible,unique aligned parcel,2026-10-04T01:57:32+00:00
A0403,1,1,complete,Boston Property Assessment FY2026,https://data.boston.gov/dataset/e02c44d2-3c64-459c-8fe2-e1ce5f38a035/resource/ee73430d-96c0-423e-ad21-c4cfb54c8961/download/fy2026-property-assessment-data_rev.csv,FY2026,45 Myrtle ST,Boston,MA,02114,0300213000,45 Myrtle ST  ,Boston,02114,1899,YR_BUILT,,RES_UNITS,A,LU,SUBSD HOUSING S- 8,LU_DESC,parsed,parsed,aligned,eligible,unique aligned parcel,2026-10-04T01:55:49+00:00
A0404,1,1,complete,NJOGIS Parcels & MOD-IV Composite,https://services2.arcgis.com/XVOqAjTOJ5P6ngMu/arcgis/rest/services/Parcels_Composite_NJ_WM/FeatureServer/0,1761714000000,240 BOWERS ST.,Jersey City,NJ,07603,0906_2604_36,240 BOWERS ST.,JERSEY CITY CITY,07603,1900,YR_CONSTR,,DWELL/COMM_DWELL,4C,PROP_CLASS,,PROP_USE,parsed,parsed,aligned,eligible,unique aligned parcel,2026-10-04T01:55:50+00:00
A0405,1,1,complete,LA County eGIS parcels,https://cache.gis.lacounty.gov/cache/rest/services/LACounty_Cache/LACounty_Parcel/FeatureServer/0,2026,10214 FERNGLEN AVE,Los Angeles,CA,91042,2558024041,10214 FERNGLEN AVE LOS ANGELES CA 91042,LOS ANGELES CA,91042-2218,2008,YearBuilt1,6,Units1,0500,UseCode,Five or more apartments,UseDescription,parsed,parsed,aligned,eligible,unique aligned parcel,2026-10-04T01:55:50+00:00
A0406,1,1,complete,Boston Property Assessment FY2026,https://data.boston.gov/dataset/e02c44d2-3c64-459c-8fe2-e1ce5f38a035/resource/ee73430d-96c0-423e-ad21-c4cfb54c8961/download/fy2026-property-assessment-data_rev.csv,FY2026,170 W Springfield ST,Boston,MA,02118,0900794000,170 W Springfield ST  ,Boston,02118,1899,YR_BUILT,,RES_UNITS,A,LU,SUBSD HOUSING S- 8,LU_DESC,parsed,parsed,aligned,eligible,unique aligned parcel,2026-10-04T01:55:50+00:00
A0407,1,1,complete,LA County eGIS parcels,https://cache.gis.lacounty.gov/cache/rest/services/LACounty_Cache/LACounty_Parcel/FeatureServer/0,2026,4188 GREENBUSH AVE,Los Angeles,CA,91423,2373005010,4188 GREENBUSH AVE LOS ANGELES CA 91423,LOS ANGELES CA,91423-4358,1964,YearBuilt1,10,Units1,0500,UseCode,Five or more apartments,UseDescription,parsed,parsed,aligned,eligible,unique aligned parcel,2026-10-04T01:55:51+00:00
A0408,1,1,complete,LA County eGIS parcels,https://cache.gis.lacounty.gov/cache/rest/services/LACounty_Cache/LACounty_Parcel/FeatureServer/0,2026,14375 POLK ST,Los Angeles,CA,91342,2504015010,14375 POLK ST LOS ANGELES CA 91342,LOS ANGELES CA,91342-4210,1964,YearBuilt1,23,Units1,0500,UseCode,Five or more apartments,UseDescription,parsed,parsed,aligned,eligible,unique aligned parcel,2026-10-04T01:55:52+00:00
A0409,1,1,complete,SANDAG/SanGIS parcels,https://geo.sandag.org/server/rest/services/hosted/Parcels/FeatureServer/0,current,4428 GRESHAM ST,San Diego,CA,92109,4231711100,4428 GRESHAM ST,SAN DIEGO,92109-9202,42,year_effective,5,unitqty,14,asr_landuse,,,parsed,parsed,aligned,eligible,unique aligned parcel,2026-10-04T01:55:52+00:00
A0410,1,1,complete,NJOGIS Parcels & MOD-IV Composite,https://services2.arcgis.com/XVOqAjTOJ5P6ngMu/arcgis/rest/services/Parcels_Composite_NJ_WM/FeatureServer/0,1761714000000,319 SUMMIT AVE.,Jersey City,NJ,07306,0906_12201_22,319 SUMMIT AVE.,JERSEY CITY CITY,07306,1920,YR_CONSTR,,DWELL/COMM_DWELL,4C,PROP_CLASS,,PROP_USE,parsed,parsed,aligned,eligible,unique aligned parcel,2026-10-04T01:55:53+00:00
A0411,1,1,complete,Alameda County parcels,https://gis.cityofberkeley.info/arcgis3/rest/services/Public/GISPortal/MapServer/1,current,1833 BERKELEY WAY,Berkeley,CA,94703,057 206300900,1833 BERKELEY WAY BERKELEY 94703,BERKELEY,94703,,YearBuilt,5,Units,7200,UseCode,,,parsed,parsed,aligned,eligible,unique aligned parcel,2026-10-04T01:55:53+00:00
A0412,1,1,complete,NJOGIS Parcels & MOD-IV Composite,https://services2.arcgis.com/XVOqAjTOJ5P6ngMu/arcgis/rest/services/Parcels_Composite_NJ_WM/FeatureServer/0,1772427600000,229-231 GRAFTON AVE,Newark,NJ,07003,0714_781_4,229-231 GRAFTON AVE,NEWARK CITY,07003,,YR_CONSTR,1,DWELL/COMM_DWELL,4C,PROP_CLASS,029,PROP_USE,parsed,parsed,aligned,eligible,unique aligned parcel,2026-10-04T01:55:53+00:00
A0413,1,1,complete,SANDAG/SanGIS parcels,https://geo.sandag.org/server/rest/services/hosted/Parcels/FeatureServer/0,current,2209 GRAND AVE,San Diego,CA,92109,4242112800,2209 GRAND AVE,SAN DIEGO,92109-4705,70,year_effective,8,unitqty,14,asr_landuse,,,parsed,parsed,aligned,eligible,unique aligned parcel,2026-10-04T01:55:53+00:00
A0415,1,1,complete,NJOGIS Parcels & MOD-IV Composite,https://services2.arcgis.com/XVOqAjTOJ5P6ngMu/arcgis/rest/services/Parcels_Composite_NJ_WM/FeatureServer/0,1761714000000,95 WAYNE ST.,Jersey City,NJ,07302,0906_12803_5,95 WAYNE ST.,JERSEY CITY CITY,07302,1,YR_CONSTR,,DWELL/COMM_DWELL,4C,PROP_CLASS,,PROP_USE,parsed,parsed,aligned,eligible,unique aligned parcel,2026-10-04T01:55:55+00:00
A0416,1,1,complete,NJOGIS Parcels & MOD-IV Composite,https://services2.arcgis.com/XVOqAjTOJ5P6ngMu/arcgis/rest/services/Parcels_Composite_NJ_WM/FeatureServer/0,1761714000000,882 PAVONIA AVE.,Jersey City,NJ,10281,0906_9305_10,882 PAVONIA AVE.,JERSEY CITY CITY,10281,,YR_CONSTR,,DWELL/COMM_DWELL,4C,PROP_CLASS,,PROP_USE,parsed,parsed,aligned,eligible,unique aligned parcel,2026-10-04T01:55:55+00:00
A0417,1,1,complete,LA County eGIS parcels,https://cache.gis.lacounty.gov/cache/rest/services/LACounty_Cache/LACounty_Parcel/FeatureServer/0,2026,4957 CAHUENGA BLVD,Los Angeles,CA,91601,2421001018,4957 CAHUENGA BLVD LOS ANGELES CA 91601,LOS ANGELES CA,91601-4716,0000,YearBuilt1,5,Units1,0500,UseCode,Five or more apartments,UseDescription,parsed,parsed,aligned,eligible,unique aligned parcel,2026-10-04T01:55:55+00:00
A0418,1,1,complete,NJOGIS Parcels & MOD-IV Composite,https://services2.arcgis.com/XVOqAjTOJ5P6ngMu/arcgis/rest/services/Parcels_Composite_NJ_WM/FeatureServer/0,1761714000000,221 SIP AVE.,Jersey City,NJ,07009,0906_12003_1,221 SIP AVE.,JERSEY CITY CITY,07009,,YR_CONSTR,,DWELL/COMM_DWELL,4C,PROP_CLASS,,PROP_USE,parsed,parsed,aligned,eligible,unique aligned parcel,2026-10-04T01:55:56+00:00
A0419,1,1,complete,Alameda County parcels,https://gis.cityofberkeley.info/arcgis3/rest/services/Public/GISPortal/MapServer/1,current,1538 HENRY ST,Berkeley,CA,94709,059 226401500,1538 HENRY ST BERKELEY 94709,BERKELEY,94709,,YearBuilt,6,Units,7700,UseCode,,,parsed,parsed,aligned,eligible,unique aligned parcel,2026-10-04T01:55:56+00:00
A0420,1,1,complete,SANDAG/SanGIS parcels,https://geo.sandag.org/server/rest/services/hosted/Parcels/FeatureServer/0,current,4419 CLEVELAND AVE,San Diego,CA,92116,4451901100,4419 CLEVELAND AVE,SAN DIEGO,92116-3964,72,year_effective,10,unitqty,14,asr_landuse,,,parsed,parsed,aligned,eligible,unique aligned parcel,2026-10-04T01:55:56+00:00
A0421,1,1,complete,LA County eGIS parcels,https://cache.gis.lacounty.gov/cache/rest/services/LACounty_Cache/LACounty_Parcel/FeatureServer/0,2026,17106 CHATSWORTH ST   APT 0001,Los Angeles,CA,91344,2695002005,17106 CHATSWORTH ST APT 0001 LOS ANGELES CA 91344,LOS ANGELES CA,91344-5723,1964,YearBuilt1,6,Units1,0500,UseCode,Five or more apartments,UseDescription,parsed,parsed,aligned,eligible,unique aligned parcel,2026-10-04T01:55:56+00:00
A0422,1,1,complete,Cambridge Property Database FY2026 (waa7-ibdu),https://data.cambridgema.gov/resource/waa7-ibdu.json,2026,21-23 Marion St,Cambridge,MA,,36-113,21-23 Marion St,Cambridge,,1900,condition_yearbuilt,6,interior_numunits,111,stateclasscode,4-8-UNIT-APT,propertyclass/exterior_occupancy,parsed,parsed,aligned,eligible,unique aligned parcel,2026-10-04T01:55:57+00:00
A0423,1,1,complete,Boston Property Assessment FY2026,https://data.boston.gov/dataset/e02c44d2-3c64-459c-8fe2-e1ce5f38a035/resource/ee73430d-96c0-423e-ad21-c4cfb54c8961/download/fy2026-property-assessment-data_rev.csv,FY2026,10 CAMELOT CT,Brighton,MA,02135,2101267000,10 CAMELOT CT  ,Boston,02135,1965,YR_BUILT,,RES_UNITS,A,LU,APT 7-30 UNITS,LU_DESC,parsed,parsed,aligned,eligible,unique aligned parcel,2026-10-04T01:55:58+00:00
A0424,1,1,complete,NJOGIS Parcels & MOD-IV Composite,https://services2.arcgis.com/XVOqAjTOJ5P6ngMu/arcgis/rest/services/Parcels_Composite_NJ_WM/FeatureServer/0,1761714000000,208 JEFFERSON ST,Hoboken,NJ,07030,0905_39_31,208 JEFFERSON ST,HOBOKEN CITY,07030,,YR_CONSTR,8,DWELL/COMM_DWELL,4C,PROP_CLASS,,PROP_USE,parsed,parsed,aligned,eligible,unique aligned parcel,2026-10-04T01:55:59+00:00
A0426,1,1,complete,SANDAG/SanGIS parcels,https://geo.sandag.org/server/rest/services/hosted/Parcels/FeatureServer/0,current,1307 COLUSA ST,San Diego,CA,92110,4363831000,1307 COLUSA ST,SAN DIEGO,92110-1627,74,year_effective,12,unitqty,14,asr_landuse,,,parsed,parsed,aligned,eligible,unique aligned parcel,2026-10-04T01:56:00+00:00
A0427,1,1,complete,LA County eGIS parcels,https://cache.gis.lacounty.gov/cache/rest/services/LACounty_Cache/LACounty_Parcel/FeatureServer/0,2026,7665 FOUNTAIN AVE,Los Angeles,CA,90046,5550031028,7665 FOUNTAIN AVE LOS ANGELES CA 90046,LOS ANGELES CA,90046-4057,1986,YearBuilt1,15,Units1,0500,UseCode,Five or more apartments,UseDescription,parsed,parsed,aligned,eligible,unique aligned parcel,2026-10-04T01:56:00+00:00
A0428,1,1,complete,NJOGIS Parcels & MOD-IV Composite,https://services2.arcgis.com/XVOqAjTOJ5P6ngMu/arcgis/rest/services/Parcels_Composite_NJ_WM/FeatureServer/0,1772427600000,312-314 MT PROSPECT AVE,Newark,NJ,07109,0714_558_6,312-314 MT PROSPECT AVE,NEWARK CITY,07109,,YR_CONSTR,1,DWELL/COMM_DWELL,4C,PROP_CLASS,029,PROP_USE,parsed,parsed,aligned,eligible,unique aligned parcel,2026-10-04T01:57:33+00:00
A0429,1,1,complete,Boston Property Assessment FY2026,https://data.boston.gov/dataset/e02c44d2-3c64-459c-8fe2-e1ce5f38a035/resource/ee73430d-96c0-423e-ad21-c4cfb54c8961/download/fy2026-property-assessment-data_rev.csv,FY2026,12 BLACKWOOD ST,Boston,MA,02115,0402381000,12 BLACKWOOD ST  ,Boston,02115,1899,YR_BUILT,,RES_UNITS,A,LU,APT 7-30 UNITS,LU_DESC,parsed,parsed,aligned,eligible,unique aligned parcel,2026-10-04T01:56:02+00:00
A0430,1,1,complete,Alameda County parcels,https://gis.cityofberkeley.info/arcgis3/rest/services/Public/GISPortal/MapServer/1,current,1950 ADDISON ST,Berkeley,CA,94704,057 202201901,1950 ADDISON ST BERKELEY 94704,BERKELEY,94704,2020,YearBuilt,107,Units,7800,UseCode,,,parsed,parsed,aligned,eligible,unique aligned parcel,2026-10-04T01:56:02+00:00
A0431,1,1,complete,SANDAG/SanGIS parcels,https://geo.sandag.org/server/rest/services/hosted/Parcels/FeatureServer/0,current,245 EUCLID AVE,San Diego,CA,92114,5481610500,245 EUCLID AVE,SAN DIEGO,92114-3620,80,year_effective,5,unitqty,14,asr_landuse,,,parsed,parsed,aligned,eligible,unique aligned parcel,2026-10-04T01:56:02+00:00
A0432,1,1,complete,LA County eGIS parcels,https://cache.gis.lacounty.gov/cache/rest/services/LACounty_Cache/LACounty_Parcel/FeatureServer/0,2026,14605 RAYEN ST,Los Angeles,CA,91402,2651010035,14605 RAYEN ST LOS ANGELES CA 91402,LOS ANGELES CA,91402-2041,1978,YearBuilt1,23,Units1,0500,UseCode,Five or more apartments,UseDescription,parsed,parsed,aligned,eligible,unique aligned parcel,2026-10-04T01:56:03+00:00
A0433,1,1,complete,LA County eGIS parcels,https://cache.gis.lacounty.gov/cache/rest/services/LACounty_Cache/LACounty_Parcel/FeatureServer/0,2026,720 W 27TH ST,Los Angeles,CA,90007,5123016021,720 W 27TH ST LOS ANGELES CA 90007,LOS ANGELES CA,90007-3262,1964,YearBuilt1,58,Units1,0501,UseCode,Five or more apartments,UseDescription,parsed,parsed,aligned,eligible,unique aligned parcel,2026-10-04T01:56:03+00:00
A0435,1,1,complete,NJOGIS Parcels & MOD-IV Composite,https://services2.arcgis.com/XVOqAjTOJ5P6ngMu/arcgis/rest/services/Parcels_Composite_NJ_WM/FeatureServer/0,1761714000000,310 MONROE ST,Hoboken,NJ,07632,0905_47_28,310 MONROE ST,HOBOKEN CITY,07632,,YR_CONSTR,8,DWELL/COMM_DWELL,4C,PROP_CLASS,029,PROP_USE,parsed,parsed,aligned,eligible,unique aligned parcel,2026-10-04T01:56:06+00:00
A0436,1,1,complete,NJOGIS Parcels & MOD-IV Composite,https://services2.arcgis.com/XVOqAjTOJ5P6ngMu/arcgis/rest/services/Parcels_Composite_NJ_WM/FeatureServer/0,1761714000000,832 WILLOW AVE,Hoboken,NJ,07030,0905_160_7,832 WILLOW AVE,HOBOKEN CITY,07030,,YR_CONSTR,,DWELL/COMM_DWELL,4C,PROP_CLASS,,PROP_USE,parsed,parsed,aligned,eligible,unique aligned parcel,2026-10-04T01:56:06+00:00
A0437,1,1,complete,LA County eGIS parcels,https://cache.gis.lacounty.gov/cache/rest/services/LACounty_Cache/LACounty_Parcel/FeatureServer/0,2026,2969 SAN MARINO ST,Los Angeles,CA,90006,5094025024,2969 SAN MARINO ST LOS ANGELES CA 90006,LOS ANGELES CA,90006-1616,2004,YearBuilt1,20,Units1,0500,UseCode,Five or more apartments,UseDescription,parsed,parsed,aligned,eligible,unique aligned parcel,2026-10-04T01:56:06+00:00
A0438,1,5,representative_only,NJOGIS Parcels & MOD-IV Composite,https://services2.arcgis.com/XVOqAjTOJ5P6ngMu/arcgis/rest/services/Parcels_Composite_NJ_WM/FeatureServer/0,1761714000000,60-62 CAMBRIDGE AVE,Jersey City,NJ,07430,0906_3803_22,60 HUTTON ST.,JERSEY CITY CITY,07307,2024,YR_CONSTR,1,DWELL/COMM_DWELL,2,PROP_CLASS,,PROP_USE,parsed,parsed,not_aligned,excluded_from_automatic_resolution,candidate set not fully captured,2026-10-04T01:56:07+00:00
A0441,1,1,complete,SANDAG/SanGIS parcels,https://geo.sandag.org/server/rest/services/hosted/Parcels/FeatureServer/0,current,4017 ILLINOIS ST,San Diego,CA,92104,4463821000,4017 ILLINOIS ST,SAN DIEGO,92104-2659,30,year_effective,6,unitqty,14,asr_landuse,,,parsed,parsed,aligned,eligible,unique aligned parcel,2026-10-04T01:56:12+00:00
A0442,1,1,complete,LA County eGIS parcels,https://cache.gis.lacounty.gov/cache/rest/services/LACounty_Cache/LACounty_Parcel/FeatureServer/0,2026,7014 LANEWOOD AVE,Los Angeles,CA,90028,5548013402,7014 LANEWOOD AVE LOS ANGELES CA 90028,LOS ANGELES CA,90028-7065,1986,YearBuilt1,18,Units1,0500,UseCode,Five or more apartments,UseDescription,parsed,parsed,aligned,eligible,unique aligned parcel,2026-10-04T01:56:12+00:00
A0443,1,1,complete,SANDAG/SanGIS parcels,https://geo.sandag.org/server/rest/services/hosted/Parcels/FeatureServer/0,current,3526 FAIRMOUNT AVE,San Diego,CA,92105,4760223400,3526 FAIRMOUNT AVE,SAN DIEGO,92105-3444,85,year_effective,16,unitqty,15,asr_landuse,,,parsed,parsed,aligned,eligible,unique aligned parcel,2026-10-04T01:56:13+00:00
A0444,1,1,complete,Boston Property Assessment FY2026,https://data.boston.gov/dataset/e02c44d2-3c64-459c-8fe2-e1ce5f38a035/resource/ee73430d-96c0-423e-ad21-c4cfb54c8961/download/fy2026-property-assessment-data_rev.csv,FY2026,231 COMMONWEALTH AV,Boston,MA,02116,0503385000,231 COMMONWEALTH AV  ,Boston,02116,1899,YR_BUILT,,RES_UNITS,A,LU,APT 7-30 UNITS,LU_DESC,parsed,parsed,aligned,eligible,unique aligned parcel,2026-10-04T01:56:13+00:00
A0445,1,1,complete,LA County eGIS parcels,https://cache.gis.lacounty.gov/cache/rest/services/LACounty_Cache/LACounty_Parcel/FeatureServer/0,2026,8790 VAN NUYS BLVD,Los Angeles,CA,91402,2639001026,8790 VAN NUYS BLVD LOS ANGELES CA 91402,LOS ANGELES CA,91402-2433,1977,YearBuilt1,25,Units1,0500,UseCode,Five or more apartments,UseDescription,parsed,parsed,aligned,eligible,unique aligned parcel,2026-10-04T01:56:14+00:00
A0446,1,1,complete,Boston Property Assessment FY2026,https://data.boston.gov/dataset/e02c44d2-3c64-459c-8fe2-e1ce5f38a035/resource/ee73430d-96c0-423e-ad21-c4cfb54c8961/download/fy2026-property-assessment-data_rev.csv,FY2026,610 COLUMBUS AV,Boston,MA,02118,0901069000,610 COLUMBUS AV  ,Boston,02118,1899,YR_BUILT,,RES_UNITS,A,LU,APT 7-30 UNITS,LU_DESC,parsed,parsed,aligned,eligible,unique aligned parcel,2026-10-04T01:56:15+00:00
A0447,1,1,complete,NJOGIS Parcels & MOD-IV Composite,https://services2.arcgis.com/XVOqAjTOJ5P6ngMu/arcgis/rest/services/Parcels_Composite_NJ_WM/FeatureServer/0,1761714000000,208 CLINTON ST,Hoboken,NJ,07030,0905_42_18,208 CLINTON ST,HOBOKEN CITY,07030,,YR_CONSTR,35,DWELL/COMM_DWELL,4C,PROP_CLASS,,PROP_USE,parsed,parsed,aligned,eligible,unique aligned parcel,2026-10-04T01:56:15+00:00
A0448,1,1,complete,NJOGIS Parcels & MOD-IV Composite,https://services2.arcgis.com/XVOqAjTOJ5P6ngMu/arcgis/rest/services/Parcels_Composite_NJ_WM/FeatureServer/0,1772427600000,151-153 LAFAYETTE ST,Newark,NJ,07105,0714_194_24,151-153 LAFAYETTE ST,NEWARK CITY,07105,,YR_CONSTR,1,DWELL/COMM_DWELL,4C,PROP_CLASS,100,PROP_USE,parsed,parsed,aligned,eligible,unique aligned parcel,2026-10-04T01:56:15+00:00
A0449,1,1,complete,NJOGIS Parcels & MOD-IV Composite,https://services2.arcgis.com/XVOqAjTOJ5P6ngMu/arcgis/rest/services/Parcels_Composite_NJ_WM/FeatureServer/0,1772427600000,338 CLINTON PL,Newark,NJ,08701,0714_3632_6,338 CLINTON PL,NEWARK CITY,08701,,YR_CONSTR,1,DWELL/COMM_DWELL,4C,PROP_CLASS,029,PROP_USE,parsed,parsed,aligned,eligible,unique aligned parcel,2026-10-04T01:56:16+00:00
A0450,1,1,complete,NJOGIS Parcels & MOD-IV Composite,https://services2.arcgis.com/XVOqAjTOJ5P6ngMu/arcgis/rest/services/Parcels_Composite_NJ_WM/FeatureServer/0,1761714000000,94 NEPTUNE AVE.,Jersey City,NJ,11211,0906_29401_54,94 NEPTUNE AVE.,JERSEY CITY CITY,11211,,YR_CONSTR,,DWELL/COMM_DWELL,4C,PROP_CLASS,029,PROP_USE,parsed,parsed,aligned,eligible,unique aligned parcel,2026-10-04T01:56:16+00:00
A0451,1,1,complete,LA County eGIS parcels,https://cache.gis.lacounty.gov/cache/rest/services/LACounty_Cache/LACounty_Parcel/FeatureServer/0,2026,7300 VALMONT ST,Los Angeles,CA,91042,2568009034,7300 VALMONT ST LOS ANGELES CA 91042,LOS ANGELES CA,91042-3640,1989,YearBuilt1,8,Units1,0500,UseCode,Five or more apartments,UseDescription,parsed,parsed,aligned,eligible,unique aligned parcel,2026-10-04T01:56:16+00:00
A0452,1,1,complete,LA County eGIS parcels,https://cache.gis.lacounty.gov/cache/rest/services/LACounty_Cache/LACounty_Parcel/FeatureServer/0,2026,1310 N LAS PALMAS AVE,Los Angeles,CA,90028,5547031021,1310 N LAS PALMAS AVE LOS ANGELES CA 90028,LOS ANGELES CA,90028-7705,1952,YearBuilt1,8,Units1,0500,UseCode,Five or more apartments,UseDescription,parsed,parsed,aligned,eligible,unique aligned parcel,2026-10-04T01:56:17+00:00
A0453,1,1,complete,Cambridge Property Database FY2026 (waa7-ibdu),https://data.cambridgema.gov/resource/waa7-ibdu.json,2026,11 Carlisle St,Cambridge,MA,,84-75,11 Carlisle St,Cambridge,,1910,condition_yearbuilt,6,interior_numunits,111,stateclasscode,4-8-UNIT-APT,propertyclass/exterior_occupancy,parsed,parsed,aligned,eligible,unique aligned parcel,2026-10-04T01:56:17+00:00
A0454,1,1,complete,LA County eGIS parcels,https://cache.gis.lacounty.gov/cache/rest/services/LACounty_Cache/LACounty_Parcel/FeatureServer/0,2026,8944 COLUMBUS AVE,Los Angeles,CA,91343,2654032008,8944 COLUMBUS AVE LOS ANGELES CA 91343,LOS ANGELES CA,91343-4315,1959,YearBuilt1,6,Units1,0500,UseCode,Five or more apartments,UseDescription,parsed,parsed,aligned,eligible,unique aligned parcel,2026-10-04T01:56:18+00:00
A0455,1,1,complete,NJOGIS Parcels & MOD-IV Composite,https://services2.arcgis.com/XVOqAjTOJ5P6ngMu/arcgis/rest/services/Parcels_Composite_NJ_WM/FeatureServer/0,1761714000000,78 STEVENS AVE.,Jersey City,NJ,07108,0906_26402_19.01,78 STEVENS AVE.,JERSEY CITY CITY,07108,,YR_CONSTR,,DWELL/COMM_DWELL,4C,PROP_CLASS,,PROP_USE,parsed,parsed,aligned,eligible,unique aligned parcel,2026-10-04T01:56:18+00:00
A0456,1,1,complete,SANDAG/SanGIS parcels,https://geo.sandag.org/server/rest/services/hosted/Parcels/FeatureServer/0,current,2151 CHATSWORTH BLVD,San Diego,CA,92107,4496110100,2151 CHATSWORTH BLVD,SAN DIEGO,92107-2428,48,year_effective,17,unitqty,15,asr_landuse,,,parsed,parsed,aligned,eligible,unique aligned parcel,2026-10-04T01:56:19+00:00
A0458,1,1,complete,LA County eGIS parcels,https://cache.gis.lacounty.gov/cache/rest/services/LACounty_Cache/LACounty_Parcel/FeatureServer/0,2026,1670 E 48TH PL,Los Angeles,CA,90011,5106020004,1670 E 48TH PL LOS ANGELES CA 90011,LOS ANGELES CA,90011-4450,1963,YearBuilt1,6,Units1,0500,UseCode,Five or more apartments,UseDescription,parsed,parsed,aligned,eligible,unique aligned parcel,2026-10-04T01:56:23+00:00
A0459,1,1,complete,NJOGIS Parcels & MOD-IV Composite,https://services2.arcgis.com/XVOqAjTOJ5P6ngMu/arcgis/rest/services/Parcels_Composite_NJ_WM/FeatureServer/0,1761714000000,202 SOUTH ST.,Jersey City,NJ,07423,0906_2105_32,202 SOUTH ST.,JERSEY CITY CITY,07423,1915,YR_CONSTR,,DWELL/COMM_DWELL,4C,PROP_CLASS,029,PROP_USE,parsed,parsed,aligned,eligible,unique aligned parcel,2026-10-04T01:56:24+00:00
A0460,1,1,complete,NJOGIS Parcels & MOD-IV Composite,https://services2.arcgis.com/XVOqAjTOJ5P6ngMu/arcgis/rest/services/Parcels_Composite_NJ_WM/FeatureServer/0,1772427600000,223-229 SHEPHARD AVE,Newark,NJ,11204,0714_3625_17,223-229 SHEPHARD AVE,NEWARK CITY,11204,,YR_CONSTR,1,DWELL/COMM_DWELL,4C,PROP_CLASS,029,PROP_USE,parsed,parsed,aligned,eligible,unique aligned parcel,2026-10-04T01:56:24+00:00
A0462,1,1,complete,NJOGIS Parcels & MOD-IV Composite,https://services2.arcgis.com/XVOqAjTOJ5P6ngMu/arcgis/rest/services/Parcels_Composite_NJ_WM/FeatureServer/0,1761714000000,128 ST. PAULS AVE.,Jersey City,NJ,11211,0906_6602_22,128 ST. PAULS AVE.,JERSEY CITY CITY,11211,1890,YR_CONSTR,,DWELL/COMM_DWELL,4C,PROP_CLASS,029,PROP_USE,parsed,parsed,aligned,eligible,unique aligned parcel,2026-10-04T01:56:25+00:00
A0463,1,1,complete,Boston Property Assessment FY2026,https://data.boston.gov/dataset/e02c44d2-3c64-459c-8fe2-e1ce5f38a035/resource/ee73430d-96c0-423e-ad21-c4cfb54c8961/download/fy2026-property-assessment-data_rev.csv,FY2026,4 BEECHWOOD ST,Dorchester,MA,02121,1400037030,4 BEECHWOOD ST  ,Boston,02121,2007,YR_BUILT,,RES_UNITS,A,LU,SUBSD HOUSING S- 8,LU_DESC,parsed,parsed,aligned,eligible,unique aligned parcel,2026-10-04T01:56:25+00:00
A0464,1,1,complete,Boston Property Assessment FY2026,https://data.boston.gov/dataset/e02c44d2-3c64-459c-8fe2-e1ce5f38a035/resource/ee73430d-96c0-423e-ad21-c4cfb54c8961/download/fy2026-property-assessment-data_rev.csv,FY2026,2-98 DABNEY ST,Roxbury,MA,02119,1201520000,2 DABNEY ST  ,Boston,02119,1966,YR_BUILT,,RES_UNITS,A,LU,SUBSD HOUSING S- 8,LU_DESC,parsed,parsed,aligned,eligible,unique aligned parcel,2026-10-04T01:56:26+00:00
A0465,1,1,complete,Cambridge Property Database FY2026 (waa7-ibdu),https://data.cambridgema.gov/resource/waa7-ibdu.json,2026,141 Oxford St,Cambridge,MA,,153-78,141 Oxford St,Cambridge,,1915,condition_yearbuilt,8,interior_numunits,111,stateclasscode,4-8-UNIT-APT,propertyclass/exterior_occupancy,parsed,parsed,aligned,eligible,unique aligned parcel,2026-10-04T01:56:26+00:00
A0466,1,1,complete,Boston Property Assessment FY2026,https://data.boston.gov/dataset/e02c44d2-3c64-459c-8fe2-e1ce5f38a035/resource/ee73430d-96c0-423e-ad21-c4cfb54c8961/download/fy2026-property-assessment-data_rev.csv,FY2026,115 NORWAY ST,Boston,MA,02115,0401406000,115 NORWAY ST  ,Boston,02115,1920,YR_BUILT,,RES_UNITS,A,LU,APT 7-30 UNITS,LU_DESC,parsed,parsed,aligned,eligible,unique aligned parcel,2026-10-04T01:56:27+00:00
A0467,1,1,complete,Boston Property Assessment FY2026,https://data.boston.gov/dataset/e02c44d2-3c64-459c-8fe2-e1ce5f38a035/resource/ee73430d-96c0-423e-ad21-c4cfb54c8961/download/fy2026-property-assessment-data_rev.csv,FY2026,24 ST ALBANS RD,Boston,MA,02115,1000274000,24 ST ALBANS RD  ,Boston,02115,1923,YR_BUILT,,RES_UNITS,A,LU,SUBSD HOUSING S- 8,LU_DESC,parsed,parsed,aligned,eligible,unique aligned parcel,2026-10-04T01:56:27+00:00
A0468,1,1,complete,Cambridge Property Database FY2026 (waa7-ibdu),https://data.cambridgema.gov/resource/waa7-ibdu.json,2026,13 Shepard St,Cambridge,MA,,174-42,13 Shepard St,Cambridge,,1910,condition_yearbuilt,6,interior_numunits,111,stateclasscode,4-8-UNIT-APT,propertyclass/exterior_occupancy,parsed,parsed,aligned,eligible,unique aligned parcel,2026-10-04T01:56:28+00:00
A0469,1,1,complete,Alameda County parcels,https://gis.cityofberkeley.info/arcgis3/rest/services/Public/GISPortal/MapServer/1,current,2701 SHATTUCK AVE,Berkeley,CA,94705,054 171903900,2701 SHATTUCK AVE BERKELEY 94705,BERKELEY,94705,2024,YearBuilt,57,Units,7700,UseCode,,,parsed,parsed,aligned,eligible,unique aligned parcel,2026-10-04T01:56:28+00:00
A0470,1,1,complete,Alameda County parcels,https://gis.cityofberkeley.info/arcgis3/rest/services/Public/GISPortal/MapServer/1,current,1919 CURTIS ST,Berkeley,CA,94702,057 208302500,1919 CURTIS ST BERKELEY 94702,BERKELEY,94702,1949,YearBuilt,10,Units,7700,UseCode,,,parsed,parsed,aligned,eligible,unique aligned parcel,2026-10-04T01:56:29+00:00
A0471,1,1,complete,NJOGIS Parcels & MOD-IV Composite,https://services2.arcgis.com/XVOqAjTOJ5P6ngMu/arcgis/rest/services/Parcels_Composite_NJ_WM/FeatureServer/0,1761714000000,332-334 GARDEN ST,Hoboken,NJ,07604,0905_179_28,332-334 GARDEN ST,HOBOKEN CITY,07604,,YR_CONSTR,10,DWELL/COMM_DWELL,4C,PROP_CLASS,,PROP_USE,parsed,parsed,aligned,eligible,unique aligned parcel,2026-10-04T01:56:29+00:00
A0472,1,1,complete,NJOGIS Parcels & MOD-IV Composite,https://services2.arcgis.com/XVOqAjTOJ5P6ngMu/arcgis/rest/services/Parcels_Composite_NJ_WM/FeatureServer/0,1761714000000,321 WILLOW AVE,Hoboken,NJ,07030,0905_166_10,321 WILLOW AVE,HOBOKEN CITY,07030,,YR_CONSTR,12,DWELL/COMM_DWELL,4C,PROP_CLASS,,PROP_USE,parsed,parsed,aligned,eligible,unique aligned parcel,2026-10-04T01:56:29+00:00
A0473,1,1,complete,Boston Property Assessment FY2026,https://data.boston.gov/dataset/e02c44d2-3c64-459c-8fe2-e1ce5f38a035/resource/ee73430d-96c0-423e-ad21-c4cfb54c8961/download/fy2026-property-assessment-data_rev.csv,FY2026,20 Phillips ST,Boston,MA,02114,0502136000,20 Phillips ST  ,Boston,02114,1899,YR_BUILT,,RES_UNITS,A,LU,APT 7-30 UNITS,LU_DESC,parsed,parsed,aligned,eligible,unique aligned parcel,2026-10-04T01:56:29+00:00
A0474,1,1,complete,LA County eGIS parcels,https://cache.gis.lacounty.gov/cache/rest/services/LACounty_Cache/LACounty_Parcel/FeatureServer/0,2026,3438 MCKINLEY AVE,Los Angeles,CA,90011,5114016011,3438 MCKINLEY AVE LOS ANGELES CA 90011,LOS ANGELES CA,90011-2850,1928,YearBuilt1,8,Units1,0500,UseCode,Five or more apartments,UseDescription,parsed,parsed,aligned,eligible,unique aligned parcel,2026-10-04T01:56:30+00:00
A0475,1,1,complete,NJOGIS Parcels & MOD-IV Composite,https://services2.arcgis.com/XVOqAjTOJ5P6ngMu/arcgis/rest/services/Parcels_Composite_NJ_WM/FeatureServer/0,1761714000000,361 FIRST ST,Hoboken,NJ,07030,0905_20_17,361 FIRST ST,HOBOKEN CITY,07030,,YR_CONSTR,7,DWELL/COMM_DWELL,4C,PROP_CLASS,,PROP_USE,parsed,parsed,aligned,eligible,unique aligned parcel,2026-10-04T01:56:31+00:00
A0476,1,1,complete,NJOGIS Parcels & MOD-IV Composite,https://services2.arcgis.com/XVOqAjTOJ5P6ngMu/arcgis/rest/services/Parcels_Composite_NJ_WM/FeatureServer/0,1772427600000,26-28 COTTAGE ST,Newark,NJ,07840,0714_878_25,26-28 COTTAGE ST,NEWARK CITY,07840,,YR_CONSTR,1,DWELL/COMM_DWELL,4C,PROP_CLASS,029,PROP_USE,parsed,parsed,aligned,eligible,unique aligned parcel,2026-10-04T01:56:31+00:00
A0478,1,1,complete,SANDAG/SanGIS parcels,https://geo.sandag.org/server/rest/services/hosted/Parcels/FeatureServer/0,current,3860 CHEROKEE AVE,San Diego,CA,92104,4474712600,3860 CHEROKEE AVE,SAN DIEGO,92104-3157,64,year_effective,9,unitqty,14,asr_landuse,,,parsed,parsed,aligned,eligible,unique aligned parcel,2026-10-04T01:56:32+00:00
A0479,1,1,complete,LA County eGIS parcels,https://cache.gis.lacounty.gov/cache/rest/services/LACounty_Cache/LACounty_Parcel/FeatureServer/0,2026,12948 MOORPARK ST,Los Angeles,CA,91604,2375009040,12948 MOORPARK ST LOS ANGELES CA 91604,LOS ANGELES CA,91604-5031,1990,YearBuilt1,8,Units1,0500,UseCode,Five or more apartments,UseDescription,parsed,parsed,aligned,eligible,unique aligned parcel,2026-10-04T01:56:32+00:00
A0480,1,0,none,SANDAG/SanGIS parcels,https://geo.sandag.org/server/rest/services/hosted/Parcels/FeatureServer/0,,4046 N 43RD ST,San Diego,CA,92105,,,,,,,,,,,,,parsed,failed,parser_failed,excluded_from_automatic_resolution,candidate set not fully captured,2026-10-04T01:56:33+00:00
A0482,1,1,complete,NJOGIS Parcels & MOD-IV Composite,https://services2.arcgis.com/XVOqAjTOJ5P6ngMu/arcgis/rest/services/Parcels_Composite_NJ_WM/FeatureServer/0,1761714000000,101 CLIFTON PL.,Jersey City,NJ,10982,0906_15302_29,101 CLIFTON PL.,JERSEY CITY CITY,10982,3,YR_CONSTR,,DWELL/COMM_DWELL,4C,PROP_CLASS,,PROP_USE,parsed,parsed,aligned,eligible,unique aligned parcel,2026-10-04T01:56:35+00:00
A0485,1,1,complete,Cambridge Property Database FY2026 (waa7-ibdu),https://data.cambridgema.gov/resource/waa7-ibdu.json,2026,296-302 Western Ave,Cambridge,MA,,126-38,296-302 Western Ave,Cambridge,,1920,condition_yearbuilt,6,interior_numunits,111,stateclasscode,4-8-UNIT-APT,propertyclass/exterior_occupancy,parsed,parsed,aligned,eligible,unique aligned parcel,2026-10-04T01:56:38+00:00
A0488,1,1,complete,Boston Property Assessment FY2026,https://data.boston.gov/dataset/e02c44d2-3c64-459c-8fe2-e1ce5f38a035/resource/ee73430d-96c0-423e-ad21-c4cfb54c8961/download/fy2026-property-assessment-data_rev.csv,FY2026,197 BEACON ST,Boston,MA,02116,0502728000,197 BEACON ST  ,Boston,02116,1900,YR_BUILT,,RES_UNITS,A,LU,APT 7-30 UNITS,LU_DESC,parsed,parsed,aligned,eligible,unique aligned parcel,2026-10-04T01:56:41+00:00
A0489,1,1,complete,NJOGIS Parcels & MOD-IV Composite,https://services2.arcgis.com/XVOqAjTOJ5P6ngMu/arcgis/rest/services/Parcels_Composite_NJ_WM/FeatureServer/0,1761714000000,204 GRAND ST,Hoboken,NJ,06901,0905_41_16,204 GRAND ST,HOBOKEN CITY,06901,2000,YR_CONSTR,30,DWELL/COMM_DWELL,4C,PROP_CLASS,,PROP_USE,parsed,parsed,aligned,eligible,unique aligned parcel,2026-10-04T01:56:41+00:00
A0490,1,1,complete,NJOGIS Parcels & MOD-IV Composite,https://services2.arcgis.com/XVOqAjTOJ5P6ngMu/arcgis/rest/services/Parcels_Composite_NJ_WM/FeatureServer/0,1761714000000,526 ADAMS ST,Hoboken,NJ,07030,0905_69_21,526 ADAMS ST,HOBOKEN CITY,07030,,YR_CONSTR,,DWELL/COMM_DWELL,4C,PROP_CLASS,738,PROP_USE,parsed,parsed,aligned,eligible,unique aligned parcel,2026-10-04T01:56:42+00:00
A0491,1,1,complete,NJOGIS Parcels & MOD-IV Composite,https://services2.arcgis.com/XVOqAjTOJ5P6ngMu/arcgis/rest/services/Parcels_Composite_NJ_WM/FeatureServer/0,1772427600000,37 IRVING ST,Newark,NJ,07104,0714_820_2,37 IRVING ST,NEWARK CITY,07104,,YR_CONSTR,1,DWELL/COMM_DWELL,4C,PROP_CLASS,,PROP_USE,parsed,parsed,aligned,eligible,unique aligned parcel,2026-10-04T01:56:42+00:00
A0492,1,1,complete,LA County eGIS parcels,https://cache.gis.lacounty.gov/cache/rest/services/LACounty_Cache/LACounty_Parcel/FeatureServer/0,2026,800 S HARVARD BLVD,Los Angeles,CA,90005,5093022029,800 S HARVARD BLVD LOS ANGELES CA 90005,LOS ANGELES CA,90005-4258,2019,YearBuilt1,131,Units1,0551,UseCode,Five or more apartments,UseDescription,parsed,parsed,aligned,eligible,unique aligned parcel,2026-10-04T01:56:42+00:00
A0495,1,1,complete,NJOGIS Parcels & MOD-IV Composite,https://services2.arcgis.com/XVOqAjTOJ5P6ngMu/arcgis/rest/services/Parcels_Composite_NJ_WM/FeatureServer/0,1761714000000,230 VAN HORNE ST.,Jersey City,NJ,11219,0906_20003_27,230 VAN HORNE ST.,JERSEY CITY CITY,11219,1895,YR_CONSTR,,DWELL/COMM_DWELL,4C,PROP_CLASS,,PROP_USE,parsed,parsed,aligned,eligible,unique aligned parcel,2026-10-04T01:56:45+00:00
A0496,1,1,complete,SANDAG/SanGIS parcels,https://geo.sandag.org/server/rest/services/hosted/Parcels/FeatureServer/0,current,512 32ND ST,San Diego,CA,92102,5451221600,512 32ND ST,SAN DIEGO,92102-4204,40,year_effective,8,unitqty,14,asr_landuse,,,parsed,parsed,aligned,eligible,unique aligned parcel,2026-10-04T01:56:45+00:00
A0497,1,2,representative_only,SANDAG/SanGIS parcels,https://geo.sandag.org/server/rest/services/hosted/Parcels/FeatureServer/0,current,3750 29TH ST,San Diego,CA,92104,4531310600,3750 29TH ST,SAN DIEGO,92104-3643,28,year_effective,5,unitqty,14,asr_landuse,,,parsed,parsed,aligned,excluded_from_automatic_resolution,candidate set not fully captured,2026-10-04T01:56:45+00:00
A0498,1,1,complete,NJOGIS Parcels & MOD-IV Composite,https://services2.arcgis.com/XVOqAjTOJ5P6ngMu/arcgis/rest/services/Parcels_Composite_NJ_WM/FeatureServer/0,1772427600000,684-686 SUMMER AVE,Newark,NJ,07644,0714_763_27,684-686 SUMMER AVE,NEWARK CITY,07644,,YR_CONSTR,1,DWELL/COMM_DWELL,4C,PROP_CLASS,029,PROP_USE,parsed,parsed,aligned,eligible,unique aligned parcel,2026-10-04T01:56:45+00:00
A0499,1,1,complete,LA County eGIS parcels,https://cache.gis.lacounty.gov/cache/rest/services/LACounty_Cache/LACounty_Parcel/FeatureServer/0,2026,8519 WILLIS AVE,Los Angeles,CA,91402,2653015017,8519 WILLIS AVE LOS ANGELES CA 91402,LOS ANGELES CA,91402-3457,1962,YearBuilt1,33,Units1,0501,UseCode,Five or more apartments,UseDescription,parsed,parsed,aligned,eligible,unique aligned parcel,2026-10-04T01:56:46+00:00
A0500,1,1,complete,LA County eGIS parcels,https://cache.gis.lacounty.gov/cache/rest/services/LACounty_Cache/LACounty_Parcel/FeatureServer/0,2026,8811 BURNET AVE,Los Angeles,CA,91343,2654008057,8811 BURNET AVE LOS ANGELES CA 91343,LOS ANGELES CA,91343-5400,1954,YearBuilt1,36,Units1,0500,UseCode,Five or more apartments,UseDescription,parsed,parsed,aligned,eligible,unique aligned parcel,2026-10-04T01:56:47+00:00
A0016,1,19,complete,DataSF wv5m-vpq2 (2025 roll),https://data.sfgov.org/resource/wv5m-vpq2.json,2018,3515 FILLMORE ST,San Francisco,CA,,0467A014,0000 3515 FILLMORE            ST0000,San Francisco,,1926,year_property_built,21.0,number_of_units,MRES,use_code,Multi-Family Residential,use_definition,parsed,parsed,aligned,eligible,DataSF parsed range contains input house number and street matches,2026-10-04T02:11:41+00:00
A0016,2,19,complete,DataSF wv5m-vpq2 (2025 roll),https://data.sfgov.org/resource/wv5m-vpq2.json,2021,3515 FILLMORE ST,San Francisco,CA,,0467A014,0000 3515 FILLMORE            ST0000,San Francisco,,1926,year_property_built,21.0,number_of_units,MRES,use_code,Multi-Family Residential,use_definition,parsed,parsed,aligned,eligible,DataSF parsed range contains input house number and street matches,2026-10-04T02:11:41+00:00
A0016,3,19,complete,DataSF wv5m-vpq2 (2025 roll),https://data.sfgov.org/resource/wv5m-vpq2.json,2025,3515 FILLMORE ST,San Francisco,CA,,0467A014,0000 3515 FILLMORE            ST0000,San Francisco,,1926,year_property_built,21.0,number_of_units,MRES,use_code,Multi-Family Residential,use_definition,parsed,parsed,aligned,eligible,DataSF parsed range contains input house number and street matches,2026-10-04T02:11:41+00:00
A0016,4,19,complete,DataSF wv5m-vpq2 (2025 roll),https://data.sfgov.org/resource/wv5m-vpq2.json,2012,3515 FILLMORE ST,San Francisco,CA,,0467A014,0000 3515 FILLMORE            ST0000,San Francisco,,1926,year_property_built,21.0,number_of_units,MRES,use_code,Multi-Family Residential,use_definition,parsed,parsed,aligned,eligible,DataSF parsed range contains input house number and street matches,2026-10-04T02:11:41+00:00
A0016,5,19,complete,DataSF wv5m-vpq2 (2025 roll),https://data.sfgov.org/resource/wv5m-vpq2.json,2013,3515 FILLMORE ST,San Francisco,CA,,0467A014,0000 3515 FILLMORE            ST0000,San Francisco,,1926,year_property_built,21.0,number_of_units,MRES,use_code,Multi-Family Residential,use_definition,parsed,parsed,aligned,eligible,DataSF parsed range contains input house number and street matches,2026-10-04T02:11:41+00:00
A0016,6,19,complete,DataSF wv5m-vpq2 (2025 roll),https://data.sfgov.org/resource/wv5m-vpq2.json,2015,3515 FILLMORE ST,San Francisco,CA,,0467A014,0000 3515 FILLMORE            ST0000,San Francisco,,1926,year_property_built,21.0,number_of_units,MRES,use_code,Multi-Family Residential,use_definition,parsed,parsed,aligned,eligible,DataSF parsed range contains input house number and street matches,2026-10-04T02:11:41+00:00
A0016,7,19,complete,DataSF wv5m-vpq2 (2025 roll),https://data.sfgov.org/resource/wv5m-vpq2.json,2011,3515 FILLMORE ST,San Francisco,CA,,0467A014,0000 3515 FILLMORE            ST0000,San Francisco,,1926,year_property_built,21.0,number_of_units,MRES,use_code,Multi-Family Residential,use_definition,parsed,parsed,aligned,eligible,DataSF parsed range contains input house number and street matches,2026-10-04T02:11:41+00:00
A0016,8,19,complete,DataSF wv5m-vpq2 (2025 roll),https://data.sfgov.org/resource/wv5m-vpq2.json,2022,3515 FILLMORE ST,San Francisco,CA,,0467A014,0000 3515 FILLMORE            ST0000,San Francisco,,1926,year_property_built,21.0,number_of_units,MRES,use_code,Multi-Family Residential,use_definition,parsed,parsed,aligned,eligible,DataSF parsed range contains input house number and street matches,2026-10-04T02:11:41+00:00
A0016,9,19,complete,DataSF wv5m-vpq2 (2025 roll),https://data.sfgov.org/resource/wv5m-vpq2.json,2017,3515 FILLMORE ST,San Francisco,CA,,0467A014,0000 3515 FILLMORE            ST0000,San Francisco,,1926,year_property_built,21.0,number_of_units,MRES,use_code,Multi-Family Residential,use_definition,parsed,parsed,aligned,eligible,DataSF parsed range contains input house number and street matches,2026-10-04T02:11:41+00:00
A0016,10,19,complete,DataSF wv5m-vpq2 (2025 roll),https://data.sfgov.org/resource/wv5m-vpq2.json,2014,3515 FILLMORE ST,San Francisco,CA,,0467A014,0000 3515 FILLMORE            ST0000,San Francisco,,1926,year_property_built,21.0,number_of_units,MRES,use_code,Multi-Family Residential,use_definition,parsed,parsed,aligned,eligible,DataSF parsed range contains input house number and street matches,2026-10-04T02:11:41+00:00
A0016,11,19,complete,DataSF wv5m-vpq2 (2025 roll),https://data.sfgov.org/resource/wv5m-vpq2.json,2010,3515 FILLMORE ST,San Francisco,CA,,0467A014,0000 3515 FILLMORE            ST0000,San Francisco,,1926,year_property_built,21.0,number_of_units,MRES,use_code,Multi-Family Residential,use_definition,parsed,parsed,aligned,eligible,DataSF parsed range contains input house number and street matches,2026-10-04T02:11:41+00:00
A0016,12,19,complete,DataSF wv5m-vpq2 (2025 roll),https://data.sfgov.org/resource/wv5m-vpq2.json,2019,3515 FILLMORE ST,San Francisco,CA,,0467A014,0000 3515 FILLMORE            ST0000,San Francisco,,1926,year_property_built,21.0,number_of_units,MRES,use_code,Multi-Family Residential,use_definition,parsed,parsed,aligned,eligible,DataSF parsed range contains input house number and street matches,2026-10-04T02:11:41+00:00
A0016,13,19,complete,DataSF wv5m-vpq2 (2025 roll),https://data.sfgov.org/resource/wv5m-vpq2.json,2024,3515 FILLMORE ST,San Francisco,CA,,0467A014,0000 3515 FILLMORE            ST0000,San Francisco,,1926,year_property_built,21.0,number_of_units,MRES,use_code,Multi-Family Residential,use_definition,parsed,parsed,aligned,eligible,DataSF parsed range contains input house number and street matches,2026-10-04T02:11:41+00:00
A0016,14,19,complete,DataSF wv5m-vpq2 (2025 roll),https://data.sfgov.org/resource/wv5m-vpq2.json,2020,3515 FILLMORE ST,San Francisco,CA,,0467A014,0000 3515 FILLMORE            ST0000,San Francisco,,1926,year_property_built,21.0,number_of_units,MRES,use_code,Multi-Family Residential,use_definition,parsed,parsed,aligned,eligible,DataSF parsed range contains input house number and street matches,2026-10-04T02:11:41+00:00
A0016,15,19,complete,DataSF wv5m-vpq2 (2025 roll),https://data.sfgov.org/resource/wv5m-vpq2.json,2023,3515 FILLMORE ST,San Francisco,CA,,0467A014,0000 3515 FILLMORE            ST0000,San Francisco,,1926,year_property_built,21.0,number_of_units,MRES,use_code,Multi-Family Residential,use_definition,parsed,parsed,aligned,eligible,DataSF parsed range contains input house number and street matches,2026-10-04T02:11:41+00:00
A0016,16,19,complete,DataSF wv5m-vpq2 (2025 roll),https://data.sfgov.org/resource/wv5m-vpq2.json,2016,3515 FILLMORE ST,San Francisco,CA,,0467A014,0000 3515 FILLMORE            ST0000,San Francisco,,1926,year_property_built,21.0,number_of_units,MRES,use_code,Multi-Family Residential,use_definition,parsed,parsed,aligned,eligible,DataSF parsed range contains input house number and street matches,2026-10-04T02:11:41+00:00
A0016,17,19,complete,DataSF wv5m-vpq2 (2025 roll),https://data.sfgov.org/resource/wv5m-vpq2.json,2007,3515 FILLMORE ST,San Francisco,CA,,0467A014,0000 3515 FILLMORE            ST0000,San Francisco,,1926,year_property_built,21.0,number_of_units,MRES,use_code,Multi-Family Residential,use_definition,parsed,parsed,aligned,eligible,DataSF parsed range contains input house number and street matches,2026-10-04T02:11:41+00:00
A0016,18,19,complete,DataSF wv5m-vpq2 (2025 roll),https://data.sfgov.org/resource/wv5m-vpq2.json,2008,3515 FILLMORE ST,San Francisco,CA,,0467A014,0000 3515 FILLMORE            ST0000,San Francisco,,1926,year_property_built,21.0,number_of_units,MRES,use_code,Multi-Family Residential,use_definition,parsed,parsed,aligned,eligible,DataSF parsed range contains input house number and street matches,2026-10-04T02:11:41+00:00
A0016,19,19,complete,DataSF wv5m-vpq2 (2025 roll),https://data.sfgov.org/resource/wv5m-vpq2.json,2009,3515 FILLMORE ST,San Francisco,CA,,0467A014,0000 3515 FILLMORE            ST0000,San Francisco,,1926,year_property_built,21.0,number_of_units,MRES,use_code,Multi-Family Residential,use_definition,parsed,parsed,aligned,eligible,DataSF parsed range contains input house number and street matches,2026-10-04T02:11:41+00:00
A0021,1,12,none,DataSF wv5m-vpq2 (2025 roll),https://data.sfgov.org/resource/wv5m-vpq2.json,2025,22 PRECITA AV,San Francisco,CA,,5518021,0000 0022 PRECITA             AV0000,San Francisco,,1963,year_property_built,6.0,number_of_units,MRES,use_code,Multi-Family Residential,use_definition,parsed,parsed,aligned,excluded_from_automatic_resolution,no parsed DataSF candidate aligned,2026-10-04T01:51:22+00:00
A0027,1,38,complete,DataSF wv5m-vpq2 (2025 roll),https://data.sfgov.org/resource/wv5m-vpq2.json,2015,3918 FULTON ST,San Francisco,CA,,1658014,3918 3910 FULTON              ST0000,San Francisco,,1923,year_property_built,14.0,number_of_units,MRES,use_code,Multi-Family Residential,use_definition,parsed,parsed,aligned,eligible,DataSF parsed range contains input house number and street matches,2026-10-04T02:11:41+00:00
A0027,2,38,complete,DataSF wv5m-vpq2 (2025 roll),https://data.sfgov.org/resource/wv5m-vpq2.json,2023,3918 FULTON ST,San Francisco,CA,,1658015A,0000 3918 FULTON              ST0000,San Francisco,,1923,year_property_built,6.0,number_of_units,MRES,use_code,Multi-Family Residential,use_definition,parsed,parsed,aligned,eligible,DataSF parsed range contains input house number and street matches,2026-10-04T02:11:41+00:00
A0027,3,38,complete,DataSF wv5m-vpq2 (2025 roll),https://data.sfgov.org/resource/wv5m-vpq2.json,2014,3918 FULTON ST,San Francisco,CA,,1658015A,0000 3918 FULTON              ST0000,San Francisco,,1923,year_property_built,6.0,number_of_units,MRES,use_code,Multi-Family Residential,use_definition,parsed,parsed,aligned,eligible,DataSF parsed range contains input house number and street matches,2026-10-04T02:11:41+00:00
A0027,4,38,complete,DataSF wv5m-vpq2 (2025 roll),https://data.sfgov.org/resource/wv5m-vpq2.json,2015,3918 FULTON ST,San Francisco,CA,,1658015A,0000 3918 FULTON              ST0000,San Francisco,,1923,year_property_built,6.0,number_of_units,MRES,use_code,Multi-Family Residential,use_definition,parsed,parsed,aligned,eligible,DataSF parsed range contains input house number and street matches,2026-10-04T02:11:41+00:00
A0027,5,38,complete,DataSF wv5m-vpq2 (2025 roll),https://data.sfgov.org/resource/wv5m-vpq2.json,2016,3918 FULTON ST,San Francisco,CA,,1658015A,0000 3918 FULTON              ST0000,San Francisco,,1923,year_property_built,6.0,number_of_units,MRES,use_code,Multi-Family Residential,use_definition,parsed,parsed,aligned,eligible,DataSF parsed range contains input house number and street matches,2026-10-04T02:11:41+00:00
A0027,6,38,complete,DataSF wv5m-vpq2 (2025 roll),https://data.sfgov.org/resource/wv5m-vpq2.json,2022,3918 FULTON ST,San Francisco,CA,,1658014,3918 3910 FULTON              ST0000,San Francisco,,1923,year_property_built,14.0,number_of_units,MRES,use_code,Multi-Family Residential,use_definition,parsed,parsed,aligned,eligible,DataSF parsed range contains input house number and street matches,2026-10-04T02:11:41+00:00
A0027,7,38,complete,DataSF wv5m-vpq2 (2025 roll),https://data.sfgov.org/resource/wv5m-vpq2.json,2013,3918 FULTON ST,San Francisco,CA,,1658015A,0000 3918 FULTON              ST0000,San Francisco,,1923,year_property_built,6.0,number_of_units,MRES,use_code,Multi-Family Residential,use_definition,parsed,parsed,aligned,eligible,DataSF parsed range contains input house number and street matches,2026-10-04T02:11:41+00:00
A0027,8,38,complete,DataSF wv5m-vpq2 (2025 roll),https://data.sfgov.org/resource/wv5m-vpq2.json,2011,3918 FULTON ST,San Francisco,CA,,1658014,3918 3910 FULTON              ST0000,San Francisco,,1923,year_property_built,14.0,number_of_units,MRES,use_code,Multi-Family Residential,use_definition,parsed,parsed,aligned,eligible,DataSF parsed range contains input house number and street matches,2026-10-04T02:11:41+00:00
A0027,9,38,complete,DataSF wv5m-vpq2 (2025 roll),https://data.sfgov.org/resource/wv5m-vpq2.json,2016,3918 FULTON ST,San Francisco,CA,,1658014,3918 3910 FULTON              ST0000,San Francisco,,1923,year_property_built,14.0,number_of_units,MRES,use_code,Multi-Family Residential,use_definition,parsed,parsed,aligned,eligible,DataSF parsed range contains input house number and street matches,2026-10-04T02:11:41+00:00
A0027,10,38,complete,DataSF wv5m-vpq2 (2025 roll),https://data.sfgov.org/resource/wv5m-vpq2.json,2019,3918 FULTON ST,San Francisco,CA,,1658014,3918 3910 FULTON              ST0000,San Francisco,,1923,year_property_built,14.0,number_of_units,MRES,use_code,Multi-Family Residential,use_definition,parsed,parsed,aligned,eligible,DataSF parsed range contains input house number and street matches,2026-10-04T02:11:41+00:00
A0027,11,38,complete,DataSF wv5m-vpq2 (2025 roll),https://data.sfgov.org/resource/wv5m-vpq2.json,2024,3918 FULTON ST,San Francisco,CA,,1658015A,0000 3918 FULTON              ST0000,San Francisco,,1923,year_property_built,6.0,number_of_units,MRES,use_code,Multi-Family Residential,use_definition,parsed,parsed,aligned,eligible,DataSF parsed range contains input house number and street matches,2026-10-04T02:11:41+00:00
A0027,12,38,complete,DataSF wv5m-vpq2 (2025 roll),https://data.sfgov.org/resource/wv5m-vpq2.json,2008,3918 FULTON ST,San Francisco,CA,,1658014,3918 3910 FULTON              ST0000,San Francisco,,1923,year_property_built,14.0,number_of_units,MRES,use_code,Multi-Family Residential,use_definition,parsed,parsed,aligned,eligible,DataSF parsed range contains input house number and street matches,2026-10-04T02:11:41+00:00
A0027,13,38,complete,DataSF wv5m-vpq2 (2025 roll),https://data.sfgov.org/resource/wv5m-vpq2.json,2017,3918 FULTON ST,San Francisco,CA,,1658015A,0000 3918 FULTON              ST0000,San Francisco,,1923,year_property_built,6.0,number_of_units,MRES,use_code,Multi-Family Residential,use_definition,parsed,parsed,aligned,eligible,DataSF parsed range contains input house number and street matches,2026-10-04T02:11:41+00:00
A0027,14,38,complete,DataSF wv5m-vpq2 (2025 roll),https://data.sfgov.org/resource/wv5m-vpq2.json,2007,3918 FULTON ST,San Francisco,CA,,1658015A,0000 3918 FULTON              ST0000,San Francisco,,1923,year_property_built,6.0,number_of_units,MRES,use_code,Multi-Family Residential,use_definition,parsed,parsed,aligned,eligible,DataSF parsed range contains input house number and street matches,2026-10-04T02:11:41+00:00
A0027,15,38,complete,DataSF wv5m-vpq2 (2025 roll),https://data.sfgov.org/resource/wv5m-vpq2.json,2010,3918 FULTON ST,San Francisco,CA,,1658015A,0000 3918 FULTON              ST0000,San Francisco,,1923,year_property_built,6.0,number_of_units,MRES,use_code,Multi-Family Residential,use_definition,parsed,parsed,aligned,eligible,DataSF parsed range contains input house number and street matches,2026-10-04T02:11:41+00:00
A0027,16,38,complete,DataSF wv5m-vpq2 (2025 roll),https://data.sfgov.org/resource/wv5m-vpq2.json,2009,3918 FULTON ST,San Francisco,CA,,1658015A,0000 3918 FULTON              ST0000,San Francisco,,1923,year_property_built,6.0,number_of_units,MRES,use_code,Multi-Family Residential,use_definition,parsed,parsed,aligned,eligible,DataSF parsed range contains input house number and street matches,2026-10-04T02:11:41+00:00
A0027,17,38,complete,DataSF wv5m-vpq2 (2025 roll),https://data.sfgov.org/resource/wv5m-vpq2.json,2008,3918 FULTON ST,San Francisco,CA,,1658015A,0000 3918 FULTON              ST0000,San Francisco,,1923,year_property_built,6.0,number_of_units,MRES,use_code,Multi-Family Residential,use_definition,parsed,parsed,aligned,eligible,DataSF parsed range contains input house number and street matches,2026-10-04T02:11:41+00:00
A0027,18,38,complete,DataSF wv5m-vpq2 (2025 roll),https://data.sfgov.org/resource/wv5m-vpq2.json,2019,3918 FULTON ST,San Francisco,CA,,1658015A,0000 3918 FULTON              ST0000,San Francisco,,1923,year_property_built,6.0,number_of_units,MRES,use_code,Multi-Family Residential,use_definition,parsed,parsed,aligned,eligible,DataSF parsed range contains input house number and street matches,2026-10-04T02:11:41+00:00
A0027,19,38,complete,DataSF wv5m-vpq2 (2025 roll),https://data.sfgov.org/resource/wv5m-vpq2.json,2022,3918 FULTON ST,San Francisco,CA,,1658015A,0000 3918 FULTON              ST0000,San Francisco,,1923,year_property_built,6.0,number_of_units,MRES,use_code,Multi-Family Residential,use_definition,parsed,parsed,aligned,eligible,DataSF parsed range contains input house number and street matches,2026-10-04T02:11:41+00:00
A0027,20,38,complete,DataSF wv5m-vpq2 (2025 roll),https://data.sfgov.org/resource/wv5m-vpq2.json,2024,3918 FULTON ST,San Francisco,CA,,1658014,3918 3910 FULTON              ST0000,San Francisco,,1923,year_property_built,14.0,number_of_units,MRES,use_code,Multi-Family Residential,use_definition,parsed,parsed,aligned,eligible,DataSF parsed range contains input house number and street matches,2026-10-04T02:11:41+00:00
A0027,21,38,complete,DataSF wv5m-vpq2 (2025 roll),https://data.sfgov.org/resource/wv5m-vpq2.json,2007,3918 FULTON ST,San Francisco,CA,,1658014,3918 3910 FULTON              ST0000,San Francisco,,1923,year_property_built,14.0,number_of_units,MRES,use_code,Multi-Family Residential,use_definition,parsed,parsed,aligned,eligible,DataSF parsed range contains input house number and street matches,2026-10-04T02:11:41+00:00
A0027,22,38,complete,DataSF wv5m-vpq2 (2025 roll),https://data.sfgov.org/resource/wv5m-vpq2.json,2025,3918 FULTON ST,San Francisco,CA,,1658015A,0000 3918 FULTON              ST0000,San Francisco,,1923,year_property_built,6.0,number_of_units,MRES,use_code,Multi-Family Residential,use_definition,parsed,parsed,aligned,eligible,DataSF parsed range contains input house number and street matches,2026-10-04T02:11:41+00:00
A0027,23,38,complete,DataSF wv5m-vpq2 (2025 roll),https://data.sfgov.org/resource/wv5m-vpq2.json,2020,3918 FULTON ST,San Francisco,CA,,1658015A,0000 3918 FULTON              ST0000,San Francisco,,1923,year_property_built,6.0,number_of_units,MRES,use_code,Multi-Family Residential,use_definition,parsed,parsed,aligned,eligible,DataSF parsed range contains input house number and street matches,2026-10-04T02:11:41+00:00
A0027,24,38,complete,DataSF wv5m-vpq2 (2025 roll),https://data.sfgov.org/resource/wv5m-vpq2.json,2021,3918 FULTON ST,San Francisco,CA,,1658014,3918 3910 FULTON              ST0000,San Francisco,,1923,year_property_built,14.0,number_of_units,MRES,use_code,Multi-Family Residential,use_definition,parsed,parsed,aligned,eligible,DataSF parsed range contains input house number and street matches,2026-10-04T02:11:41+00:00
A0027,25,38,complete,DataSF wv5m-vpq2 (2025 roll),https://data.sfgov.org/resource/wv5m-vpq2.json,2018,3918 FULTON ST,San Francisco,CA,,1658014,3918 3910 FULTON              ST0000,San Francisco,,1923,year_property_built,14.0,number_of_units,MRES,use_code,Multi-Family Residential,use_definition,parsed,parsed,aligned,eligible,DataSF parsed range contains input house number and street matches,2026-10-04T02:11:41+00:00
A0027,26,38,complete,DataSF wv5m-vpq2 (2025 roll),https://data.sfgov.org/resource/wv5m-vpq2.json,2017,3918 FULTON ST,San Francisco,CA,,1658014,3918 3910 FULTON              ST0000,San Francisco,,1923,year_property_built,14.0,number_of_units,MRES,use_code,Multi-Family Residential,use_definition,parsed,parsed,aligned,eligible,DataSF parsed range contains input house number and street matches,2026-10-04T02:11:41+00:00
A0027,27,38,complete,DataSF wv5m-vpq2 (2025 roll),https://data.sfgov.org/resource/wv5m-vpq2.json,2011,3918 FULTON ST,San Francisco,CA,,1658015A,0000 3918 FULTON              ST0000,San Francisco,,1923,year_property_built,6.0,number_of_units,MRES,use_code,Multi-Family Residential,use_definition,parsed,parsed,aligned,eligible,DataSF parsed range contains input house number and street matches,2026-10-04T02:11:41+00:00
A0027,28,38,complete,DataSF wv5m-vpq2 (2025 roll),https://data.sfgov.org/resource/wv5m-vpq2.json,2012,3918 FULTON ST,San Francisco,CA,,1658015A,0000 3918 FULTON              ST0000,San Francisco,,1923,year_property_built,6.0,number_of_units,MRES,use_code,Multi-Family Residential,use_definition,parsed,parsed,aligned,eligible,DataSF parsed range contains input house number and street matches,2026-10-04T02:11:41+00:00
A0027,29,38,complete,DataSF wv5m-vpq2 (2025 roll),https://data.sfgov.org/resource/wv5m-vpq2.json,2018,3918 FULTON ST,San Francisco,CA,,1658015A,0000 3918 FULTON              ST0000,San Francisco,,1923,year_property_built,6.0,number_of_units,MRES,use_code,Multi-Family Residential,use_definition,parsed,parsed,aligned,eligible,DataSF parsed range contains input house number and street matches,2026-10-04T02:11:41+00:00
A0027,30,38,complete,DataSF wv5m-vpq2 (2025 roll),https://data.sfgov.org/resource/wv5m-vpq2.json,2021,3918 FULTON ST,San Francisco,CA,,1658015A,0000 3918 FULTON              ST0000,San Francisco,,1923,year_property_built,6.0,number_of_units,MRES,use_code,Multi-Family Residential,use_definition,parsed,parsed,aligned,eligible,DataSF parsed range contains input house number and street matches,2026-10-04T02:11:41+00:00
A0027,31,38,complete,DataSF wv5m-vpq2 (2025 roll),https://data.sfgov.org/resource/wv5m-vpq2.json,2020,3918 FULTON ST,San Francisco,CA,,1658014,3918 3910 FULTON              ST0000,San Francisco,,1923,year_property_built,14.0,number_of_units,MRES,use_code,Multi-Family Residential,use_definition,parsed,parsed,aligned,eligible,DataSF parsed range contains input house number and street matches,2026-10-04T02:11:41+00:00
A0027,32,38,complete,DataSF wv5m-vpq2 (2025 roll),https://data.sfgov.org/resource/wv5m-vpq2.json,2013,3918 FULTON ST,San Francisco,CA,,1658014,3918 3910 FULTON              ST0000,San Francisco,,1923,year_property_built,14.0,number_of_units,MRES,use_code,Multi-Family Residential,use_definition,parsed,parsed,aligned,eligible,DataSF parsed range contains input house number and street matches,2026-10-04T02:11:41+00:00
A0027,33,38,complete,DataSF wv5m-vpq2 (2025 roll),https://data.sfgov.org/resource/wv5m-vpq2.json,2025,3918 FULTON ST,San Francisco,CA,,1658014,3918 3910 FULTON              ST0000,San Francisco,,1923,year_property_built,14.0,number_of_units,MRES,use_code,Multi-Family Residential,use_definition,parsed,parsed,aligned,eligible,DataSF parsed range contains input house number and street matches,2026-10-04T02:11:41+00:00
A0027,34,38,complete,DataSF wv5m-vpq2 (2025 roll),https://data.sfgov.org/resource/wv5m-vpq2.json,2012,3918 FULTON ST,San Francisco,CA,,1658014,3918 3910 FULTON              ST0000,San Francisco,,1923,year_property_built,14.0,number_of_units,MRES,use_code,Multi-Family Residential,use_definition,parsed,parsed,aligned,eligible,DataSF parsed range contains input house number and street matches,2026-10-04T02:11:41+00:00
A0027,35,38,complete,DataSF wv5m-vpq2 (2025 roll),https://data.sfgov.org/resource/wv5m-vpq2.json,2014,3918 FULTON ST,San Francisco,CA,,1658014,3918 3910 FULTON              ST0000,San Francisco,,1923,year_property_built,14.0,number_of_units,MRES,use_code,Multi-Family Residential,use_definition,parsed,parsed,aligned,eligible,DataSF parsed range contains input house number and street matches,2026-10-04T02:11:41+00:00
A0027,36,38,complete,DataSF wv5m-vpq2 (2025 roll),https://data.sfgov.org/resource/wv5m-vpq2.json,2010,3918 FULTON ST,San Francisco,CA,,1658014,3918 3910 FULTON              ST0000,San Francisco,,1923,year_property_built,14.0,number_of_units,MRES,use_code,Multi-Family Residential,use_definition,parsed,parsed,aligned,eligible,DataSF parsed range contains input house number and street matches,2026-10-04T02:11:41+00:00
A0027,37,38,complete,DataSF wv5m-vpq2 (2025 roll),https://data.sfgov.org/resource/wv5m-vpq2.json,2023,3918 FULTON ST,San Francisco,CA,,1658014,3918 3910 FULTON              ST0000,San Francisco,,1923,year_property_built,14.0,number_of_units,MRES,use_code,Multi-Family Residential,use_definition,parsed,parsed,aligned,eligible,DataSF parsed range contains input house number and street matches,2026-10-04T02:11:41+00:00
A0027,38,38,complete,DataSF wv5m-vpq2 (2025 roll),https://data.sfgov.org/resource/wv5m-vpq2.json,2009,3918 FULTON ST,San Francisco,CA,,1658014,3918 3910 FULTON              ST0000,San Francisco,,1923,year_property_built,14.0,number_of_units,MRES,use_code,Multi-Family Residential,use_definition,parsed,parsed,aligned,eligible,DataSF parsed range contains input house number and street matches,2026-10-04T02:11:41+00:00
A0030,1,19,complete,DataSF wv5m-vpq2 (2025 roll),https://data.sfgov.org/resource/wv5m-vpq2.json,2023,2051 DIVISADERO ST,San Francisco,CA,,1025002,2053 2051 DIVISADERO          ST0000,San Francisco,,1908,year_property_built,5.0,number_of_units,MRES,use_code,Multi-Family Residential,use_definition,parsed,parsed,aligned,eligible,DataSF parsed range contains input house number and street matches,2026-10-04T02:11:41+00:00
A0030,2,19,complete,DataSF wv5m-vpq2 (2025 roll),https://data.sfgov.org/resource/wv5m-vpq2.json,2013,2051 DIVISADERO ST,San Francisco,CA,,1025002,2053 2051 DIVISADERO          ST0000,San Francisco,,1908,year_property_built,5.0,number_of_units,MRES,use_code,Multi-Family Residential,use_definition,parsed,parsed,aligned,eligible,DataSF parsed range contains input house number and street matches,2026-10-04T02:11:41+00:00
A0030,3,19,complete,DataSF wv5m-vpq2 (2025 roll),https://data.sfgov.org/resource/wv5m-vpq2.json,2025,2051 DIVISADERO ST,San Francisco,CA,,1025002,2053 2051 DIVISADERO          ST0000,San Francisco,,1908,year_property_built,5.0,number_of_units,MRES,use_code,Multi-Family Residential,use_definition,parsed,parsed,aligned,eligible,DataSF parsed range contains input house number and street matches,2026-10-04T02:11:41+00:00
A0030,4,19,complete,DataSF wv5m-vpq2 (2025 roll),https://data.sfgov.org/resource/wv5m-vpq2.json,2007,2051 DIVISADERO ST,San Francisco,CA,,1025002,2053 2051 DIVISADERO          ST0000,San Francisco,,1908,year_property_built,5.0,number_of_units,MRES,use_code,Multi-Family Residential,use_definition,parsed,parsed,aligned,eligible,DataSF parsed range contains input house number and street matches,2026-10-04T02:11:41+00:00
A0030,5,19,complete,DataSF wv5m-vpq2 (2025 roll),https://data.sfgov.org/resource/wv5m-vpq2.json,2016,2051 DIVISADERO ST,San Francisco,CA,,1025002,2053 2051 DIVISADERO          ST0000,San Francisco,,1908,year_property_built,5.0,number_of_units,MRES,use_code,Multi-Family Residential,use_definition,parsed,parsed,aligned,eligible,DataSF parsed range contains input house number and street matches,2026-10-04T02:11:41+00:00
A0030,6,19,complete,DataSF wv5m-vpq2 (2025 roll),https://data.sfgov.org/resource/wv5m-vpq2.json,2010,2051 DIVISADERO ST,San Francisco,CA,,1025002,2053 2051 DIVISADERO          ST0000,San Francisco,,1908,year_property_built,5.0,number_of_units,MRES,use_code,Multi-Family Residential,use_definition,parsed,parsed,aligned,eligible,DataSF parsed range contains input house number and street matches,2026-10-04T02:11:41+00:00
A0030,7,19,complete,DataSF wv5m-vpq2 (2025 roll),https://data.sfgov.org/resource/wv5m-vpq2.json,2008,2051 DIVISADERO ST,San Francisco,CA,,1025002,2053 2051 DIVISADERO          ST0000,San Francisco,,1908,year_property_built,5.0,number_of_units,MRES,use_code,Multi-Family Residential,use_definition,parsed,parsed,aligned,eligible,DataSF parsed range contains input house number and street matches,2026-10-04T02:11:41+00:00
A0030,8,19,complete,DataSF wv5m-vpq2 (2025 roll),https://data.sfgov.org/resource/wv5m-vpq2.json,2011,2051 DIVISADERO ST,San Francisco,CA,,1025002,2053 2051 DIVISADERO          ST0000,San Francisco,,1908,year_property_built,5.0,number_of_units,MRES,use_code,Multi-Family Residential,use_definition,parsed,parsed,aligned,eligible,DataSF parsed range contains input house number and street matches,2026-10-04T02:11:41+00:00
A0030,9,19,complete,DataSF wv5m-vpq2 (2025 roll),https://data.sfgov.org/resource/wv5m-vpq2.json,2014,2051 DIVISADERO ST,San Francisco,CA,,1025002,2053 2051 DIVISADERO          ST0000,San Francisco,,1908,year_property_built,5.0,number_of_units,MRES,use_code,Multi-Family Residential,use_definition,parsed,parsed,aligned,eligible,DataSF parsed range contains input house number and street matches,2026-10-04T02:11:41+00:00
A0030,10,19,complete,DataSF wv5m-vpq2 (2025 roll),https://data.sfgov.org/resource/wv5m-vpq2.json,2012,2051 DIVISADERO ST,San Francisco,CA,,1025002,2053 2051 DIVISADERO          ST0000,San Francisco,,1908,year_property_built,5.0,number_of_units,MRES,use_code,Multi-Family Residential,use_definition,parsed,parsed,aligned,eligible,DataSF parsed range contains input house number and street matches,2026-10-04T02:11:41+00:00
A0030,11,19,complete,DataSF wv5m-vpq2 (2025 roll),https://data.sfgov.org/resource/wv5m-vpq2.json,2021,2051 DIVISADERO ST,San Francisco,CA,,1025002,2053 2051 DIVISADERO          ST0000,San Francisco,,1908,year_property_built,5.0,number_of_units,MRES,use_code,Multi-Family Residential,use_definition,parsed,parsed,aligned,eligible,DataSF parsed range contains input house number and street matches,2026-10-04T02:11:41+00:00
A0030,12,19,complete,DataSF wv5m-vpq2 (2025 roll),https://data.sfgov.org/resource/wv5m-vpq2.json,2009,2051 DIVISADERO ST,San Francisco,CA,,1025002,2053 2051 DIVISADERO          ST0000,San Francisco,,1908,year_property_built,5.0,number_of_units,MRES,use_code,Multi-Family Residential,use_definition,parsed,parsed,aligned,eligible,DataSF parsed range contains input house number and street matches,2026-10-04T02:11:41+00:00
A0030,13,19,complete,DataSF wv5m-vpq2 (2025 roll),https://data.sfgov.org/resource/wv5m-vpq2.json,2015,2051 DIVISADERO ST,San Francisco,CA,,1025002,2053 2051 DIVISADERO          ST0000,San Francisco,,1908,year_property_built,5.0,number_of_units,MRES,use_code,Multi-Family Residential,use_definition,parsed,parsed,aligned,eligible,DataSF parsed range contains input house number and street matches,2026-10-04T02:11:41+00:00
A0030,14,19,complete,DataSF wv5m-vpq2 (2025 roll),https://data.sfgov.org/resource/wv5m-vpq2.json,2022,2051 DIVISADERO ST,San Francisco,CA,,1025002,2053 2051 DIVISADERO          ST0000,San Francisco,,1908,year_property_built,5.0,number_of_units,MRES,use_code,Multi-Family Residential,use_definition,parsed,parsed,aligned,eligible,DataSF parsed range contains input house number and street matches,2026-10-04T02:11:41+00:00
A0030,15,19,complete,DataSF wv5m-vpq2 (2025 roll),https://data.sfgov.org/resource/wv5m-vpq2.json,2018,2051 DIVISADERO ST,San Francisco,CA,,1025002,2053 2051 DIVISADERO          ST0000,San Francisco,,1908,year_property_built,5.0,number_of_units,MRES,use_code,Multi-Family Residential,use_definition,parsed,parsed,aligned,eligible,DataSF parsed range contains input house number and street matches,2026-10-04T02:11:41+00:00
A0030,16,19,complete,DataSF wv5m-vpq2 (2025 roll),https://data.sfgov.org/resource/wv5m-vpq2.json,2019,2051 DIVISADERO ST,San Francisco,CA,,1025002,2053 2051 DIVISADERO          ST0000,San Francisco,,1908,year_property_built,5.0,number_of_units,MRES,use_code,Multi-Family Residential,use_definition,parsed,parsed,aligned,eligible,DataSF parsed range contains input house number and street matches,2026-10-04T02:11:41+00:00
A0030,17,19,complete,DataSF wv5m-vpq2 (2025 roll),https://data.sfgov.org/resource/wv5m-vpq2.json,2020,2051 DIVISADERO ST,San Francisco,CA,,1025002,2053 2051 DIVISADERO          ST0000,San Francisco,,1908,year_property_built,5.0,number_of_units,MRES,use_code,Multi-Family Residential,use_definition,parsed,parsed,aligned,eligible,DataSF parsed range contains input house number and street matches,2026-10-04T02:11:41+00:00
A0030,18,19,complete,DataSF wv5m-vpq2 (2025 roll),https://data.sfgov.org/resource/wv5m-vpq2.json,2024,2051 DIVISADERO ST,San Francisco,CA,,1025002,2053 2051 DIVISADERO          ST0000,San Francisco,,1908,year_property_built,5.0,number_of_units,MRES,use_code,Multi-Family Residential,use_definition,parsed,parsed,aligned,eligible,DataSF parsed range contains input house number and street matches,2026-10-04T02:11:41+00:00
A0030,19,19,complete,DataSF wv5m-vpq2 (2025 roll),https://data.sfgov.org/resource/wv5m-vpq2.json,2017,2051 DIVISADERO ST,San Francisco,CA,,1025002,2053 2051 DIVISADERO          ST0000,San Francisco,,1908,year_property_built,5.0,number_of_units,MRES,use_code,Multi-Family Residential,use_definition,parsed,parsed,aligned,eligible,DataSF parsed range contains input house number and street matches,2026-10-04T02:11:41+00:00
A0033,1,19,complete,DataSF wv5m-vpq2 (2025 roll),https://data.sfgov.org/resource/wv5m-vpq2.json,2020,1260 KEARNY ST,San Francisco,CA,,0133028,0000 1260 KEARNY              ST0000,San Francisco,,1910,year_property_built,5.0,number_of_units,MRES,use_code,Multi-Family Residential,use_definition,parsed,parsed,aligned,eligible,DataSF parsed range contains input house number and street matches,2026-10-04T02:11:41+00:00
A0033,2,19,complete,DataSF wv5m-vpq2 (2025 roll),https://data.sfgov.org/resource/wv5m-vpq2.json,2010,1260 KEARNY ST,San Francisco,CA,,0133028,0000 1260 KEARNY              ST0000,San Francisco,,1910,year_property_built,5.0,number_of_units,MRES,use_code,Multi-Family Residential,use_definition,parsed,parsed,aligned,eligible,DataSF parsed range contains input house number and street matches,2026-10-04T02:11:41+00:00
A0033,3,19,complete,DataSF wv5m-vpq2 (2025 roll),https://data.sfgov.org/resource/wv5m-vpq2.json,2016,1260 KEARNY ST,San Francisco,CA,,0133028,0000 1260 KEARNY              ST0000,San Francisco,,1910,year_property_built,5.0,number_of_units,MRES,use_code,Multi-Family Residential,use_definition,parsed,parsed,aligned,eligible,DataSF parsed range contains input house number and street matches,2026-10-04T02:11:41+00:00
A0033,4,19,complete,DataSF wv5m-vpq2 (2025 roll),https://data.sfgov.org/resource/wv5m-vpq2.json,2022,1260 KEARNY ST,San Francisco,CA,,0133028,0000 1260 KEARNY              ST0000,San Francisco,,1910,year_property_built,5.0,number_of_units,MRES,use_code,Multi-Family Residential,use_definition,parsed,parsed,aligned,eligible,DataSF parsed range contains input house number and street matches,2026-10-04T02:11:41+00:00
A0033,5,19,complete,DataSF wv5m-vpq2 (2025 roll),https://data.sfgov.org/resource/wv5m-vpq2.json,2007,1260 KEARNY ST,San Francisco,CA,,0133028,0000 1260 KEARNY              ST0000,San Francisco,,1910,year_property_built,5.0,number_of_units,MRES,use_code,Multi-Family Residential,use_definition,parsed,parsed,aligned,eligible,DataSF parsed range contains input house number and street matches,2026-10-04T02:11:41+00:00
A0033,6,19,complete,DataSF wv5m-vpq2 (2025 roll),https://data.sfgov.org/resource/wv5m-vpq2.json,2019,1260 KEARNY ST,San Francisco,CA,,0133028,0000 1260 KEARNY              ST0000,San Francisco,,1910,year_property_built,5.0,number_of_units,MRES,use_code,Multi-Family Residential,use_definition,parsed,parsed,aligned,eligible,DataSF parsed range contains input house number and street matches,2026-10-04T02:11:41+00:00
A0033,7,19,complete,DataSF wv5m-vpq2 (2025 roll),https://data.sfgov.org/resource/wv5m-vpq2.json,2009,1260 KEARNY ST,San Francisco,CA,,0133028,0000 1260 KEARNY              ST0000,San Francisco,,1910,year_property_built,5.0,number_of_units,MRES,use_code,Multi-Family Residential,use_definition,parsed,parsed,aligned,eligible,DataSF parsed range contains input house number and street matches,2026-10-04T02:11:41+00:00
A0033,8,19,complete,DataSF wv5m-vpq2 (2025 roll),https://data.sfgov.org/resource/wv5m-vpq2.json,2014,1260 KEARNY ST,San Francisco,CA,,0133028,0000 1260 KEARNY              ST0000,San Francisco,,1910,year_property_built,5.0,number_of_units,MRES,use_code,Multi-Family Residential,use_definition,parsed,parsed,aligned,eligible,DataSF parsed range contains input house number and street matches,2026-10-04T02:11:41+00:00
A0033,9,19,complete,DataSF wv5m-vpq2 (2025 roll),https://data.sfgov.org/resource/wv5m-vpq2.json,2015,1260 KEARNY ST,San Francisco,CA,,0133028,0000 1260 KEARNY              ST0000,San Francisco,,1910,year_property_built,5.0,number_of_units,MRES,use_code,Multi-Family Residential,use_definition,parsed,parsed,aligned,eligible,DataSF parsed range contains input house number and street matches,2026-10-04T02:11:41+00:00
A0033,10,19,complete,DataSF wv5m-vpq2 (2025 roll),https://data.sfgov.org/resource/wv5m-vpq2.json,2025,1260 KEARNY ST,San Francisco,CA,,0133028,0000 1260 KEARNY              ST0000,San Francisco,,1910,year_property_built,5.0,number_of_units,MRES,use_code,Multi-Family Residential,use_definition,parsed,parsed,aligned,eligible,DataSF parsed range contains input house number and street matches,2026-10-04T02:11:41+00:00
A0033,11,19,complete,DataSF wv5m-vpq2 (2025 roll),https://data.sfgov.org/resource/wv5m-vpq2.json,2012,1260 KEARNY ST,San Francisco,CA,,0133028,0000 1260 KEARNY              ST0000,San Francisco,,1910,year_property_built,5.0,number_of_units,MRES,use_code,Multi-Family Residential,use_definition,parsed,parsed,aligned,eligible,DataSF parsed range contains input house number and street matches,2026-10-04T02:11:41+00:00
A0033,12,19,complete,DataSF wv5m-vpq2 (2025 roll),https://data.sfgov.org/resource/wv5m-vpq2.json,2023,1260 KEARNY ST,San Francisco,CA,,0133028,0000 1260 KEARNY              ST0000,San Francisco,,1910,year_property_built,5.0,number_of_units,MRES,use_code,Multi-Family Residential,use_definition,parsed,parsed,aligned,eligible,DataSF parsed range contains input house number and street matches,2026-10-04T02:11:41+00:00
A0033,13,19,complete,DataSF wv5m-vpq2 (2025 roll),https://data.sfgov.org/resource/wv5m-vpq2.json,2011,1260 KEARNY ST,San Francisco,CA,,0133028,0000 1260 KEARNY              ST0000,San Francisco,,1910,year_property_built,5.0,number_of_units,MRES,use_code,Multi-Family Residential,use_definition,parsed,parsed,aligned,eligible,DataSF parsed range contains input house number and street matches,2026-10-04T02:11:41+00:00
A0033,14,19,complete,DataSF wv5m-vpq2 (2025 roll),https://data.sfgov.org/resource/wv5m-vpq2.json,2008,1260 KEARNY ST,San Francisco,CA,,0133028,0000 1260 KEARNY              ST0000,San Francisco,,1910,year_property_built,5.0,number_of_units,MRES,use_code,Multi-Family Residential,use_definition,parsed,parsed,aligned,eligible,DataSF parsed range contains input house number and street matches,2026-10-04T02:11:41+00:00
A0033,15,19,complete,DataSF wv5m-vpq2 (2025 roll),https://data.sfgov.org/resource/wv5m-vpq2.json,2021,1260 KEARNY ST,San Francisco,CA,,0133028,0000 1260 KEARNY              ST0000,San Francisco,,1910,year_property_built,5.0,number_of_units,MRES,use_code,Multi-Family Residential,use_definition,parsed,parsed,aligned,eligible,DataSF parsed range contains input house number and street matches,2026-10-04T02:11:41+00:00
A0033,16,19,complete,DataSF wv5m-vpq2 (2025 roll),https://data.sfgov.org/resource/wv5m-vpq2.json,2018,1260 KEARNY ST,San Francisco,CA,,0133028,0000 1260 KEARNY              ST0000,San Francisco,,1910,year_property_built,5.0,number_of_units,MRES,use_code,Multi-Family Residential,use_definition,parsed,parsed,aligned,eligible,DataSF parsed range contains input house number and street matches,2026-10-04T02:11:41+00:00
A0033,17,19,complete,DataSF wv5m-vpq2 (2025 roll),https://data.sfgov.org/resource/wv5m-vpq2.json,2013,1260 KEARNY ST,San Francisco,CA,,0133028,0000 1260 KEARNY              ST0000,San Francisco,,1910,year_property_built,5.0,number_of_units,MRES,use_code,Multi-Family Residential,use_definition,parsed,parsed,aligned,eligible,DataSF parsed range contains input house number and street matches,2026-10-04T02:11:41+00:00
A0033,18,19,complete,DataSF wv5m-vpq2 (2025 roll),https://data.sfgov.org/resource/wv5m-vpq2.json,2017,1260 KEARNY ST,San Francisco,CA,,0133028,0000 1260 KEARNY              ST0000,San Francisco,,1910,year_property_built,5.0,number_of_units,MRES,use_code,Multi-Family Residential,use_definition,parsed,parsed,aligned,eligible,DataSF parsed range contains input house number and street matches,2026-10-04T02:11:41+00:00
A0033,19,19,complete,DataSF wv5m-vpq2 (2025 roll),https://data.sfgov.org/resource/wv5m-vpq2.json,2024,1260 KEARNY ST,San Francisco,CA,,0133028,0000 1260 KEARNY              ST0000,San Francisco,,1910,year_property_built,5.0,number_of_units,MRES,use_code,Multi-Family Residential,use_definition,parsed,parsed,aligned,eligible,DataSF parsed range contains input house number and street matches,2026-10-04T02:11:41+00:00
A0038,1,19,complete,DataSF wv5m-vpq2 (2025 roll),https://data.sfgov.org/resource/wv5m-vpq2.json,2022,154 YUKON ST,San Francisco,CA,,2716057,0160 0154 YUKON               ST0000,San Francisco,,1908,year_property_built,5.0,number_of_units,MRES,use_code,Multi-Family Residential,use_definition,parsed,parsed,aligned,eligible,DataSF parsed range contains input house number and street matches,2026-10-04T02:11:41+00:00
A0038,2,19,complete,DataSF wv5m-vpq2 (2025 roll),https://data.sfgov.org/resource/wv5m-vpq2.json,2013,154 YUKON ST,San Francisco,CA,,2716057,0160 0154 YUKON               ST0000,San Francisco,,1908,year_property_built,5.0,number_of_units,MRES,use_code,Multi-Family Residential,use_definition,parsed,parsed,aligned,eligible,DataSF parsed range contains input house number and street matches,2026-10-04T02:11:41+00:00
A0038,3,19,complete,DataSF wv5m-vpq2 (2025 roll),https://data.sfgov.org/resource/wv5m-vpq2.json,2019,154 YUKON ST,San Francisco,CA,,2716057,0160 0154 YUKON               ST0000,San Francisco,,1908,year_property_built,5.0,number_of_units,MRES,use_code,Multi-Family Residential,use_definition,parsed,parsed,aligned,eligible,DataSF parsed range contains input house number and street matches,2026-10-04T02:11:41+00:00
A0038,4,19,complete,DataSF wv5m-vpq2 (2025 roll),https://data.sfgov.org/resource/wv5m-vpq2.json,2009,154 YUKON ST,San Francisco,CA,,2716057,0160 0154 YUKON               ST0000,San Francisco,,1908,year_property_built,5.0,number_of_units,MRES,use_code,Multi-Family Residential,use_definition,parsed,parsed,aligned,eligible,DataSF parsed range contains input house number and street matches,2026-10-04T02:11:41+00:00
A0038,5,19,complete,DataSF wv5m-vpq2 (2025 roll),https://data.sfgov.org/resource/wv5m-vpq2.json,2017,154 YUKON ST,San Francisco,CA,,2716057,0160 0154 YUKON               ST0000,San Francisco,,1908,year_property_built,5.0,number_of_units,MRES,use_code,Multi-Family Residential,use_definition,parsed,parsed,aligned,eligible,DataSF parsed range contains input house number and street matches,2026-10-04T02:11:41+00:00
A0038,6,19,complete,DataSF wv5m-vpq2 (2025 roll),https://data.sfgov.org/resource/wv5m-vpq2.json,2011,154 YUKON ST,San Francisco,CA,,2716057,0160 0154 YUKON               ST0000,San Francisco,,1908,year_property_built,5.0,number_of_units,MRES,use_code,Multi-Family Residential,use_definition,parsed,parsed,aligned,eligible,DataSF parsed range contains input house number and street matches,2026-10-04T02:11:41+00:00
A0038,7,19,complete,DataSF wv5m-vpq2 (2025 roll),https://data.sfgov.org/resource/wv5m-vpq2.json,2010,154 YUKON ST,San Francisco,CA,,2716057,0160 0154 YUKON               ST0000,San Francisco,,1908,year_property_built,5.0,number_of_units,MRES,use_code,Multi-Family Residential,use_definition,parsed,parsed,aligned,eligible,DataSF parsed range contains input house number and street matches,2026-10-04T02:11:41+00:00
A0038,8,19,complete,DataSF wv5m-vpq2 (2025 roll),https://data.sfgov.org/resource/wv5m-vpq2.json,2008,154 YUKON ST,San Francisco,CA,,2716057,0160 0154 YUKON               ST0000,San Francisco,,1908,year_property_built,5.0,number_of_units,MRES,use_code,Multi-Family Residential,use_definition,parsed,parsed,aligned,eligible,DataSF parsed range contains input house number and street matches,2026-10-04T02:11:41+00:00
A0038,9,19,complete,DataSF wv5m-vpq2 (2025 roll),https://data.sfgov.org/resource/wv5m-vpq2.json,2020,154 YUKON ST,San Francisco,CA,,2716057,0160 0154 YUKON               ST0000,San Francisco,,1908,year_property_built,5.0,number_of_units,MRES,use_code,Multi-Family Residential,use_definition,parsed,parsed,aligned,eligible,DataSF parsed range contains input house number and street matches,2026-10-04T02:11:41+00:00
A0038,10,19,complete,DataSF wv5m-vpq2 (2025 roll),https://data.sfgov.org/resource/wv5m-vpq2.json,2016,154 YUKON ST,San Francisco,CA,,2716057,0160 0154 YUKON               ST0000,San Francisco,,1908,year_property_built,5.0,number_of_units,MRES,use_code,Multi-Family Residential,use_definition,parsed,parsed,aligned,eligible,DataSF parsed range contains input house number and street matches,2026-10-04T02:11:41+00:00
A0038,11,19,complete,DataSF wv5m-vpq2 (2025 roll),https://data.sfgov.org/resource/wv5m-vpq2.json,2018,154 YUKON ST,San Francisco,CA,,2716057,0160 0154 YUKON               ST0000,San Francisco,,1908,year_property_built,5.0,number_of_units,MRES,use_code,Multi-Family Residential,use_definition,parsed,parsed,aligned,eligible,DataSF parsed range contains input house number and street matches,2026-10-04T02:11:41+00:00
A0038,12,19,complete,DataSF wv5m-vpq2 (2025 roll),https://data.sfgov.org/resource/wv5m-vpq2.json,2024,154 YUKON ST,San Francisco,CA,,2716057,0160 0154 YUKON               ST0000,San Francisco,,1908,year_property_built,5.0,number_of_units,MRES,use_code,Multi-Family Residential,use_definition,parsed,parsed,aligned,eligible,DataSF parsed range contains input house number and street matches,2026-10-04T02:11:41+00:00
A0038,13,19,complete,DataSF wv5m-vpq2 (2025 roll),https://data.sfgov.org/resource/wv5m-vpq2.json,2012,154 YUKON ST,San Francisco,CA,,2716057,0160 0154 YUKON               ST0000,San Francisco,,1908,year_property_built,5.0,number_of_units,MRES,use_code,Multi-Family Residential,use_definition,parsed,parsed,aligned,eligible,DataSF parsed range contains input house number and street matches,2026-10-04T02:11:41+00:00
A0038,14,19,complete,DataSF wv5m-vpq2 (2025 roll),https://data.sfgov.org/resource/wv5m-vpq2.json,2014,154 YUKON ST,San Francisco,CA,,2716057,0160 0154 YUKON               ST0000,San Francisco,,1908,year_property_built,5.0,number_of_units,MRES,use_code,Multi-Family Residential,use_definition,parsed,parsed,aligned,eligible,DataSF parsed range contains input house number and street matches,2026-10-04T02:11:41+00:00
A0038,15,19,complete,DataSF wv5m-vpq2 (2025 roll),https://data.sfgov.org/resource/wv5m-vpq2.json,2025,154 YUKON ST,San Francisco,CA,,2716057,0160 0154 YUKON               ST0000,San Francisco,,1908,year_property_built,5.0,number_of_units,MRES,use_code,Multi-Family Residential,use_definition,parsed,parsed,aligned,eligible,DataSF parsed range contains input house number and street matches,2026-10-04T02:11:41+00:00
A0038,16,19,complete,DataSF wv5m-vpq2 (2025 roll),https://data.sfgov.org/resource/wv5m-vpq2.json,2021,154 YUKON ST,San Francisco,CA,,2716057,0160 0154 YUKON               ST0000,San Francisco,,1908,year_property_built,5.0,number_of_units,MRES,use_code,Multi-Family Residential,use_definition,parsed,parsed,aligned,eligible,DataSF parsed range contains input house number and street matches,2026-10-04T02:11:41+00:00
A0038,17,19,complete,DataSF wv5m-vpq2 (2025 roll),https://data.sfgov.org/resource/wv5m-vpq2.json,2015,154 YUKON ST,San Francisco,CA,,2716057,0160 0154 YUKON               ST0000,San Francisco,,1908,year_property_built,5.0,number_of_units,MRES,use_code,Multi-Family Residential,use_definition,parsed,parsed,aligned,eligible,DataSF parsed range contains input house number and street matches,2026-10-04T02:11:41+00:00
A0038,18,19,complete,DataSF wv5m-vpq2 (2025 roll),https://data.sfgov.org/resource/wv5m-vpq2.json,2023,154 YUKON ST,San Francisco,CA,,2716057,0160 0154 YUKON               ST0000,San Francisco,,1908,year_property_built,5.0,number_of_units,MRES,use_code,Multi-Family Residential,use_definition,parsed,parsed,aligned,eligible,DataSF parsed range contains input house number and street matches,2026-10-04T02:11:41+00:00
A0038,19,19,complete,DataSF wv5m-vpq2 (2025 roll),https://data.sfgov.org/resource/wv5m-vpq2.json,2007,154 YUKON ST,San Francisco,CA,,2716057,0160 0154 YUKON               ST0000,San Francisco,,1908,year_property_built,5.0,number_of_units,MRES,use_code,Multi-Family Residential,use_definition,parsed,parsed,aligned,eligible,DataSF parsed range contains input house number and street matches,2026-10-04T02:11:41+00:00
A0041,1,19,complete,DataSF wv5m-vpq2 (2025 roll),https://data.sfgov.org/resource/wv5m-vpq2.json,2009,122 TIFFANY AV,San Francisco,CA,,6597007S,0144 0122 TIFFANY             AV0000,San Francisco,,1900,year_property_built,12.0,number_of_units,MRES,use_code,Multi-Family Residential,use_definition,parsed,parsed,aligned,eligible,DataSF parsed range contains input house number and street matches,2026-10-04T02:11:41+00:00
A0041,2,19,complete,DataSF wv5m-vpq2 (2025 roll),https://data.sfgov.org/resource/wv5m-vpq2.json,2014,122 TIFFANY AV,San Francisco,CA,,6597007S,0144 0122 TIFFANY             AV0000,San Francisco,,1900,year_property_built,12.0,number_of_units,MRES,use_code,Multi-Family Residential,use_definition,parsed,parsed,aligned,eligible,DataSF parsed range contains input house number and street matches,2026-10-04T02:11:41+00:00
A0041,3,19,complete,DataSF wv5m-vpq2 (2025 roll),https://data.sfgov.org/resource/wv5m-vpq2.json,2022,122 TIFFANY AV,San Francisco,CA,,6597007S,0144 0122 TIFFANY             AV0000,San Francisco,,1900,year_property_built,12.0,number_of_units,MRES,use_code,Multi-Family Residential,use_definition,parsed,parsed,aligned,eligible,DataSF parsed range contains input house number and street matches,2026-10-04T02:11:41+00:00
A0041,4,19,complete,DataSF wv5m-vpq2 (2025 roll),https://data.sfgov.org/resource/wv5m-vpq2.json,2024,122 TIFFANY AV,San Francisco,CA,,6597007S,0144 0122 TIFFANY             AV0000,San Francisco,,1900,year_property_built,15.0,number_of_units,MRES,use_code,Multi-Family Residential,use_definition,parsed,parsed,aligned,eligible,DataSF parsed range contains input house number and street matches,2026-10-04T02:11:41+00:00
A0041,5,19,complete,DataSF wv5m-vpq2 (2025 roll),https://data.sfgov.org/resource/wv5m-vpq2.json,2007,122 TIFFANY AV,San Francisco,CA,,6597007S,0144 0122 TIFFANY             AV0000,San Francisco,,1900,year_property_built,12.0,number_of_units,MRES,use_code,Multi-Family Residential,use_definition,parsed,parsed,aligned,eligible,DataSF parsed range contains input house number and street matches,2026-10-04T02:11:41+00:00
A0041,6,19,complete,DataSF wv5m-vpq2 (2025 roll),https://data.sfgov.org/resource/wv5m-vpq2.json,2023,122 TIFFANY AV,San Francisco,CA,,6597007S,0144 0122 TIFFANY             AV0000,San Francisco,,1900,year_property_built,12.0,number_of_units,MRES,use_code,Multi-Family Residential,use_definition,parsed,parsed,aligned,eligible,DataSF parsed range contains input house number and street matches,2026-10-04T02:11:41+00:00
A0041,7,19,complete,DataSF wv5m-vpq2 (2025 roll),https://data.sfgov.org/resource/wv5m-vpq2.json,2008,122 TIFFANY AV,San Francisco,CA,,6597007S,0144 0122 TIFFANY             AV0000,San Francisco,,1900,year_property_built,12.0,number_of_units,MRES,use_code,Multi-Family Residential,use_definition,parsed,parsed,aligned,eligible,DataSF parsed range contains input house number and street matches,2026-10-04T02:11:41+00:00
A0041,8,19,complete,DataSF wv5m-vpq2 (2025 roll),https://data.sfgov.org/resource/wv5m-vpq2.json,2012,122 TIFFANY AV,San Francisco,CA,,6597007S,0144 0122 TIFFANY             AV0000,San Francisco,,1900,year_property_built,12.0,number_of_units,MRES,use_code,Multi-Family Residential,use_definition,parsed,parsed,aligned,eligible,DataSF parsed range contains input house number and street matches,2026-10-04T02:11:41+00:00
A0041,9,19,complete,DataSF wv5m-vpq2 (2025 roll),https://data.sfgov.org/resource/wv5m-vpq2.json,2016,122 TIFFANY AV,San Francisco,CA,,6597007S,0144 0122 TIFFANY             AV0000,San Francisco,,1900,year_property_built,12.0,number_of_units,MRES,use_code,Multi-Family Residential,use_definition,parsed,parsed,aligned,eligible,DataSF parsed range contains input house number and street matches,2026-10-04T02:11:41+00:00
A0041,10,19,complete,DataSF wv5m-vpq2 (2025 roll),https://data.sfgov.org/resource/wv5m-vpq2.json,2021,122 TIFFANY AV,San Francisco,CA,,6597007S,0144 0122 TIFFANY             AV0000,San Francisco,,1900,year_property_built,12.0,number_of_units,MRES,use_code,Multi-Family Residential,use_definition,parsed,parsed,aligned,eligible,DataSF parsed range contains input house number and street matches,2026-10-04T02:11:41+00:00
A0041,11,19,complete,DataSF wv5m-vpq2 (2025 roll),https://data.sfgov.org/resource/wv5m-vpq2.json,2020,122 TIFFANY AV,San Francisco,CA,,6597007S,0144 0122 TIFFANY             AV0000,San Francisco,,1900,year_property_built,12.0,number_of_units,MRES,use_code,Multi-Family Residential,use_definition,parsed,parsed,aligned,eligible,DataSF parsed range contains input house number and street matches,2026-10-04T02:11:41+00:00
A0041,12,19,complete,DataSF wv5m-vpq2 (2025 roll),https://data.sfgov.org/resource/wv5m-vpq2.json,2010,122 TIFFANY AV,San Francisco,CA,,6597007S,0144 0122 TIFFANY             AV0000,San Francisco,,1900,year_property_built,12.0,number_of_units,MRES,use_code,Multi-Family Residential,use_definition,parsed,parsed,aligned,eligible,DataSF parsed range contains input house number and street matches,2026-10-04T02:11:41+00:00
A0041,13,19,complete,DataSF wv5m-vpq2 (2025 roll),https://data.sfgov.org/resource/wv5m-vpq2.json,2025,122 TIFFANY AV,San Francisco,CA,,6597007S,0144 0122 TIFFANY             AV0000,San Francisco,,1900,year_property_built,15.0,number_of_units,MRES,use_code,Multi-Family Residential,use_definition,parsed,parsed,aligned,eligible,DataSF parsed range contains input house number and street matches,2026-10-04T02:11:41+00:00
A0041,14,19,complete,DataSF wv5m-vpq2 (2025 roll),https://data.sfgov.org/resource/wv5m-vpq2.json,2018,122 TIFFANY AV,San Francisco,CA,,6597007S,0144 0122 TIFFANY             AV0000,San Francisco,,1900,year_property_built,12.0,number_of_units,MRES,use_code,Multi-Family Residential,use_definition,parsed,parsed,aligned,eligible,DataSF parsed range contains input house number and street matches,2026-10-04T02:11:41+00:00
A0041,15,19,complete,DataSF wv5m-vpq2 (2025 roll),https://data.sfgov.org/resource/wv5m-vpq2.json,2019,122 TIFFANY AV,San Francisco,CA,,6597007S,0144 0122 TIFFANY             AV0000,San Francisco,,1900,year_property_built,12.0,number_of_units,MRES,use_code,Multi-Family Residential,use_definition,parsed,parsed,aligned,eligible,DataSF parsed range contains input house number and street matches,2026-10-04T02:11:41+00:00
A0041,16,19,complete,DataSF wv5m-vpq2 (2025 roll),https://data.sfgov.org/resource/wv5m-vpq2.json,2011,122 TIFFANY AV,San Francisco,CA,,6597007S,0144 0122 TIFFANY             AV0000,San Francisco,,1900,year_property_built,12.0,number_of_units,MRES,use_code,Multi-Family Residential,use_definition,parsed,parsed,aligned,eligible,DataSF parsed range contains input house number and street matches,2026-10-04T02:11:41+00:00
A0041,17,19,complete,DataSF wv5m-vpq2 (2025 roll),https://data.sfgov.org/resource/wv5m-vpq2.json,2017,122 TIFFANY AV,San Francisco,CA,,6597007S,0144 0122 TIFFANY             AV0000,San Francisco,,1900,year_property_built,12.0,number_of_units,MRES,use_code,Multi-Family Residential,use_definition,parsed,parsed,aligned,eligible,DataSF parsed range contains input house number and street matches,2026-10-04T02:11:41+00:00
A0041,18,19,complete,DataSF wv5m-vpq2 (2025 roll),https://data.sfgov.org/resource/wv5m-vpq2.json,2015,122 TIFFANY AV,San Francisco,CA,,6597007S,0144 0122 TIFFANY             AV0000,San Francisco,,1900,year_property_built,12.0,number_of_units,MRES,use_code,Multi-Family Residential,use_definition,parsed,parsed,aligned,eligible,DataSF parsed range contains input house number and street matches,2026-10-04T02:11:41+00:00
A0041,19,19,complete,DataSF wv5m-vpq2 (2025 roll),https://data.sfgov.org/resource/wv5m-vpq2.json,2013,122 TIFFANY AV,San Francisco,CA,,6597007S,0144 0122 TIFFANY             AV0000,San Francisco,,1900,year_property_built,12.0,number_of_units,MRES,use_code,Multi-Family Residential,use_definition,parsed,parsed,aligned,eligible,DataSF parsed range contains input house number and street matches,2026-10-04T02:11:41+00:00
A0050,1,19,none,DataSF wv5m-vpq2 (2025 roll),https://data.sfgov.org/resource/wv5m-vpq2.json,2020,36 HOFF ST,San Francisco,CA,,3569088,0000 0036 HOFF                ST0000,San Francisco,,1986,year_property_built,49.0,number_of_units,MRES,use_code,Multi-Family Residential,use_definition,parsed,parsed,aligned,excluded_from_automatic_resolution,no parsed DataSF candidate aligned,2026-10-04T01:51:49+00:00
A0055,1,19,complete,DataSF wv5m-vpq2 (2025 roll),https://data.sfgov.org/resource/wv5m-vpq2.json,2024,305 10TH AV,San Francisco,CA,,1442002,0000 0305 10TH                AV0000,San Francisco,,1963,year_property_built,6.0,number_of_units,MRES,use_code,Multi-Family Residential,use_definition,parsed,parsed,aligned,eligible,DataSF parsed range contains input house number and street matches,2026-10-04T02:11:41+00:00
A0055,2,19,complete,DataSF wv5m-vpq2 (2025 roll),https://data.sfgov.org/resource/wv5m-vpq2.json,2016,305 10TH AV,San Francisco,CA,,1442002,0000 0305 10TH                AV0000,San Francisco,,1963,year_property_built,6.0,number_of_units,MRES,use_code,Multi-Family Residential,use_definition,parsed,parsed,aligned,eligible,DataSF parsed range contains input house number and street matches,2026-10-04T02:11:41+00:00
A0055,3,19,complete,DataSF wv5m-vpq2 (2025 roll),https://data.sfgov.org/resource/wv5m-vpq2.json,2009,305 10TH AV,San Francisco,CA,,1442002,0000 0305 10TH                AV0000,San Francisco,,1963,year_property_built,6.0,number_of_units,MRES,use_code,Multi-Family Residential,use_definition,parsed,parsed,aligned,eligible,DataSF parsed range contains input house number and street matches,2026-10-04T02:11:41+00:00
A0055,4,19,complete,DataSF wv5m-vpq2 (2025 roll),https://data.sfgov.org/resource/wv5m-vpq2.json,2018,305 10TH AV,San Francisco,CA,,1442002,0000 0305 10TH                AV0000,San Francisco,,1963,year_property_built,6.0,number_of_units,MRES,use_code,Multi-Family Residential,use_definition,parsed,parsed,aligned,eligible,DataSF parsed range contains input house number and street matches,2026-10-04T02:11:41+00:00
A0055,5,19,complete,DataSF wv5m-vpq2 (2025 roll),https://data.sfgov.org/resource/wv5m-vpq2.json,2011,305 10TH AV,San Francisco,CA,,1442002,0000 0305 10TH                AV0000,San Francisco,,1963,year_property_built,6.0,number_of_units,MRES,use_code,Multi-Family Residential,use_definition,parsed,parsed,aligned,eligible,DataSF parsed range contains input house number and street matches,2026-10-04T02:11:41+00:00
A0055,6,19,complete,DataSF wv5m-vpq2 (2025 roll),https://data.sfgov.org/resource/wv5m-vpq2.json,2017,305 10TH AV,San Francisco,CA,,1442002,0000 0305 10TH                AV0000,San Francisco,,1963,year_property_built,6.0,number_of_units,MRES,use_code,Multi-Family Residential,use_definition,parsed,parsed,aligned,eligible,DataSF parsed range contains input house number and street matches,2026-10-04T02:11:41+00:00
A0055,7,19,complete,DataSF wv5m-vpq2 (2025 roll),https://data.sfgov.org/resource/wv5m-vpq2.json,2008,305 10TH AV,San Francisco,CA,,1442002,0000 0305 10TH                AV0000,San Francisco,,1963,year_property_built,6.0,number_of_units,MRES,use_code,Multi-Family Residential,use_definition,parsed,parsed,aligned,eligible,DataSF parsed range contains input house number and street matches,2026-10-04T02:11:41+00:00
A0055,8,19,complete,DataSF wv5m-vpq2 (2025 roll),https://data.sfgov.org/resource/wv5m-vpq2.json,2019,305 10TH AV,San Francisco,CA,,1442002,0000 0305 10TH                AV0000,San Francisco,,1963,year_property_built,6.0,number_of_units,MRES,use_code,Multi-Family Residential,use_definition,parsed,parsed,aligned,eligible,DataSF parsed range contains input house number and street matches,2026-10-04T02:11:41+00:00
A0055,9,19,complete,DataSF wv5m-vpq2 (2025 roll),https://data.sfgov.org/resource/wv5m-vpq2.json,2012,305 10TH AV,San Francisco,CA,,1442002,0000 0305 10TH                AV0000,San Francisco,,1963,year_property_built,6.0,number_of_units,MRES,use_code,Multi-Family Residential,use_definition,parsed,parsed,aligned,eligible,DataSF parsed range contains input house number and street matches,2026-10-04T02:11:41+00:00
A0055,10,19,complete,DataSF wv5m-vpq2 (2025 roll),https://data.sfgov.org/resource/wv5m-vpq2.json,2015,305 10TH AV,San Francisco,CA,,1442002,0000 0305 10TH                AV0000,San Francisco,,1963,year_property_built,6.0,number_of_units,MRES,use_code,Multi-Family Residential,use_definition,parsed,parsed,aligned,eligible,DataSF parsed range contains input house number and street matches,2026-10-04T02:11:41+00:00
A0055,11,19,complete,DataSF wv5m-vpq2 (2025 roll),https://data.sfgov.org/resource/wv5m-vpq2.json,2023,305 10TH AV,San Francisco,CA,,1442002,0000 0305 10TH                AV0000,San Francisco,,1963,year_property_built,6.0,number_of_units,MRES,use_code,Multi-Family Residential,use_definition,parsed,parsed,aligned,eligible,DataSF parsed range contains input house number and street matches,2026-10-04T02:11:41+00:00
A0055,12,19,complete,DataSF wv5m-vpq2 (2025 roll),https://data.sfgov.org/resource/wv5m-vpq2.json,2025,305 10TH AV,San Francisco,CA,,1442002,0000 0305 10TH                AV0000,San Francisco,,1963,year_property_built,6.0,number_of_units,MRES,use_code,Multi-Family Residential,use_definition,parsed,parsed,aligned,eligible,DataSF parsed range contains input house number and street matches,2026-10-04T02:11:41+00:00
A0055,13,19,complete,DataSF wv5m-vpq2 (2025 roll),https://data.sfgov.org/resource/wv5m-vpq2.json,2007,305 10TH AV,San Francisco,CA,,1442002,0000 0305 10TH                AV0000,San Francisco,,1963,year_property_built,6.0,number_of_units,MRES,use_code,Multi-Family Residential,use_definition,parsed,parsed,aligned,eligible,DataSF parsed range contains input house number and street matches,2026-10-04T02:11:41+00:00
A0055,14,19,complete,DataSF wv5m-vpq2 (2025 roll),https://data.sfgov.org/resource/wv5m-vpq2.json,2010,305 10TH AV,San Francisco,CA,,1442002,0000 0305 10TH                AV0000,San Francisco,,1963,year_property_built,6.0,number_of_units,MRES,use_code,Multi-Family Residential,use_definition,parsed,parsed,aligned,eligible,DataSF parsed range contains input house number and street matches,2026-10-04T02:11:41+00:00
A0055,15,19,complete,DataSF wv5m-vpq2 (2025 roll),https://data.sfgov.org/resource/wv5m-vpq2.json,2022,305 10TH AV,San Francisco,CA,,1442002,0000 0305 10TH                AV0000,San Francisco,,1963,year_property_built,6.0,number_of_units,MRES,use_code,Multi-Family Residential,use_definition,parsed,parsed,aligned,eligible,DataSF parsed range contains input house number and street matches,2026-10-04T02:11:41+00:00
A0055,16,19,complete,DataSF wv5m-vpq2 (2025 roll),https://data.sfgov.org/resource/wv5m-vpq2.json,2013,305 10TH AV,San Francisco,CA,,1442002,0000 0305 10TH                AV0000,San Francisco,,1963,year_property_built,6.0,number_of_units,MRES,use_code,Multi-Family Residential,use_definition,parsed,parsed,aligned,eligible,DataSF parsed range contains input house number and street matches,2026-10-04T02:11:41+00:00
A0055,17,19,complete,DataSF wv5m-vpq2 (2025 roll),https://data.sfgov.org/resource/wv5m-vpq2.json,2014,305 10TH AV,San Francisco,CA,,1442002,0000 0305 10TH                AV0000,San Francisco,,1963,year_property_built,6.0,number_of_units,MRES,use_code,Multi-Family Residential,use_definition,parsed,parsed,aligned,eligible,DataSF parsed range contains input house number and street matches,2026-10-04T02:11:41+00:00
A0055,18,19,complete,DataSF wv5m-vpq2 (2025 roll),https://data.sfgov.org/resource/wv5m-vpq2.json,2021,305 10TH AV,San Francisco,CA,,1442002,0000 0305 10TH                AV0000,San Francisco,,1963,year_property_built,6.0,number_of_units,MRES,use_code,Multi-Family Residential,use_definition,parsed,parsed,aligned,eligible,DataSF parsed range contains input house number and street matches,2026-10-04T02:11:41+00:00
A0055,19,19,complete,DataSF wv5m-vpq2 (2025 roll),https://data.sfgov.org/resource/wv5m-vpq2.json,2020,305 10TH AV,San Francisco,CA,,1442002,0000 0305 10TH                AV0000,San Francisco,,1963,year_property_built,6.0,number_of_units,MRES,use_code,Multi-Family Residential,use_definition,parsed,parsed,aligned,eligible,DataSF parsed range contains input house number and street matches,2026-10-04T02:11:41+00:00
A0061,1,19,complete,DataSF wv5m-vpq2 (2025 roll),https://data.sfgov.org/resource/wv5m-vpq2.json,2011,106 18TH AV,San Francisco,CA,,1377043,0000 0106 18TH                AV0000,San Francisco,,1915,year_property_built,5.0,number_of_units,MRES,use_code,Multi-Family Residential,use_definition,parsed,parsed,aligned,eligible,DataSF parsed range contains input house number and street matches,2026-10-04T02:11:41+00:00
A0061,2,19,complete,DataSF wv5m-vpq2 (2025 roll),https://data.sfgov.org/resource/wv5m-vpq2.json,2021,106 18TH AV,San Francisco,CA,,1377043,0000 0106 18TH                AV0000,San Francisco,,1915,year_property_built,5.0,number_of_units,MRES,use_code,Multi-Family Residential,use_definition,parsed,parsed,aligned,eligible,DataSF parsed range contains input house number and street matches,2026-10-04T02:11:41+00:00
A0061,3,19,complete,DataSF wv5m-vpq2 (2025 roll),https://data.sfgov.org/resource/wv5m-vpq2.json,2024,106 18TH AV,San Francisco,CA,,1377043,0000 0106 18TH                AV0000,San Francisco,,1915,year_property_built,5.0,number_of_units,MRES,use_code,Multi-Family Residential,use_definition,parsed,parsed,aligned,eligible,DataSF parsed range contains input house number and street matches,2026-10-04T02:11:41+00:00
A0061,4,19,complete,DataSF wv5m-vpq2 (2025 roll),https://data.sfgov.org/resource/wv5m-vpq2.json,2017,106 18TH AV,San Francisco,CA,,1377043,0000 0106 18TH                AV0000,San Francisco,,1915,year_property_built,5.0,number_of_units,MRES,use_code,Multi-Family Residential,use_definition,parsed,parsed,aligned,eligible,DataSF parsed range contains input house number and street matches,2026-10-04T02:11:41+00:00
A0061,5,19,complete,DataSF wv5m-vpq2 (2025 roll),https://data.sfgov.org/resource/wv5m-vpq2.json,2014,106 18TH AV,San Francisco,CA,,1377043,0000 0106 18TH                AV0000,San Francisco,,1915,year_property_built,5.0,number_of_units,MRES,use_code,Multi-Family Residential,use_definition,parsed,parsed,aligned,eligible,DataSF parsed range contains input house number and street matches,2026-10-04T02:11:41+00:00
A0061,6,19,complete,DataSF wv5m-vpq2 (2025 roll),https://data.sfgov.org/resource/wv5m-vpq2.json,2022,106 18TH AV,San Francisco,CA,,1377043,0000 0106 18TH                AV0000,San Francisco,,1915,year_property_built,5.0,number_of_units,MRES,use_code,Multi-Family Residential,use_definition,parsed,parsed,aligned,eligible,DataSF parsed range contains input house number and street matches,2026-10-04T02:11:41+00:00
A0061,7,19,complete,DataSF wv5m-vpq2 (2025 roll),https://data.sfgov.org/resource/wv5m-vpq2.json,2016,106 18TH AV,San Francisco,CA,,1377043,0000 0106 18TH                AV0000,San Francisco,,1915,year_property_built,5.0,number_of_units,MRES,use_code,Multi-Family Residential,use_definition,parsed,parsed,aligned,eligible,DataSF parsed range contains input house number and street matches,2026-10-04T02:11:41+00:00
A0061,8,19,complete,DataSF wv5m-vpq2 (2025 roll),https://data.sfgov.org/resource/wv5m-vpq2.json,2025,106 18TH AV,San Francisco,CA,,1377043,0000 0106 18TH                AV0000,San Francisco,,1915,year_property_built,5.0,number_of_units,MRES,use_code,Multi-Family Residential,use_definition,parsed,parsed,aligned,eligible,DataSF parsed range contains input house number and street matches,2026-10-04T02:11:41+00:00
A0061,9,19,complete,DataSF wv5m-vpq2 (2025 roll),https://data.sfgov.org/resource/wv5m-vpq2.json,2007,106 18TH AV,San Francisco,CA,,1377043,0000 0106 18TH                AV0000,San Francisco,,1915,year_property_built,5.0,number_of_units,MRES,use_code,Multi-Family Residential,use_definition,parsed,parsed,aligned,eligible,DataSF parsed range contains input house number and street matches,2026-10-04T02:11:41+00:00
A0061,10,19,complete,DataSF wv5m-vpq2 (2025 roll),https://data.sfgov.org/resource/wv5m-vpq2.json,2020,106 18TH AV,San Francisco,CA,,1377043,0000 0106 18TH                AV0000,San Francisco,,1915,year_property_built,5.0,number_of_units,MRES,use_code,Multi-Family Residential,use_definition,parsed,parsed,aligned,eligible,DataSF parsed range contains input house number and street matches,2026-10-04T02:11:41+00:00
A0061,11,19,complete,DataSF wv5m-vpq2 (2025 roll),https://data.sfgov.org/resource/wv5m-vpq2.json,2012,106 18TH AV,San Francisco,CA,,1377043,0000 0106 18TH                AV0000,San Francisco,,1915,year_property_built,5.0,number_of_units,MRES,use_code,Multi-Family Residential,use_definition,parsed,parsed,aligned,eligible,DataSF parsed range contains input house number and street matches,2026-10-04T02:11:41+00:00
A0061,12,19,complete,DataSF wv5m-vpq2 (2025 roll),https://data.sfgov.org/resource/wv5m-vpq2.json,2023,106 18TH AV,San Francisco,CA,,1377043,0000 0106 18TH                AV0000,San Francisco,,1915,year_property_built,5.0,number_of_units,MRES,use_code,Multi-Family Residential,use_definition,parsed,parsed,aligned,eligible,DataSF parsed range contains input house number and street matches,2026-10-04T02:11:41+00:00
A0061,13,19,complete,DataSF wv5m-vpq2 (2025 roll),https://data.sfgov.org/resource/wv5m-vpq2.json,2018,106 18TH AV,San Francisco,CA,,1377043,0000 0106 18TH                AV0000,San Francisco,,1915,year_property_built,5.0,number_of_units,MRES,use_code,Multi-Family Residential,use_definition,parsed,parsed,aligned,eligible,DataSF parsed range contains input house number and street matches,2026-10-04T02:11:41+00:00
A0061,14,19,complete,DataSF wv5m-vpq2 (2025 roll),https://data.sfgov.org/resource/wv5m-vpq2.json,2010,106 18TH AV,San Francisco,CA,,1377043,0000 0106 18TH                AV0000,San Francisco,,1915,year_property_built,5.0,number_of_units,MRES,use_code,Multi-Family Residential,use_definition,parsed,parsed,aligned,eligible,DataSF parsed range contains input house number and street matches,2026-10-04T02:11:41+00:00
A0061,15,19,complete,DataSF wv5m-vpq2 (2025 roll),https://data.sfgov.org/resource/wv5m-vpq2.json,2013,106 18TH AV,San Francisco,CA,,1377043,0000 0106 18TH                AV0000,San Francisco,,1915,year_property_built,5.0,number_of_units,MRES,use_code,Multi-Family Residential,use_definition,parsed,parsed,aligned,eligible,DataSF parsed range contains input house number and street matches,2026-10-04T02:11:41+00:00
A0061,16,19,complete,DataSF wv5m-vpq2 (2025 roll),https://data.sfgov.org/resource/wv5m-vpq2.json,2009,106 18TH AV,San Francisco,CA,,1377043,0000 0106 18TH                AV0000,San Francisco,,1915,year_property_built,5.0,number_of_units,MRES,use_code,Multi-Family Residential,use_definition,parsed,parsed,aligned,eligible,DataSF parsed range contains input house number and street matches,2026-10-04T02:11:41+00:00
A0061,17,19,complete,DataSF wv5m-vpq2 (2025 roll),https://data.sfgov.org/resource/wv5m-vpq2.json,2019,106 18TH AV,San Francisco,CA,,1377043,0000 0106 18TH                AV0000,San Francisco,,1915,year_property_built,5.0,number_of_units,MRES,use_code,Multi-Family Residential,use_definition,parsed,parsed,aligned,eligible,DataSF parsed range contains input house number and street matches,2026-10-04T02:11:41+00:00
A0061,18,19,complete,DataSF wv5m-vpq2 (2025 roll),https://data.sfgov.org/resource/wv5m-vpq2.json,2015,106 18TH AV,San Francisco,CA,,1377043,0000 0106 18TH                AV0000,San Francisco,,1915,year_property_built,5.0,number_of_units,MRES,use_code,Multi-Family Residential,use_definition,parsed,parsed,aligned,eligible,DataSF parsed range contains input house number and street matches,2026-10-04T02:11:41+00:00
A0061,19,19,complete,DataSF wv5m-vpq2 (2025 roll),https://data.sfgov.org/resource/wv5m-vpq2.json,2008,106 18TH AV,San Francisco,CA,,1377043,0000 0106 18TH                AV0000,San Francisco,,1915,year_property_built,5.0,number_of_units,MRES,use_code,Multi-Family Residential,use_definition,parsed,parsed,aligned,eligible,DataSF parsed range contains input house number and street matches,2026-10-04T02:11:41+00:00
A0062,1,19,none,DataSF wv5m-vpq2 (2025 roll),https://data.sfgov.org/resource/wv5m-vpq2.json,2024,77 HOFF ST,San Francisco,CA,,3569017D,0081 0077 HOFF                ST0000,San Francisco,,1906,year_property_built,6.0,number_of_units,MRES,use_code,Multi-Family Residential,use_definition,parsed,parsed,aligned,excluded_from_automatic_resolution,no parsed DataSF candidate aligned,2026-10-04T01:51:59+00:00
A0069,1,19,complete,DataSF wv5m-vpq2 (2025 roll),https://data.sfgov.org/resource/wv5m-vpq2.json,2014,2277 UNION ST,San Francisco,CA,,0539025,2299 2277 UNION               ST0000,San Francisco,,1900,year_property_built,8.0,number_of_units,COMR,use_code,Commercial Retail,use_definition,parsed,parsed,aligned,eligible,DataSF parsed range contains input house number and street matches,2026-10-04T02:11:41+00:00
A0069,2,19,complete,DataSF wv5m-vpq2 (2025 roll),https://data.sfgov.org/resource/wv5m-vpq2.json,2018,2277 UNION ST,San Francisco,CA,,0539025,2299 2277 UNION               ST0000,San Francisco,,1900,year_property_built,8.0,number_of_units,COMR,use_code,Commercial Retail,use_definition,parsed,parsed,aligned,eligible,DataSF parsed range contains input house number and street matches,2026-10-04T02:11:41+00:00
A0069,3,19,complete,DataSF wv5m-vpq2 (2025 roll),https://data.sfgov.org/resource/wv5m-vpq2.json,2009,2277 UNION ST,San Francisco,CA,,0539025,2299 2277 UNION               ST0000,San Francisco,,1900,year_property_built,8.0,number_of_units,COMR,use_code,Commercial Retail,use_definition,parsed,parsed,aligned,eligible,DataSF parsed range contains input house number and street matches,2026-10-04T02:11:41+00:00
A0069,4,19,complete,DataSF wv5m-vpq2 (2025 roll),https://data.sfgov.org/resource/wv5m-vpq2.json,2012,2277 UNION ST,San Francisco,CA,,0539025,2299 2277 UNION               ST0000,San Francisco,,1900,year_property_built,8.0,number_of_units,COMR,use_code,Commercial Retail,use_definition,parsed,parsed,aligned,eligible,DataSF parsed range contains input house number and street matches,2026-10-04T02:11:41+00:00
A0069,5,19,complete,DataSF wv5m-vpq2 (2025 roll),https://data.sfgov.org/resource/wv5m-vpq2.json,2024,2277 UNION ST,San Francisco,CA,,0539025,2299 2277 UNION               ST0000,San Francisco,,1900,year_property_built,7.0,number_of_units,MRES,use_code,Multi-Family Residential,use_definition,parsed,parsed,aligned,eligible,DataSF parsed range contains input house number and street matches,2026-10-04T02:11:41+00:00
A0069,6,19,complete,DataSF wv5m-vpq2 (2025 roll),https://data.sfgov.org/resource/wv5m-vpq2.json,2016,2277 UNION ST,San Francisco,CA,,0539025,2299 2277 UNION               ST0000,San Francisco,,1900,year_property_built,8.0,number_of_units,COMR,use_code,Commercial Retail,use_definition,parsed,parsed,aligned,eligible,DataSF parsed range contains input house number and street matches,2026-10-04T02:11:41+00:00
A0069,7,19,complete,DataSF wv5m-vpq2 (2025 roll),https://data.sfgov.org/resource/wv5m-vpq2.json,2017,2277 UNION ST,San Francisco,CA,,0539025,2299 2277 UNION               ST0000,San Francisco,,1900,year_property_built,8.0,number_of_units,COMR,use_code,Commercial Retail,use_definition,parsed,parsed,aligned,eligible,DataSF parsed range contains input house number and street matches,2026-10-04T02:11:41+00:00
A0069,8,19,complete,DataSF wv5m-vpq2 (2025 roll),https://data.sfgov.org/resource/wv5m-vpq2.json,2008,2277 UNION ST,San Francisco,CA,,0539025,2299 2277 UNION               ST0000,San Francisco,,1900,year_property_built,8.0,number_of_units,COMR,use_code,Commercial Retail,use_definition,parsed,parsed,aligned,eligible,DataSF parsed range contains input house number and street matches,2026-10-04T02:11:41+00:00
A0069,9,19,complete,DataSF wv5m-vpq2 (2025 roll),https://data.sfgov.org/resource/wv5m-vpq2.json,2019,2277 UNION ST,San Francisco,CA,,0539025,2299 2277 UNION               ST0000,San Francisco,,1900,year_property_built,8.0,number_of_units,COMR,use_code,Commercial Retail,use_definition,parsed,parsed,aligned,eligible,DataSF parsed range contains input house number and street matches,2026-10-04T02:11:41+00:00
A0069,10,19,complete,DataSF wv5m-vpq2 (2025 roll),https://data.sfgov.org/resource/wv5m-vpq2.json,2021,2277 UNION ST,San Francisco,CA,,0539025,2299 2277 UNION               ST0000,San Francisco,,1900,year_property_built,8.0,number_of_units,COMR,use_code,Commercial Retail,use_definition,parsed,parsed,aligned,eligible,DataSF parsed range contains input house number and street matches,2026-10-04T02:11:41+00:00
A0069,11,19,complete,DataSF wv5m-vpq2 (2025 roll),https://data.sfgov.org/resource/wv5m-vpq2.json,2025,2277 UNION ST,San Francisco,CA,,0539025,2299 2277 UNION               ST0000,San Francisco,,1900,year_property_built,7.0,number_of_units,MRES,use_code,Multi-Family Residential,use_definition,parsed,parsed,aligned,eligible,DataSF parsed range contains input house number and street matches,2026-10-04T02:11:41+00:00
A0069,12,19,complete,DataSF wv5m-vpq2 (2025 roll),https://data.sfgov.org/resource/wv5m-vpq2.json,2020,2277 UNION ST,San Francisco,CA,,0539025,2299 2277 UNION               ST0000,San Francisco,,1900,year_property_built,8.0,number_of_units,COMR,use_code,Commercial Retail,use_definition,parsed,parsed,aligned,eligible,DataSF parsed range contains input house number and street matches,2026-10-04T02:11:41+00:00
A0069,13,19,complete,DataSF wv5m-vpq2 (2025 roll),https://data.sfgov.org/resource/wv5m-vpq2.json,2022,2277 UNION ST,San Francisco,CA,,0539025,2299 2277 UNION               ST0000,San Francisco,,1900,year_property_built,8.0,number_of_units,COMR,use_code,Commercial Retail,use_definition,parsed,parsed,aligned,eligible,DataSF parsed range contains input house number and street matches,2026-10-04T02:11:41+00:00
A0069,14,19,complete,DataSF wv5m-vpq2 (2025 roll),https://data.sfgov.org/resource/wv5m-vpq2.json,2011,2277 UNION ST,San Francisco,CA,,0539025,2299 2277 UNION               ST0000,San Francisco,,1900,year_property_built,8.0,number_of_units,COMR,use_code,Commercial Retail,use_definition,parsed,parsed,aligned,eligible,DataSF parsed range contains input house number and street matches,2026-10-04T02:11:41+00:00
A0069,15,19,complete,DataSF wv5m-vpq2 (2025 roll),https://data.sfgov.org/resource/wv5m-vpq2.json,2013,2277 UNION ST,San Francisco,CA,,0539025,2299 2277 UNION               ST0000,San Francisco,,1900,year_property_built,8.0,number_of_units,COMR,use_code,Commercial Retail,use_definition,parsed,parsed,aligned,eligible,DataSF parsed range contains input house number and street matches,2026-10-04T02:11:41+00:00
A0069,16,19,complete,DataSF wv5m-vpq2 (2025 roll),https://data.sfgov.org/resource/wv5m-vpq2.json,2007,2277 UNION ST,San Francisco,CA,,0539025,2299 2277 UNION               ST0000,San Francisco,,1900,year_property_built,8.0,number_of_units,COMR,use_code,Commercial Retail,use_definition,parsed,parsed,aligned,eligible,DataSF parsed range contains input house number and street matches,2026-10-04T02:11:41+00:00
A0069,17,19,complete,DataSF wv5m-vpq2 (2025 roll),https://data.sfgov.org/resource/wv5m-vpq2.json,2015,2277 UNION ST,San Francisco,CA,,0539025,2299 2277 UNION               ST0000,San Francisco,,1900,year_property_built,8.0,number_of_units,COMR,use_code,Commercial Retail,use_definition,parsed,parsed,aligned,eligible,DataSF parsed range contains input house number and street matches,2026-10-04T02:11:41+00:00
A0069,18,19,complete,DataSF wv5m-vpq2 (2025 roll),https://data.sfgov.org/resource/wv5m-vpq2.json,2023,2277 UNION ST,San Francisco,CA,,0539025,2299 2277 UNION               ST0000,San Francisco,,1900,year_property_built,7.0,number_of_units,COMR,use_code,Commercial Retail,use_definition,parsed,parsed,aligned,eligible,DataSF parsed range contains input house number and street matches,2026-10-04T02:11:41+00:00
A0069,19,19,complete,DataSF wv5m-vpq2 (2025 roll),https://data.sfgov.org/resource/wv5m-vpq2.json,2010,2277 UNION ST,San Francisco,CA,,0539025,2299 2277 UNION               ST0000,San Francisco,,1900,year_property_built,8.0,number_of_units,COMR,use_code,Commercial Retail,use_definition,parsed,parsed,aligned,eligible,DataSF parsed range contains input house number and street matches,2026-10-04T02:11:41+00:00
A0072,1,19,complete,DataSF wv5m-vpq2 (2025 roll),https://data.sfgov.org/resource/wv5m-vpq2.json,2007,1251 10TH AV,San Francisco,CA,,1740010,0000 1251 10TH                AV0000,San Francisco,,1973,year_property_built,6.0,number_of_units,MRES,use_code,Multi-Family Residential,use_definition,parsed,parsed,aligned,eligible,DataSF parsed range contains input house number and street matches,2026-10-04T02:11:41+00:00
A0072,2,19,complete,DataSF wv5m-vpq2 (2025 roll),https://data.sfgov.org/resource/wv5m-vpq2.json,2010,1251 10TH AV,San Francisco,CA,,1740010,0000 1251 10TH                AV0000,San Francisco,,1973,year_property_built,6.0,number_of_units,MRES,use_code,Multi-Family Residential,use_definition,parsed,parsed,aligned,eligible,DataSF parsed range contains input house number and street matches,2026-10-04T02:11:41+00:00
A0072,3,19,complete,DataSF wv5m-vpq2 (2025 roll),https://data.sfgov.org/resource/wv5m-vpq2.json,2021,1251 10TH AV,San Francisco,CA,,1740010,0000 1251 10TH                AV0000,San Francisco,,1973,year_property_built,6.0,number_of_units,MRES,use_code,Multi-Family Residential,use_definition,parsed,parsed,aligned,eligible,DataSF parsed range contains input house number and street matches,2026-10-04T02:11:41+00:00
A0072,4,19,complete,DataSF wv5m-vpq2 (2025 roll),https://data.sfgov.org/resource/wv5m-vpq2.json,2011,1251 10TH AV,San Francisco,CA,,1740010,0000 1251 10TH                AV0000,San Francisco,,1973,year_property_built,6.0,number_of_units,MRES,use_code,Multi-Family Residential,use_definition,parsed,parsed,aligned,eligible,DataSF parsed range contains input house number and street matches,2026-10-04T02:11:41+00:00
A0072,5,19,complete,DataSF wv5m-vpq2 (2025 roll),https://data.sfgov.org/resource/wv5m-vpq2.json,2015,1251 10TH AV,San Francisco,CA,,1740010,0000 1251 10TH                AV0000,San Francisco,,1973,year_property_built,6.0,number_of_units,MRES,use_code,Multi-Family Residential,use_definition,parsed,parsed,aligned,eligible,DataSF parsed range contains input house number and street matches,2026-10-04T02:11:41+00:00
A0072,6,19,complete,DataSF wv5m-vpq2 (2025 roll),https://data.sfgov.org/resource/wv5m-vpq2.json,2022,1251 10TH AV,San Francisco,CA,,1740010,0000 1251 10TH                AV0000,San Francisco,,1973,year_property_built,6.0,number_of_units,MRES,use_code,Multi-Family Residential,use_definition,parsed,parsed,aligned,eligible,DataSF parsed range contains input house number and street matches,2026-10-04T02:11:41+00:00
A0072,7,19,complete,DataSF wv5m-vpq2 (2025 roll),https://data.sfgov.org/resource/wv5m-vpq2.json,2017,1251 10TH AV,San Francisco,CA,,1740010,0000 1251 10TH                AV0000,San Francisco,,1973,year_property_built,6.0,number_of_units,MRES,use_code,Multi-Family Residential,use_definition,parsed,parsed,aligned,eligible,DataSF parsed range contains input house number and street matches,2026-10-04T02:11:41+00:00
A0072,8,19,complete,DataSF wv5m-vpq2 (2025 roll),https://data.sfgov.org/resource/wv5m-vpq2.json,2008,1251 10TH AV,San Francisco,CA,,1740010,0000 1251 10TH                AV0000,San Francisco,,1973,year_property_built,6.0,number_of_units,MRES,use_code,Multi-Family Residential,use_definition,parsed,parsed,aligned,eligible,DataSF parsed range contains input house number and street matches,2026-10-04T02:11:41+00:00
A0072,9,19,complete,DataSF wv5m-vpq2 (2025 roll),https://data.sfgov.org/resource/wv5m-vpq2.json,2025,1251 10TH AV,San Francisco,CA,,1740010,0000 1251 10TH                AV0000,San Francisco,,1973,year_property_built,6.0,number_of_units,MRES,use_code,Multi-Family Residential,use_definition,parsed,parsed,aligned,eligible,DataSF parsed range contains input house number and street matches,2026-10-04T02:11:41+00:00
A0072,10,19,complete,DataSF wv5m-vpq2 (2025 roll),https://data.sfgov.org/resource/wv5m-vpq2.json,2018,1251 10TH AV,San Francisco,CA,,1740010,0000 1251 10TH                AV0000,San Francisco,,1973,year_property_built,6.0,number_of_units,MRES,use_code,Multi-Family Residential,use_definition,parsed,parsed,aligned,eligible,DataSF parsed range contains input house number and street matches,2026-10-04T02:11:41+00:00
A0072,11,19,complete,DataSF wv5m-vpq2 (2025 roll),https://data.sfgov.org/resource/wv5m-vpq2.json,2020,1251 10TH AV,San Francisco,CA,,1740010,0000 1251 10TH                AV0000,San Francisco,,1973,year_property_built,6.0,number_of_units,MRES,use_code,Multi-Family Residential,use_definition,parsed,parsed,aligned,eligible,DataSF parsed range contains input house number and street matches,2026-10-04T02:11:41+00:00
A0072,12,19,complete,DataSF wv5m-vpq2 (2025 roll),https://data.sfgov.org/resource/wv5m-vpq2.json,2012,1251 10TH AV,San Francisco,CA,,1740010,0000 1251 10TH                AV0000,San Francisco,,1973,year_property_built,6.0,number_of_units,MRES,use_code,Multi-Family Residential,use_definition,parsed,parsed,aligned,eligible,DataSF parsed range contains input house number and street matches,2026-10-04T02:11:41+00:00
A0072,13,19,complete,DataSF wv5m-vpq2 (2025 roll),https://data.sfgov.org/resource/wv5m-vpq2.json,2019,1251 10TH AV,San Francisco,CA,,1740010,0000 1251 10TH                AV0000,San Francisco,,1973,year_property_built,6.0,number_of_units,MRES,use_code,Multi-Family Residential,use_definition,parsed,parsed,aligned,eligible,DataSF parsed range contains input house number and street matches,2026-10-04T02:11:41+00:00
A0072,14,19,complete,DataSF wv5m-vpq2 (2025 roll),https://data.sfgov.org/resource/wv5m-vpq2.json,2024,1251 10TH AV,San Francisco,CA,,1740010,0000 1251 10TH                AV0000,San Francisco,,1973,year_property_built,6.0,number_of_units,MRES,use_code,Multi-Family Residential,use_definition,parsed,parsed,aligned,eligible,DataSF parsed range contains input house number and street matches,2026-10-04T02:11:41+00:00
A0072,15,19,complete,DataSF wv5m-vpq2 (2025 roll),https://data.sfgov.org/resource/wv5m-vpq2.json,2014,1251 10TH AV,San Francisco,CA,,1740010,0000 1251 10TH                AV0000,San Francisco,,1973,year_property_built,6.0,number_of_units,MRES,use_code,Multi-Family Residential,use_definition,parsed,parsed,aligned,eligible,DataSF parsed range contains input house number and street matches,2026-10-04T02:11:41+00:00
A0072,16,19,complete,DataSF wv5m-vpq2 (2025 roll),https://data.sfgov.org/resource/wv5m-vpq2.json,2023,1251 10TH AV,San Francisco,CA,,1740010,0000 1251 10TH                AV0000,San Francisco,,1973,year_property_built,6.0,number_of_units,MRES,use_code,Multi-Family Residential,use_definition,parsed,parsed,aligned,eligible,DataSF parsed range contains input house number and street matches,2026-10-04T02:11:41+00:00
A0072,17,19,complete,DataSF wv5m-vpq2 (2025 roll),https://data.sfgov.org/resource/wv5m-vpq2.json,2009,1251 10TH AV,San Francisco,CA,,1740010,0000 1251 10TH                AV0000,San Francisco,,1973,year_property_built,6.0,number_of_units,MRES,use_code,Multi-Family Residential,use_definition,parsed,parsed,aligned,eligible,DataSF parsed range contains input house number and street matches,2026-10-04T02:11:41+00:00
A0072,18,19,complete,DataSF wv5m-vpq2 (2025 roll),https://data.sfgov.org/resource/wv5m-vpq2.json,2013,1251 10TH AV,San Francisco,CA,,1740010,0000 1251 10TH                AV0000,San Francisco,,1973,year_property_built,6.0,number_of_units,MRES,use_code,Multi-Family Residential,use_definition,parsed,parsed,aligned,eligible,DataSF parsed range contains input house number and street matches,2026-10-04T02:11:41+00:00
A0072,19,19,complete,DataSF wv5m-vpq2 (2025 roll),https://data.sfgov.org/resource/wv5m-vpq2.json,2016,1251 10TH AV,San Francisco,CA,,1740010,0000 1251 10TH                AV0000,San Francisco,,1973,year_property_built,6.0,number_of_units,MRES,use_code,Multi-Family Residential,use_definition,parsed,parsed,aligned,eligible,DataSF parsed range contains input house number and street matches,2026-10-04T02:11:41+00:00
A0081,1,19,complete,DataSF wv5m-vpq2 (2025 roll),https://data.sfgov.org/resource/wv5m-vpq2.json,2021,145 TAYLOR ST,San Francisco,CA,,0339019,0000 0145 TAYLOR              ST0000,San Francisco,,2005,year_property_built,69.0,number_of_units,MRES,use_code,Multi-Family Residential,use_definition,parsed,parsed,aligned,eligible,DataSF parsed range contains input house number and street matches,2026-10-04T02:11:41+00:00
A0081,2,19,complete,DataSF wv5m-vpq2 (2025 roll),https://data.sfgov.org/resource/wv5m-vpq2.json,2016,145 TAYLOR ST,San Francisco,CA,,0339019,0000 0145 TAYLOR              ST0000,San Francisco,,2005,year_property_built,69.0,number_of_units,MRES,use_code,Multi-Family Residential,use_definition,parsed,parsed,aligned,eligible,DataSF parsed range contains input house number and street matches,2026-10-04T02:11:41+00:00
A0081,3,19,complete,DataSF wv5m-vpq2 (2025 roll),https://data.sfgov.org/resource/wv5m-vpq2.json,2007,145 TAYLOR ST,San Francisco,CA,,0339019,0000 0145 TAYLOR              ST0000,San Francisco,,2005,year_property_built,69.0,number_of_units,COMM,use_code,Commercial Misc,use_definition,parsed,parsed,aligned,eligible,DataSF parsed range contains input house number and street matches,2026-10-04T02:11:41+00:00
A0081,4,19,complete,DataSF wv5m-vpq2 (2025 roll),https://data.sfgov.org/resource/wv5m-vpq2.json,2013,145 TAYLOR ST,San Francisco,CA,,0339019,0000 0145 TAYLOR              ST0000,San Francisco,,2005,year_property_built,69.0,number_of_units,COMM,use_code,Commercial Misc,use_definition,parsed,parsed,aligned,eligible,DataSF parsed range contains input house number and street matches,2026-10-04T02:11:41+00:00
A0081,5,19,complete,DataSF wv5m-vpq2 (2025 roll),https://data.sfgov.org/resource/wv5m-vpq2.json,2020,145 TAYLOR ST,San Francisco,CA,,0339019,0000 0145 TAYLOR              ST0000,San Francisco,,2005,year_property_built,69.0,number_of_units,MRES,use_code,Multi-Family Residential,use_definition,parsed,parsed,aligned,eligible,DataSF parsed range contains input house number and street matches,2026-10-04T02:11:41+00:00
A0081,6,19,complete,DataSF wv5m-vpq2 (2025 roll),https://data.sfgov.org/resource/wv5m-vpq2.json,2010,145 TAYLOR ST,San Francisco,CA,,0339019,0000 0145 TAYLOR              ST0000,San Francisco,,2005,year_property_built,69.0,number_of_units,COMM,use_code,Commercial Misc,use_definition,parsed,parsed,aligned,eligible,DataSF parsed range contains input house number and street matches,2026-10-04T02:11:41+00:00
A0081,7,19,complete,DataSF wv5m-vpq2 (2025 roll),https://data.sfgov.org/resource/wv5m-vpq2.json,2017,145 TAYLOR ST,San Francisco,CA,,0339019,0000 0145 TAYLOR              ST0000,San Francisco,,2005,year_property_built,69.0,number_of_units,MRES,use_code,Multi-Family Residential,use_definition,parsed,parsed,aligned,eligible,DataSF parsed range contains input house number and street matches,2026-10-04T02:11:41+00:00
A0081,8,19,complete,DataSF wv5m-vpq2 (2025 roll),https://data.sfgov.org/resource/wv5m-vpq2.json,2025,145 TAYLOR ST,San Francisco,CA,,0339019,0000 0145 TAYLOR              ST0000,San Francisco,,2005,year_property_built,69.0,number_of_units,MRES,use_code,Multi-Family Residential,use_definition,parsed,parsed,aligned,eligible,DataSF parsed range contains input house number and street matches,2026-10-04T02:11:41+00:00
A0081,9,19,complete,DataSF wv5m-vpq2 (2025 roll),https://data.sfgov.org/resource/wv5m-vpq2.json,2024,145 TAYLOR ST,San Francisco,CA,,0339019,0000 0145 TAYLOR              ST0000,San Francisco,,2005,year_property_built,69.0,number_of_units,MRES,use_code,Multi-Family Residential,use_definition,parsed,parsed,aligned,eligible,DataSF parsed range contains input house number and street matches,2026-10-04T02:11:41+00:00
A0081,10,19,complete,DataSF wv5m-vpq2 (2025 roll),https://data.sfgov.org/resource/wv5m-vpq2.json,2012,145 TAYLOR ST,San Francisco,CA,,0339019,0000 0145 TAYLOR              ST0000,San Francisco,,2005,year_property_built,69.0,number_of_units,COMM,use_code,Commercial Misc,use_definition,parsed,parsed,aligned,eligible,DataSF parsed range contains input house number and street matches,2026-10-04T02:11:41+00:00
A0081,11,19,complete,DataSF wv5m-vpq2 (2025 roll),https://data.sfgov.org/resource/wv5m-vpq2.json,2019,145 TAYLOR ST,San Francisco,CA,,0339019,0000 0145 TAYLOR              ST0000,San Francisco,,2005,year_property_built,69.0,number_of_units,MRES,use_code,Multi-Family Residential,use_definition,parsed,parsed,aligned,eligible,DataSF parsed range contains input house number and street matches,2026-10-04T02:11:41+00:00
A0081,12,19,complete,DataSF wv5m-vpq2 (2025 roll),https://data.sfgov.org/resource/wv5m-vpq2.json,2009,145 TAYLOR ST,San Francisco,CA,,0339019,0000 0145 TAYLOR              ST0000,San Francisco,,2005,year_property_built,69.0,number_of_units,COMM,use_code,Commercial Misc,use_definition,parsed,parsed,aligned,eligible,DataSF parsed range contains input house number and street matches,2026-10-04T02:11:41+00:00
A0081,13,19,complete,DataSF wv5m-vpq2 (2025 roll),https://data.sfgov.org/resource/wv5m-vpq2.json,2023,145 TAYLOR ST,San Francisco,CA,,0339019,0000 0145 TAYLOR              ST0000,San Francisco,,2005,year_property_built,69.0,number_of_units,MRES,use_code,Multi-Family Residential,use_definition,parsed,parsed,aligned,eligible,DataSF parsed range contains input house number and street matches,2026-10-04T02:11:41+00:00
A0081,14,19,complete,DataSF wv5m-vpq2 (2025 roll),https://data.sfgov.org/resource/wv5m-vpq2.json,2011,145 TAYLOR ST,San Francisco,CA,,0339019,0000 0145 TAYLOR              ST0000,San Francisco,,2005,year_property_built,69.0,number_of_units,COMM,use_code,Commercial Misc,use_definition,parsed,parsed,aligned,eligible,DataSF parsed range contains input house number and street matches,2026-10-04T02:11:41+00:00
A0081,15,19,complete,DataSF wv5m-vpq2 (2025 roll),https://data.sfgov.org/resource/wv5m-vpq2.json,2008,145 TAYLOR ST,San Francisco,CA,,0339019,0000 0145 TAYLOR              ST0000,San Francisco,,2005,year_property_built,69.0,number_of_units,COMM,use_code,Commercial Misc,use_definition,parsed,parsed,aligned,eligible,DataSF parsed range contains input house number and street matches,2026-10-04T02:11:41+00:00
A0081,16,19,complete,DataSF wv5m-vpq2 (2025 roll),https://data.sfgov.org/resource/wv5m-vpq2.json,2014,145 TAYLOR ST,San Francisco,CA,,0339019,0000 0145 TAYLOR              ST0000,San Francisco,,2005,year_property_built,69.0,number_of_units,COMM,use_code,Commercial Misc,use_definition,parsed,parsed,aligned,eligible,DataSF parsed range contains input house number and street matches,2026-10-04T02:11:41+00:00
A0081,17,19,complete,DataSF wv5m-vpq2 (2025 roll),https://data.sfgov.org/resource/wv5m-vpq2.json,2022,145 TAYLOR ST,San Francisco,CA,,0339019,0000 0145 TAYLOR              ST0000,San Francisco,,2005,year_property_built,69.0,number_of_units,MRES,use_code,Multi-Family Residential,use_definition,parsed,parsed,aligned,eligible,DataSF parsed range contains input house number and street matches,2026-10-04T02:11:41+00:00
A0081,18,19,complete,DataSF wv5m-vpq2 (2025 roll),https://data.sfgov.org/resource/wv5m-vpq2.json,2018,145 TAYLOR ST,San Francisco,CA,,0339019,0000 0145 TAYLOR              ST0000,San Francisco,,2005,year_property_built,69.0,number_of_units,MRES,use_code,Multi-Family Residential,use_definition,parsed,parsed,aligned,eligible,DataSF parsed range contains input house number and street matches,2026-10-04T02:11:41+00:00
A0081,19,19,complete,DataSF wv5m-vpq2 (2025 roll),https://data.sfgov.org/resource/wv5m-vpq2.json,2015,145 TAYLOR ST,San Francisco,CA,,0339019,0000 0145 TAYLOR              ST0000,San Francisco,,2005,year_property_built,69.0,number_of_units,MRES,use_code,Multi-Family Residential,use_definition,parsed,parsed,aligned,eligible,DataSF parsed range contains input house number and street matches,2026-10-04T02:11:41+00:00
A0084,1,19,complete,DataSF wv5m-vpq2 (2025 roll),https://data.sfgov.org/resource/wv5m-vpq2.json,2024,1725 CHESTNUT ST,San Francisco,CA,,0494020,0000 1725 CHESTNUT            ST0000,San Francisco,,1908,year_property_built,5.0,number_of_units,MRES,use_code,Multi-Family Residential,use_definition,parsed,parsed,aligned,eligible,DataSF parsed range contains input house number and street matches,2026-10-04T02:11:41+00:00
A0084,2,19,complete,DataSF wv5m-vpq2 (2025 roll),https://data.sfgov.org/resource/wv5m-vpq2.json,2025,1725 CHESTNUT ST,San Francisco,CA,,0494020,0000 1725 CHESTNUT            ST0000,San Francisco,,1908,year_property_built,5.0,number_of_units,MRES,use_code,Multi-Family Residential,use_definition,parsed,parsed,aligned,eligible,DataSF parsed range contains input house number and street matches,2026-10-04T02:11:41+00:00
A0084,3,19,complete,DataSF wv5m-vpq2 (2025 roll),https://data.sfgov.org/resource/wv5m-vpq2.json,2007,1725 CHESTNUT ST,San Francisco,CA,,0494020,0000 1725 CHESTNUT            ST0000,San Francisco,,1908,year_property_built,5.0,number_of_units,MRES,use_code,Multi-Family Residential,use_definition,parsed,parsed,aligned,eligible,DataSF parsed range contains input house number and street matches,2026-10-04T02:11:41+00:00
A0084,4,19,complete,DataSF wv5m-vpq2 (2025 roll),https://data.sfgov.org/resource/wv5m-vpq2.json,2013,1725 CHESTNUT ST,San Francisco,CA,,0494020,0000 1725 CHESTNUT            ST0000,San Francisco,,1908,year_property_built,5.0,number_of_units,MRES,use_code,Multi-Family Residential,use_definition,parsed,parsed,aligned,eligible,DataSF parsed range contains input house number and street matches,2026-10-04T02:11:41+00:00
A0084,5,19,complete,DataSF wv5m-vpq2 (2025 roll),https://data.sfgov.org/resource/wv5m-vpq2.json,2009,1725 CHESTNUT ST,San Francisco,CA,,0494020,0000 1725 CHESTNUT            ST0000,San Francisco,,1908,year_property_built,5.0,number_of_units,MRES,use_code,Multi-Family Residential,use_definition,parsed,parsed,aligned,eligible,DataSF parsed range contains input house number and street matches,2026-10-04T02:11:41+00:00
A0084,6,19,complete,DataSF wv5m-vpq2 (2025 roll),https://data.sfgov.org/resource/wv5m-vpq2.json,2011,1725 CHESTNUT ST,San Francisco,CA,,0494020,0000 1725 CHESTNUT            ST0000,San Francisco,,1908,year_property_built,5.0,number_of_units,MRES,use_code,Multi-Family Residential,use_definition,parsed,parsed,aligned,eligible,DataSF parsed range contains input house number and street matches,2026-10-04T02:11:41+00:00
A0084,7,19,complete,DataSF wv5m-vpq2 (2025 roll),https://data.sfgov.org/resource/wv5m-vpq2.json,2021,1725 CHESTNUT ST,San Francisco,CA,,0494020,0000 1725 CHESTNUT            ST0000,San Francisco,,1908,year_property_built,5.0,number_of_units,MRES,use_code,Multi-Family Residential,use_definition,parsed,parsed,aligned,eligible,DataSF parsed range contains input house number and street matches,2026-10-04T02:11:41+00:00
A0084,8,19,complete,DataSF wv5m-vpq2 (2025 roll),https://data.sfgov.org/resource/wv5m-vpq2.json,2022,1725 CHESTNUT ST,San Francisco,CA,,0494020,0000 1725 CHESTNUT            ST0000,San Francisco,,1908,year_property_built,5.0,number_of_units,MRES,use_code,Multi-Family Residential,use_definition,parsed,parsed,aligned,eligible,DataSF parsed range contains input house number and street matches,2026-10-04T02:11:41+00:00
A0084,9,19,complete,DataSF wv5m-vpq2 (2025 roll),https://data.sfgov.org/resource/wv5m-vpq2.json,2020,1725 CHESTNUT ST,San Francisco,CA,,0494020,0000 1725 CHESTNUT            ST0000,San Francisco,,1908,year_property_built,5.0,number_of_units,MRES,use_code,Multi-Family Residential,use_definition,parsed,parsed,aligned,eligible,DataSF parsed range contains input house number and street matches,2026-10-04T02:11:41+00:00
A0084,10,19,complete,DataSF wv5m-vpq2 (2025 roll),https://data.sfgov.org/resource/wv5m-vpq2.json,2018,1725 CHESTNUT ST,San Francisco,CA,,0494020,0000 1725 CHESTNUT            ST0000,San Francisco,,1908,year_property_built,5.0,number_of_units,MRES,use_code,Multi-Family Residential,use_definition,parsed,parsed,aligned,eligible,DataSF parsed range contains input house number and street matches,2026-10-04T02:11:41+00:00
A0084,11,19,complete,DataSF wv5m-vpq2 (2025 roll),https://data.sfgov.org/resource/wv5m-vpq2.json,2014,1725 CHESTNUT ST,San Francisco,CA,,0494020,0000 1725 CHESTNUT            ST0000,San Francisco,,1908,year_property_built,5.0,number_of_units,MRES,use_code,Multi-Family Residential,use_definition,parsed,parsed,aligned,eligible,DataSF parsed range contains input house number and street matches,2026-10-04T02:11:41+00:00
A0084,12,19,complete,DataSF wv5m-vpq2 (2025 roll),https://data.sfgov.org/resource/wv5m-vpq2.json,2010,1725 CHESTNUT ST,San Francisco,CA,,0494020,0000 1725 CHESTNUT            ST0000,San Francisco,,1908,year_property_built,5.0,number_of_units,MRES,use_code,Multi-Family Residential,use_definition,parsed,parsed,aligned,eligible,DataSF parsed range contains input house number and street matches,2026-10-04T02:11:41+00:00
A0084,13,19,complete,DataSF wv5m-vpq2 (2025 roll),https://data.sfgov.org/resource/wv5m-vpq2.json,2019,1725 CHESTNUT ST,San Francisco,CA,,0494020,0000 1725 CHESTNUT            ST0000,San Francisco,,1908,year_property_built,5.0,number_of_units,MRES,use_code,Multi-Family Residential,use_definition,parsed,parsed,aligned,eligible,DataSF parsed range contains input house number and street matches,2026-10-04T02:11:41+00:00
A0084,14,19,complete,DataSF wv5m-vpq2 (2025 roll),https://data.sfgov.org/resource/wv5m-vpq2.json,2008,1725 CHESTNUT ST,San Francisco,CA,,0494020,0000 1725 CHESTNUT            ST0000,San Francisco,,1908,year_property_built,5.0,number_of_units,MRES,use_code,Multi-Family Residential,use_definition,parsed,parsed,aligned,eligible,DataSF parsed range contains input house number and street matches,2026-10-04T02:11:41+00:00
A0084,15,19,complete,DataSF wv5m-vpq2 (2025 roll),https://data.sfgov.org/resource/wv5m-vpq2.json,2012,1725 CHESTNUT ST,San Francisco,CA,,0494020,0000 1725 CHESTNUT            ST0000,San Francisco,,1908,year_property_built,5.0,number_of_units,MRES,use_code,Multi-Family Residential,use_definition,parsed,parsed,aligned,eligible,DataSF parsed range contains input house number and street matches,2026-10-04T02:11:41+00:00
A0084,16,19,complete,DataSF wv5m-vpq2 (2025 roll),https://data.sfgov.org/resource/wv5m-vpq2.json,2017,1725 CHESTNUT ST,San Francisco,CA,,0494020,0000 1725 CHESTNUT            ST0000,San Francisco,,1908,year_property_built,5.0,number_of_units,MRES,use_code,Multi-Family Residential,use_definition,parsed,parsed,aligned,eligible,DataSF parsed range contains input house number and street matches,2026-10-04T02:11:41+00:00
A0084,17,19,complete,DataSF wv5m-vpq2 (2025 roll),https://data.sfgov.org/resource/wv5m-vpq2.json,2016,1725 CHESTNUT ST,San Francisco,CA,,0494020,0000 1725 CHESTNUT            ST0000,San Francisco,,1908,year_property_built,5.0,number_of_units,MRES,use_code,Multi-Family Residential,use_definition,parsed,parsed,aligned,eligible,DataSF parsed range contains input house number and street matches,2026-10-04T02:11:41+00:00
A0084,18,19,complete,DataSF wv5m-vpq2 (2025 roll),https://data.sfgov.org/resource/wv5m-vpq2.json,2015,1725 CHESTNUT ST,San Francisco,CA,,0494020,0000 1725 CHESTNUT            ST0000,San Francisco,,1908,year_property_built,5.0,number_of_units,MRES,use_code,Multi-Family Residential,use_definition,parsed,parsed,aligned,eligible,DataSF parsed range contains input house number and street matches,2026-10-04T02:11:41+00:00
A0084,19,19,complete,DataSF wv5m-vpq2 (2025 roll),https://data.sfgov.org/resource/wv5m-vpq2.json,2023,1725 CHESTNUT ST,San Francisco,CA,,0494020,0000 1725 CHESTNUT            ST0000,San Francisco,,1908,year_property_built,5.0,number_of_units,MRES,use_code,Multi-Family Residential,use_definition,parsed,parsed,aligned,eligible,DataSF parsed range contains input house number and street matches,2026-10-04T02:11:41+00:00
A0085,1,19,complete,DataSF wv5m-vpq2 (2025 roll),https://data.sfgov.org/resource/wv5m-vpq2.json,2021,1101 CHURCH ST,San Francisco,CA,,3650037B,0000 1101 CHURCH              ST0000,San Francisco,,1926,year_property_built,6.0,number_of_units,MRES,use_code,Multi-Family Residential,use_definition,parsed,parsed,aligned,eligible,DataSF parsed range contains input house number and street matches,2026-10-04T02:11:41+00:00
A0085,2,19,complete,DataSF wv5m-vpq2 (2025 roll),https://data.sfgov.org/resource/wv5m-vpq2.json,2014,1101 CHURCH ST,San Francisco,CA,,3650037B,0000 1101 CHURCH              ST0000,San Francisco,,1926,year_property_built,6.0,number_of_units,MRES,use_code,Multi-Family Residential,use_definition,parsed,parsed,aligned,eligible,DataSF parsed range contains input house number and street matches,2026-10-04T02:11:41+00:00
A0085,3,19,complete,DataSF wv5m-vpq2 (2025 roll),https://data.sfgov.org/resource/wv5m-vpq2.json,2022,1101 CHURCH ST,San Francisco,CA,,3650037B,0000 1101 CHURCH              ST0000,San Francisco,,1926,year_property_built,6.0,number_of_units,MRES,use_code,Multi-Family Residential,use_definition,parsed,parsed,aligned,eligible,DataSF parsed range contains input house number and street matches,2026-10-04T02:11:41+00:00
A0085,4,19,complete,DataSF wv5m-vpq2 (2025 roll),https://data.sfgov.org/resource/wv5m-vpq2.json,2007,1101 CHURCH ST,San Francisco,CA,,3650037B,0000 1101 CHURCH              ST0000,San Francisco,,1926,year_property_built,6.0,number_of_units,MRES,use_code,Multi-Family Residential,use_definition,parsed,parsed,aligned,eligible,DataSF parsed range contains input house number and street matches,2026-10-04T02:11:41+00:00
A0085,5,19,complete,DataSF wv5m-vpq2 (2025 roll),https://data.sfgov.org/resource/wv5m-vpq2.json,2013,1101 CHURCH ST,San Francisco,CA,,3650037B,0000 1101 CHURCH              ST0000,San Francisco,,1926,year_property_built,6.0,number_of_units,MRES,use_code,Multi-Family Residential,use_definition,parsed,parsed,aligned,eligible,DataSF parsed range contains input house number and street matches,2026-10-04T02:11:41+00:00
A0085,6,19,complete,DataSF wv5m-vpq2 (2025 roll),https://data.sfgov.org/resource/wv5m-vpq2.json,2020,1101 CHURCH ST,San Francisco,CA,,3650037B,0000 1101 CHURCH              ST0000,San Francisco,,1926,year_property_built,6.0,number_of_units,MRES,use_code,Multi-Family Residential,use_definition,parsed,parsed,aligned,eligible,DataSF parsed range contains input house number and street matches,2026-10-04T02:11:41+00:00
A0085,7,19,complete,DataSF wv5m-vpq2 (2025 roll),https://data.sfgov.org/resource/wv5m-vpq2.json,2015,1101 CHURCH ST,San Francisco,CA,,3650037B,0000 1101 CHURCH              ST0000,San Francisco,,1926,year_property_built,6.0,number_of_units,MRES,use_code,Multi-Family Residential,use_definition,parsed,parsed,aligned,eligible,DataSF parsed range contains input house number and street matches,2026-10-04T02:11:41+00:00
A0085,8,19,complete,DataSF wv5m-vpq2 (2025 roll),https://data.sfgov.org/resource/wv5m-vpq2.json,2023,1101 CHURCH ST,San Francisco,CA,,3650037B,0000 1101 CHURCH              ST0000,San Francisco,,1926,year_property_built,6.0,number_of_units,MRES,use_code,Multi-Family Residential,use_definition,parsed,parsed,aligned,eligible,DataSF parsed range contains input house number and street matches,2026-10-04T02:11:41+00:00
A0085,9,19,complete,DataSF wv5m-vpq2 (2025 roll),https://data.sfgov.org/resource/wv5m-vpq2.json,2017,1101 CHURCH ST,San Francisco,CA,,3650037B,0000 1101 CHURCH              ST0000,San Francisco,,1926,year_property_built,6.0,number_of_units,MRES,use_code,Multi-Family Residential,use_definition,parsed,parsed,aligned,eligible,DataSF parsed range contains input house number and street matches,2026-10-04T02:11:41+00:00
A0085,10,19,complete,DataSF wv5m-vpq2 (2025 roll),https://data.sfgov.org/resource/wv5m-vpq2.json,2008,1101 CHURCH ST,San Francisco,CA,,3650037B,0000 1101 CHURCH              ST0000,San Francisco,,1926,year_property_built,6.0,number_of_units,MRES,use_code,Multi-Family Residential,use_definition,parsed,parsed,aligned,eligible,DataSF parsed range contains input house number and street matches,2026-10-04T02:11:41+00:00
A0085,11,19,complete,DataSF wv5m-vpq2 (2025 roll),https://data.sfgov.org/resource/wv5m-vpq2.json,2024,1101 CHURCH ST,San Francisco,CA,,3650037B,0000 1101 CHURCH              ST0000,San Francisco,,1926,year_property_built,6.0,number_of_units,MRES,use_code,Multi-Family Residential,use_definition,parsed,parsed,aligned,eligible,DataSF parsed range contains input house number and street matches,2026-10-04T02:11:41+00:00
A0085,12,19,complete,DataSF wv5m-vpq2 (2025 roll),https://data.sfgov.org/resource/wv5m-vpq2.json,2010,1101 CHURCH ST,San Francisco,CA,,3650037B,0000 1101 CHURCH              ST0000,San Francisco,,1926,year_property_built,6.0,number_of_units,MRES,use_code,Multi-Family Residential,use_definition,parsed,parsed,aligned,eligible,DataSF parsed range contains input house number and street matches,2026-10-04T02:11:41+00:00
A0085,13,19,complete,DataSF wv5m-vpq2 (2025 roll),https://data.sfgov.org/resource/wv5m-vpq2.json,2016,1101 CHURCH ST,San Francisco,CA,,3650037B,0000 1101 CHURCH              ST0000,San Francisco,,1926,year_property_built,6.0,number_of_units,MRES,use_code,Multi-Family Residential,use_definition,parsed,parsed,aligned,eligible,DataSF parsed range contains input house number and street matches,2026-10-04T02:11:41+00:00
A0085,14,19,complete,DataSF wv5m-vpq2 (2025 roll),https://data.sfgov.org/resource/wv5m-vpq2.json,2009,1101 CHURCH ST,San Francisco,CA,,3650037B,0000 1101 CHURCH              ST0000,San Francisco,,1926,year_property_built,6.0,number_of_units,MRES,use_code,Multi-Family Residential,use_definition,parsed,parsed,aligned,eligible,DataSF parsed range contains input house number and street matches,2026-10-04T02:11:41+00:00
A0085,15,19,complete,DataSF wv5m-vpq2 (2025 roll),https://data.sfgov.org/resource/wv5m-vpq2.json,2011,1101 CHURCH ST,San Francisco,CA,,3650037B,0000 1101 CHURCH              ST0000,San Francisco,,1926,year_property_built,6.0,number_of_units,MRES,use_code,Multi-Family Residential,use_definition,parsed,parsed,aligned,eligible,DataSF parsed range contains input house number and street matches,2026-10-04T02:11:41+00:00
A0085,16,19,complete,DataSF wv5m-vpq2 (2025 roll),https://data.sfgov.org/resource/wv5m-vpq2.json,2025,1101 CHURCH ST,San Francisco,CA,,3650037B,0000 1101 CHURCH              ST0000,San Francisco,,1926,year_property_built,6.0,number_of_units,MRES,use_code,Multi-Family Residential,use_definition,parsed,parsed,aligned,eligible,DataSF parsed range contains input house number and street matches,2026-10-04T02:11:41+00:00
A0085,17,19,complete,DataSF wv5m-vpq2 (2025 roll),https://data.sfgov.org/resource/wv5m-vpq2.json,2018,1101 CHURCH ST,San Francisco,CA,,3650037B,0000 1101 CHURCH              ST0000,San Francisco,,1926,year_property_built,6.0,number_of_units,MRES,use_code,Multi-Family Residential,use_definition,parsed,parsed,aligned,eligible,DataSF parsed range contains input house number and street matches,2026-10-04T02:11:41+00:00
A0085,18,19,complete,DataSF wv5m-vpq2 (2025 roll),https://data.sfgov.org/resource/wv5m-vpq2.json,2019,1101 CHURCH ST,San Francisco,CA,,3650037B,0000 1101 CHURCH              ST0000,San Francisco,,1926,year_property_built,6.0,number_of_units,MRES,use_code,Multi-Family Residential,use_definition,parsed,parsed,aligned,eligible,DataSF parsed range contains input house number and street matches,2026-10-04T02:11:41+00:00
A0085,19,19,complete,DataSF wv5m-vpq2 (2025 roll),https://data.sfgov.org/resource/wv5m-vpq2.json,2012,1101 CHURCH ST,San Francisco,CA,,3650037B,0000 1101 CHURCH              ST0000,San Francisco,,1926,year_property_built,6.0,number_of_units,MRES,use_code,Multi-Family Residential,use_definition,parsed,parsed,aligned,eligible,DataSF parsed range contains input house number and street matches,2026-10-04T02:11:41+00:00
A0088,1,19,complete,DataSF wv5m-vpq2 (2025 roll),https://data.sfgov.org/resource/wv5m-vpq2.json,2022,201 CLEMENT ST,San Francisco,CA,,1435001,0000 0201 CLEMENT             ST0000,San Francisco,,1908,year_property_built,9.0,number_of_units,MRES,use_code,Multi-Family Residential,use_definition,parsed,parsed,aligned,eligible,DataSF parsed range contains input house number and street matches,2026-10-04T02:11:41+00:00
A0088,2,19,complete,DataSF wv5m-vpq2 (2025 roll),https://data.sfgov.org/resource/wv5m-vpq2.json,2016,201 CLEMENT ST,San Francisco,CA,,1435001,0000 0201 CLEMENT             ST0000,San Francisco,,1908,year_property_built,9.0,number_of_units,MRES,use_code,Multi-Family Residential,use_definition,parsed,parsed,aligned,eligible,DataSF parsed range contains input house number and street matches,2026-10-04T02:11:41+00:00
A0088,3,19,complete,DataSF wv5m-vpq2 (2025 roll),https://data.sfgov.org/resource/wv5m-vpq2.json,2012,201 CLEMENT ST,San Francisco,CA,,1435001,0000 0201 CLEMENT             ST0000,San Francisco,,1908,year_property_built,9.0,number_of_units,MRES,use_code,Multi-Family Residential,use_definition,parsed,parsed,aligned,eligible,DataSF parsed range contains input house number and street matches,2026-10-04T02:11:41+00:00
A0088,4,19,complete,DataSF wv5m-vpq2 (2025 roll),https://data.sfgov.org/resource/wv5m-vpq2.json,2007,201 CLEMENT ST,San Francisco,CA,,1435001,0000 0201 CLEMENT             ST0000,San Francisco,,1908,year_property_built,9.0,number_of_units,MRES,use_code,Multi-Family Residential,use_definition,parsed,parsed,aligned,eligible,DataSF parsed range contains input house number and street matches,2026-10-04T02:11:41+00:00
A0088,5,19,complete,DataSF wv5m-vpq2 (2025 roll),https://data.sfgov.org/resource/wv5m-vpq2.json,2017,201 CLEMENT ST,San Francisco,CA,,1435001,0000 0201 CLEMENT             ST0000,San Francisco,,1908,year_property_built,9.0,number_of_units,MRES,use_code,Multi-Family Residential,use_definition,parsed,parsed,aligned,eligible,DataSF parsed range contains input house number and street matches,2026-10-04T02:11:41+00:00
A0088,6,19,complete,DataSF wv5m-vpq2 (2025 roll),https://data.sfgov.org/resource/wv5m-vpq2.json,2024,201 CLEMENT ST,San Francisco,CA,,1435001,0000 0201 CLEMENT             ST0000,San Francisco,,1908,year_property_built,9.0,number_of_units,MRES,use_code,Multi-Family Residential,use_definition,parsed,parsed,aligned,eligible,DataSF parsed range contains input house number and street matches,2026-10-04T02:11:41+00:00
A0088,7,19,complete,DataSF wv5m-vpq2 (2025 roll),https://data.sfgov.org/resource/wv5m-vpq2.json,2020,201 CLEMENT ST,San Francisco,CA,,1435001,0000 0201 CLEMENT             ST0000,San Francisco,,1908,year_property_built,9.0,number_of_units,MRES,use_code,Multi-Family Residential,use_definition,parsed,parsed,aligned,eligible,DataSF parsed range contains input house number and street matches,2026-10-04T02:11:41+00:00
A0088,8,19,complete,DataSF wv5m-vpq2 (2025 roll),https://data.sfgov.org/resource/wv5m-vpq2.json,2018,201 CLEMENT ST,San Francisco,CA,,1435001,0000 0201 CLEMENT             ST0000,San Francisco,,1908,year_property_built,9.0,number_of_units,MRES,use_code,Multi-Family Residential,use_definition,parsed,parsed,aligned,eligible,DataSF parsed range contains input house number and street matches,2026-10-04T02:11:41+00:00
A0088,9,19,complete,DataSF wv5m-vpq2 (2025 roll),https://data.sfgov.org/resource/wv5m-vpq2.json,2019,201 CLEMENT ST,San Francisco,CA,,1435001,0000 0201 CLEMENT             ST0000,San Francisco,,1908,year_property_built,9.0,number_of_units,MRES,use_code,Multi-Family Residential,use_definition,parsed,parsed,aligned,eligible,DataSF parsed range contains input house number and street matches,2026-10-04T02:11:41+00:00
A0088,10,19,complete,DataSF wv5m-vpq2 (2025 roll),https://data.sfgov.org/resource/wv5m-vpq2.json,2011,201 CLEMENT ST,San Francisco,CA,,1435001,0000 0201 CLEMENT             ST0000,San Francisco,,1908,year_property_built,9.0,number_of_units,MRES,use_code,Multi-Family Residential,use_definition,parsed,parsed,aligned,eligible,DataSF parsed range contains input house number and street matches,2026-10-04T02:11:41+00:00
A0088,11,19,complete,DataSF wv5m-vpq2 (2025 roll),https://data.sfgov.org/resource/wv5m-vpq2.json,2013,201 CLEMENT ST,San Francisco,CA,,1435001,0000 0201 CLEMENT             ST0000,San Francisco,,1908,year_property_built,9.0,number_of_units,MRES,use_code,Multi-Family Residential,use_definition,parsed,parsed,aligned,eligible,DataSF parsed range contains input house number and street matches,2026-10-04T02:11:41+00:00
A0088,12,19,complete,DataSF wv5m-vpq2 (2025 roll),https://data.sfgov.org/resource/wv5m-vpq2.json,2010,201 CLEMENT ST,San Francisco,CA,,1435001,0000 0201 CLEMENT             ST0000,San Francisco,,1908,year_property_built,9.0,number_of_units,MRES,use_code,Multi-Family Residential,use_definition,parsed,parsed,aligned,eligible,DataSF parsed range contains input house number and street matches,2026-10-04T02:11:41+00:00
A0088,13,19,complete,DataSF wv5m-vpq2 (2025 roll),https://data.sfgov.org/resource/wv5m-vpq2.json,2025,201 CLEMENT ST,San Francisco,CA,,1435001,0000 0201 CLEMENT             ST0000,San Francisco,,1908,year_property_built,9.0,number_of_units,MRES,use_code,Multi-Family Residential,use_definition,parsed,parsed,aligned,eligible,DataSF parsed range contains input house number and street matches,2026-10-04T02:11:41+00:00
A0088,14,19,complete,DataSF wv5m-vpq2 (2025 roll),https://data.sfgov.org/resource/wv5m-vpq2.json,2021,201 CLEMENT ST,San Francisco,CA,,1435001,0000 0201 CLEMENT             ST0000,San Francisco,,1908,year_property_built,9.0,number_of_units,MRES,use_code,Multi-Family Residential,use_definition,parsed,parsed,aligned,eligible,DataSF parsed range contains input house number and street matches,2026-10-04T02:11:41+00:00
A0088,15,19,complete,DataSF wv5m-vpq2 (2025 roll),https://data.sfgov.org/resource/wv5m-vpq2.json,2023,201 CLEMENT ST,San Francisco,CA,,1435001,0000 0201 CLEMENT             ST0000,San Francisco,,1908,year_property_built,9.0,number_of_units,MRES,use_code,Multi-Family Residential,use_definition,parsed,parsed,aligned,eligible,DataSF parsed range contains input house number and street matches,2026-10-04T02:11:41+00:00
A0088,16,19,complete,DataSF wv5m-vpq2 (2025 roll),https://data.sfgov.org/resource/wv5m-vpq2.json,2009,201 CLEMENT ST,San Francisco,CA,,1435001,0000 0201 CLEMENT             ST0000,San Francisco,,1908,year_property_built,9.0,number_of_units,MRES,use_code,Multi-Family Residential,use_definition,parsed,parsed,aligned,eligible,DataSF parsed range contains input house number and street matches,2026-10-04T02:11:41+00:00
A0088,17,19,complete,DataSF wv5m-vpq2 (2025 roll),https://data.sfgov.org/resource/wv5m-vpq2.json,2015,201 CLEMENT ST,San Francisco,CA,,1435001,0000 0201 CLEMENT             ST0000,San Francisco,,1908,year_property_built,9.0,number_of_units,MRES,use_code,Multi-Family Residential,use_definition,parsed,parsed,aligned,eligible,DataSF parsed range contains input house number and street matches,2026-10-04T02:11:41+00:00
A0088,18,19,complete,DataSF wv5m-vpq2 (2025 roll),https://data.sfgov.org/resource/wv5m-vpq2.json,2008,201 CLEMENT ST,San Francisco,CA,,1435001,0000 0201 CLEMENT             ST0000,San Francisco,,1908,year_property_built,9.0,number_of_units,MRES,use_code,Multi-Family Residential,use_definition,parsed,parsed,aligned,eligible,DataSF parsed range contains input house number and street matches,2026-10-04T02:11:41+00:00
A0088,19,19,complete,DataSF wv5m-vpq2 (2025 roll),https://data.sfgov.org/resource/wv5m-vpq2.json,2014,201 CLEMENT ST,San Francisco,CA,,1435001,0000 0201 CLEMENT             ST0000,San Francisco,,1908,year_property_built,9.0,number_of_units,MRES,use_code,Multi-Family Residential,use_definition,parsed,parsed,aligned,eligible,DataSF parsed range contains input house number and street matches,2026-10-04T02:11:41+00:00
A0097,1,19,complete,DataSF wv5m-vpq2 (2025 roll),https://data.sfgov.org/resource/wv5m-vpq2.json,2009,1560 MASON ST,San Francisco,CA,,0148018,0000 1560 MASON               ST0000,San Francisco,,1907,year_property_built,8.0,number_of_units,MRES,use_code,Multi-Family Residential,use_definition,parsed,parsed,aligned,eligible,DataSF parsed range contains input house number and street matches,2026-10-04T02:11:41+00:00
A0097,2,19,complete,DataSF wv5m-vpq2 (2025 roll),https://data.sfgov.org/resource/wv5m-vpq2.json,2007,1560 MASON ST,San Francisco,CA,,0148018,0000 1560 MASON               ST0000,San Francisco,,1907,year_property_built,8.0,number_of_units,MRES,use_code,Multi-Family Residential,use_definition,parsed,parsed,aligned,eligible,DataSF parsed range contains input house number and street matches,2026-10-04T02:11:41+00:00
A0097,3,19,complete,DataSF wv5m-vpq2 (2025 roll),https://data.sfgov.org/resource/wv5m-vpq2.json,2017,1560 MASON ST,San Francisco,CA,,0148018,0000 1560 MASON               ST0000,San Francisco,,1907,year_property_built,8.0,number_of_units,MRES,use_code,Multi-Family Residential,use_definition,parsed,parsed,aligned,eligible,DataSF parsed range contains input house number and street matches,2026-10-04T02:11:41+00:00
A0097,4,19,complete,DataSF wv5m-vpq2 (2025 roll),https://data.sfgov.org/resource/wv5m-vpq2.json,2018,1560 MASON ST,San Francisco,CA,,0148018,0000 1560 MASON               ST0000,San Francisco,,1907,year_property_built,8.0,number_of_units,MRES,use_code,Multi-Family Residential,use_definition,parsed,parsed,aligned,eligible,DataSF parsed range contains input house number and street matches,2026-10-04T02:11:41+00:00
A0097,5,19,complete,DataSF wv5m-vpq2 (2025 roll),https://data.sfgov.org/resource/wv5m-vpq2.json,2025,1560 MASON ST,San Francisco,CA,,0148018,0000 1560 MASON               ST0000,San Francisco,,1907,year_property_built,8.0,number_of_units,MRES,use_code,Multi-Family Residential,use_definition,parsed,parsed,aligned,eligible,DataSF parsed range contains input house number and street matches,2026-10-04T02:11:41+00:00
A0097,6,19,complete,DataSF wv5m-vpq2 (2025 roll),https://data.sfgov.org/resource/wv5m-vpq2.json,2008,1560 MASON ST,San Francisco,CA,,0148018,0000 1560 MASON               ST0000,San Francisco,,1907,year_property_built,8.0,number_of_units,MRES,use_code,Multi-Family Residential,use_definition,parsed,parsed,aligned,eligible,DataSF parsed range contains input house number and street matches,2026-10-04T02:11:41+00:00
A0097,7,19,complete,DataSF wv5m-vpq2 (2025 roll),https://data.sfgov.org/resource/wv5m-vpq2.json,2024,1560 MASON ST,San Francisco,CA,,0148018,0000 1560 MASON               ST0000,San Francisco,,1907,year_property_built,8.0,number_of_units,MRES,use_code,Multi-Family Residential,use_definition,parsed,parsed,aligned,eligible,DataSF parsed range contains input house number and street matches,2026-10-04T02:11:41+00:00
A0097,8,19,complete,DataSF wv5m-vpq2 (2025 roll),https://data.sfgov.org/resource/wv5m-vpq2.json,2021,1560 MASON ST,San Francisco,CA,,0148018,0000 1560 MASON               ST0000,San Francisco,,1907,year_property_built,8.0,number_of_units,MRES,use_code,Multi-Family Residential,use_definition,parsed,parsed,aligned,eligible,DataSF parsed range contains input house number and street matches,2026-10-04T02:11:41+00:00
A0097,9,19,complete,DataSF wv5m-vpq2 (2025 roll),https://data.sfgov.org/resource/wv5m-vpq2.json,2011,1560 MASON ST,San Francisco,CA,,0148018,0000 1560 MASON               ST0000,San Francisco,,1907,year_property_built,8.0,number_of_units,MRES,use_code,Multi-Family Residential,use_definition,parsed,parsed,aligned,eligible,DataSF parsed range contains input house number and street matches,2026-10-04T02:11:41+00:00
A0097,10,19,complete,DataSF wv5m-vpq2 (2025 roll),https://data.sfgov.org/resource/wv5m-vpq2.json,2010,1560 MASON ST,San Francisco,CA,,0148018,0000 1560 MASON               ST0000,San Francisco,,1907,year_property_built,8.0,number_of_units,MRES,use_code,Multi-Family Residential,use_definition,parsed,parsed,aligned,eligible,DataSF parsed range contains input house number and street matches,2026-10-04T02:11:41+00:00
A0097,11,19,complete,DataSF wv5m-vpq2 (2025 roll),https://data.sfgov.org/resource/wv5m-vpq2.json,2015,1560 MASON ST,San Francisco,CA,,0148018,0000 1560 MASON               ST0000,San Francisco,,1907,year_property_built,8.0,number_of_units,MRES,use_code,Multi-Family Residential,use_definition,parsed,parsed,aligned,eligible,DataSF parsed range contains input house number and street matches,2026-10-04T02:11:41+00:00
A0097,12,19,complete,DataSF wv5m-vpq2 (2025 roll),https://data.sfgov.org/resource/wv5m-vpq2.json,2013,1560 MASON ST,San Francisco,CA,,0148018,0000 1560 MASON               ST0000,San Francisco,,1907,year_property_built,8.0,number_of_units,MRES,use_code,Multi-Family Residential,use_definition,parsed,parsed,aligned,eligible,DataSF parsed range contains input house number and street matches,2026-10-04T02:11:41+00:00
A0097,13,19,complete,DataSF wv5m-vpq2 (2025 roll),https://data.sfgov.org/resource/wv5m-vpq2.json,2023,1560 MASON ST,San Francisco,CA,,0148018,0000 1560 MASON               ST0000,San Francisco,,1907,year_property_built,8.0,number_of_units,MRES,use_code,Multi-Family Residential,use_definition,parsed,parsed,aligned,eligible,DataSF parsed range contains input house number and street matches,2026-10-04T02:11:41+00:00
A0097,14,19,complete,DataSF wv5m-vpq2 (2025 roll),https://data.sfgov.org/resource/wv5m-vpq2.json,2022,1560 MASON ST,San Francisco,CA,,0148018,0000 1560 MASON               ST0000,San Francisco,,1907,year_property_built,8.0,number_of_units,MRES,use_code,Multi-Family Residential,use_definition,parsed,parsed,aligned,eligible,DataSF parsed range contains input house number and street matches,2026-10-04T02:11:41+00:00
A0097,15,19,complete,DataSF wv5m-vpq2 (2025 roll),https://data.sfgov.org/resource/wv5m-vpq2.json,2014,1560 MASON ST,San Francisco,CA,,0148018,0000 1560 MASON               ST0000,San Francisco,,1907,year_property_built,8.0,number_of_units,MRES,use_code,Multi-Family Residential,use_definition,parsed,parsed,aligned,eligible,DataSF parsed range contains input house number and street matches,2026-10-04T02:11:41+00:00
A0097,16,19,complete,DataSF wv5m-vpq2 (2025 roll),https://data.sfgov.org/resource/wv5m-vpq2.json,2012,1560 MASON ST,San Francisco,CA,,0148018,0000 1560 MASON               ST0000,San Francisco,,1907,year_property_built,8.0,number_of_units,MRES,use_code,Multi-Family Residential,use_definition,parsed,parsed,aligned,eligible,DataSF parsed range contains input house number and street matches,2026-10-04T02:11:41+00:00
A0097,17,19,complete,DataSF wv5m-vpq2 (2025 roll),https://data.sfgov.org/resource/wv5m-vpq2.json,2016,1560 MASON ST,San Francisco,CA,,0148018,0000 1560 MASON               ST0000,San Francisco,,1907,year_property_built,8.0,number_of_units,MRES,use_code,Multi-Family Residential,use_definition,parsed,parsed,aligned,eligible,DataSF parsed range contains input house number and street matches,2026-10-04T02:11:41+00:00
A0097,18,19,complete,DataSF wv5m-vpq2 (2025 roll),https://data.sfgov.org/resource/wv5m-vpq2.json,2020,1560 MASON ST,San Francisco,CA,,0148018,0000 1560 MASON               ST0000,San Francisco,,1907,year_property_built,8.0,number_of_units,MRES,use_code,Multi-Family Residential,use_definition,parsed,parsed,aligned,eligible,DataSF parsed range contains input house number and street matches,2026-10-04T02:11:41+00:00
A0097,19,19,complete,DataSF wv5m-vpq2 (2025 roll),https://data.sfgov.org/resource/wv5m-vpq2.json,2019,1560 MASON ST,San Francisco,CA,,0148018,0000 1560 MASON               ST0000,San Francisco,,1907,year_property_built,8.0,number_of_units,MRES,use_code,Multi-Family Residential,use_definition,parsed,parsed,aligned,eligible,DataSF parsed range contains input house number and street matches,2026-10-04T02:11:41+00:00
A0105,1,17,complete,DataSF wv5m-vpq2 (2025 roll),https://data.sfgov.org/resource/wv5m-vpq2.json,2022,140 PORTOLA DR,San Francisco,CA,,2847084,0000 0140 PORTOLA             DR0000,San Francisco,,2019,year_property_built,7.0,number_of_units,MRES,use_code,Multi-Family Residential,use_definition,parsed,parsed,aligned,eligible,DataSF parsed range contains input house number and street matches,2026-10-04T02:11:41+00:00
A0105,2,17,complete,DataSF wv5m-vpq2 (2025 roll),https://data.sfgov.org/resource/wv5m-vpq2.json,2012,140 PORTOLA DR,San Francisco,CA,,2847084,0000 0140 PORTOLA             DR0000,San Francisco,,,year_property_built,0.0,number_of_units,MRES,use_code,Multi-Family Residential,use_definition,parsed,parsed,aligned,eligible,DataSF parsed range contains input house number and street matches,2026-10-04T02:11:41+00:00
A0105,3,17,complete,DataSF wv5m-vpq2 (2025 roll),https://data.sfgov.org/resource/wv5m-vpq2.json,2015,140 PORTOLA DR,San Francisco,CA,,2847084,0000 0140 PORTOLA             DR0000,San Francisco,,,year_property_built,7.0,number_of_units,MRES,use_code,Multi-Family Residential,use_definition,parsed,parsed,aligned,eligible,DataSF parsed range contains input house number and street matches,2026-10-04T02:11:41+00:00
A0105,4,17,complete,DataSF wv5m-vpq2 (2025 roll),https://data.sfgov.org/resource/wv5m-vpq2.json,2019,140 PORTOLA DR,San Francisco,CA,,2847084,0000 0140 PORTOLA             DR0000,San Francisco,,2019,year_property_built,7.0,number_of_units,MRES,use_code,Multi-Family Residential,use_definition,parsed,parsed,aligned,eligible,DataSF parsed range contains input house number and street matches,2026-10-04T02:11:41+00:00
A0105,5,17,complete,DataSF wv5m-vpq2 (2025 roll),https://data.sfgov.org/resource/wv5m-vpq2.json,2023,140 PORTOLA DR,San Francisco,CA,,2847084,0000 0140 PORTOLA             DR0000,San Francisco,,2019,year_property_built,7.0,number_of_units,MRES,use_code,Multi-Family Residential,use_definition,parsed,parsed,aligned,eligible,DataSF parsed range contains input house number and street matches,2026-10-04T02:11:41+00:00
A0105,6,17,complete,DataSF wv5m-vpq2 (2025 roll),https://data.sfgov.org/resource/wv5m-vpq2.json,2018,140 PORTOLA DR,San Francisco,CA,,2847084,0000 0140 PORTOLA             DR0000,San Francisco,,,year_property_built,7.0,number_of_units,MRES,use_code,Multi-Family Residential,use_definition,parsed,parsed,aligned,eligible,DataSF parsed range contains input house number and street matches,2026-10-04T02:11:41+00:00
A0105,7,17,complete,DataSF wv5m-vpq2 (2025 roll),https://data.sfgov.org/resource/wv5m-vpq2.json,2017,140 PORTOLA DR,San Francisco,CA,,2847084,0000 0140 PORTOLA             DR0000,San Francisco,,,year_property_built,7.0,number_of_units,MRES,use_code,Multi-Family Residential,use_definition,parsed,parsed,aligned,eligible,DataSF parsed range contains input house number and street matches,2026-10-04T02:11:41+00:00
A0105,8,17,complete,DataSF wv5m-vpq2 (2025 roll),https://data.sfgov.org/resource/wv5m-vpq2.json,2016,140 PORTOLA DR,San Francisco,CA,,2847084,0000 0140 PORTOLA             DR0000,San Francisco,,,year_property_built,7.0,number_of_units,MRES,use_code,Multi-Family Residential,use_definition,parsed,parsed,aligned,eligible,DataSF parsed range contains input house number and street matches,2026-10-04T02:11:41+00:00
A0105,9,17,complete,DataSF wv5m-vpq2 (2025 roll),https://data.sfgov.org/resource/wv5m-vpq2.json,2014,140 PORTOLA DR,San Francisco,CA,,2847084,0000 0140 PORTOLA             DR0000,San Francisco,,,year_property_built,7.0,number_of_units,MRES,use_code,Multi-Family Residential,use_definition,parsed,parsed,aligned,eligible,DataSF parsed range contains input house number and street matches,2026-10-04T02:11:41+00:00
A0105,10,17,complete,DataSF wv5m-vpq2 (2025 roll),https://data.sfgov.org/resource/wv5m-vpq2.json,2013,140 PORTOLA DR,San Francisco,CA,,2847084,0000 0140 PORTOLA             DR0000,San Francisco,,,year_property_built,0.0,number_of_units,MRES,use_code,Multi-Family Residential,use_definition,parsed,parsed,aligned,eligible,DataSF parsed range contains input house number and street matches,2026-10-04T02:11:41+00:00
A0105,11,17,complete,DataSF wv5m-vpq2 (2025 roll),https://data.sfgov.org/resource/wv5m-vpq2.json,2020,140 PORTOLA DR,San Francisco,CA,,2847084,0000 0140 PORTOLA             DR0000,San Francisco,,2019,year_property_built,7.0,number_of_units,MRES,use_code,Multi-Family Residential,use_definition,parsed,parsed,aligned,eligible,DataSF parsed range contains input house number and street matches,2026-10-04T02:11:41+00:00
A0105,12,17,complete,DataSF wv5m-vpq2 (2025 roll),https://data.sfgov.org/resource/wv5m-vpq2.json,2024,140 PORTOLA DR,San Francisco,CA,,2847084,0000 0140 PORTOLA             DR0000,San Francisco,,2019,year_property_built,7.0,number_of_units,MRES,use_code,Multi-Family Residential,use_definition,parsed,parsed,aligned,eligible,DataSF parsed range contains input house number and street matches,2026-10-04T02:11:41+00:00
A0105,13,17,complete,DataSF wv5m-vpq2 (2025 roll),https://data.sfgov.org/resource/wv5m-vpq2.json,2011,140 PORTOLA DR,San Francisco,CA,,2847084,0000 0140 PORTOLA             DR0000,San Francisco,,,year_property_built,0.0,number_of_units,MRES,use_code,Multi-Family Residential,use_definition,parsed,parsed,aligned,eligible,DataSF parsed range contains input house number and street matches,2026-10-04T02:11:41+00:00
A0105,14,17,complete,DataSF wv5m-vpq2 (2025 roll),https://data.sfgov.org/resource/wv5m-vpq2.json,2021,140 PORTOLA DR,San Francisco,CA,,2847084,0000 0140 PORTOLA             DR0000,San Francisco,,2019,year_property_built,7.0,number_of_units,MRES,use_code,Multi-Family Residential,use_definition,parsed,parsed,aligned,eligible,DataSF parsed range contains input house number and street matches,2026-10-04T02:11:41+00:00
A0105,15,17,complete,DataSF wv5m-vpq2 (2025 roll),https://data.sfgov.org/resource/wv5m-vpq2.json,2025,140 PORTOLA DR,San Francisco,CA,,2847084,0000 0140 PORTOLA             DR0000,San Francisco,,2019,year_property_built,7.0,number_of_units,MRES,use_code,Multi-Family Residential,use_definition,parsed,parsed,aligned,eligible,DataSF parsed range contains input house number and street matches,2026-10-04T02:11:41+00:00
A0105,16,17,complete,DataSF wv5m-vpq2 (2025 roll),https://data.sfgov.org/resource/wv5m-vpq2.json,2009,140 PORTOLA DR,San Francisco,CA,,2847084,0000 0140 PORTOLA             DR0000,San Francisco,,,year_property_built,0.0,number_of_units,MRES,use_code,Multi-Family Residential,use_definition,parsed,parsed,aligned,eligible,DataSF parsed range contains input house number and street matches,2026-10-04T02:11:41+00:00
A0105,17,17,complete,DataSF wv5m-vpq2 (2025 roll),https://data.sfgov.org/resource/wv5m-vpq2.json,2010,140 PORTOLA DR,San Francisco,CA,,2847084,0000 0140 PORTOLA             DR0000,San Francisco,,,year_property_built,0.0,number_of_units,MRES,use_code,Multi-Family Residential,use_definition,parsed,parsed,aligned,eligible,DataSF parsed range contains input house number and street matches,2026-10-04T02:11:41+00:00
A0106,1,23,complete,DataSF wv5m-vpq2 (2025 roll),https://data.sfgov.org/resource/wv5m-vpq2.json,2022,250 FREMONT ST,San Francisco,CA,,3737046,0000 0250 FREMONT             ST0000,San Francisco,,,year_property_built,60.0,number_of_units,MRES,use_code,Multi-Family Residential,use_definition,parsed,parsed,aligned,eligible,DataSF parsed range contains input house number and street matches,2026-10-04T02:11:41+00:00
A0106,2,23,complete,DataSF wv5m-vpq2 (2025 roll),https://data.sfgov.org/resource/wv5m-vpq2.json,2024,250 FREMONT ST,San Francisco,CA,,3737045,0000 0250 FREMONT             ST0000,San Francisco,,,year_property_built,20.0,number_of_units,MRES,use_code,Multi-Family Residential,use_definition,parsed,parsed,aligned,eligible,DataSF parsed range contains input house number and street matches,2026-10-04T02:11:41+00:00
A0106,3,23,complete,DataSF wv5m-vpq2 (2025 roll),https://data.sfgov.org/resource/wv5m-vpq2.json,2009,250 FREMONT ST,San Francisco,CA,,3737005,0278 0250 FREMONT             ST0000,San Francisco,,,year_property_built,0.0,number_of_units,MISC,use_code,Miscellaneous/Mixed-Use,use_definition,parsed,parsed,aligned,eligible,DataSF parsed range contains input house number and street matches,2026-10-04T02:11:41+00:00
A0106,4,23,complete,DataSF wv5m-vpq2 (2025 roll),https://data.sfgov.org/resource/wv5m-vpq2.json,2023,250 FREMONT ST,San Francisco,CA,,3737045,0000 0250 FREMONT             ST0000,San Francisco,,,year_property_built,20.0,number_of_units,MRES,use_code,Multi-Family Residential,use_definition,parsed,parsed,aligned,eligible,DataSF parsed range contains input house number and street matches,2026-10-04T02:11:41+00:00
A0106,5,23,complete,DataSF wv5m-vpq2 (2025 roll),https://data.sfgov.org/resource/wv5m-vpq2.json,2011,250 FREMONT ST,San Francisco,CA,,3737005,0278 0250 FREMONT             ST0000,San Francisco,,,year_property_built,0.0,number_of_units,MISC,use_code,Miscellaneous/Mixed-Use,use_definition,parsed,parsed,aligned,eligible,DataSF parsed range contains input house number and street matches,2026-10-04T02:11:41+00:00
A0106,6,23,complete,DataSF wv5m-vpq2 (2025 roll),https://data.sfgov.org/resource/wv5m-vpq2.json,2008,250 FREMONT ST,San Francisco,CA,,3737005,0278 0250 FREMONT             ST0000,San Francisco,,,year_property_built,0.0,number_of_units,MISC,use_code,Miscellaneous/Mixed-Use,use_definition,parsed,parsed,aligned,eligible,DataSF parsed range contains input house number and street matches,2026-10-04T02:11:41+00:00
A0106,7,23,complete,DataSF wv5m-vpq2 (2025 roll),https://data.sfgov.org/resource/wv5m-vpq2.json,2021,250 FREMONT ST,San Francisco,CA,,3737046,0000 0250 FREMONT             ST0000,San Francisco,,,year_property_built,60.0,number_of_units,MRES,use_code,Multi-Family Residential,use_definition,parsed,parsed,aligned,eligible,DataSF parsed range contains input house number and street matches,2026-10-04T02:11:41+00:00
A0106,8,23,complete,DataSF wv5m-vpq2 (2025 roll),https://data.sfgov.org/resource/wv5m-vpq2.json,2014,250 FREMONT ST,San Francisco,CA,,3737005,0278 0250 FREMONT             ST0000,San Francisco,,,year_property_built,0.0,number_of_units,MISC,use_code,Miscellaneous/Mixed-Use,use_definition,parsed,parsed,aligned,eligible,DataSF parsed range contains input house number and street matches,2026-10-04T02:11:41+00:00
A0106,9,23,complete,DataSF wv5m-vpq2 (2025 roll),https://data.sfgov.org/resource/wv5m-vpq2.json,2024,250 FREMONT ST,San Francisco,CA,,3737046,0000 0250 FREMONT             ST0000,San Francisco,,,year_property_built,60.0,number_of_units,MRES,use_code,Multi-Family Residential,use_definition,parsed,parsed,aligned,eligible,DataSF parsed range contains input house number and street matches,2026-10-04T02:11:41+00:00
A0106,10,23,complete,DataSF wv5m-vpq2 (2025 roll),https://data.sfgov.org/resource/wv5m-vpq2.json,2019,250 FREMONT ST,San Francisco,CA,,3737045,0000 0250 FREMONT             ST0000,San Francisco,,,year_property_built,20.0,number_of_units,MRES,use_code,Multi-Family Residential,use_definition,parsed,parsed,aligned,eligible,DataSF parsed range contains input house number and street matches,2026-10-04T02:11:41+00:00
A0106,11,23,complete,DataSF wv5m-vpq2 (2025 roll),https://data.sfgov.org/resource/wv5m-vpq2.json,2020,250 FREMONT ST,San Francisco,CA,,3737046,0000 0250 FREMONT             ST0000,San Francisco,,,year_property_built,60.0,number_of_units,MRES,use_code,Multi-Family Residential,use_definition,parsed,parsed,aligned,eligible,DataSF parsed range contains input house number and street matches,2026-10-04T02:11:41+00:00
A0106,12,23,complete,DataSF wv5m-vpq2 (2025 roll),https://data.sfgov.org/resource/wv5m-vpq2.json,2015,250 FREMONT ST,San Francisco,CA,,3737005,0278 0250 FREMONT             ST0000,San Francisco,,,year_property_built,0.0,number_of_units,MISC,use_code,Miscellaneous/Mixed-Use,use_definition,parsed,parsed,aligned,eligible,DataSF parsed range contains input house number and street matches,2026-10-04T02:11:41+00:00
A0106,13,23,complete,DataSF wv5m-vpq2 (2025 roll),https://data.sfgov.org/resource/wv5m-vpq2.json,2020,250 FREMONT ST,San Francisco,CA,,3737045,0000 0250 FREMONT             ST0000,San Francisco,,,year_property_built,20.0,number_of_units,MRES,use_code,Multi-Family Residential,use_definition,parsed,parsed,aligned,eligible,DataSF parsed range contains input house number and street matches,2026-10-04T02:11:41+00:00
A0106,14,23,complete,DataSF wv5m-vpq2 (2025 roll),https://data.sfgov.org/resource/wv5m-vpq2.json,2007,250 FREMONT ST,San Francisco,CA,,3737005,0278 0250 FREMONT             ST0000,San Francisco,,,year_property_built,0.0,number_of_units,MISC,use_code,Miscellaneous/Mixed-Use,use_definition,parsed,parsed,aligned,eligible,DataSF parsed range contains input house number and street matches,2026-10-04T02:11:41+00:00
A0106,15,23,complete,DataSF wv5m-vpq2 (2025 roll),https://data.sfgov.org/resource/wv5m-vpq2.json,2025,250 FREMONT ST,San Francisco,CA,,3737046,0000 0250 FREMONT             ST0000,San Francisco,,,year_property_built,60.0,number_of_units,MRES,use_code,Multi-Family Residential,use_definition,parsed,parsed,aligned,eligible,DataSF parsed range contains input house number and street matches,2026-10-04T02:11:41+00:00
A0106,16,23,complete,DataSF wv5m-vpq2 (2025 roll),https://data.sfgov.org/resource/wv5m-vpq2.json,2022,250 FREMONT ST,San Francisco,CA,,3737045,0000 0250 FREMONT             ST0000,San Francisco,,,year_property_built,20.0,number_of_units,MRES,use_code,Multi-Family Residential,use_definition,parsed,parsed,aligned,eligible,DataSF parsed range contains input house number and street matches,2026-10-04T02:11:41+00:00
A0106,17,23,complete,DataSF wv5m-vpq2 (2025 roll),https://data.sfgov.org/resource/wv5m-vpq2.json,2019,250 FREMONT ST,San Francisco,CA,,3737046,0000 0250 FREMONT             ST0000,San Francisco,,,year_property_built,60.0,number_of_units,MRES,use_code,Multi-Family Residential,use_definition,parsed,parsed,aligned,eligible,DataSF parsed range contains input house number and street matches,2026-10-04T02:11:41+00:00
A0106,18,23,complete,DataSF wv5m-vpq2 (2025 roll),https://data.sfgov.org/resource/wv5m-vpq2.json,2013,250 FREMONT ST,San Francisco,CA,,3737005,0278 0250 FREMONT             ST0000,San Francisco,,,year_property_built,0.0,number_of_units,MISC,use_code,Miscellaneous/Mixed-Use,use_definition,parsed,parsed,aligned,eligible,DataSF parsed range contains input house number and street matches,2026-10-04T02:11:41+00:00
A0106,19,23,complete,DataSF wv5m-vpq2 (2025 roll),https://data.sfgov.org/resource/wv5m-vpq2.json,2010,250 FREMONT ST,San Francisco,CA,,3737005,0278 0250 FREMONT             ST0000,San Francisco,,,year_property_built,0.0,number_of_units,MISC,use_code,Miscellaneous/Mixed-Use,use_definition,parsed,parsed,aligned,eligible,DataSF parsed range contains input house number and street matches,2026-10-04T02:11:41+00:00
A0106,20,23,complete,DataSF wv5m-vpq2 (2025 roll),https://data.sfgov.org/resource/wv5m-vpq2.json,2021,250 FREMONT ST,San Francisco,CA,,3737045,0000 0250 FREMONT             ST0000,San Francisco,,,year_property_built,20.0,number_of_units,MRES,use_code,Multi-Family Residential,use_definition,parsed,parsed,aligned,eligible,DataSF parsed range contains input house number and street matches,2026-10-04T02:11:41+00:00
A0106,21,23,complete,DataSF wv5m-vpq2 (2025 roll),https://data.sfgov.org/resource/wv5m-vpq2.json,2025,250 FREMONT ST,San Francisco,CA,,3737045,0000 0250 FREMONT             ST0000,San Francisco,,,year_property_built,20.0,number_of_units,MRES,use_code,Multi-Family Residential,use_definition,parsed,parsed,aligned,eligible,DataSF parsed range contains input house number and street matches,2026-10-04T02:11:41+00:00
A0106,22,23,complete,DataSF wv5m-vpq2 (2025 roll),https://data.sfgov.org/resource/wv5m-vpq2.json,2012,250 FREMONT ST,San Francisco,CA,,3737005,0278 0250 FREMONT             ST0000,San Francisco,,,year_property_built,0.0,number_of_units,MISC,use_code,Miscellaneous/Mixed-Use,use_definition,parsed,parsed,aligned,eligible,DataSF parsed range contains input house number and street matches,2026-10-04T02:11:41+00:00
A0106,23,23,complete,DataSF wv5m-vpq2 (2025 roll),https://data.sfgov.org/resource/wv5m-vpq2.json,2023,250 FREMONT ST,San Francisco,CA,,3737046,0000 0250 FREMONT             ST0000,San Francisco,,,year_property_built,60.0,number_of_units,MRES,use_code,Multi-Family Residential,use_definition,parsed,parsed,aligned,eligible,DataSF parsed range contains input house number and street matches,2026-10-04T02:11:41+00:00
A0112,1,7,complete,DataSF wv5m-vpq2 (2025 roll),https://data.sfgov.org/resource/wv5m-vpq2.json,2020,448 BRODERICK ST,San Francisco,CA,,1204027,0464 0448 BRODERICK           ST0000,San Francisco,,1905,year_property_built,9.0,number_of_units,MRES,use_code,Multi-Family Residential,use_definition,parsed,parsed,aligned,eligible,DataSF parsed range contains input house number and street matches,2026-10-04T02:11:41+00:00
A0112,2,7,complete,DataSF wv5m-vpq2 (2025 roll),https://data.sfgov.org/resource/wv5m-vpq2.json,2021,448 BRODERICK ST,San Francisco,CA,,1204027,0464 0448 BRODERICK           ST0000,San Francisco,,1905,year_property_built,9.0,number_of_units,MRES,use_code,Multi-Family Residential,use_definition,parsed,parsed,aligned,eligible,DataSF parsed range contains input house number and street matches,2026-10-04T02:11:41+00:00
A0112,3,7,complete,DataSF wv5m-vpq2 (2025 roll),https://data.sfgov.org/resource/wv5m-vpq2.json,2022,448 BRODERICK ST,San Francisco,CA,,1204027,0464 0448 BRODERICK           ST0000,San Francisco,,1905,year_property_built,9.0,number_of_units,MRES,use_code,Multi-Family Residential,use_definition,parsed,parsed,aligned,eligible,DataSF parsed range contains input house number and street matches,2026-10-04T02:11:41+00:00
A0112,4,7,complete,DataSF wv5m-vpq2 (2025 roll),https://data.sfgov.org/resource/wv5m-vpq2.json,2023,448 BRODERICK ST,San Francisco,CA,,1204027,0464 0448 BRODERICK           ST0000,San Francisco,,1905,year_property_built,9.0,number_of_units,MRES,use_code,Multi-Family Residential,use_definition,parsed,parsed,aligned,eligible,DataSF parsed range contains input house number and street matches,2026-10-04T02:11:41+00:00
A0112,5,7,complete,DataSF wv5m-vpq2 (2025 roll),https://data.sfgov.org/resource/wv5m-vpq2.json,2024,448 BRODERICK ST,San Francisco,CA,,1204027,0464 0448 BRODERICK           ST0000,San Francisco,,1905,year_property_built,9.0,number_of_units,MRES,use_code,Multi-Family Residential,use_definition,parsed,parsed,aligned,eligible,DataSF parsed range contains input house number and street matches,2026-10-04T02:11:41+00:00
A0112,6,7,complete,DataSF wv5m-vpq2 (2025 roll),https://data.sfgov.org/resource/wv5m-vpq2.json,2019,448 BRODERICK ST,San Francisco,CA,,1204027,0464 0448 BRODERICK           ST0000,San Francisco,,1905,year_property_built,9.0,number_of_units,MRES,use_code,Multi-Family Residential,use_definition,parsed,parsed,aligned,eligible,DataSF parsed range contains input house number and street matches,2026-10-04T02:11:41+00:00
A0112,7,7,complete,DataSF wv5m-vpq2 (2025 roll),https://data.sfgov.org/resource/wv5m-vpq2.json,2025,448 BRODERICK ST,San Francisco,CA,,1204027,0464 0448 BRODERICK           ST0000,San Francisco,,1905,year_property_built,9.0,number_of_units,MRES,use_code,Multi-Family Residential,use_definition,parsed,parsed,aligned,eligible,DataSF parsed range contains input house number and street matches,2026-10-04T02:11:41+00:00
A0115,1,19,complete,DataSF wv5m-vpq2 (2025 roll),https://data.sfgov.org/resource/wv5m-vpq2.json,2015,397 05TH AV,San Francisco,CA,,1437016,0000 0397 05TH                AV0000,San Francisco,,1900,year_property_built,6.0,number_of_units,MRES,use_code,Multi-Family Residential,use_definition,parsed,parsed,aligned,eligible,DataSF parsed range contains input house number and street matches,2026-10-04T02:11:41+00:00
A0115,2,19,complete,DataSF wv5m-vpq2 (2025 roll),https://data.sfgov.org/resource/wv5m-vpq2.json,2017,397 05TH AV,San Francisco,CA,,1437016,0000 0397 05TH                AV0000,San Francisco,,1900,year_property_built,6.0,number_of_units,MRES,use_code,Multi-Family Residential,use_definition,parsed,parsed,aligned,eligible,DataSF parsed range contains input house number and street matches,2026-10-04T02:11:41+00:00
A0115,3,19,complete,DataSF wv5m-vpq2 (2025 roll),https://data.sfgov.org/resource/wv5m-vpq2.json,2008,397 05TH AV,San Francisco,CA,,1437016,0000 0397 05TH                AV0000,San Francisco,,1900,year_property_built,6.0,number_of_units,MRES,use_code,Multi-Family Residential,use_definition,parsed,parsed,aligned,eligible,DataSF parsed range contains input house number and street matches,2026-10-04T02:11:41+00:00
A0115,4,19,complete,DataSF wv5m-vpq2 (2025 roll),https://data.sfgov.org/resource/wv5m-vpq2.json,2024,397 05TH AV,San Francisco,CA,,1437016,0000 0397 05TH                AV0000,San Francisco,,1900,year_property_built,6.0,number_of_units,MRES,use_code,Multi-Family Residential,use_definition,parsed,parsed,aligned,eligible,DataSF parsed range contains input house number and street matches,2026-10-04T02:11:41+00:00
A0115,5,19,complete,DataSF wv5m-vpq2 (2025 roll),https://data.sfgov.org/resource/wv5m-vpq2.json,2023,397 05TH AV,San Francisco,CA,,1437016,0000 0397 05TH                AV0000,San Francisco,,1900,year_property_built,6.0,number_of_units,MRES,use_code,Multi-Family Residential,use_definition,parsed,parsed,aligned,eligible,DataSF parsed range contains input house number and street matches,2026-10-04T02:11:41+00:00
A0115,6,19,complete,DataSF wv5m-vpq2 (2025 roll),https://data.sfgov.org/resource/wv5m-vpq2.json,2011,397 05TH AV,San Francisco,CA,,1437016,0000 0397 05TH                AV0000,San Francisco,,1900,year_property_built,6.0,number_of_units,MRES,use_code,Multi-Family Residential,use_definition,parsed,parsed,aligned,eligible,DataSF parsed range contains input house number and street matches,2026-10-04T02:11:41+00:00
A0115,7,19,complete,DataSF wv5m-vpq2 (2025 roll),https://data.sfgov.org/resource/wv5m-vpq2.json,2018,397 05TH AV,San Francisco,CA,,1437016,0000 0397 05TH                AV0000,San Francisco,,1900,year_property_built,6.0,number_of_units,MRES,use_code,Multi-Family Residential,use_definition,parsed,parsed,aligned,eligible,DataSF parsed range contains input house number and street matches,2026-10-04T02:11:41+00:00
A0115,8,19,complete,DataSF wv5m-vpq2 (2025 roll),https://data.sfgov.org/resource/wv5m-vpq2.json,2025,397 05TH AV,San Francisco,CA,,1437016,0000 0397 05TH                AV0000,San Francisco,,1900,year_property_built,6.0,number_of_units,MRES,use_code,Multi-Family Residential,use_definition,parsed,parsed,aligned,eligible,DataSF parsed range contains input house number and street matches,2026-10-04T02:11:41+00:00
A0115,9,19,complete,DataSF wv5m-vpq2 (2025 roll),https://data.sfgov.org/resource/wv5m-vpq2.json,2019,397 05TH AV,San Francisco,CA,,1437016,0000 0397 05TH                AV0000,San Francisco,,1900,year_property_built,6.0,number_of_units,MRES,use_code,Multi-Family Residential,use_definition,parsed,parsed,aligned,eligible,DataSF parsed range contains input house number and street matches,2026-10-04T02:11:41+00:00
A0115,10,19,complete,DataSF wv5m-vpq2 (2025 roll),https://data.sfgov.org/resource/wv5m-vpq2.json,2022,397 05TH AV,San Francisco,CA,,1437016,0000 0397 05TH                AV0000,San Francisco,,1900,year_property_built,6.0,number_of_units,MRES,use_code,Multi-Family Residential,use_definition,parsed,parsed,aligned,eligible,DataSF parsed range contains input house number and street matches,2026-10-04T02:11:41+00:00
A0115,11,19,complete,DataSF wv5m-vpq2 (2025 roll),https://data.sfgov.org/resource/wv5m-vpq2.json,2014,397 05TH AV,San Francisco,CA,,1437016,0000 0397 05TH                AV0000,San Francisco,,1900,year_property_built,6.0,number_of_units,MRES,use_code,Multi-Family Residential,use_definition,parsed,parsed,aligned,eligible,DataSF parsed range contains input house number and street matches,2026-10-04T02:11:41+00:00
A0115,12,19,complete,DataSF wv5m-vpq2 (2025 roll),https://data.sfgov.org/resource/wv5m-vpq2.json,2020,397 05TH AV,San Francisco,CA,,1437016,0000 0397 05TH                AV0000,San Francisco,,1900,year_property_built,6.0,number_of_units,MRES,use_code,Multi-Family Residential,use_definition,parsed,parsed,aligned,eligible,DataSF parsed range contains input house number and street matches,2026-10-04T02:11:41+00:00
A0115,13,19,complete,DataSF wv5m-vpq2 (2025 roll),https://data.sfgov.org/resource/wv5m-vpq2.json,2013,397 05TH AV,San Francisco,CA,,1437016,0000 0397 05TH                AV0000,San Francisco,,1900,year_property_built,6.0,number_of_units,MRES,use_code,Multi-Family Residential,use_definition,parsed,parsed,aligned,eligible,DataSF parsed range contains input house number and street matches,2026-10-04T02:11:41+00:00
A0115,14,19,complete,DataSF wv5m-vpq2 (2025 roll),https://data.sfgov.org/resource/wv5m-vpq2.json,2010,397 05TH AV,San Francisco,CA,,1437016,0000 0397 05TH                AV0000,San Francisco,,1900,year_property_built,6.0,number_of_units,MRES,use_code,Multi-Family Residential,use_definition,parsed,parsed,aligned,eligible,DataSF parsed range contains input house number and street matches,2026-10-04T02:11:41+00:00
A0115,15,19,complete,DataSF wv5m-vpq2 (2025 roll),https://data.sfgov.org/resource/wv5m-vpq2.json,2007,397 05TH AV,San Francisco,CA,,1437016,0000 0397 05TH                AV0000,San Francisco,,1900,year_property_built,6.0,number_of_units,MRES,use_code,Multi-Family Residential,use_definition,parsed,parsed,aligned,eligible,DataSF parsed range contains input house number and street matches,2026-10-04T02:11:41+00:00
A0115,16,19,complete,DataSF wv5m-vpq2 (2025 roll),https://data.sfgov.org/resource/wv5m-vpq2.json,2021,397 05TH AV,San Francisco,CA,,1437016,0000 0397 05TH                AV0000,San Francisco,,1900,year_property_built,6.0,number_of_units,MRES,use_code,Multi-Family Residential,use_definition,parsed,parsed,aligned,eligible,DataSF parsed range contains input house number and street matches,2026-10-04T02:11:41+00:00
A0115,17,19,complete,DataSF wv5m-vpq2 (2025 roll),https://data.sfgov.org/resource/wv5m-vpq2.json,2009,397 05TH AV,San Francisco,CA,,1437016,0000 0397 05TH                AV0000,San Francisco,,1900,year_property_built,6.0,number_of_units,MRES,use_code,Multi-Family Residential,use_definition,parsed,parsed,aligned,eligible,DataSF parsed range contains input house number and street matches,2026-10-04T02:11:41+00:00
A0115,18,19,complete,DataSF wv5m-vpq2 (2025 roll),https://data.sfgov.org/resource/wv5m-vpq2.json,2016,397 05TH AV,San Francisco,CA,,1437016,0000 0397 05TH                AV0000,San Francisco,,1900,year_property_built,6.0,number_of_units,MRES,use_code,Multi-Family Residential,use_definition,parsed,parsed,aligned,eligible,DataSF parsed range contains input house number and street matches,2026-10-04T02:11:41+00:00
A0115,19,19,complete,DataSF wv5m-vpq2 (2025 roll),https://data.sfgov.org/resource/wv5m-vpq2.json,2012,397 05TH AV,San Francisco,CA,,1437016,0000 0397 05TH                AV0000,San Francisco,,1900,year_property_built,6.0,number_of_units,MRES,use_code,Multi-Family Residential,use_definition,parsed,parsed,aligned,eligible,DataSF parsed range contains input house number and street matches,2026-10-04T02:11:41+00:00
A0126,1,19,complete,DataSF wv5m-vpq2 (2025 roll),https://data.sfgov.org/resource/wv5m-vpq2.json,2014,1350 POTRERO AV,San Francisco,CA,,4276019,1356 1350 POTRERO             AV0000,San Francisco,,1927,year_property_built,8.0,number_of_units,MRES,use_code,Multi-Family Residential,use_definition,parsed,parsed,aligned,eligible,DataSF parsed range contains input house number and street matches,2026-10-04T02:11:41+00:00
A0126,2,19,complete,DataSF wv5m-vpq2 (2025 roll),https://data.sfgov.org/resource/wv5m-vpq2.json,2008,1350 POTRERO AV,San Francisco,CA,,4276019,1356 1350 POTRERO             AV0000,San Francisco,,1927,year_property_built,8.0,number_of_units,MRES,use_code,Multi-Family Residential,use_definition,parsed,parsed,aligned,eligible,DataSF parsed range contains input house number and street matches,2026-10-04T02:11:41+00:00
A0126,3,19,complete,DataSF wv5m-vpq2 (2025 roll),https://data.sfgov.org/resource/wv5m-vpq2.json,2017,1350 POTRERO AV,San Francisco,CA,,4276019,1356 1350 POTRERO             AV0000,San Francisco,,1927,year_property_built,8.0,number_of_units,MRES,use_code,Multi-Family Residential,use_definition,parsed,parsed,aligned,eligible,DataSF parsed range contains input house number and street matches,2026-10-04T02:11:41+00:00
A0126,4,19,complete,DataSF wv5m-vpq2 (2025 roll),https://data.sfgov.org/resource/wv5m-vpq2.json,2009,1350 POTRERO AV,San Francisco,CA,,4276019,1356 1350 POTRERO             AV0000,San Francisco,,1927,year_property_built,8.0,number_of_units,MRES,use_code,Multi-Family Residential,use_definition,parsed,parsed,aligned,eligible,DataSF parsed range contains input house number and street matches,2026-10-04T02:11:41+00:00
A0126,5,19,complete,DataSF wv5m-vpq2 (2025 roll),https://data.sfgov.org/resource/wv5m-vpq2.json,2013,1350 POTRERO AV,San Francisco,CA,,4276019,1356 1350 POTRERO             AV0000,San Francisco,,1927,year_property_built,8.0,number_of_units,MRES,use_code,Multi-Family Residential,use_definition,parsed,parsed,aligned,eligible,DataSF parsed range contains input house number and street matches,2026-10-04T02:11:41+00:00
A0126,6,19,complete,DataSF wv5m-vpq2 (2025 roll),https://data.sfgov.org/resource/wv5m-vpq2.json,2019,1350 POTRERO AV,San Francisco,CA,,4276019,1356 1350 POTRERO             AV0000,San Francisco,,1927,year_property_built,8.0,number_of_units,MRES,use_code,Multi-Family Residential,use_definition,parsed,parsed,aligned,eligible,DataSF parsed range contains input house number and street matches,2026-10-04T02:11:41+00:00
A0126,7,19,complete,DataSF wv5m-vpq2 (2025 roll),https://data.sfgov.org/resource/wv5m-vpq2.json,2022,1350 POTRERO AV,San Francisco,CA,,4276019,1356 1350 POTRERO             AV0000,San Francisco,,1927,year_property_built,8.0,number_of_units,MRES,use_code,Multi-Family Residential,use_definition,parsed,parsed,aligned,eligible,DataSF parsed range contains input house number and street matches,2026-10-04T02:11:41+00:00
A0126,8,19,complete,DataSF wv5m-vpq2 (2025 roll),https://data.sfgov.org/resource/wv5m-vpq2.json,2024,1350 POTRERO AV,San Francisco,CA,,4276019,1356 1350 POTRERO             AV0000,San Francisco,,1927,year_property_built,8.0,number_of_units,MRES,use_code,Multi-Family Residential,use_definition,parsed,parsed,aligned,eligible,DataSF parsed range contains input house number and street matches,2026-10-04T02:11:41+00:00
A0126,9,19,complete,DataSF wv5m-vpq2 (2025 roll),https://data.sfgov.org/resource/wv5m-vpq2.json,2010,1350 POTRERO AV,San Francisco,CA,,4276019,1356 1350 POTRERO             AV0000,San Francisco,,1927,year_property_built,8.0,number_of_units,MRES,use_code,Multi-Family Residential,use_definition,parsed,parsed,aligned,eligible,DataSF parsed range contains input house number and street matches,2026-10-04T02:11:41+00:00
A0126,10,19,complete,DataSF wv5m-vpq2 (2025 roll),https://data.sfgov.org/resource/wv5m-vpq2.json,2021,1350 POTRERO AV,San Francisco,CA,,4276019,1356 1350 POTRERO             AV0000,San Francisco,,1927,year_property_built,8.0,number_of_units,MRES,use_code,Multi-Family Residential,use_definition,parsed,parsed,aligned,eligible,DataSF parsed range contains input house number and street matches,2026-10-04T02:11:41+00:00
A0126,11,19,complete,DataSF wv5m-vpq2 (2025 roll),https://data.sfgov.org/resource/wv5m-vpq2.json,2020,1350 POTRERO AV,San Francisco,CA,,4276019,1356 1350 POTRERO             AV0000,San Francisco,,1927,year_property_built,8.0,number_of_units,MRES,use_code,Multi-Family Residential,use_definition,parsed,parsed,aligned,eligible,DataSF parsed range contains input house number and street matches,2026-10-04T02:11:41+00:00
A0126,12,19,complete,DataSF wv5m-vpq2 (2025 roll),https://data.sfgov.org/resource/wv5m-vpq2.json,2012,1350 POTRERO AV,San Francisco,CA,,4276019,1356 1350 POTRERO             AV0000,San Francisco,,1927,year_property_built,8.0,number_of_units,MRES,use_code,Multi-Family Residential,use_definition,parsed,parsed,aligned,eligible,DataSF parsed range contains input house number and street matches,2026-10-04T02:11:41+00:00
A0126,13,19,complete,DataSF wv5m-vpq2 (2025 roll),https://data.sfgov.org/resource/wv5m-vpq2.json,2025,1350 POTRERO AV,San Francisco,CA,,4276019,1356 1350 POTRERO             AV0000,San Francisco,,1927,year_property_built,8.0,number_of_units,MRES,use_code,Multi-Family Residential,use_definition,parsed,parsed,aligned,eligible,DataSF parsed range contains input house number and street matches,2026-10-04T02:11:41+00:00
A0126,14,19,complete,DataSF wv5m-vpq2 (2025 roll),https://data.sfgov.org/resource/wv5m-vpq2.json,2023,1350 POTRERO AV,San Francisco,CA,,4276019,1356 1350 POTRERO             AV0000,San Francisco,,1927,year_property_built,8.0,number_of_units,MRES,use_code,Multi-Family Residential,use_definition,parsed,parsed,aligned,eligible,DataSF parsed range contains input house number and street matches,2026-10-04T02:11:41+00:00
A0126,15,19,complete,DataSF wv5m-vpq2 (2025 roll),https://data.sfgov.org/resource/wv5m-vpq2.json,2016,1350 POTRERO AV,San Francisco,CA,,4276019,1356 1350 POTRERO             AV0000,San Francisco,,1927,year_property_built,8.0,number_of_units,MRES,use_code,Multi-Family Residential,use_definition,parsed,parsed,aligned,eligible,DataSF parsed range contains input house number and street matches,2026-10-04T02:11:41+00:00
A0126,16,19,complete,DataSF wv5m-vpq2 (2025 roll),https://data.sfgov.org/resource/wv5m-vpq2.json,2007,1350 POTRERO AV,San Francisco,CA,,4276019,1356 1350 POTRERO             AV0000,San Francisco,,1927,year_property_built,8.0,number_of_units,MRES,use_code,Multi-Family Residential,use_definition,parsed,parsed,aligned,eligible,DataSF parsed range contains input house number and street matches,2026-10-04T02:11:41+00:00
A0126,17,19,complete,DataSF wv5m-vpq2 (2025 roll),https://data.sfgov.org/resource/wv5m-vpq2.json,2011,1350 POTRERO AV,San Francisco,CA,,4276019,1356 1350 POTRERO             AV0000,San Francisco,,1927,year_property_built,8.0,number_of_units,MRES,use_code,Multi-Family Residential,use_definition,parsed,parsed,aligned,eligible,DataSF parsed range contains input house number and street matches,2026-10-04T02:11:41+00:00
A0126,18,19,complete,DataSF wv5m-vpq2 (2025 roll),https://data.sfgov.org/resource/wv5m-vpq2.json,2018,1350 POTRERO AV,San Francisco,CA,,4276019,1356 1350 POTRERO             AV0000,San Francisco,,1927,year_property_built,8.0,number_of_units,MRES,use_code,Multi-Family Residential,use_definition,parsed,parsed,aligned,eligible,DataSF parsed range contains input house number and street matches,2026-10-04T02:11:41+00:00
A0126,19,19,complete,DataSF wv5m-vpq2 (2025 roll),https://data.sfgov.org/resource/wv5m-vpq2.json,2015,1350 POTRERO AV,San Francisco,CA,,4276019,1356 1350 POTRERO             AV0000,San Francisco,,1927,year_property_built,8.0,number_of_units,MRES,use_code,Multi-Family Residential,use_definition,parsed,parsed,aligned,eligible,DataSF parsed range contains input house number and street matches,2026-10-04T02:11:41+00:00
A0135,1,19,complete,DataSF wv5m-vpq2 (2025 roll),https://data.sfgov.org/resource/wv5m-vpq2.json,2014,843 CLAY ST,San Francisco,CA,,0225020,0853 0843 CLAY                ST0000,San Francisco,,1908,year_property_built,29.0,number_of_units,MRES,use_code,Multi-Family Residential,use_definition,parsed,parsed,aligned,eligible,DataSF parsed range contains input house number and street matches,2026-10-04T02:11:41+00:00
A0135,2,19,complete,DataSF wv5m-vpq2 (2025 roll),https://data.sfgov.org/resource/wv5m-vpq2.json,2020,843 CLAY ST,San Francisco,CA,,0225020,0853 0843 CLAY                ST0000,San Francisco,,1908,year_property_built,29.0,number_of_units,MRES,use_code,Multi-Family Residential,use_definition,parsed,parsed,aligned,eligible,DataSF parsed range contains input house number and street matches,2026-10-04T02:11:41+00:00
A0135,3,19,complete,DataSF wv5m-vpq2 (2025 roll),https://data.sfgov.org/resource/wv5m-vpq2.json,2010,843 CLAY ST,San Francisco,CA,,0225020,0853 0843 CLAY                ST0000,San Francisco,,1908,year_property_built,29.0,number_of_units,MRES,use_code,Multi-Family Residential,use_definition,parsed,parsed,aligned,eligible,DataSF parsed range contains input house number and street matches,2026-10-04T02:11:41+00:00
A0135,4,19,complete,DataSF wv5m-vpq2 (2025 roll),https://data.sfgov.org/resource/wv5m-vpq2.json,2018,843 CLAY ST,San Francisco,CA,,0225020,0853 0843 CLAY                ST0000,San Francisco,,1908,year_property_built,29.0,number_of_units,MRES,use_code,Multi-Family Residential,use_definition,parsed,parsed,aligned,eligible,DataSF parsed range contains input house number and street matches,2026-10-04T02:11:41+00:00
A0135,5,19,complete,DataSF wv5m-vpq2 (2025 roll),https://data.sfgov.org/resource/wv5m-vpq2.json,2011,843 CLAY ST,San Francisco,CA,,0225020,0853 0843 CLAY                ST0000,San Francisco,,1908,year_property_built,29.0,number_of_units,MRES,use_code,Multi-Family Residential,use_definition,parsed,parsed,aligned,eligible,DataSF parsed range contains input house number and street matches,2026-10-04T02:11:41+00:00
A0135,6,19,complete,DataSF wv5m-vpq2 (2025 roll),https://data.sfgov.org/resource/wv5m-vpq2.json,2025,843 CLAY ST,San Francisco,CA,,0225020,0853 0843 CLAY                ST0000,San Francisco,,1908,year_property_built,29.0,number_of_units,MRES,use_code,Multi-Family Residential,use_definition,parsed,parsed,aligned,eligible,DataSF parsed range contains input house number and street matches,2026-10-04T02:11:41+00:00
A0135,7,19,complete,DataSF wv5m-vpq2 (2025 roll),https://data.sfgov.org/resource/wv5m-vpq2.json,2012,843 CLAY ST,San Francisco,CA,,0225020,0853 0843 CLAY                ST0000,San Francisco,,1908,year_property_built,29.0,number_of_units,MRES,use_code,Multi-Family Residential,use_definition,parsed,parsed,aligned,eligible,DataSF parsed range contains input house number and street matches,2026-10-04T02:11:41+00:00
A0135,8,19,complete,DataSF wv5m-vpq2 (2025 roll),https://data.sfgov.org/resource/wv5m-vpq2.json,2016,843 CLAY ST,San Francisco,CA,,0225020,0853 0843 CLAY                ST0000,San Francisco,,1908,year_property_built,29.0,number_of_units,MRES,use_code,Multi-Family Residential,use_definition,parsed,parsed,aligned,eligible,DataSF parsed range contains input house number and street matches,2026-10-04T02:11:41+00:00
A0135,9,19,complete,DataSF wv5m-vpq2 (2025 roll),https://data.sfgov.org/resource/wv5m-vpq2.json,2023,843 CLAY ST,San Francisco,CA,,0225020,0853 0843 CLAY                ST0000,San Francisco,,1908,year_property_built,29.0,number_of_units,MRES,use_code,Multi-Family Residential,use_definition,parsed,parsed,aligned,eligible,DataSF parsed range contains input house number and street matches,2026-10-04T02:11:41+00:00
A0135,10,19,complete,DataSF wv5m-vpq2 (2025 roll),https://data.sfgov.org/resource/wv5m-vpq2.json,2019,843 CLAY ST,San Francisco,CA,,0225020,0853 0843 CLAY                ST0000,San Francisco,,1908,year_property_built,29.0,number_of_units,MRES,use_code,Multi-Family Residential,use_definition,parsed,parsed,aligned,eligible,DataSF parsed range contains input house number and street matches,2026-10-04T02:11:41+00:00
A0135,11,19,complete,DataSF wv5m-vpq2 (2025 roll),https://data.sfgov.org/resource/wv5m-vpq2.json,2021,843 CLAY ST,San Francisco,CA,,0225020,0853 0843 CLAY                ST0000,San Francisco,,1908,year_property_built,29.0,number_of_units,MRES,use_code,Multi-Family Residential,use_definition,parsed,parsed,aligned,eligible,DataSF parsed range contains input house number and street matches,2026-10-04T02:11:41+00:00
A0135,12,19,complete,DataSF wv5m-vpq2 (2025 roll),https://data.sfgov.org/resource/wv5m-vpq2.json,2022,843 CLAY ST,San Francisco,CA,,0225020,0853 0843 CLAY                ST0000,San Francisco,,1908,year_property_built,29.0,number_of_units,MRES,use_code,Multi-Family Residential,use_definition,parsed,parsed,aligned,eligible,DataSF parsed range contains input house number and street matches,2026-10-04T02:11:41+00:00
A0135,13,19,complete,DataSF wv5m-vpq2 (2025 roll),https://data.sfgov.org/resource/wv5m-vpq2.json,2015,843 CLAY ST,San Francisco,CA,,0225020,0853 0843 CLAY                ST0000,San Francisco,,1908,year_property_built,29.0,number_of_units,MRES,use_code,Multi-Family Residential,use_definition,parsed,parsed,aligned,eligible,DataSF parsed range contains input house number and street matches,2026-10-04T02:11:41+00:00
A0135,14,19,complete,DataSF wv5m-vpq2 (2025 roll),https://data.sfgov.org/resource/wv5m-vpq2.json,2024,843 CLAY ST,San Francisco,CA,,0225020,0853 0843 CLAY                ST0000,San Francisco,,1908,year_property_built,29.0,number_of_units,MRES,use_code,Multi-Family Residential,use_definition,parsed,parsed,aligned,eligible,DataSF parsed range contains input house number and street matches,2026-10-04T02:11:41+00:00
A0135,15,19,complete,DataSF wv5m-vpq2 (2025 roll),https://data.sfgov.org/resource/wv5m-vpq2.json,2008,843 CLAY ST,San Francisco,CA,,0225020,0853 0843 CLAY                ST0000,San Francisco,,1908,year_property_built,29.0,number_of_units,MRES,use_code,Multi-Family Residential,use_definition,parsed,parsed,aligned,eligible,DataSF parsed range contains input house number and street matches,2026-10-04T02:11:41+00:00
A0135,16,19,complete,DataSF wv5m-vpq2 (2025 roll),https://data.sfgov.org/resource/wv5m-vpq2.json,2009,843 CLAY ST,San Francisco,CA,,0225020,0853 0843 CLAY                ST0000,San Francisco,,1908,year_property_built,29.0,number_of_units,MRES,use_code,Multi-Family Residential,use_definition,parsed,parsed,aligned,eligible,DataSF parsed range contains input house number and street matches,2026-10-04T02:11:41+00:00
A0135,17,19,complete,DataSF wv5m-vpq2 (2025 roll),https://data.sfgov.org/resource/wv5m-vpq2.json,2007,843 CLAY ST,San Francisco,CA,,0225020,0853 0843 CLAY                ST0000,San Francisco,,1908,year_property_built,29.0,number_of_units,MRES,use_code,Multi-Family Residential,use_definition,parsed,parsed,aligned,eligible,DataSF parsed range contains input house number and street matches,2026-10-04T02:11:41+00:00
A0135,18,19,complete,DataSF wv5m-vpq2 (2025 roll),https://data.sfgov.org/resource/wv5m-vpq2.json,2013,843 CLAY ST,San Francisco,CA,,0225020,0853 0843 CLAY                ST0000,San Francisco,,1908,year_property_built,29.0,number_of_units,MRES,use_code,Multi-Family Residential,use_definition,parsed,parsed,aligned,eligible,DataSF parsed range contains input house number and street matches,2026-10-04T02:11:41+00:00
A0135,19,19,complete,DataSF wv5m-vpq2 (2025 roll),https://data.sfgov.org/resource/wv5m-vpq2.json,2017,843 CLAY ST,San Francisco,CA,,0225020,0853 0843 CLAY                ST0000,San Francisco,,1908,year_property_built,29.0,number_of_units,MRES,use_code,Multi-Family Residential,use_definition,parsed,parsed,aligned,eligible,DataSF parsed range contains input house number and street matches,2026-10-04T02:11:41+00:00
A0141,1,19,complete,DataSF wv5m-vpq2 (2025 roll),https://data.sfgov.org/resource/wv5m-vpq2.json,2010,2601 43RD AV,San Francisco,CA,,2453020,0000 2601 43RD                AV0000,San Francisco,,1974,year_property_built,8.0,number_of_units,MRES,use_code,Multi-Family Residential,use_definition,parsed,parsed,aligned,eligible,DataSF parsed range contains input house number and street matches,2026-10-04T02:11:41+00:00
A0141,2,19,complete,DataSF wv5m-vpq2 (2025 roll),https://data.sfgov.org/resource/wv5m-vpq2.json,2020,2601 43RD AV,San Francisco,CA,,2453020,0000 2601 43RD                AV0000,San Francisco,,1974,year_property_built,8.0,number_of_units,MRES,use_code,Multi-Family Residential,use_definition,parsed,parsed,aligned,eligible,DataSF parsed range contains input house number and street matches,2026-10-04T02:11:41+00:00
A0141,3,19,complete,DataSF wv5m-vpq2 (2025 roll),https://data.sfgov.org/resource/wv5m-vpq2.json,2011,2601 43RD AV,San Francisco,CA,,2453020,0000 2601 43RD                AV0000,San Francisco,,1974,year_property_built,8.0,number_of_units,MRES,use_code,Multi-Family Residential,use_definition,parsed,parsed,aligned,eligible,DataSF parsed range contains input house number and street matches,2026-10-04T02:11:41+00:00
A0141,4,19,complete,DataSF wv5m-vpq2 (2025 roll),https://data.sfgov.org/resource/wv5m-vpq2.json,2015,2601 43RD AV,San Francisco,CA,,2453020,0000 2601 43RD                AV0000,San Francisco,,1974,year_property_built,8.0,number_of_units,MRES,use_code,Multi-Family Residential,use_definition,parsed,parsed,aligned,eligible,DataSF parsed range contains input house number and street matches,2026-10-04T02:11:41+00:00
A0141,5,19,complete,DataSF wv5m-vpq2 (2025 roll),https://data.sfgov.org/resource/wv5m-vpq2.json,2018,2601 43RD AV,San Francisco,CA,,2453020,0000 2601 43RD                AV0000,San Francisco,,1974,year_property_built,8.0,number_of_units,MRES,use_code,Multi-Family Residential,use_definition,parsed,parsed,aligned,eligible,DataSF parsed range contains input house number and street matches,2026-10-04T02:11:41+00:00
A0141,6,19,complete,DataSF wv5m-vpq2 (2025 roll),https://data.sfgov.org/resource/wv5m-vpq2.json,2012,2601 43RD AV,San Francisco,CA,,2453020,0000 2601 43RD                AV0000,San Francisco,,1974,year_property_built,8.0,number_of_units,MRES,use_code,Multi-Family Residential,use_definition,parsed,parsed,aligned,eligible,DataSF parsed range contains input house number and street matches,2026-10-04T02:11:41+00:00
A0141,7,19,complete,DataSF wv5m-vpq2 (2025 roll),https://data.sfgov.org/resource/wv5m-vpq2.json,2021,2601 43RD AV,San Francisco,CA,,2453020,0000 2601 43RD                AV0000,San Francisco,,1974,year_property_built,8.0,number_of_units,MRES,use_code,Multi-Family Residential,use_definition,parsed,parsed,aligned,eligible,DataSF parsed range contains input house number and street matches,2026-10-04T02:11:41+00:00
A0141,8,19,complete,DataSF wv5m-vpq2 (2025 roll),https://data.sfgov.org/resource/wv5m-vpq2.json,2023,2601 43RD AV,San Francisco,CA,,2453020,0000 2601 43RD                AV0000,San Francisco,,1974,year_property_built,8.0,number_of_units,MRES,use_code,Multi-Family Residential,use_definition,parsed,parsed,aligned,eligible,DataSF parsed range contains input house number and street matches,2026-10-04T02:11:41+00:00
A0141,9,19,complete,DataSF wv5m-vpq2 (2025 roll),https://data.sfgov.org/resource/wv5m-vpq2.json,2017,2601 43RD AV,San Francisco,CA,,2453020,0000 2601 43RD                AV0000,San Francisco,,1974,year_property_built,8.0,number_of_units,MRES,use_code,Multi-Family Residential,use_definition,parsed,parsed,aligned,eligible,DataSF parsed range contains input house number and street matches,2026-10-04T02:11:41+00:00
A0141,10,19,complete,DataSF wv5m-vpq2 (2025 roll),https://data.sfgov.org/resource/wv5m-vpq2.json,2014,2601 43RD AV,San Francisco,CA,,2453020,0000 2601 43RD                AV0000,San Francisco,,1974,year_property_built,8.0,number_of_units,MRES,use_code,Multi-Family Residential,use_definition,parsed,parsed,aligned,eligible,DataSF parsed range contains input house number and street matches,2026-10-04T02:11:41+00:00
A0141,11,19,complete,DataSF wv5m-vpq2 (2025 roll),https://data.sfgov.org/resource/wv5m-vpq2.json,2022,2601 43RD AV,San Francisco,CA,,2453020,0000 2601 43RD                AV0000,San Francisco,,1974,year_property_built,8.0,number_of_units,MRES,use_code,Multi-Family Residential,use_definition,parsed,parsed,aligned,eligible,DataSF parsed range contains input house number and street matches,2026-10-04T02:11:41+00:00
A0141,12,19,complete,DataSF wv5m-vpq2 (2025 roll),https://data.sfgov.org/resource/wv5m-vpq2.json,2016,2601 43RD AV,San Francisco,CA,,2453020,0000 2601 43RD                AV0000,San Francisco,,1974,year_property_built,8.0,number_of_units,MRES,use_code,Multi-Family Residential,use_definition,parsed,parsed,aligned,eligible,DataSF parsed range contains input house number and street matches,2026-10-04T02:11:41+00:00
A0141,13,19,complete,DataSF wv5m-vpq2 (2025 roll),https://data.sfgov.org/resource/wv5m-vpq2.json,2024,2601 43RD AV,San Francisco,CA,,2453020,0000 2601 43RD                AV0000,San Francisco,,1974,year_property_built,8.0,number_of_units,MRES,use_code,Multi-Family Residential,use_definition,parsed,parsed,aligned,eligible,DataSF parsed range contains input house number and street matches,2026-10-04T02:11:41+00:00
A0141,14,19,complete,DataSF wv5m-vpq2 (2025 roll),https://data.sfgov.org/resource/wv5m-vpq2.json,2009,2601 43RD AV,San Francisco,CA,,2453020,0000 2601 43RD                AV0000,San Francisco,,1974,year_property_built,8.0,number_of_units,MRES,use_code,Multi-Family Residential,use_definition,parsed,parsed,aligned,eligible,DataSF parsed range contains input house number and street matches,2026-10-04T02:11:41+00:00
A0141,15,19,complete,DataSF wv5m-vpq2 (2025 roll),https://data.sfgov.org/resource/wv5m-vpq2.json,2025,2601 43RD AV,San Francisco,CA,,2453020,0000 2601 43RD                AV0000,San Francisco,,1974,year_property_built,8.0,number_of_units,MRES,use_code,Multi-Family Residential,use_definition,parsed,parsed,aligned,eligible,DataSF parsed range contains input house number and street matches,2026-10-04T02:11:41+00:00
A0141,16,19,complete,DataSF wv5m-vpq2 (2025 roll),https://data.sfgov.org/resource/wv5m-vpq2.json,2019,2601 43RD AV,San Francisco,CA,,2453020,0000 2601 43RD                AV0000,San Francisco,,1974,year_property_built,8.0,number_of_units,MRES,use_code,Multi-Family Residential,use_definition,parsed,parsed,aligned,eligible,DataSF parsed range contains input house number and street matches,2026-10-04T02:11:41+00:00
A0141,17,19,complete,DataSF wv5m-vpq2 (2025 roll),https://data.sfgov.org/resource/wv5m-vpq2.json,2013,2601 43RD AV,San Francisco,CA,,2453020,0000 2601 43RD                AV0000,San Francisco,,1974,year_property_built,8.0,number_of_units,MRES,use_code,Multi-Family Residential,use_definition,parsed,parsed,aligned,eligible,DataSF parsed range contains input house number and street matches,2026-10-04T02:11:41+00:00
A0141,18,19,complete,DataSF wv5m-vpq2 (2025 roll),https://data.sfgov.org/resource/wv5m-vpq2.json,2008,2601 43RD AV,San Francisco,CA,,2453020,0000 2601 43RD                AV0000,San Francisco,,1974,year_property_built,8.0,number_of_units,MRES,use_code,Multi-Family Residential,use_definition,parsed,parsed,aligned,eligible,DataSF parsed range contains input house number and street matches,2026-10-04T02:11:41+00:00
A0141,19,19,complete,DataSF wv5m-vpq2 (2025 roll),https://data.sfgov.org/resource/wv5m-vpq2.json,2007,2601 43RD AV,San Francisco,CA,,2453020,0000 2601 43RD                AV0000,San Francisco,,1974,year_property_built,8.0,number_of_units,MRES,use_code,Multi-Family Residential,use_definition,parsed,parsed,aligned,eligible,DataSF parsed range contains input house number and street matches,2026-10-04T02:11:41+00:00
A0147,1,19,complete,DataSF wv5m-vpq2 (2025 roll),https://data.sfgov.org/resource/wv5m-vpq2.json,2023,2850 GOLDEN GATE AV,San Francisco,CA,,1142014,0000 2850 GOLDEN GATE         AV0000,San Francisco,,1900,year_property_built,5.0,number_of_units,MRES,use_code,Multi-Family Residential,use_definition,parsed,parsed,aligned,eligible,DataSF parsed range contains input house number and street matches,2026-10-04T02:11:41+00:00
A0147,2,19,complete,DataSF wv5m-vpq2 (2025 roll),https://data.sfgov.org/resource/wv5m-vpq2.json,2018,2850 GOLDEN GATE AV,San Francisco,CA,,1142014,0000 2850 GOLDEN GATE         AV0000,San Francisco,,1900,year_property_built,5.0,number_of_units,MRES,use_code,Multi-Family Residential,use_definition,parsed,parsed,aligned,eligible,DataSF parsed range contains input house number and street matches,2026-10-04T02:11:41+00:00
A0147,3,19,complete,DataSF wv5m-vpq2 (2025 roll),https://data.sfgov.org/resource/wv5m-vpq2.json,2021,2850 GOLDEN GATE AV,San Francisco,CA,,1142014,0000 2850 GOLDEN GATE         AV0000,San Francisco,,1900,year_property_built,5.0,number_of_units,MRES,use_code,Multi-Family Residential,use_definition,parsed,parsed,aligned,eligible,DataSF parsed range contains input house number and street matches,2026-10-04T02:11:41+00:00
A0147,4,19,complete,DataSF wv5m-vpq2 (2025 roll),https://data.sfgov.org/resource/wv5m-vpq2.json,2012,2850 GOLDEN GATE AV,San Francisco,CA,,1142014,0000 2850 GOLDEN GATE         AV0000,San Francisco,,1900,year_property_built,5.0,number_of_units,MRES,use_code,Multi-Family Residential,use_definition,parsed,parsed,aligned,eligible,DataSF parsed range contains input house number and street matches,2026-10-04T02:11:41+00:00
A0147,5,19,complete,DataSF wv5m-vpq2 (2025 roll),https://data.sfgov.org/resource/wv5m-vpq2.json,2011,2850 GOLDEN GATE AV,San Francisco,CA,,1142014,0000 2850 GOLDEN GATE         AV0000,San Francisco,,1900,year_property_built,5.0,number_of_units,MRES,use_code,Multi-Family Residential,use_definition,parsed,parsed,aligned,eligible,DataSF parsed range contains input house number and street matches,2026-10-04T02:11:41+00:00
A0147,6,19,complete,DataSF wv5m-vpq2 (2025 roll),https://data.sfgov.org/resource/wv5m-vpq2.json,2017,2850 GOLDEN GATE AV,San Francisco,CA,,1142014,0000 2850 GOLDEN GATE         AV0000,San Francisco,,1900,year_property_built,5.0,number_of_units,MRES,use_code,Multi-Family Residential,use_definition,parsed,parsed,aligned,eligible,DataSF parsed range contains input house number and street matches,2026-10-04T02:11:41+00:00
A0147,7,19,complete,DataSF wv5m-vpq2 (2025 roll),https://data.sfgov.org/resource/wv5m-vpq2.json,2016,2850 GOLDEN GATE AV,San Francisco,CA,,1142014,0000 2850 GOLDEN GATE         AV0000,San Francisco,,1900,year_property_built,5.0,number_of_units,MRES,use_code,Multi-Family Residential,use_definition,parsed,parsed,aligned,eligible,DataSF parsed range contains input house number and street matches,2026-10-04T02:11:41+00:00
A0147,8,19,complete,DataSF wv5m-vpq2 (2025 roll),https://data.sfgov.org/resource/wv5m-vpq2.json,2020,2850 GOLDEN GATE AV,San Francisco,CA,,1142014,0000 2850 GOLDEN GATE         AV0000,San Francisco,,1900,year_property_built,5.0,number_of_units,MRES,use_code,Multi-Family Residential,use_definition,parsed,parsed,aligned,eligible,DataSF parsed range contains input house number and street matches,2026-10-04T02:11:41+00:00
A0147,9,19,complete,DataSF wv5m-vpq2 (2025 roll),https://data.sfgov.org/resource/wv5m-vpq2.json,2022,2850 GOLDEN GATE AV,San Francisco,CA,,1142014,0000 2850 GOLDEN GATE         AV0000,San Francisco,,1900,year_property_built,5.0,number_of_units,MRES,use_code,Multi-Family Residential,use_definition,parsed,parsed,aligned,eligible,DataSF parsed range contains input house number and street matches,2026-10-04T02:11:41+00:00
A0147,10,19,complete,DataSF wv5m-vpq2 (2025 roll),https://data.sfgov.org/resource/wv5m-vpq2.json,2008,2850 GOLDEN GATE AV,San Francisco,CA,,1142014,0000 2850 GOLDEN GATE         AV0000,San Francisco,,1900,year_property_built,5.0,number_of_units,MRES,use_code,Multi-Family Residential,use_definition,parsed,parsed,aligned,eligible,DataSF parsed range contains input house number and street matches,2026-10-04T02:11:41+00:00
A0147,11,19,complete,DataSF wv5m-vpq2 (2025 roll),https://data.sfgov.org/resource/wv5m-vpq2.json,2007,2850 GOLDEN GATE AV,San Francisco,CA,,1142014,0000 2850 GOLDEN GATE         AV0000,San Francisco,,1900,year_property_built,5.0,number_of_units,MRES,use_code,Multi-Family Residential,use_definition,parsed,parsed,aligned,eligible,DataSF parsed range contains input house number and street matches,2026-10-04T02:11:41+00:00
A0147,12,19,complete,DataSF wv5m-vpq2 (2025 roll),https://data.sfgov.org/resource/wv5m-vpq2.json,2010,2850 GOLDEN GATE AV,San Francisco,CA,,1142014,0000 2850 GOLDEN GATE         AV0000,San Francisco,,1900,year_property_built,5.0,number_of_units,MRES,use_code,Multi-Family Residential,use_definition,parsed,parsed,aligned,eligible,DataSF parsed range contains input house number and street matches,2026-10-04T02:11:41+00:00
A0147,13,19,complete,DataSF wv5m-vpq2 (2025 roll),https://data.sfgov.org/resource/wv5m-vpq2.json,2015,2850 GOLDEN GATE AV,San Francisco,CA,,1142014,0000 2850 GOLDEN GATE         AV0000,San Francisco,,1900,year_property_built,5.0,number_of_units,MRES,use_code,Multi-Family Residential,use_definition,parsed,parsed,aligned,eligible,DataSF parsed range contains input house number and street matches,2026-10-04T02:11:41+00:00
A0147,14,19,complete,DataSF wv5m-vpq2 (2025 roll),https://data.sfgov.org/resource/wv5m-vpq2.json,2019,2850 GOLDEN GATE AV,San Francisco,CA,,1142014,0000 2850 GOLDEN GATE         AV0000,San Francisco,,1900,year_property_built,5.0,number_of_units,MRES,use_code,Multi-Family Residential,use_definition,parsed,parsed,aligned,eligible,DataSF parsed range contains input house number and street matches,2026-10-04T02:11:41+00:00
A0147,15,19,complete,DataSF wv5m-vpq2 (2025 roll),https://data.sfgov.org/resource/wv5m-vpq2.json,2014,2850 GOLDEN GATE AV,San Francisco,CA,,1142014,0000 2850 GOLDEN GATE         AV0000,San Francisco,,1900,year_property_built,5.0,number_of_units,MRES,use_code,Multi-Family Residential,use_definition,parsed,parsed,aligned,eligible,DataSF parsed range contains input house number and street matches,2026-10-04T02:11:41+00:00
A0147,16,19,complete,DataSF wv5m-vpq2 (2025 roll),https://data.sfgov.org/resource/wv5m-vpq2.json,2025,2850 GOLDEN GATE AV,San Francisco,CA,,1142014,0000 2850 GOLDEN GATE         AV0000,San Francisco,,1900,year_property_built,5.0,number_of_units,MRES,use_code,Multi-Family Residential,use_definition,parsed,parsed,aligned,eligible,DataSF parsed range contains input house number and street matches,2026-10-04T02:11:41+00:00
A0147,17,19,complete,DataSF wv5m-vpq2 (2025 roll),https://data.sfgov.org/resource/wv5m-vpq2.json,2013,2850 GOLDEN GATE AV,San Francisco,CA,,1142014,0000 2850 GOLDEN GATE         AV0000,San Francisco,,1900,year_property_built,5.0,number_of_units,MRES,use_code,Multi-Family Residential,use_definition,parsed,parsed,aligned,eligible,DataSF parsed range contains input house number and street matches,2026-10-04T02:11:41+00:00
A0147,18,19,complete,DataSF wv5m-vpq2 (2025 roll),https://data.sfgov.org/resource/wv5m-vpq2.json,2024,2850 GOLDEN GATE AV,San Francisco,CA,,1142014,0000 2850 GOLDEN GATE         AV0000,San Francisco,,1900,year_property_built,5.0,number_of_units,MRES,use_code,Multi-Family Residential,use_definition,parsed,parsed,aligned,eligible,DataSF parsed range contains input house number and street matches,2026-10-04T02:11:41+00:00
A0147,19,19,complete,DataSF wv5m-vpq2 (2025 roll),https://data.sfgov.org/resource/wv5m-vpq2.json,2009,2850 GOLDEN GATE AV,San Francisco,CA,,1142014,0000 2850 GOLDEN GATE         AV0000,San Francisco,,1900,year_property_built,5.0,number_of_units,MRES,use_code,Multi-Family Residential,use_definition,parsed,parsed,aligned,eligible,DataSF parsed range contains input house number and street matches,2026-10-04T02:11:41+00:00
A0156,1,19,complete,DataSF wv5m-vpq2 (2025 roll),https://data.sfgov.org/resource/wv5m-vpq2.json,2019,290 GREEN ST,San Francisco,CA,,0113016A,0000 0290 GREEN               ST0000,San Francisco,,1927,year_property_built,9.0,number_of_units,MRES,use_code,Multi-Family Residential,use_definition,parsed,parsed,aligned,eligible,DataSF parsed range contains input house number and street matches,2026-10-04T02:11:41+00:00
A0156,2,19,complete,DataSF wv5m-vpq2 (2025 roll),https://data.sfgov.org/resource/wv5m-vpq2.json,2013,290 GREEN ST,San Francisco,CA,,0113016A,0000 0290 GREEN               ST0000,San Francisco,,1927,year_property_built,9.0,number_of_units,MRES,use_code,Multi-Family Residential,use_definition,parsed,parsed,aligned,eligible,DataSF parsed range contains input house number and street matches,2026-10-04T02:11:41+00:00
A0156,3,19,complete,DataSF wv5m-vpq2 (2025 roll),https://data.sfgov.org/resource/wv5m-vpq2.json,2023,290 GREEN ST,San Francisco,CA,,0113016A,0000 0290 GREEN               ST0000,San Francisco,,1927,year_property_built,9.0,number_of_units,MRES,use_code,Multi-Family Residential,use_definition,parsed,parsed,aligned,eligible,DataSF parsed range contains input house number and street matches,2026-10-04T02:11:41+00:00
A0156,4,19,complete,DataSF wv5m-vpq2 (2025 roll),https://data.sfgov.org/resource/wv5m-vpq2.json,2011,290 GREEN ST,San Francisco,CA,,0113016A,0000 0290 GREEN               ST0000,San Francisco,,1927,year_property_built,9.0,number_of_units,MRES,use_code,Multi-Family Residential,use_definition,parsed,parsed,aligned,eligible,DataSF parsed range contains input house number and street matches,2026-10-04T02:11:41+00:00
A0156,5,19,complete,DataSF wv5m-vpq2 (2025 roll),https://data.sfgov.org/resource/wv5m-vpq2.json,2010,290 GREEN ST,San Francisco,CA,,0113016A,0000 0290 GREEN               ST0000,San Francisco,,1927,year_property_built,9.0,number_of_units,MRES,use_code,Multi-Family Residential,use_definition,parsed,parsed,aligned,eligible,DataSF parsed range contains input house number and street matches,2026-10-04T02:11:41+00:00
A0156,6,19,complete,DataSF wv5m-vpq2 (2025 roll),https://data.sfgov.org/resource/wv5m-vpq2.json,2021,290 GREEN ST,San Francisco,CA,,0113016A,0000 0290 GREEN               ST0000,San Francisco,,1927,year_property_built,9.0,number_of_units,MRES,use_code,Multi-Family Residential,use_definition,parsed,parsed,aligned,eligible,DataSF parsed range contains input house number and street matches,2026-10-04T02:11:41+00:00
A0156,7,19,complete,DataSF wv5m-vpq2 (2025 roll),https://data.sfgov.org/resource/wv5m-vpq2.json,2008,290 GREEN ST,San Francisco,CA,,0113016A,0000 0290 GREEN               ST0000,San Francisco,,1927,year_property_built,9.0,number_of_units,MRES,use_code,Multi-Family Residential,use_definition,parsed,parsed,aligned,eligible,DataSF parsed range contains input house number and street matches,2026-10-04T02:11:41+00:00
A0156,8,19,complete,DataSF wv5m-vpq2 (2025 roll),https://data.sfgov.org/resource/wv5m-vpq2.json,2017,290 GREEN ST,San Francisco,CA,,0113016A,0000 0290 GREEN               ST0000,San Francisco,,1927,year_property_built,9.0,number_of_units,MRES,use_code,Multi-Family Residential,use_definition,parsed,parsed,aligned,eligible,DataSF parsed range contains input house number and street matches,2026-10-04T02:11:41+00:00
A0156,9,19,complete,DataSF wv5m-vpq2 (2025 roll),https://data.sfgov.org/resource/wv5m-vpq2.json,2015,290 GREEN ST,San Francisco,CA,,0113016A,0000 0290 GREEN               ST0000,San Francisco,,1927,year_property_built,9.0,number_of_units,MRES,use_code,Multi-Family Residential,use_definition,parsed,parsed,aligned,eligible,DataSF parsed range contains input house number and street matches,2026-10-04T02:11:41+00:00
A0156,10,19,complete,DataSF wv5m-vpq2 (2025 roll),https://data.sfgov.org/resource/wv5m-vpq2.json,2012,290 GREEN ST,San Francisco,CA,,0113016A,0000 0290 GREEN               ST0000,San Francisco,,1927,year_property_built,9.0,number_of_units,MRES,use_code,Multi-Family Residential,use_definition,parsed,parsed,aligned,eligible,DataSF parsed range contains input house number and street matches,2026-10-04T02:11:41+00:00
A0156,11,19,complete,DataSF wv5m-vpq2 (2025 roll),https://data.sfgov.org/resource/wv5m-vpq2.json,2025,290 GREEN ST,San Francisco,CA,,0113016A,0000 0290 GREEN               ST0000,San Francisco,,1927,year_property_built,9.0,number_of_units,MRES,use_code,Multi-Family Residential,use_definition,parsed,parsed,aligned,eligible,DataSF parsed range contains input house number and street matches,2026-10-04T02:11:41+00:00
A0156,12,19,complete,DataSF wv5m-vpq2 (2025 roll),https://data.sfgov.org/resource/wv5m-vpq2.json,2022,290 GREEN ST,San Francisco,CA,,0113016A,0000 0290 GREEN               ST0000,San Francisco,,1927,year_property_built,9.0,number_of_units,MRES,use_code,Multi-Family Residential,use_definition,parsed,parsed,aligned,eligible,DataSF parsed range contains input house number and street matches,2026-10-04T02:11:41+00:00
A0156,13,19,complete,DataSF wv5m-vpq2 (2025 roll),https://data.sfgov.org/resource/wv5m-vpq2.json,2009,290 GREEN ST,San Francisco,CA,,0113016A,0000 0290 GREEN               ST0000,San Francisco,,1927,year_property_built,9.0,number_of_units,MRES,use_code,Multi-Family Residential,use_definition,parsed,parsed,aligned,eligible,DataSF parsed range contains input house number and street matches,2026-10-04T02:11:41+00:00
A0156,14,19,complete,DataSF wv5m-vpq2 (2025 roll),https://data.sfgov.org/resource/wv5m-vpq2.json,2024,290 GREEN ST,San Francisco,CA,,0113016A,0000 0290 GREEN               ST0000,San Francisco,,1927,year_property_built,9.0,number_of_units,MRES,use_code,Multi-Family Residential,use_definition,parsed,parsed,aligned,eligible,DataSF parsed range contains input house number and street matches,2026-10-04T02:11:41+00:00
A0156,15,19,complete,DataSF wv5m-vpq2 (2025 roll),https://data.sfgov.org/resource/wv5m-vpq2.json,2018,290 GREEN ST,San Francisco,CA,,0113016A,0000 0290 GREEN               ST0000,San Francisco,,1927,year_property_built,9.0,number_of_units,MRES,use_code,Multi-Family Residential,use_definition,parsed,parsed,aligned,eligible,DataSF parsed range contains input house number and street matches,2026-10-04T02:11:41+00:00
A0156,16,19,complete,DataSF wv5m-vpq2 (2025 roll),https://data.sfgov.org/resource/wv5m-vpq2.json,2014,290 GREEN ST,San Francisco,CA,,0113016A,0000 0290 GREEN               ST0000,San Francisco,,1927,year_property_built,9.0,number_of_units,MRES,use_code,Multi-Family Residential,use_definition,parsed,parsed,aligned,eligible,DataSF parsed range contains input house number and street matches,2026-10-04T02:11:41+00:00
A0156,17,19,complete,DataSF wv5m-vpq2 (2025 roll),https://data.sfgov.org/resource/wv5m-vpq2.json,2020,290 GREEN ST,San Francisco,CA,,0113016A,0000 0290 GREEN               ST0000,San Francisco,,1927,year_property_built,9.0,number_of_units,MRES,use_code,Multi-Family Residential,use_definition,parsed,parsed,aligned,eligible,DataSF parsed range contains input house number and street matches,2026-10-04T02:11:41+00:00
A0156,18,19,complete,DataSF wv5m-vpq2 (2025 roll),https://data.sfgov.org/resource/wv5m-vpq2.json,2016,290 GREEN ST,San Francisco,CA,,0113016A,0000 0290 GREEN               ST0000,San Francisco,,1927,year_property_built,9.0,number_of_units,MRES,use_code,Multi-Family Residential,use_definition,parsed,parsed,aligned,eligible,DataSF parsed range contains input house number and street matches,2026-10-04T02:11:41+00:00
A0156,19,19,complete,DataSF wv5m-vpq2 (2025 roll),https://data.sfgov.org/resource/wv5m-vpq2.json,2007,290 GREEN ST,San Francisco,CA,,0113016A,0000 0290 GREEN               ST0000,San Francisco,,1927,year_property_built,9.0,number_of_units,MRES,use_code,Multi-Family Residential,use_definition,parsed,parsed,aligned,eligible,DataSF parsed range contains input house number and street matches,2026-10-04T02:11:41+00:00
A0164,1,8,complete,DataSF wv5m-vpq2 (2025 roll),https://data.sfgov.org/resource/wv5m-vpq2.json,2023,725 14TH ST,San Francisco,CA,,3542038,0735 0725 14TH                ST0000,San Francisco,,1911,year_property_built,6.0,number_of_units,MRES,use_code,Multi-Family Residential,use_definition,parsed,parsed,aligned,eligible,DataSF parsed range contains input house number and street matches,2026-10-04T02:11:41+00:00
A0164,2,8,complete,DataSF wv5m-vpq2 (2025 roll),https://data.sfgov.org/resource/wv5m-vpq2.json,2024,725 14TH ST,San Francisco,CA,,3542038,0735 0725 14TH                ST0000,San Francisco,,1911,year_property_built,6.0,number_of_units,MRES,use_code,Multi-Family Residential,use_definition,parsed,parsed,aligned,eligible,DataSF parsed range contains input house number and street matches,2026-10-04T02:11:41+00:00
A0164,3,8,complete,DataSF wv5m-vpq2 (2025 roll),https://data.sfgov.org/resource/wv5m-vpq2.json,2025,725 14TH ST,San Francisco,CA,,3542038,0735 0725 14TH                ST0000,San Francisco,,1911,year_property_built,6.0,number_of_units,MRES,use_code,Multi-Family Residential,use_definition,parsed,parsed,aligned,eligible,DataSF parsed range contains input house number and street matches,2026-10-04T02:11:41+00:00
A0164,4,8,complete,DataSF wv5m-vpq2 (2025 roll),https://data.sfgov.org/resource/wv5m-vpq2.json,2018,725 14TH ST,San Francisco,CA,,3542038,0735 0725 14TH                ST0000,San Francisco,,1911,year_property_built,6.0,number_of_units,MRES,use_code,Multi-Family Residential,use_definition,parsed,parsed,aligned,eligible,DataSF parsed range contains input house number and street matches,2026-10-04T02:11:41+00:00
A0164,5,8,complete,DataSF wv5m-vpq2 (2025 roll),https://data.sfgov.org/resource/wv5m-vpq2.json,2019,725 14TH ST,San Francisco,CA,,3542038,0735 0725 14TH                ST0000,San Francisco,,1911,year_property_built,6.0,number_of_units,MRES,use_code,Multi-Family Residential,use_definition,parsed,parsed,aligned,eligible,DataSF parsed range contains input house number and street matches,2026-10-04T02:11:41+00:00
A0164,6,8,complete,DataSF wv5m-vpq2 (2025 roll),https://data.sfgov.org/resource/wv5m-vpq2.json,2022,725 14TH ST,San Francisco,CA,,3542038,0735 0725 14TH                ST0000,San Francisco,,1911,year_property_built,6.0,number_of_units,MRES,use_code,Multi-Family Residential,use_definition,parsed,parsed,aligned,eligible,DataSF parsed range contains input house number and street matches,2026-10-04T02:11:41+00:00
A0164,7,8,complete,DataSF wv5m-vpq2 (2025 roll),https://data.sfgov.org/resource/wv5m-vpq2.json,2020,725 14TH ST,San Francisco,CA,,3542038,0735 0725 14TH                ST0000,San Francisco,,1911,year_property_built,6.0,number_of_units,MRES,use_code,Multi-Family Residential,use_definition,parsed,parsed,aligned,eligible,DataSF parsed range contains input house number and street matches,2026-10-04T02:11:41+00:00
A0164,8,8,complete,DataSF wv5m-vpq2 (2025 roll),https://data.sfgov.org/resource/wv5m-vpq2.json,2021,725 14TH ST,San Francisco,CA,,3542038,0735 0725 14TH                ST0000,San Francisco,,1911,year_property_built,6.0,number_of_units,MRES,use_code,Multi-Family Residential,use_definition,parsed,parsed,aligned,eligible,DataSF parsed range contains input house number and street matches,2026-10-04T02:11:41+00:00
A0192,1,19,complete,DataSF wv5m-vpq2 (2025 roll),https://data.sfgov.org/resource/wv5m-vpq2.json,2025,780 POST ST,San Francisco,CA,,0299009,0000 0780 POST                ST0000,San Francisco,,1916,year_property_built,36.0,number_of_units,MRES,use_code,Multi-Family Residential,use_definition,parsed,parsed,aligned,eligible,DataSF parsed range contains input house number and street matches,2026-10-04T02:11:41+00:00
A0192,2,19,complete,DataSF wv5m-vpq2 (2025 roll),https://data.sfgov.org/resource/wv5m-vpq2.json,2022,780 POST ST,San Francisco,CA,,0299009,0000 0780 POST                ST0000,San Francisco,,1916,year_property_built,36.0,number_of_units,MRES,use_code,Multi-Family Residential,use_definition,parsed,parsed,aligned,eligible,DataSF parsed range contains input house number and street matches,2026-10-04T02:11:41+00:00
A0192,3,19,complete,DataSF wv5m-vpq2 (2025 roll),https://data.sfgov.org/resource/wv5m-vpq2.json,2015,780 POST ST,San Francisco,CA,,0299009,0000 0780 POST                ST0000,San Francisco,,1916,year_property_built,36.0,number_of_units,MRES,use_code,Multi-Family Residential,use_definition,parsed,parsed,aligned,eligible,DataSF parsed range contains input house number and street matches,2026-10-04T02:11:41+00:00
A0192,4,19,complete,DataSF wv5m-vpq2 (2025 roll),https://data.sfgov.org/resource/wv5m-vpq2.json,2008,780 POST ST,San Francisco,CA,,0299009,0000 0780 POST                ST0000,San Francisco,,1916,year_property_built,36.0,number_of_units,MRES,use_code,Multi-Family Residential,use_definition,parsed,parsed,aligned,eligible,DataSF parsed range contains input house number and street matches,2026-10-04T02:11:41+00:00
A0192,5,19,complete,DataSF wv5m-vpq2 (2025 roll),https://data.sfgov.org/resource/wv5m-vpq2.json,2024,780 POST ST,San Francisco,CA,,0299009,0000 0780 POST                ST0000,San Francisco,,1916,year_property_built,36.0,number_of_units,MRES,use_code,Multi-Family Residential,use_definition,parsed,parsed,aligned,eligible,DataSF parsed range contains input house number and street matches,2026-10-04T02:11:41+00:00
A0192,6,19,complete,DataSF wv5m-vpq2 (2025 roll),https://data.sfgov.org/resource/wv5m-vpq2.json,2021,780 POST ST,San Francisco,CA,,0299009,0000 0780 POST                ST0000,San Francisco,,1916,year_property_built,36.0,number_of_units,MRES,use_code,Multi-Family Residential,use_definition,parsed,parsed,aligned,eligible,DataSF parsed range contains input house number and street matches,2026-10-04T02:11:41+00:00
A0192,7,19,complete,DataSF wv5m-vpq2 (2025 roll),https://data.sfgov.org/resource/wv5m-vpq2.json,2011,780 POST ST,San Francisco,CA,,0299009,0000 0780 POST                ST0000,San Francisco,,1916,year_property_built,36.0,number_of_units,MRES,use_code,Multi-Family Residential,use_definition,parsed,parsed,aligned,eligible,DataSF parsed range contains input house number and street matches,2026-10-04T02:11:41+00:00
A0192,8,19,complete,DataSF wv5m-vpq2 (2025 roll),https://data.sfgov.org/resource/wv5m-vpq2.json,2017,780 POST ST,San Francisco,CA,,0299009,0000 0780 POST                ST0000,San Francisco,,1916,year_property_built,36.0,number_of_units,MRES,use_code,Multi-Family Residential,use_definition,parsed,parsed,aligned,eligible,DataSF parsed range contains input house number and street matches,2026-10-04T02:11:41+00:00
A0192,9,19,complete,DataSF wv5m-vpq2 (2025 roll),https://data.sfgov.org/resource/wv5m-vpq2.json,2013,780 POST ST,San Francisco,CA,,0299009,0000 0780 POST                ST0000,San Francisco,,1916,year_property_built,36.0,number_of_units,MRES,use_code,Multi-Family Residential,use_definition,parsed,parsed,aligned,eligible,DataSF parsed range contains input house number and street matches,2026-10-04T02:11:41+00:00
A0192,10,19,complete,DataSF wv5m-vpq2 (2025 roll),https://data.sfgov.org/resource/wv5m-vpq2.json,2018,780 POST ST,San Francisco,CA,,0299009,0000 0780 POST                ST0000,San Francisco,,1916,year_property_built,36.0,number_of_units,MRES,use_code,Multi-Family Residential,use_definition,parsed,parsed,aligned,eligible,DataSF parsed range contains input house number and street matches,2026-10-04T02:11:41+00:00
A0192,11,19,complete,DataSF wv5m-vpq2 (2025 roll),https://data.sfgov.org/resource/wv5m-vpq2.json,2023,780 POST ST,San Francisco,CA,,0299009,0000 0780 POST                ST0000,San Francisco,,1916,year_property_built,36.0,number_of_units,MRES,use_code,Multi-Family Residential,use_definition,parsed,parsed,aligned,eligible,DataSF parsed range contains input house number and street matches,2026-10-04T02:11:41+00:00
A0192,12,19,complete,DataSF wv5m-vpq2 (2025 roll),https://data.sfgov.org/resource/wv5m-vpq2.json,2020,780 POST ST,San Francisco,CA,,0299009,0000 0780 POST                ST0000,San Francisco,,1916,year_property_built,36.0,number_of_units,MRES,use_code,Multi-Family Residential,use_definition,parsed,parsed,aligned,eligible,DataSF parsed range contains input house number and street matches,2026-10-04T02:11:41+00:00
A0192,13,19,complete,DataSF wv5m-vpq2 (2025 roll),https://data.sfgov.org/resource/wv5m-vpq2.json,2010,780 POST ST,San Francisco,CA,,0299009,0000 0780 POST                ST0000,San Francisco,,1916,year_property_built,36.0,number_of_units,MRES,use_code,Multi-Family Residential,use_definition,parsed,parsed,aligned,eligible,DataSF parsed range contains input house number and street matches,2026-10-04T02:11:41+00:00
A0192,14,19,complete,DataSF wv5m-vpq2 (2025 roll),https://data.sfgov.org/resource/wv5m-vpq2.json,2007,780 POST ST,San Francisco,CA,,0299009,0000 0780 POST                ST0000,San Francisco,,1916,year_property_built,36.0,number_of_units,MRES,use_code,Multi-Family Residential,use_definition,parsed,parsed,aligned,eligible,DataSF parsed range contains input house number and street matches,2026-10-04T02:11:41+00:00
A0192,15,19,complete,DataSF wv5m-vpq2 (2025 roll),https://data.sfgov.org/resource/wv5m-vpq2.json,2016,780 POST ST,San Francisco,CA,,0299009,0000 0780 POST                ST0000,San Francisco,,1916,year_property_built,36.0,number_of_units,MRES,use_code,Multi-Family Residential,use_definition,parsed,parsed,aligned,eligible,DataSF parsed range contains input house number and street matches,2026-10-04T02:11:41+00:00
A0192,16,19,complete,DataSF wv5m-vpq2 (2025 roll),https://data.sfgov.org/resource/wv5m-vpq2.json,2009,780 POST ST,San Francisco,CA,,0299009,0000 0780 POST                ST0000,San Francisco,,1916,year_property_built,36.0,number_of_units,MRES,use_code,Multi-Family Residential,use_definition,parsed,parsed,aligned,eligible,DataSF parsed range contains input house number and street matches,2026-10-04T02:11:41+00:00
A0192,17,19,complete,DataSF wv5m-vpq2 (2025 roll),https://data.sfgov.org/resource/wv5m-vpq2.json,2019,780 POST ST,San Francisco,CA,,0299009,0000 0780 POST                ST0000,San Francisco,,1916,year_property_built,36.0,number_of_units,MRES,use_code,Multi-Family Residential,use_definition,parsed,parsed,aligned,eligible,DataSF parsed range contains input house number and street matches,2026-10-04T02:11:41+00:00
A0192,18,19,complete,DataSF wv5m-vpq2 (2025 roll),https://data.sfgov.org/resource/wv5m-vpq2.json,2014,780 POST ST,San Francisco,CA,,0299009,0000 0780 POST                ST0000,San Francisco,,1916,year_property_built,36.0,number_of_units,MRES,use_code,Multi-Family Residential,use_definition,parsed,parsed,aligned,eligible,DataSF parsed range contains input house number and street matches,2026-10-04T02:11:41+00:00
A0192,19,19,complete,DataSF wv5m-vpq2 (2025 roll),https://data.sfgov.org/resource/wv5m-vpq2.json,2012,780 POST ST,San Francisco,CA,,0299009,0000 0780 POST                ST0000,San Francisco,,1916,year_property_built,36.0,number_of_units,MRES,use_code,Multi-Family Residential,use_definition,parsed,parsed,aligned,eligible,DataSF parsed range contains input house number and street matches,2026-10-04T02:11:41+00:00
A0202,1,19,complete,DataSF wv5m-vpq2 (2025 roll),https://data.sfgov.org/resource/wv5m-vpq2.json,2011,1446 JACKSON ST,San Francisco,CA,,0185013,0000 1446 JACKSON             ST0000,San Francisco,,1907,year_property_built,6.0,number_of_units,MRES,use_code,Multi-Family Residential,use_definition,parsed,parsed,aligned,eligible,DataSF parsed range contains input house number and street matches,2026-10-04T02:11:41+00:00
A0202,2,19,complete,DataSF wv5m-vpq2 (2025 roll),https://data.sfgov.org/resource/wv5m-vpq2.json,2007,1446 JACKSON ST,San Francisco,CA,,0185013,0000 1446 JACKSON             ST0000,San Francisco,,1907,year_property_built,6.0,number_of_units,MRES,use_code,Multi-Family Residential,use_definition,parsed,parsed,aligned,eligible,DataSF parsed range contains input house number and street matches,2026-10-04T02:11:41+00:00
A0202,3,19,complete,DataSF wv5m-vpq2 (2025 roll),https://data.sfgov.org/resource/wv5m-vpq2.json,2010,1446 JACKSON ST,San Francisco,CA,,0185013,0000 1446 JACKSON             ST0000,San Francisco,,1907,year_property_built,6.0,number_of_units,MRES,use_code,Multi-Family Residential,use_definition,parsed,parsed,aligned,eligible,DataSF parsed range contains input house number and street matches,2026-10-04T02:11:41+00:00
A0202,4,19,complete,DataSF wv5m-vpq2 (2025 roll),https://data.sfgov.org/resource/wv5m-vpq2.json,2015,1446 JACKSON ST,San Francisco,CA,,0185013,0000 1446 JACKSON             ST0000,San Francisco,,1907,year_property_built,6.0,number_of_units,MRES,use_code,Multi-Family Residential,use_definition,parsed,parsed,aligned,eligible,DataSF parsed range contains input house number and street matches,2026-10-04T02:11:41+00:00
A0202,5,19,complete,DataSF wv5m-vpq2 (2025 roll),https://data.sfgov.org/resource/wv5m-vpq2.json,2013,1446 JACKSON ST,San Francisco,CA,,0185013,0000 1446 JACKSON             ST0000,San Francisco,,1907,year_property_built,6.0,number_of_units,MRES,use_code,Multi-Family Residential,use_definition,parsed,parsed,aligned,eligible,DataSF parsed range contains input house number and street matches,2026-10-04T02:11:41+00:00
A0202,6,19,complete,DataSF wv5m-vpq2 (2025 roll),https://data.sfgov.org/resource/wv5m-vpq2.json,2017,1446 JACKSON ST,San Francisco,CA,,0185013,0000 1446 JACKSON             ST0000,San Francisco,,1907,year_property_built,6.0,number_of_units,MRES,use_code,Multi-Family Residential,use_definition,parsed,parsed,aligned,eligible,DataSF parsed range contains input house number and street matches,2026-10-04T02:11:41+00:00
A0202,7,19,complete,DataSF wv5m-vpq2 (2025 roll),https://data.sfgov.org/resource/wv5m-vpq2.json,2008,1446 JACKSON ST,San Francisco,CA,,0185013,0000 1446 JACKSON             ST0000,San Francisco,,1907,year_property_built,6.0,number_of_units,MRES,use_code,Multi-Family Residential,use_definition,parsed,parsed,aligned,eligible,DataSF parsed range contains input house number and street matches,2026-10-04T02:11:41+00:00
A0202,8,19,complete,DataSF wv5m-vpq2 (2025 roll),https://data.sfgov.org/resource/wv5m-vpq2.json,2023,1446 JACKSON ST,San Francisco,CA,,0185013,0000 1446 JACKSON             ST0000,San Francisco,,1907,year_property_built,6.0,number_of_units,MRES,use_code,Multi-Family Residential,use_definition,parsed,parsed,aligned,eligible,DataSF parsed range contains input house number and street matches,2026-10-04T02:11:41+00:00
A0202,9,19,complete,DataSF wv5m-vpq2 (2025 roll),https://data.sfgov.org/resource/wv5m-vpq2.json,2022,1446 JACKSON ST,San Francisco,CA,,0185013,0000 1446 JACKSON             ST0000,San Francisco,,1907,year_property_built,6.0,number_of_units,MRES,use_code,Multi-Family Residential,use_definition,parsed,parsed,aligned,eligible,DataSF parsed range contains input house number and street matches,2026-10-04T02:11:41+00:00
A0202,10,19,complete,DataSF wv5m-vpq2 (2025 roll),https://data.sfgov.org/resource/wv5m-vpq2.json,2020,1446 JACKSON ST,San Francisco,CA,,0185013,0000 1446 JACKSON             ST0000,San Francisco,,1907,year_property_built,6.0,number_of_units,MRES,use_code,Multi-Family Residential,use_definition,parsed,parsed,aligned,eligible,DataSF parsed range contains input house number and street matches,2026-10-04T02:11:41+00:00
A0202,11,19,complete,DataSF wv5m-vpq2 (2025 roll),https://data.sfgov.org/resource/wv5m-vpq2.json,2012,1446 JACKSON ST,San Francisco,CA,,0185013,0000 1446 JACKSON             ST0000,San Francisco,,1907,year_property_built,6.0,number_of_units,MRES,use_code,Multi-Family Residential,use_definition,parsed,parsed,aligned,eligible,DataSF parsed range contains input house number and street matches,2026-10-04T02:11:41+00:00
A0202,12,19,complete,DataSF wv5m-vpq2 (2025 roll),https://data.sfgov.org/resource/wv5m-vpq2.json,2018,1446 JACKSON ST,San Francisco,CA,,0185013,0000 1446 JACKSON             ST0000,San Francisco,,1907,year_property_built,6.0,number_of_units,MRES,use_code,Multi-Family Residential,use_definition,parsed,parsed,aligned,eligible,DataSF parsed range contains input house number and street matches,2026-10-04T02:11:41+00:00
A0202,13,19,complete,DataSF wv5m-vpq2 (2025 roll),https://data.sfgov.org/resource/wv5m-vpq2.json,2014,1446 JACKSON ST,San Francisco,CA,,0185013,0000 1446 JACKSON             ST0000,San Francisco,,1907,year_property_built,6.0,number_of_units,MRES,use_code,Multi-Family Residential,use_definition,parsed,parsed,aligned,eligible,DataSF parsed range contains input house number and street matches,2026-10-04T02:11:41+00:00
A0202,14,19,complete,DataSF wv5m-vpq2 (2025 roll),https://data.sfgov.org/resource/wv5m-vpq2.json,2009,1446 JACKSON ST,San Francisco,CA,,0185013,0000 1446 JACKSON             ST0000,San Francisco,,1907,year_property_built,6.0,number_of_units,MRES,use_code,Multi-Family Residential,use_definition,parsed,parsed,aligned,eligible,DataSF parsed range contains input house number and street matches,2026-10-04T02:11:41+00:00
A0202,15,19,complete,DataSF wv5m-vpq2 (2025 roll),https://data.sfgov.org/resource/wv5m-vpq2.json,2025,1446 JACKSON ST,San Francisco,CA,,0185013,0000 1446 JACKSON             ST0000,San Francisco,,1907,year_property_built,6.0,number_of_units,MRES,use_code,Multi-Family Residential,use_definition,parsed,parsed,aligned,eligible,DataSF parsed range contains input house number and street matches,2026-10-04T02:11:41+00:00
A0202,16,19,complete,DataSF wv5m-vpq2 (2025 roll),https://data.sfgov.org/resource/wv5m-vpq2.json,2024,1446 JACKSON ST,San Francisco,CA,,0185013,0000 1446 JACKSON             ST0000,San Francisco,,1907,year_property_built,6.0,number_of_units,MRES,use_code,Multi-Family Residential,use_definition,parsed,parsed,aligned,eligible,DataSF parsed range contains input house number and street matches,2026-10-04T02:11:41+00:00
A0202,17,19,complete,DataSF wv5m-vpq2 (2025 roll),https://data.sfgov.org/resource/wv5m-vpq2.json,2016,1446 JACKSON ST,San Francisco,CA,,0185013,0000 1446 JACKSON             ST0000,San Francisco,,1907,year_property_built,6.0,number_of_units,MRES,use_code,Multi-Family Residential,use_definition,parsed,parsed,aligned,eligible,DataSF parsed range contains input house number and street matches,2026-10-04T02:11:41+00:00
A0202,18,19,complete,DataSF wv5m-vpq2 (2025 roll),https://data.sfgov.org/resource/wv5m-vpq2.json,2019,1446 JACKSON ST,San Francisco,CA,,0185013,0000 1446 JACKSON             ST0000,San Francisco,,1907,year_property_built,6.0,number_of_units,MRES,use_code,Multi-Family Residential,use_definition,parsed,parsed,aligned,eligible,DataSF parsed range contains input house number and street matches,2026-10-04T02:11:41+00:00
A0202,19,19,complete,DataSF wv5m-vpq2 (2025 roll),https://data.sfgov.org/resource/wv5m-vpq2.json,2021,1446 JACKSON ST,San Francisco,CA,,0185013,0000 1446 JACKSON             ST0000,San Francisco,,1907,year_property_built,6.0,number_of_units,MRES,use_code,Multi-Family Residential,use_definition,parsed,parsed,aligned,eligible,DataSF parsed range contains input house number and street matches,2026-10-04T02:11:41+00:00
A0206,1,19,complete,DataSF wv5m-vpq2 (2025 roll),https://data.sfgov.org/resource/wv5m-vpq2.json,2024,401 43RD AV,San Francisco,CA,,1475001,0000 0401 43RD                AV0000,San Francisco,,1929,year_property_built,21.0,number_of_units,MRES,use_code,Multi-Family Residential,use_definition,parsed,parsed,aligned,eligible,DataSF parsed range contains input house number and street matches,2026-10-04T02:11:41+00:00
A0206,2,19,complete,DataSF wv5m-vpq2 (2025 roll),https://data.sfgov.org/resource/wv5m-vpq2.json,2008,401 43RD AV,San Francisco,CA,,1475001,0000 0401 43RD                AV0000,San Francisco,,1929,year_property_built,21.0,number_of_units,MRES,use_code,Multi-Family Residential,use_definition,parsed,parsed,aligned,eligible,DataSF parsed range contains input house number and street matches,2026-10-04T02:11:41+00:00
A0206,3,19,complete,DataSF wv5m-vpq2 (2025 roll),https://data.sfgov.org/resource/wv5m-vpq2.json,2007,401 43RD AV,San Francisco,CA,,1475001,0000 0401 43RD                AV0000,San Francisco,,1929,year_property_built,21.0,number_of_units,MRES,use_code,Multi-Family Residential,use_definition,parsed,parsed,aligned,eligible,DataSF parsed range contains input house number and street matches,2026-10-04T02:11:41+00:00
A0206,4,19,complete,DataSF wv5m-vpq2 (2025 roll),https://data.sfgov.org/resource/wv5m-vpq2.json,2017,401 43RD AV,San Francisco,CA,,1475001,0000 0401 43RD                AV0000,San Francisco,,1929,year_property_built,21.0,number_of_units,MRES,use_code,Multi-Family Residential,use_definition,parsed,parsed,aligned,eligible,DataSF parsed range contains input house number and street matches,2026-10-04T02:11:41+00:00
A0206,5,19,complete,DataSF wv5m-vpq2 (2025 roll),https://data.sfgov.org/resource/wv5m-vpq2.json,2013,401 43RD AV,San Francisco,CA,,1475001,0000 0401 43RD                AV0000,San Francisco,,1929,year_property_built,21.0,number_of_units,MRES,use_code,Multi-Family Residential,use_definition,parsed,parsed,aligned,eligible,DataSF parsed range contains input house number and street matches,2026-10-04T02:11:41+00:00
A0206,6,19,complete,DataSF wv5m-vpq2 (2025 roll),https://data.sfgov.org/resource/wv5m-vpq2.json,2021,401 43RD AV,San Francisco,CA,,1475001,0000 0401 43RD                AV0000,San Francisco,,1929,year_property_built,21.0,number_of_units,MRES,use_code,Multi-Family Residential,use_definition,parsed,parsed,aligned,eligible,DataSF parsed range contains input house number and street matches,2026-10-04T02:11:41+00:00
A0206,7,19,complete,DataSF wv5m-vpq2 (2025 roll),https://data.sfgov.org/resource/wv5m-vpq2.json,2023,401 43RD AV,San Francisco,CA,,1475001,0000 0401 43RD                AV0000,San Francisco,,1929,year_property_built,21.0,number_of_units,MRES,use_code,Multi-Family Residential,use_definition,parsed,parsed,aligned,eligible,DataSF parsed range contains input house number and street matches,2026-10-04T02:11:41+00:00
A0206,8,19,complete,DataSF wv5m-vpq2 (2025 roll),https://data.sfgov.org/resource/wv5m-vpq2.json,2019,401 43RD AV,San Francisco,CA,,1475001,0000 0401 43RD                AV0000,San Francisco,,1929,year_property_built,21.0,number_of_units,MRES,use_code,Multi-Family Residential,use_definition,parsed,parsed,aligned,eligible,DataSF parsed range contains input house number and street matches,2026-10-04T02:11:41+00:00
A0206,9,19,complete,DataSF wv5m-vpq2 (2025 roll),https://data.sfgov.org/resource/wv5m-vpq2.json,2025,401 43RD AV,San Francisco,CA,,1475001,0000 0401 43RD                AV0000,San Francisco,,1929,year_property_built,21.0,number_of_units,MRES,use_code,Multi-Family Residential,use_definition,parsed,parsed,aligned,eligible,DataSF parsed range contains input house number and street matches,2026-10-04T02:11:41+00:00
A0206,10,19,complete,DataSF wv5m-vpq2 (2025 roll),https://data.sfgov.org/resource/wv5m-vpq2.json,2018,401 43RD AV,San Francisco,CA,,1475001,0000 0401 43RD                AV0000,San Francisco,,1929,year_property_built,21.0,number_of_units,MRES,use_code,Multi-Family Residential,use_definition,parsed,parsed,aligned,eligible,DataSF parsed range contains input house number and street matches,2026-10-04T02:11:41+00:00
A0206,11,19,complete,DataSF wv5m-vpq2 (2025 roll),https://data.sfgov.org/resource/wv5m-vpq2.json,2022,401 43RD AV,San Francisco,CA,,1475001,0000 0401 43RD                AV0000,San Francisco,,1929,year_property_built,21.0,number_of_units,MRES,use_code,Multi-Family Residential,use_definition,parsed,parsed,aligned,eligible,DataSF parsed range contains input house number and street matches,2026-10-04T02:11:41+00:00
A0206,12,19,complete,DataSF wv5m-vpq2 (2025 roll),https://data.sfgov.org/resource/wv5m-vpq2.json,2016,401 43RD AV,San Francisco,CA,,1475001,0000 0401 43RD                AV0000,San Francisco,,1929,year_property_built,21.0,number_of_units,MRES,use_code,Multi-Family Residential,use_definition,parsed,parsed,aligned,eligible,DataSF parsed range contains input house number and street matches,2026-10-04T02:11:41+00:00
A0206,13,19,complete,DataSF wv5m-vpq2 (2025 roll),https://data.sfgov.org/resource/wv5m-vpq2.json,2015,401 43RD AV,San Francisco,CA,,1475001,0000 0401 43RD                AV0000,San Francisco,,1929,year_property_built,21.0,number_of_units,MRES,use_code,Multi-Family Residential,use_definition,parsed,parsed,aligned,eligible,DataSF parsed range contains input house number and street matches,2026-10-04T02:11:41+00:00
A0206,14,19,complete,DataSF wv5m-vpq2 (2025 roll),https://data.sfgov.org/resource/wv5m-vpq2.json,2009,401 43RD AV,San Francisco,CA,,1475001,0000 0401 43RD                AV0000,San Francisco,,1929,year_property_built,21.0,number_of_units,MRES,use_code,Multi-Family Residential,use_definition,parsed,parsed,aligned,eligible,DataSF parsed range contains input house number and street matches,2026-10-04T02:11:41+00:00
A0206,15,19,complete,DataSF wv5m-vpq2 (2025 roll),https://data.sfgov.org/resource/wv5m-vpq2.json,2012,401 43RD AV,San Francisco,CA,,1475001,0000 0401 43RD                AV0000,San Francisco,,1929,year_property_built,21.0,number_of_units,MRES,use_code,Multi-Family Residential,use_definition,parsed,parsed,aligned,eligible,DataSF parsed range contains input house number and street matches,2026-10-04T02:11:41+00:00
A0206,16,19,complete,DataSF wv5m-vpq2 (2025 roll),https://data.sfgov.org/resource/wv5m-vpq2.json,2010,401 43RD AV,San Francisco,CA,,1475001,0000 0401 43RD                AV0000,San Francisco,,1929,year_property_built,21.0,number_of_units,MRES,use_code,Multi-Family Residential,use_definition,parsed,parsed,aligned,eligible,DataSF parsed range contains input house number and street matches,2026-10-04T02:11:41+00:00
A0206,17,19,complete,DataSF wv5m-vpq2 (2025 roll),https://data.sfgov.org/resource/wv5m-vpq2.json,2014,401 43RD AV,San Francisco,CA,,1475001,0000 0401 43RD                AV0000,San Francisco,,1929,year_property_built,21.0,number_of_units,MRES,use_code,Multi-Family Residential,use_definition,parsed,parsed,aligned,eligible,DataSF parsed range contains input house number and street matches,2026-10-04T02:11:41+00:00
A0206,18,19,complete,DataSF wv5m-vpq2 (2025 roll),https://data.sfgov.org/resource/wv5m-vpq2.json,2020,401 43RD AV,San Francisco,CA,,1475001,0000 0401 43RD                AV0000,San Francisco,,1929,year_property_built,21.0,number_of_units,MRES,use_code,Multi-Family Residential,use_definition,parsed,parsed,aligned,eligible,DataSF parsed range contains input house number and street matches,2026-10-04T02:11:41+00:00
A0206,19,19,complete,DataSF wv5m-vpq2 (2025 roll),https://data.sfgov.org/resource/wv5m-vpq2.json,2011,401 43RD AV,San Francisco,CA,,1475001,0000 0401 43RD                AV0000,San Francisco,,1929,year_property_built,21.0,number_of_units,MRES,use_code,Multi-Family Residential,use_definition,parsed,parsed,aligned,eligible,DataSF parsed range contains input house number and street matches,2026-10-04T02:11:41+00:00
A0212,1,19,complete,DataSF wv5m-vpq2 (2025 roll),https://data.sfgov.org/resource/wv5m-vpq2.json,2021,1311 SOUTH VAN NESS AV,San Francisco,CA,,6519039,1315 1311 SOUTH VAN NESS      AV0000,San Francisco,,1900,year_property_built,5.0,number_of_units,MRES,use_code,Multi-Family Residential,use_definition,parsed,parsed,aligned,eligible,DataSF parsed range contains input house number and street matches,2026-10-04T02:11:41+00:00
A0212,2,19,complete,DataSF wv5m-vpq2 (2025 roll),https://data.sfgov.org/resource/wv5m-vpq2.json,2008,1311 SOUTH VAN NESS AV,San Francisco,CA,,6519039,1315 1311 SOUTH VAN NESS      AV0000,San Francisco,,1900,year_property_built,5.0,number_of_units,MRES,use_code,Multi-Family Residential,use_definition,parsed,parsed,aligned,eligible,DataSF parsed range contains input house number and street matches,2026-10-04T02:11:41+00:00
A0212,3,19,complete,DataSF wv5m-vpq2 (2025 roll),https://data.sfgov.org/resource/wv5m-vpq2.json,2007,1311 SOUTH VAN NESS AV,San Francisco,CA,,6519039,1315 1311 SOUTH VAN NESS      AV0000,San Francisco,,1900,year_property_built,5.0,number_of_units,MRES,use_code,Multi-Family Residential,use_definition,parsed,parsed,aligned,eligible,DataSF parsed range contains input house number and street matches,2026-10-04T02:11:41+00:00
A0212,4,19,complete,DataSF wv5m-vpq2 (2025 roll),https://data.sfgov.org/resource/wv5m-vpq2.json,2013,1311 SOUTH VAN NESS AV,San Francisco,CA,,6519039,1315 1311 SOUTH VAN NESS      AV0000,San Francisco,,1900,year_property_built,5.0,number_of_units,MRES,use_code,Multi-Family Residential,use_definition,parsed,parsed,aligned,eligible,DataSF parsed range contains input house number and street matches,2026-10-04T02:11:41+00:00
A0212,5,19,complete,DataSF wv5m-vpq2 (2025 roll),https://data.sfgov.org/resource/wv5m-vpq2.json,2015,1311 SOUTH VAN NESS AV,San Francisco,CA,,6519039,1315 1311 SOUTH VAN NESS      AV0000,San Francisco,,1900,year_property_built,5.0,number_of_units,MRES,use_code,Multi-Family Residential,use_definition,parsed,parsed,aligned,eligible,DataSF parsed range contains input house number and street matches,2026-10-04T02:11:41+00:00
A0212,6,19,complete,DataSF wv5m-vpq2 (2025 roll),https://data.sfgov.org/resource/wv5m-vpq2.json,2011,1311 SOUTH VAN NESS AV,San Francisco,CA,,6519039,1315 1311 SOUTH VAN NESS      AV0000,San Francisco,,1900,year_property_built,5.0,number_of_units,MRES,use_code,Multi-Family Residential,use_definition,parsed,parsed,aligned,eligible,DataSF parsed range contains input house number and street matches,2026-10-04T02:11:41+00:00
A0212,7,19,complete,DataSF wv5m-vpq2 (2025 roll),https://data.sfgov.org/resource/wv5m-vpq2.json,2025,1311 SOUTH VAN NESS AV,San Francisco,CA,,6519039,1315 1311 SOUTH VAN NESS      AV0000,San Francisco,,1900,year_property_built,5.0,number_of_units,MRES,use_code,Multi-Family Residential,use_definition,parsed,parsed,aligned,eligible,DataSF parsed range contains input house number and street matches,2026-10-04T02:11:41+00:00
A0212,8,19,complete,DataSF wv5m-vpq2 (2025 roll),https://data.sfgov.org/resource/wv5m-vpq2.json,2010,1311 SOUTH VAN NESS AV,San Francisco,CA,,6519039,1315 1311 SOUTH VAN NESS      AV0000,San Francisco,,1900,year_property_built,5.0,number_of_units,MRES,use_code,Multi-Family Residential,use_definition,parsed,parsed,aligned,eligible,DataSF parsed range contains input house number and street matches,2026-10-04T02:11:41+00:00
A0212,9,19,complete,DataSF wv5m-vpq2 (2025 roll),https://data.sfgov.org/resource/wv5m-vpq2.json,2019,1311 SOUTH VAN NESS AV,San Francisco,CA,,6519039,1315 1311 SOUTH VAN NESS      AV0000,San Francisco,,1900,year_property_built,5.0,number_of_units,MRES,use_code,Multi-Family Residential,use_definition,parsed,parsed,aligned,eligible,DataSF parsed range contains input house number and street matches,2026-10-04T02:11:41+00:00
A0212,10,19,complete,DataSF wv5m-vpq2 (2025 roll),https://data.sfgov.org/resource/wv5m-vpq2.json,2023,1311 SOUTH VAN NESS AV,San Francisco,CA,,6519039,1315 1311 SOUTH VAN NESS      AV0000,San Francisco,,1900,year_property_built,5.0,number_of_units,MRES,use_code,Multi-Family Residential,use_definition,parsed,parsed,aligned,eligible,DataSF parsed range contains input house number and street matches,2026-10-04T02:11:41+00:00
A0212,11,19,complete,DataSF wv5m-vpq2 (2025 roll),https://data.sfgov.org/resource/wv5m-vpq2.json,2020,1311 SOUTH VAN NESS AV,San Francisco,CA,,6519039,1315 1311 SOUTH VAN NESS      AV0000,San Francisco,,1900,year_property_built,5.0,number_of_units,MRES,use_code,Multi-Family Residential,use_definition,parsed,parsed,aligned,eligible,DataSF parsed range contains input house number and street matches,2026-10-04T02:11:41+00:00
A0212,12,19,complete,DataSF wv5m-vpq2 (2025 roll),https://data.sfgov.org/resource/wv5m-vpq2.json,2014,1311 SOUTH VAN NESS AV,San Francisco,CA,,6519039,1315 1311 SOUTH VAN NESS      AV0000,San Francisco,,1900,year_property_built,5.0,number_of_units,MRES,use_code,Multi-Family Residential,use_definition,parsed,parsed,aligned,eligible,DataSF parsed range contains input house number and street matches,2026-10-04T02:11:41+00:00
A0212,13,19,complete,DataSF wv5m-vpq2 (2025 roll),https://data.sfgov.org/resource/wv5m-vpq2.json,2017,1311 SOUTH VAN NESS AV,San Francisco,CA,,6519039,1315 1311 SOUTH VAN NESS      AV0000,San Francisco,,1900,year_property_built,5.0,number_of_units,MRES,use_code,Multi-Family Residential,use_definition,parsed,parsed,aligned,eligible,DataSF parsed range contains input house number and street matches,2026-10-04T02:11:41+00:00
A0212,14,19,complete,DataSF wv5m-vpq2 (2025 roll),https://data.sfgov.org/resource/wv5m-vpq2.json,2016,1311 SOUTH VAN NESS AV,San Francisco,CA,,6519039,1315 1311 SOUTH VAN NESS      AV0000,San Francisco,,1900,year_property_built,5.0,number_of_units,MRES,use_code,Multi-Family Residential,use_definition,parsed,parsed,aligned,eligible,DataSF parsed range contains input house number and street matches,2026-10-04T02:11:41+00:00
A0212,15,19,complete,DataSF wv5m-vpq2 (2025 roll),https://data.sfgov.org/resource/wv5m-vpq2.json,2024,1311 SOUTH VAN NESS AV,San Francisco,CA,,6519039,1315 1311 SOUTH VAN NESS      AV0000,San Francisco,,1900,year_property_built,5.0,number_of_units,MRES,use_code,Multi-Family Residential,use_definition,parsed,parsed,aligned,eligible,DataSF parsed range contains input house number and street matches,2026-10-04T02:11:41+00:00
A0212,16,19,complete,DataSF wv5m-vpq2 (2025 roll),https://data.sfgov.org/resource/wv5m-vpq2.json,2018,1311 SOUTH VAN NESS AV,San Francisco,CA,,6519039,1315 1311 SOUTH VAN NESS      AV0000,San Francisco,,1900,year_property_built,5.0,number_of_units,MRES,use_code,Multi-Family Residential,use_definition,parsed,parsed,aligned,eligible,DataSF parsed range contains input house number and street matches,2026-10-04T02:11:41+00:00
A0212,17,19,complete,DataSF wv5m-vpq2 (2025 roll),https://data.sfgov.org/resource/wv5m-vpq2.json,2009,1311 SOUTH VAN NESS AV,San Francisco,CA,,6519039,1315 1311 SOUTH VAN NESS      AV0000,San Francisco,,1900,year_property_built,5.0,number_of_units,MRES,use_code,Multi-Family Residential,use_definition,parsed,parsed,aligned,eligible,DataSF parsed range contains input house number and street matches,2026-10-04T02:11:41+00:00
A0212,18,19,complete,DataSF wv5m-vpq2 (2025 roll),https://data.sfgov.org/resource/wv5m-vpq2.json,2022,1311 SOUTH VAN NESS AV,San Francisco,CA,,6519039,1315 1311 SOUTH VAN NESS      AV0000,San Francisco,,1900,year_property_built,5.0,number_of_units,MRES,use_code,Multi-Family Residential,use_definition,parsed,parsed,aligned,eligible,DataSF parsed range contains input house number and street matches,2026-10-04T02:11:41+00:00
A0212,19,19,complete,DataSF wv5m-vpq2 (2025 roll),https://data.sfgov.org/resource/wv5m-vpq2.json,2012,1311 SOUTH VAN NESS AV,San Francisco,CA,,6519039,1315 1311 SOUTH VAN NESS      AV0000,San Francisco,,1900,year_property_built,5.0,number_of_units,MRES,use_code,Multi-Family Residential,use_definition,parsed,parsed,aligned,eligible,DataSF parsed range contains input house number and street matches,2026-10-04T02:11:41+00:00
A0215,1,19,complete,DataSF wv5m-vpq2 (2025 roll),https://data.sfgov.org/resource/wv5m-vpq2.json,2021,2295 CALIFORNIA ST,San Francisco,CA,,0652024,0000 2295 CALIFORNIA          ST0000,San Francisco,,1924,year_property_built,21.0,number_of_units,MRES,use_code,Multi-Family Residential,use_definition,parsed,parsed,aligned,eligible,DataSF parsed range contains input house number and street matches,2026-10-04T02:11:41+00:00
A0215,2,19,complete,DataSF wv5m-vpq2 (2025 roll),https://data.sfgov.org/resource/wv5m-vpq2.json,2017,2295 CALIFORNIA ST,San Francisco,CA,,0652024,0000 2295 CALIFORNIA          ST0000,San Francisco,,1924,year_property_built,21.0,number_of_units,MRES,use_code,Multi-Family Residential,use_definition,parsed,parsed,aligned,eligible,DataSF parsed range contains input house number and street matches,2026-10-04T02:11:41+00:00
A0215,3,19,complete,DataSF wv5m-vpq2 (2025 roll),https://data.sfgov.org/resource/wv5m-vpq2.json,2020,2295 CALIFORNIA ST,San Francisco,CA,,0652024,0000 2295 CALIFORNIA          ST0000,San Francisco,,1924,year_property_built,21.0,number_of_units,MRES,use_code,Multi-Family Residential,use_definition,parsed,parsed,aligned,eligible,DataSF parsed range contains input house number and street matches,2026-10-04T02:11:41+00:00
A0215,4,19,complete,DataSF wv5m-vpq2 (2025 roll),https://data.sfgov.org/resource/wv5m-vpq2.json,2011,2295 CALIFORNIA ST,San Francisco,CA,,0652024,0000 2295 CALIFORNIA          ST0000,San Francisco,,1924,year_property_built,21.0,number_of_units,MRES,use_code,Multi-Family Residential,use_definition,parsed,parsed,aligned,eligible,DataSF parsed range contains input house number and street matches,2026-10-04T02:11:41+00:00
A0215,5,19,complete,DataSF wv5m-vpq2 (2025 roll),https://data.sfgov.org/resource/wv5m-vpq2.json,2013,2295 CALIFORNIA ST,San Francisco,CA,,0652024,0000 2295 CALIFORNIA          ST0000,San Francisco,,1924,year_property_built,21.0,number_of_units,MRES,use_code,Multi-Family Residential,use_definition,parsed,parsed,aligned,eligible,DataSF parsed range contains input house number and street matches,2026-10-04T02:11:41+00:00
A0215,6,19,complete,DataSF wv5m-vpq2 (2025 roll),https://data.sfgov.org/resource/wv5m-vpq2.json,2014,2295 CALIFORNIA ST,San Francisco,CA,,0652024,0000 2295 CALIFORNIA          ST0000,San Francisco,,1924,year_property_built,21.0,number_of_units,MRES,use_code,Multi-Family Residential,use_definition,parsed,parsed,aligned,eligible,DataSF parsed range contains input house number and street matches,2026-10-04T02:11:41+00:00
A0215,7,19,complete,DataSF wv5m-vpq2 (2025 roll),https://data.sfgov.org/resource/wv5m-vpq2.json,2019,2295 CALIFORNIA ST,San Francisco,CA,,0652024,0000 2295 CALIFORNIA          ST0000,San Francisco,,1924,year_property_built,21.0,number_of_units,MRES,use_code,Multi-Family Residential,use_definition,parsed,parsed,aligned,eligible,DataSF parsed range contains input house number and street matches,2026-10-04T02:11:41+00:00
A0215,8,19,complete,DataSF wv5m-vpq2 (2025 roll),https://data.sfgov.org/resource/wv5m-vpq2.json,2007,2295 CALIFORNIA ST,San Francisco,CA,,0652024,0000 2295 CALIFORNIA          ST0000,San Francisco,,1924,year_property_built,21.0,number_of_units,MRES,use_code,Multi-Family Residential,use_definition,parsed,parsed,aligned,eligible,DataSF parsed range contains input house number and street matches,2026-10-04T02:11:41+00:00
A0215,9,19,complete,DataSF wv5m-vpq2 (2025 roll),https://data.sfgov.org/resource/wv5m-vpq2.json,2025,2295 CALIFORNIA ST,San Francisco,CA,,0652024,0000 2295 CALIFORNIA          ST0000,San Francisco,,1924,year_property_built,21.0,number_of_units,MRES,use_code,Multi-Family Residential,use_definition,parsed,parsed,aligned,eligible,DataSF parsed range contains input house number and street matches,2026-10-04T02:11:41+00:00
A0215,10,19,complete,DataSF wv5m-vpq2 (2025 roll),https://data.sfgov.org/resource/wv5m-vpq2.json,2022,2295 CALIFORNIA ST,San Francisco,CA,,0652024,0000 2295 CALIFORNIA          ST0000,San Francisco,,1924,year_property_built,21.0,number_of_units,MRES,use_code,Multi-Family Residential,use_definition,parsed,parsed,aligned,eligible,DataSF parsed range contains input house number and street matches,2026-10-04T02:11:41+00:00
A0215,11,19,complete,DataSF wv5m-vpq2 (2025 roll),https://data.sfgov.org/resource/wv5m-vpq2.json,2024,2295 CALIFORNIA ST,San Francisco,CA,,0652024,0000 2295 CALIFORNIA          ST0000,San Francisco,,1924,year_property_built,21.0,number_of_units,MRES,use_code,Multi-Family Residential,use_definition,parsed,parsed,aligned,eligible,DataSF parsed range contains input house number and street matches,2026-10-04T02:11:41+00:00
A0215,12,19,complete,DataSF wv5m-vpq2 (2025 roll),https://data.sfgov.org/resource/wv5m-vpq2.json,2018,2295 CALIFORNIA ST,San Francisco,CA,,0652024,0000 2295 CALIFORNIA          ST0000,San Francisco,,1924,year_property_built,21.0,number_of_units,MRES,use_code,Multi-Family Residential,use_definition,parsed,parsed,aligned,eligible,DataSF parsed range contains input house number and street matches,2026-10-04T02:11:41+00:00
A0215,13,19,complete,DataSF wv5m-vpq2 (2025 roll),https://data.sfgov.org/resource/wv5m-vpq2.json,2015,2295 CALIFORNIA ST,San Francisco,CA,,0652024,0000 2295 CALIFORNIA          ST0000,San Francisco,,1924,year_property_built,21.0,number_of_units,MRES,use_code,Multi-Family Residential,use_definition,parsed,parsed,aligned,eligible,DataSF parsed range contains input house number and street matches,2026-10-04T02:11:41+00:00
A0215,14,19,complete,DataSF wv5m-vpq2 (2025 roll),https://data.sfgov.org/resource/wv5m-vpq2.json,2016,2295 CALIFORNIA ST,San Francisco,CA,,0652024,0000 2295 CALIFORNIA          ST0000,San Francisco,,1924,year_property_built,21.0,number_of_units,MRES,use_code,Multi-Family Residential,use_definition,parsed,parsed,aligned,eligible,DataSF parsed range contains input house number and street matches,2026-10-04T02:11:41+00:00
A0215,15,19,complete,DataSF wv5m-vpq2 (2025 roll),https://data.sfgov.org/resource/wv5m-vpq2.json,2023,2295 CALIFORNIA ST,San Francisco,CA,,0652024,0000 2295 CALIFORNIA          ST0000,San Francisco,,1924,year_property_built,21.0,number_of_units,MRES,use_code,Multi-Family Residential,use_definition,parsed,parsed,aligned,eligible,DataSF parsed range contains input house number and street matches,2026-10-04T02:11:41+00:00
A0215,16,19,complete,DataSF wv5m-vpq2 (2025 roll),https://data.sfgov.org/resource/wv5m-vpq2.json,2009,2295 CALIFORNIA ST,San Francisco,CA,,0652024,0000 2295 CALIFORNIA          ST0000,San Francisco,,1924,year_property_built,21.0,number_of_units,MRES,use_code,Multi-Family Residential,use_definition,parsed,parsed,aligned,eligible,DataSF parsed range contains input house number and street matches,2026-10-04T02:11:41+00:00
A0215,17,19,complete,DataSF wv5m-vpq2 (2025 roll),https://data.sfgov.org/resource/wv5m-vpq2.json,2010,2295 CALIFORNIA ST,San Francisco,CA,,0652024,0000 2295 CALIFORNIA          ST0000,San Francisco,,1924,year_property_built,21.0,number_of_units,MRES,use_code,Multi-Family Residential,use_definition,parsed,parsed,aligned,eligible,DataSF parsed range contains input house number and street matches,2026-10-04T02:11:41+00:00
A0215,18,19,complete,DataSF wv5m-vpq2 (2025 roll),https://data.sfgov.org/resource/wv5m-vpq2.json,2008,2295 CALIFORNIA ST,San Francisco,CA,,0652024,0000 2295 CALIFORNIA          ST0000,San Francisco,,1924,year_property_built,21.0,number_of_units,MRES,use_code,Multi-Family Residential,use_definition,parsed,parsed,aligned,eligible,DataSF parsed range contains input house number and street matches,2026-10-04T02:11:41+00:00
A0215,19,19,complete,DataSF wv5m-vpq2 (2025 roll),https://data.sfgov.org/resource/wv5m-vpq2.json,2012,2295 CALIFORNIA ST,San Francisco,CA,,0652024,0000 2295 CALIFORNIA          ST0000,San Francisco,,1924,year_property_built,21.0,number_of_units,MRES,use_code,Multi-Family Residential,use_definition,parsed,parsed,aligned,eligible,DataSF parsed range contains input house number and street matches,2026-10-04T02:11:41+00:00
A0222,1,19,complete,DataSF wv5m-vpq2 (2025 roll),https://data.sfgov.org/resource/wv5m-vpq2.json,2022,1901 VALLEJO ST,San Francisco,CA,,0567001,0000 1901 VALLEJO             ST0000,San Francisco,,1960,year_property_built,8.0,number_of_units,MRES,use_code,Multi-Family Residential,use_definition,parsed,parsed,aligned,eligible,DataSF parsed range contains input house number and street matches,2026-10-04T02:11:41+00:00
A0222,2,19,complete,DataSF wv5m-vpq2 (2025 roll),https://data.sfgov.org/resource/wv5m-vpq2.json,2017,1901 VALLEJO ST,San Francisco,CA,,0567001,0000 1901 VALLEJO             ST0000,San Francisco,,1960,year_property_built,8.0,number_of_units,MRES,use_code,Multi-Family Residential,use_definition,parsed,parsed,aligned,eligible,DataSF parsed range contains input house number and street matches,2026-10-04T02:11:41+00:00
A0222,3,19,complete,DataSF wv5m-vpq2 (2025 roll),https://data.sfgov.org/resource/wv5m-vpq2.json,2020,1901 VALLEJO ST,San Francisco,CA,,0567001,0000 1901 VALLEJO             ST0000,San Francisco,,1960,year_property_built,8.0,number_of_units,MRES,use_code,Multi-Family Residential,use_definition,parsed,parsed,aligned,eligible,DataSF parsed range contains input house number and street matches,2026-10-04T02:11:41+00:00
A0222,4,19,complete,DataSF wv5m-vpq2 (2025 roll),https://data.sfgov.org/resource/wv5m-vpq2.json,2009,1901 VALLEJO ST,San Francisco,CA,,0567001,0000 1901 VALLEJO             ST0000,San Francisco,,1960,year_property_built,8.0,number_of_units,MRES,use_code,Multi-Family Residential,use_definition,parsed,parsed,aligned,eligible,DataSF parsed range contains input house number and street matches,2026-10-04T02:11:41+00:00
A0222,5,19,complete,DataSF wv5m-vpq2 (2025 roll),https://data.sfgov.org/resource/wv5m-vpq2.json,2012,1901 VALLEJO ST,San Francisco,CA,,0567001,0000 1901 VALLEJO             ST0000,San Francisco,,1960,year_property_built,8.0,number_of_units,MRES,use_code,Multi-Family Residential,use_definition,parsed,parsed,aligned,eligible,DataSF parsed range contains input house number and street matches,2026-10-04T02:11:41+00:00
A0222,6,19,complete,DataSF wv5m-vpq2 (2025 roll),https://data.sfgov.org/resource/wv5m-vpq2.json,2010,1901 VALLEJO ST,San Francisco,CA,,0567001,0000 1901 VALLEJO             ST0000,San Francisco,,1960,year_property_built,8.0,number_of_units,MRES,use_code,Multi-Family Residential,use_definition,parsed,parsed,aligned,eligible,DataSF parsed range contains input house number and street matches,2026-10-04T02:11:41+00:00
A0222,7,19,complete,DataSF wv5m-vpq2 (2025 roll),https://data.sfgov.org/resource/wv5m-vpq2.json,2008,1901 VALLEJO ST,San Francisco,CA,,0567001,0000 1901 VALLEJO             ST0000,San Francisco,,1960,year_property_built,8.0,number_of_units,MRES,use_code,Multi-Family Residential,use_definition,parsed,parsed,aligned,eligible,DataSF parsed range contains input house number and street matches,2026-10-04T02:11:41+00:00
A0222,8,19,complete,DataSF wv5m-vpq2 (2025 roll),https://data.sfgov.org/resource/wv5m-vpq2.json,2007,1901 VALLEJO ST,San Francisco,CA,,0567001,0000 1901 VALLEJO             ST0000,San Francisco,,1960,year_property_built,8.0,number_of_units,MRES,use_code,Multi-Family Residential,use_definition,parsed,parsed,aligned,eligible,DataSF parsed range contains input house number and street matches,2026-10-04T02:11:41+00:00
A0222,9,19,complete,DataSF wv5m-vpq2 (2025 roll),https://data.sfgov.org/resource/wv5m-vpq2.json,2011,1901 VALLEJO ST,San Francisco,CA,,0567001,0000 1901 VALLEJO             ST0000,San Francisco,,1960,year_property_built,8.0,number_of_units,MRES,use_code,Multi-Family Residential,use_definition,parsed,parsed,aligned,eligible,DataSF parsed range contains input house number and street matches,2026-10-04T02:11:41+00:00
A0222,10,19,complete,DataSF wv5m-vpq2 (2025 roll),https://data.sfgov.org/resource/wv5m-vpq2.json,2023,1901 VALLEJO ST,San Francisco,CA,,0567001,0000 1901 VALLEJO             ST0000,San Francisco,,1960,year_property_built,8.0,number_of_units,MRES,use_code,Multi-Family Residential,use_definition,parsed,parsed,aligned,eligible,DataSF parsed range contains input house number and street matches,2026-10-04T02:11:41+00:00
A0222,11,19,complete,DataSF wv5m-vpq2 (2025 roll),https://data.sfgov.org/resource/wv5m-vpq2.json,2013,1901 VALLEJO ST,San Francisco,CA,,0567001,0000 1901 VALLEJO             ST0000,San Francisco,,1960,year_property_built,8.0,number_of_units,MRES,use_code,Multi-Family Residential,use_definition,parsed,parsed,aligned,eligible,DataSF parsed range contains input house number and street matches,2026-10-04T02:11:41+00:00
A0222,12,19,complete,DataSF wv5m-vpq2 (2025 roll),https://data.sfgov.org/resource/wv5m-vpq2.json,2014,1901 VALLEJO ST,San Francisco,CA,,0567001,0000 1901 VALLEJO             ST0000,San Francisco,,1960,year_property_built,8.0,number_of_units,MRES,use_code,Multi-Family Residential,use_definition,parsed,parsed,aligned,eligible,DataSF parsed range contains input house number and street matches,2026-10-04T02:11:41+00:00
A0222,13,19,complete,DataSF wv5m-vpq2 (2025 roll),https://data.sfgov.org/resource/wv5m-vpq2.json,2025,1901 VALLEJO ST,San Francisco,CA,,0567001,0000 1901 VALLEJO             ST0000,San Francisco,,1960,year_property_built,8.0,number_of_units,MRES,use_code,Multi-Family Residential,use_definition,parsed,parsed,aligned,eligible,DataSF parsed range contains input house number and street matches,2026-10-04T02:11:41+00:00
A0222,14,19,complete,DataSF wv5m-vpq2 (2025 roll),https://data.sfgov.org/resource/wv5m-vpq2.json,2016,1901 VALLEJO ST,San Francisco,CA,,0567001,0000 1901 VALLEJO             ST0000,San Francisco,,1960,year_property_built,8.0,number_of_units,MRES,use_code,Multi-Family Residential,use_definition,parsed,parsed,aligned,eligible,DataSF parsed range contains input house number and street matches,2026-10-04T02:11:41+00:00
A0222,15,19,complete,DataSF wv5m-vpq2 (2025 roll),https://data.sfgov.org/resource/wv5m-vpq2.json,2018,1901 VALLEJO ST,San Francisco,CA,,0567001,0000 1901 VALLEJO             ST0000,San Francisco,,1960,year_property_built,8.0,number_of_units,MRES,use_code,Multi-Family Residential,use_definition,parsed,parsed,aligned,eligible,DataSF parsed range contains input house number and street matches,2026-10-04T02:11:41+00:00
A0222,16,19,complete,DataSF wv5m-vpq2 (2025 roll),https://data.sfgov.org/resource/wv5m-vpq2.json,2015,1901 VALLEJO ST,San Francisco,CA,,0567001,0000 1901 VALLEJO             ST0000,San Francisco,,1960,year_property_built,8.0,number_of_units,MRES,use_code,Multi-Family Residential,use_definition,parsed,parsed,aligned,eligible,DataSF parsed range contains input house number and street matches,2026-10-04T02:11:41+00:00
A0222,17,19,complete,DataSF wv5m-vpq2 (2025 roll),https://data.sfgov.org/resource/wv5m-vpq2.json,2021,1901 VALLEJO ST,San Francisco,CA,,0567001,0000 1901 VALLEJO             ST0000,San Francisco,,1960,year_property_built,8.0,number_of_units,MRES,use_code,Multi-Family Residential,use_definition,parsed,parsed,aligned,eligible,DataSF parsed range contains input house number and street matches,2026-10-04T02:11:41+00:00
A0222,18,19,complete,DataSF wv5m-vpq2 (2025 roll),https://data.sfgov.org/resource/wv5m-vpq2.json,2019,1901 VALLEJO ST,San Francisco,CA,,0567001,0000 1901 VALLEJO             ST0000,San Francisco,,1960,year_property_built,8.0,number_of_units,MRES,use_code,Multi-Family Residential,use_definition,parsed,parsed,aligned,eligible,DataSF parsed range contains input house number and street matches,2026-10-04T02:11:41+00:00
A0222,19,19,complete,DataSF wv5m-vpq2 (2025 roll),https://data.sfgov.org/resource/wv5m-vpq2.json,2024,1901 VALLEJO ST,San Francisco,CA,,0567001,0000 1901 VALLEJO             ST0000,San Francisco,,1960,year_property_built,8.0,number_of_units,MRES,use_code,Multi-Family Residential,use_definition,parsed,parsed,aligned,eligible,DataSF parsed range contains input house number and street matches,2026-10-04T02:11:41+00:00
A0225,1,19,complete,DataSF wv5m-vpq2 (2025 roll),https://data.sfgov.org/resource/wv5m-vpq2.json,2024,1627 JACKSON ST,San Francisco,CA,,0598013,1629 1627 JACKSON             ST0000,San Francisco,,1913,year_property_built,9.0,number_of_units,MRES,use_code,Multi-Family Residential,use_definition,parsed,parsed,aligned,eligible,DataSF parsed range contains input house number and street matches,2026-10-04T02:11:41+00:00
A0225,2,19,complete,DataSF wv5m-vpq2 (2025 roll),https://data.sfgov.org/resource/wv5m-vpq2.json,2009,1627 JACKSON ST,San Francisco,CA,,0598013,1629 1627 JACKSON             ST0000,San Francisco,,1913,year_property_built,9.0,number_of_units,MRES,use_code,Multi-Family Residential,use_definition,parsed,parsed,aligned,eligible,DataSF parsed range contains input house number and street matches,2026-10-04T02:11:41+00:00
A0225,3,19,complete,DataSF wv5m-vpq2 (2025 roll),https://data.sfgov.org/resource/wv5m-vpq2.json,2025,1627 JACKSON ST,San Francisco,CA,,0598013,1629 1627 JACKSON             ST0000,San Francisco,,1913,year_property_built,9.0,number_of_units,MRES,use_code,Multi-Family Residential,use_definition,parsed,parsed,aligned,eligible,DataSF parsed range contains input house number and street matches,2026-10-04T02:11:41+00:00
A0225,4,19,complete,DataSF wv5m-vpq2 (2025 roll),https://data.sfgov.org/resource/wv5m-vpq2.json,2019,1627 JACKSON ST,San Francisco,CA,,0598013,1629 1627 JACKSON             ST0000,San Francisco,,1913,year_property_built,9.0,number_of_units,MRES,use_code,Multi-Family Residential,use_definition,parsed,parsed,aligned,eligible,DataSF parsed range contains input house number and street matches,2026-10-04T02:11:41+00:00
A0225,5,19,complete,DataSF wv5m-vpq2 (2025 roll),https://data.sfgov.org/resource/wv5m-vpq2.json,2020,1627 JACKSON ST,San Francisco,CA,,0598013,1629 1627 JACKSON             ST0000,San Francisco,,1913,year_property_built,9.0,number_of_units,MRES,use_code,Multi-Family Residential,use_definition,parsed,parsed,aligned,eligible,DataSF parsed range contains input house number and street matches,2026-10-04T02:11:41+00:00
A0225,6,19,complete,DataSF wv5m-vpq2 (2025 roll),https://data.sfgov.org/resource/wv5m-vpq2.json,2022,1627 JACKSON ST,San Francisco,CA,,0598013,1629 1627 JACKSON             ST0000,San Francisco,,1913,year_property_built,9.0,number_of_units,MRES,use_code,Multi-Family Residential,use_definition,parsed,parsed,aligned,eligible,DataSF parsed range contains input house number and street matches,2026-10-04T02:11:41+00:00
A0225,7,19,complete,DataSF wv5m-vpq2 (2025 roll),https://data.sfgov.org/resource/wv5m-vpq2.json,2018,1627 JACKSON ST,San Francisco,CA,,0598013,1629 1627 JACKSON             ST0000,San Francisco,,1913,year_property_built,9.0,number_of_units,MRES,use_code,Multi-Family Residential,use_definition,parsed,parsed,aligned,eligible,DataSF parsed range contains input house number and street matches,2026-10-04T02:11:41+00:00
A0225,8,19,complete,DataSF wv5m-vpq2 (2025 roll),https://data.sfgov.org/resource/wv5m-vpq2.json,2015,1627 JACKSON ST,San Francisco,CA,,0598013,1629 1627 JACKSON             ST0000,San Francisco,,1913,year_property_built,9.0,number_of_units,MRES,use_code,Multi-Family Residential,use_definition,parsed,parsed,aligned,eligible,DataSF parsed range contains input house number and street matches,2026-10-04T02:11:41+00:00
A0225,9,19,complete,DataSF wv5m-vpq2 (2025 roll),https://data.sfgov.org/resource/wv5m-vpq2.json,2014,1627 JACKSON ST,San Francisco,CA,,0598013,1629 1627 JACKSON             ST0000,San Francisco,,1913,year_property_built,9.0,number_of_units,MRES,use_code,Multi-Family Residential,use_definition,parsed,parsed,aligned,eligible,DataSF parsed range contains input house number and street matches,2026-10-04T02:11:41+00:00
A0225,10,19,complete,DataSF wv5m-vpq2 (2025 roll),https://data.sfgov.org/resource/wv5m-vpq2.json,2016,1627 JACKSON ST,San Francisco,CA,,0598013,1629 1627 JACKSON             ST0000,San Francisco,,1913,year_property_built,9.0,number_of_units,MRES,use_code,Multi-Family Residential,use_definition,parsed,parsed,aligned,eligible,DataSF parsed range contains input house number and street matches,2026-10-04T02:11:41+00:00
A0225,11,19,complete,DataSF wv5m-vpq2 (2025 roll),https://data.sfgov.org/resource/wv5m-vpq2.json,2011,1627 JACKSON ST,San Francisco,CA,,0598013,1629 1627 JACKSON             ST0000,San Francisco,,1913,year_property_built,9.0,number_of_units,MRES,use_code,Multi-Family Residential,use_definition,parsed,parsed,aligned,eligible,DataSF parsed range contains input house number and street matches,2026-10-04T02:11:41+00:00
A0225,12,19,complete,DataSF wv5m-vpq2 (2025 roll),https://data.sfgov.org/resource/wv5m-vpq2.json,2023,1627 JACKSON ST,San Francisco,CA,,0598013,1629 1627 JACKSON             ST0000,San Francisco,,1913,year_property_built,9.0,number_of_units,MRES,use_code,Multi-Family Residential,use_definition,parsed,parsed,aligned,eligible,DataSF parsed range contains input house number and street matches,2026-10-04T02:11:41+00:00
A0225,13,19,complete,DataSF wv5m-vpq2 (2025 roll),https://data.sfgov.org/resource/wv5m-vpq2.json,2017,1627 JACKSON ST,San Francisco,CA,,0598013,1629 1627 JACKSON             ST0000,San Francisco,,1913,year_property_built,9.0,number_of_units,MRES,use_code,Multi-Family Residential,use_definition,parsed,parsed,aligned,eligible,DataSF parsed range contains input house number and street matches,2026-10-04T02:11:41+00:00
A0225,14,19,complete,DataSF wv5m-vpq2 (2025 roll),https://data.sfgov.org/resource/wv5m-vpq2.json,2012,1627 JACKSON ST,San Francisco,CA,,0598013,1629 1627 JACKSON             ST0000,San Francisco,,1913,year_property_built,9.0,number_of_units,MRES,use_code,Multi-Family Residential,use_definition,parsed,parsed,aligned,eligible,DataSF parsed range contains input house number and street matches,2026-10-04T02:11:41+00:00
A0225,15,19,complete,DataSF wv5m-vpq2 (2025 roll),https://data.sfgov.org/resource/wv5m-vpq2.json,2008,1627 JACKSON ST,San Francisco,CA,,0598013,1629 1627 JACKSON             ST0000,San Francisco,,1913,year_property_built,9.0,number_of_units,MRES,use_code,Multi-Family Residential,use_definition,parsed,parsed,aligned,eligible,DataSF parsed range contains input house number and street matches,2026-10-04T02:11:41+00:00
A0225,16,19,complete,DataSF wv5m-vpq2 (2025 roll),https://data.sfgov.org/resource/wv5m-vpq2.json,2010,1627 JACKSON ST,San Francisco,CA,,0598013,1629 1627 JACKSON             ST0000,San Francisco,,1913,year_property_built,9.0,number_of_units,MRES,use_code,Multi-Family Residential,use_definition,parsed,parsed,aligned,eligible,DataSF parsed range contains input house number and street matches,2026-10-04T02:11:41+00:00
A0225,17,19,complete,DataSF wv5m-vpq2 (2025 roll),https://data.sfgov.org/resource/wv5m-vpq2.json,2007,1627 JACKSON ST,San Francisco,CA,,0598013,1629 1627 JACKSON             ST0000,San Francisco,,1913,year_property_built,9.0,number_of_units,MRES,use_code,Multi-Family Residential,use_definition,parsed,parsed,aligned,eligible,DataSF parsed range contains input house number and street matches,2026-10-04T02:11:41+00:00
A0225,18,19,complete,DataSF wv5m-vpq2 (2025 roll),https://data.sfgov.org/resource/wv5m-vpq2.json,2021,1627 JACKSON ST,San Francisco,CA,,0598013,1629 1627 JACKSON             ST0000,San Francisco,,1913,year_property_built,9.0,number_of_units,MRES,use_code,Multi-Family Residential,use_definition,parsed,parsed,aligned,eligible,DataSF parsed range contains input house number and street matches,2026-10-04T02:11:41+00:00
A0225,19,19,complete,DataSF wv5m-vpq2 (2025 roll),https://data.sfgov.org/resource/wv5m-vpq2.json,2013,1627 JACKSON ST,San Francisco,CA,,0598013,1629 1627 JACKSON             ST0000,San Francisco,,1913,year_property_built,9.0,number_of_units,MRES,use_code,Multi-Family Residential,use_definition,parsed,parsed,aligned,eligible,DataSF parsed range contains input house number and street matches,2026-10-04T02:11:41+00:00
A0228,1,19,complete,DataSF wv5m-vpq2 (2025 roll),https://data.sfgov.org/resource/wv5m-vpq2.json,2019,225 COLLINGWOOD ST,San Francisco,CA,,2696028,0227 0225 COLLINGWOOD         ST0000,San Francisco,,1907,year_property_built,5.0,number_of_units,MRES,use_code,Multi-Family Residential,use_definition,parsed,parsed,aligned,eligible,DataSF parsed range contains input house number and street matches,2026-10-04T02:11:41+00:00
A0228,2,19,complete,DataSF wv5m-vpq2 (2025 roll),https://data.sfgov.org/resource/wv5m-vpq2.json,2024,225 COLLINGWOOD ST,San Francisco,CA,,2696028,0227 0225 COLLINGWOOD         ST0000,San Francisco,,1907,year_property_built,5.0,number_of_units,MRES,use_code,Multi-Family Residential,use_definition,parsed,parsed,aligned,eligible,DataSF parsed range contains input house number and street matches,2026-10-04T02:11:41+00:00
A0228,3,19,complete,DataSF wv5m-vpq2 (2025 roll),https://data.sfgov.org/resource/wv5m-vpq2.json,2018,225 COLLINGWOOD ST,San Francisco,CA,,2696028,0227 0225 COLLINGWOOD         ST0000,San Francisco,,1907,year_property_built,5.0,number_of_units,MRES,use_code,Multi-Family Residential,use_definition,parsed,parsed,aligned,eligible,DataSF parsed range contains input house number and street matches,2026-10-04T02:11:41+00:00
A0228,4,19,complete,DataSF wv5m-vpq2 (2025 roll),https://data.sfgov.org/resource/wv5m-vpq2.json,2022,225 COLLINGWOOD ST,San Francisco,CA,,2696028,0227 0225 COLLINGWOOD         ST0000,San Francisco,,1907,year_property_built,5.0,number_of_units,MRES,use_code,Multi-Family Residential,use_definition,parsed,parsed,aligned,eligible,DataSF parsed range contains input house number and street matches,2026-10-04T02:11:41+00:00
A0228,5,19,complete,DataSF wv5m-vpq2 (2025 roll),https://data.sfgov.org/resource/wv5m-vpq2.json,2015,225 COLLINGWOOD ST,San Francisco,CA,,2696028,0227 0225 COLLINGWOOD         ST0000,San Francisco,,1907,year_property_built,5.0,number_of_units,MRES,use_code,Multi-Family Residential,use_definition,parsed,parsed,aligned,eligible,DataSF parsed range contains input house number and street matches,2026-10-04T02:11:41+00:00
A0228,6,19,complete,DataSF wv5m-vpq2 (2025 roll),https://data.sfgov.org/resource/wv5m-vpq2.json,2014,225 COLLINGWOOD ST,San Francisco,CA,,2696028,0227 0225 COLLINGWOOD         ST0000,San Francisco,,1907,year_property_built,5.0,number_of_units,MRES,use_code,Multi-Family Residential,use_definition,parsed,parsed,aligned,eligible,DataSF parsed range contains input house number and street matches,2026-10-04T02:11:41+00:00
A0228,7,19,complete,DataSF wv5m-vpq2 (2025 roll),https://data.sfgov.org/resource/wv5m-vpq2.json,2017,225 COLLINGWOOD ST,San Francisco,CA,,2696028,0227 0225 COLLINGWOOD         ST0000,San Francisco,,1907,year_property_built,5.0,number_of_units,MRES,use_code,Multi-Family Residential,use_definition,parsed,parsed,aligned,eligible,DataSF parsed range contains input house number and street matches,2026-10-04T02:11:41+00:00
A0228,8,19,complete,DataSF wv5m-vpq2 (2025 roll),https://data.sfgov.org/resource/wv5m-vpq2.json,2011,225 COLLINGWOOD ST,San Francisco,CA,,2696028,0227 0225 COLLINGWOOD         ST0000,San Francisco,,1907,year_property_built,5.0,number_of_units,MRES,use_code,Multi-Family Residential,use_definition,parsed,parsed,aligned,eligible,DataSF parsed range contains input house number and street matches,2026-10-04T02:11:41+00:00
A0228,9,19,complete,DataSF wv5m-vpq2 (2025 roll),https://data.sfgov.org/resource/wv5m-vpq2.json,2016,225 COLLINGWOOD ST,San Francisco,CA,,2696028,0227 0225 COLLINGWOOD         ST0000,San Francisco,,1907,year_property_built,5.0,number_of_units,MRES,use_code,Multi-Family Residential,use_definition,parsed,parsed,aligned,eligible,DataSF parsed range contains input house number and street matches,2026-10-04T02:11:41+00:00
A0228,10,19,complete,DataSF wv5m-vpq2 (2025 roll),https://data.sfgov.org/resource/wv5m-vpq2.json,2007,225 COLLINGWOOD ST,San Francisco,CA,,2696028,0227 0225 COLLINGWOOD         ST0000,San Francisco,,1907,year_property_built,5.0,number_of_units,MRES,use_code,Multi-Family Residential,use_definition,parsed,parsed,aligned,eligible,DataSF parsed range contains input house number and street matches,2026-10-04T02:11:41+00:00
A0228,11,19,complete,DataSF wv5m-vpq2 (2025 roll),https://data.sfgov.org/resource/wv5m-vpq2.json,2010,225 COLLINGWOOD ST,San Francisco,CA,,2696028,0227 0225 COLLINGWOOD         ST0000,San Francisco,,1907,year_property_built,5.0,number_of_units,MRES,use_code,Multi-Family Residential,use_definition,parsed,parsed,aligned,eligible,DataSF parsed range contains input house number and street matches,2026-10-04T02:11:41+00:00
A0228,12,19,complete,DataSF wv5m-vpq2 (2025 roll),https://data.sfgov.org/resource/wv5m-vpq2.json,2020,225 COLLINGWOOD ST,San Francisco,CA,,2696028,0227 0225 COLLINGWOOD         ST0000,San Francisco,,1907,year_property_built,5.0,number_of_units,MRES,use_code,Multi-Family Residential,use_definition,parsed,parsed,aligned,eligible,DataSF parsed range contains input house number and street matches,2026-10-04T02:11:41+00:00
A0228,13,19,complete,DataSF wv5m-vpq2 (2025 roll),https://data.sfgov.org/resource/wv5m-vpq2.json,2021,225 COLLINGWOOD ST,San Francisco,CA,,2696028,0227 0225 COLLINGWOOD         ST0000,San Francisco,,1907,year_property_built,5.0,number_of_units,MRES,use_code,Multi-Family Residential,use_definition,parsed,parsed,aligned,eligible,DataSF parsed range contains input house number and street matches,2026-10-04T02:11:41+00:00
A0228,14,19,complete,DataSF wv5m-vpq2 (2025 roll),https://data.sfgov.org/resource/wv5m-vpq2.json,2009,225 COLLINGWOOD ST,San Francisco,CA,,2696028,0227 0225 COLLINGWOOD         ST0000,San Francisco,,1907,year_property_built,5.0,number_of_units,MRES,use_code,Multi-Family Residential,use_definition,parsed,parsed,aligned,eligible,DataSF parsed range contains input house number and street matches,2026-10-04T02:11:41+00:00
A0228,15,19,complete,DataSF wv5m-vpq2 (2025 roll),https://data.sfgov.org/resource/wv5m-vpq2.json,2013,225 COLLINGWOOD ST,San Francisco,CA,,2696028,0227 0225 COLLINGWOOD         ST0000,San Francisco,,1907,year_property_built,5.0,number_of_units,MRES,use_code,Multi-Family Residential,use_definition,parsed,parsed,aligned,eligible,DataSF parsed range contains input house number and street matches,2026-10-04T02:11:41+00:00
A0228,16,19,complete,DataSF wv5m-vpq2 (2025 roll),https://data.sfgov.org/resource/wv5m-vpq2.json,2012,225 COLLINGWOOD ST,San Francisco,CA,,2696028,0227 0225 COLLINGWOOD         ST0000,San Francisco,,1907,year_property_built,5.0,number_of_units,MRES,use_code,Multi-Family Residential,use_definition,parsed,parsed,aligned,eligible,DataSF parsed range contains input house number and street matches,2026-10-04T02:11:41+00:00
A0228,17,19,complete,DataSF wv5m-vpq2 (2025 roll),https://data.sfgov.org/resource/wv5m-vpq2.json,2008,225 COLLINGWOOD ST,San Francisco,CA,,2696028,0227 0225 COLLINGWOOD         ST0000,San Francisco,,1907,year_property_built,5.0,number_of_units,MRES,use_code,Multi-Family Residential,use_definition,parsed,parsed,aligned,eligible,DataSF parsed range contains input house number and street matches,2026-10-04T02:11:41+00:00
A0228,18,19,complete,DataSF wv5m-vpq2 (2025 roll),https://data.sfgov.org/resource/wv5m-vpq2.json,2025,225 COLLINGWOOD ST,San Francisco,CA,,2696028,0227 0225 COLLINGWOOD         ST0000,San Francisco,,1907,year_property_built,5.0,number_of_units,MRES,use_code,Multi-Family Residential,use_definition,parsed,parsed,aligned,eligible,DataSF parsed range contains input house number and street matches,2026-10-04T02:11:41+00:00
A0228,19,19,complete,DataSF wv5m-vpq2 (2025 roll),https://data.sfgov.org/resource/wv5m-vpq2.json,2023,225 COLLINGWOOD ST,San Francisco,CA,,2696028,0227 0225 COLLINGWOOD         ST0000,San Francisco,,1907,year_property_built,5.0,number_of_units,MRES,use_code,Multi-Family Residential,use_definition,parsed,parsed,aligned,eligible,DataSF parsed range contains input house number and street matches,2026-10-04T02:11:41+00:00
A0229,1,19,complete,DataSF wv5m-vpq2 (2025 roll),https://data.sfgov.org/resource/wv5m-vpq2.json,2014,5164 03RD ST,San Francisco,CA,,5358016,5170 5164 03RD                ST0000,San Francisco,,1914,year_property_built,6.0,number_of_units,MRES,use_code,Multi-Family Residential,use_definition,parsed,parsed,aligned,eligible,DataSF parsed range contains input house number and street matches,2026-10-04T02:11:41+00:00
A0229,2,19,complete,DataSF wv5m-vpq2 (2025 roll),https://data.sfgov.org/resource/wv5m-vpq2.json,2013,5164 03RD ST,San Francisco,CA,,5358016,5170 5164 03RD                ST0000,San Francisco,,1914,year_property_built,6.0,number_of_units,MRES,use_code,Multi-Family Residential,use_definition,parsed,parsed,aligned,eligible,DataSF parsed range contains input house number and street matches,2026-10-04T02:11:41+00:00
A0229,3,19,complete,DataSF wv5m-vpq2 (2025 roll),https://data.sfgov.org/resource/wv5m-vpq2.json,2024,5164 03RD ST,San Francisco,CA,,5358016,5170 5164 03RD                ST0000,San Francisco,,1914,year_property_built,6.0,number_of_units,MRES,use_code,Multi-Family Residential,use_definition,parsed,parsed,aligned,eligible,DataSF parsed range contains input house number and street matches,2026-10-04T02:11:41+00:00
A0229,4,19,complete,DataSF wv5m-vpq2 (2025 roll),https://data.sfgov.org/resource/wv5m-vpq2.json,2017,5164 03RD ST,San Francisco,CA,,5358016,5170 5164 03RD                ST0000,San Francisco,,1914,year_property_built,6.0,number_of_units,MRES,use_code,Multi-Family Residential,use_definition,parsed,parsed,aligned,eligible,DataSF parsed range contains input house number and street matches,2026-10-04T02:11:41+00:00
A0229,5,19,complete,DataSF wv5m-vpq2 (2025 roll),https://data.sfgov.org/resource/wv5m-vpq2.json,2018,5164 03RD ST,San Francisco,CA,,5358016,5170 5164 03RD                ST0000,San Francisco,,1914,year_property_built,6.0,number_of_units,MRES,use_code,Multi-Family Residential,use_definition,parsed,parsed,aligned,eligible,DataSF parsed range contains input house number and street matches,2026-10-04T02:11:41+00:00
A0229,6,19,complete,DataSF wv5m-vpq2 (2025 roll),https://data.sfgov.org/resource/wv5m-vpq2.json,2016,5164 03RD ST,San Francisco,CA,,5358016,5170 5164 03RD                ST0000,San Francisco,,1914,year_property_built,6.0,number_of_units,MRES,use_code,Multi-Family Residential,use_definition,parsed,parsed,aligned,eligible,DataSF parsed range contains input house number and street matches,2026-10-04T02:11:41+00:00
A0229,7,19,complete,DataSF wv5m-vpq2 (2025 roll),https://data.sfgov.org/resource/wv5m-vpq2.json,2012,5164 03RD ST,San Francisco,CA,,5358016,5170 5164 03RD                ST0000,San Francisco,,1914,year_property_built,6.0,number_of_units,MRES,use_code,Multi-Family Residential,use_definition,parsed,parsed,aligned,eligible,DataSF parsed range contains input house number and street matches,2026-10-04T02:11:41+00:00
A0229,8,19,complete,DataSF wv5m-vpq2 (2025 roll),https://data.sfgov.org/resource/wv5m-vpq2.json,2025,5164 03RD ST,San Francisco,CA,,5358016,5170 5164 03RD                ST0000,San Francisco,,1914,year_property_built,6.0,number_of_units,MRES,use_code,Multi-Family Residential,use_definition,parsed,parsed,aligned,eligible,DataSF parsed range contains input house number and street matches,2026-10-04T02:11:41+00:00
A0229,9,19,complete,DataSF wv5m-vpq2 (2025 roll),https://data.sfgov.org/resource/wv5m-vpq2.json,2010,5164 03RD ST,San Francisco,CA,,5358016,5170 5164 03RD                ST0000,San Francisco,,1914,year_property_built,6.0,number_of_units,MRES,use_code,Multi-Family Residential,use_definition,parsed,parsed,aligned,eligible,DataSF parsed range contains input house number and street matches,2026-10-04T02:11:41+00:00
A0229,10,19,complete,DataSF wv5m-vpq2 (2025 roll),https://data.sfgov.org/resource/wv5m-vpq2.json,2015,5164 03RD ST,San Francisco,CA,,5358016,5170 5164 03RD                ST0000,San Francisco,,1914,year_property_built,6.0,number_of_units,MRES,use_code,Multi-Family Residential,use_definition,parsed,parsed,aligned,eligible,DataSF parsed range contains input house number and street matches,2026-10-04T02:11:41+00:00
A0229,11,19,complete,DataSF wv5m-vpq2 (2025 roll),https://data.sfgov.org/resource/wv5m-vpq2.json,2022,5164 03RD ST,San Francisco,CA,,5358016,5170 5164 03RD                ST0000,San Francisco,,1914,year_property_built,6.0,number_of_units,MRES,use_code,Multi-Family Residential,use_definition,parsed,parsed,aligned,eligible,DataSF parsed range contains input house number and street matches,2026-10-04T02:11:41+00:00
A0229,12,19,complete,DataSF wv5m-vpq2 (2025 roll),https://data.sfgov.org/resource/wv5m-vpq2.json,2007,5164 03RD ST,San Francisco,CA,,5358016,5170 5164 03RD                ST0000,San Francisco,,1914,year_property_built,6.0,number_of_units,MRES,use_code,Multi-Family Residential,use_definition,parsed,parsed,aligned,eligible,DataSF parsed range contains input house number and street matches,2026-10-04T02:11:41+00:00
A0229,13,19,complete,DataSF wv5m-vpq2 (2025 roll),https://data.sfgov.org/resource/wv5m-vpq2.json,2011,5164 03RD ST,San Francisco,CA,,5358016,5170 5164 03RD                ST0000,San Francisco,,1914,year_property_built,6.0,number_of_units,MRES,use_code,Multi-Family Residential,use_definition,parsed,parsed,aligned,eligible,DataSF parsed range contains input house number and street matches,2026-10-04T02:11:41+00:00
A0229,14,19,complete,DataSF wv5m-vpq2 (2025 roll),https://data.sfgov.org/resource/wv5m-vpq2.json,2021,5164 03RD ST,San Francisco,CA,,5358016,5170 5164 03RD                ST0000,San Francisco,,1914,year_property_built,6.0,number_of_units,MRES,use_code,Multi-Family Residential,use_definition,parsed,parsed,aligned,eligible,DataSF parsed range contains input house number and street matches,2026-10-04T02:11:41+00:00
A0229,15,19,complete,DataSF wv5m-vpq2 (2025 roll),https://data.sfgov.org/resource/wv5m-vpq2.json,2008,5164 03RD ST,San Francisco,CA,,5358016,5170 5164 03RD                ST0000,San Francisco,,1914,year_property_built,6.0,number_of_units,MRES,use_code,Multi-Family Residential,use_definition,parsed,parsed,aligned,eligible,DataSF parsed range contains input house number and street matches,2026-10-04T02:11:41+00:00
A0229,16,19,complete,DataSF wv5m-vpq2 (2025 roll),https://data.sfgov.org/resource/wv5m-vpq2.json,2009,5164 03RD ST,San Francisco,CA,,5358016,5170 5164 03RD                ST0000,San Francisco,,1914,year_property_built,6.0,number_of_units,MRES,use_code,Multi-Family Residential,use_definition,parsed,parsed,aligned,eligible,DataSF parsed range contains input house number and street matches,2026-10-04T02:11:41+00:00
A0229,17,19,complete,DataSF wv5m-vpq2 (2025 roll),https://data.sfgov.org/resource/wv5m-vpq2.json,2019,5164 03RD ST,San Francisco,CA,,5358016,5170 5164 03RD                ST0000,San Francisco,,1914,year_property_built,6.0,number_of_units,MRES,use_code,Multi-Family Residential,use_definition,parsed,parsed,aligned,eligible,DataSF parsed range contains input house number and street matches,2026-10-04T02:11:41+00:00
A0229,18,19,complete,DataSF wv5m-vpq2 (2025 roll),https://data.sfgov.org/resource/wv5m-vpq2.json,2020,5164 03RD ST,San Francisco,CA,,5358016,5170 5164 03RD                ST0000,San Francisco,,1914,year_property_built,6.0,number_of_units,MRES,use_code,Multi-Family Residential,use_definition,parsed,parsed,aligned,eligible,DataSF parsed range contains input house number and street matches,2026-10-04T02:11:41+00:00
A0229,19,19,complete,DataSF wv5m-vpq2 (2025 roll),https://data.sfgov.org/resource/wv5m-vpq2.json,2023,5164 03RD ST,San Francisco,CA,,5358016,5170 5164 03RD                ST0000,San Francisco,,1914,year_property_built,6.0,number_of_units,MRES,use_code,Multi-Family Residential,use_definition,parsed,parsed,aligned,eligible,DataSF parsed range contains input house number and street matches,2026-10-04T02:11:41+00:00
A0231,1,19,complete,DataSF wv5m-vpq2 (2025 roll),https://data.sfgov.org/resource/wv5m-vpq2.json,2022,521 ARGUELLO BL,San Francisco,CA,,1543002A,0000 0521 ARGUELLO            BL0000,San Francisco,,1971,year_property_built,6.0,number_of_units,MRES,use_code,Multi-Family Residential,use_definition,parsed,parsed,aligned,eligible,DataSF parsed range contains input house number and street matches,2026-10-04T02:11:41+00:00
A0231,2,19,complete,DataSF wv5m-vpq2 (2025 roll),https://data.sfgov.org/resource/wv5m-vpq2.json,2025,521 ARGUELLO BL,San Francisco,CA,,1543002A,0000 0521 ARGUELLO            BL0000,San Francisco,,1971,year_property_built,6.0,number_of_units,MRES,use_code,Multi-Family Residential,use_definition,parsed,parsed,aligned,eligible,DataSF parsed range contains input house number and street matches,2026-10-04T02:11:41+00:00
A0231,3,19,complete,DataSF wv5m-vpq2 (2025 roll),https://data.sfgov.org/resource/wv5m-vpq2.json,2015,521 ARGUELLO BL,San Francisco,CA,,1543002A,0000 0521 ARGUELLO            BL0000,San Francisco,,1971,year_property_built,6.0,number_of_units,MRES,use_code,Multi-Family Residential,use_definition,parsed,parsed,aligned,eligible,DataSF parsed range contains input house number and street matches,2026-10-04T02:11:41+00:00
A0231,4,19,complete,DataSF wv5m-vpq2 (2025 roll),https://data.sfgov.org/resource/wv5m-vpq2.json,2020,521 ARGUELLO BL,San Francisco,CA,,1543002A,0000 0521 ARGUELLO            BL0000,San Francisco,,1971,year_property_built,6.0,number_of_units,MRES,use_code,Multi-Family Residential,use_definition,parsed,parsed,aligned,eligible,DataSF parsed range contains input house number and street matches,2026-10-04T02:11:41+00:00
A0231,5,19,complete,DataSF wv5m-vpq2 (2025 roll),https://data.sfgov.org/resource/wv5m-vpq2.json,2007,521 ARGUELLO BL,San Francisco,CA,,1543002A,0000 0521 ARGUELLO            BL0000,San Francisco,,1971,year_property_built,6.0,number_of_units,MRES,use_code,Multi-Family Residential,use_definition,parsed,parsed,aligned,eligible,DataSF parsed range contains input house number and street matches,2026-10-04T02:11:41+00:00
A0231,6,19,complete,DataSF wv5m-vpq2 (2025 roll),https://data.sfgov.org/resource/wv5m-vpq2.json,2019,521 ARGUELLO BL,San Francisco,CA,,1543002A,0000 0521 ARGUELLO            BL0000,San Francisco,,1971,year_property_built,6.0,number_of_units,MRES,use_code,Multi-Family Residential,use_definition,parsed,parsed,aligned,eligible,DataSF parsed range contains input house number and street matches,2026-10-04T02:11:41+00:00
A0231,7,19,complete,DataSF wv5m-vpq2 (2025 roll),https://data.sfgov.org/resource/wv5m-vpq2.json,2021,521 ARGUELLO BL,San Francisco,CA,,1543002A,0000 0521 ARGUELLO            BL0000,San Francisco,,1971,year_property_built,6.0,number_of_units,MRES,use_code,Multi-Family Residential,use_definition,parsed,parsed,aligned,eligible,DataSF parsed range contains input house number and street matches,2026-10-04T02:11:41+00:00
A0231,8,19,complete,DataSF wv5m-vpq2 (2025 roll),https://data.sfgov.org/resource/wv5m-vpq2.json,2018,521 ARGUELLO BL,San Francisco,CA,,1543002A,0000 0521 ARGUELLO            BL0000,San Francisco,,1971,year_property_built,6.0,number_of_units,MRES,use_code,Multi-Family Residential,use_definition,parsed,parsed,aligned,eligible,DataSF parsed range contains input house number and street matches,2026-10-04T02:11:41+00:00
A0231,9,19,complete,DataSF wv5m-vpq2 (2025 roll),https://data.sfgov.org/resource/wv5m-vpq2.json,2014,521 ARGUELLO BL,San Francisco,CA,,1543002A,0000 0521 ARGUELLO            BL0000,San Francisco,,1971,year_property_built,6.0,number_of_units,MRES,use_code,Multi-Family Residential,use_definition,parsed,parsed,aligned,eligible,DataSF parsed range contains input house number and street matches,2026-10-04T02:11:41+00:00
A0231,10,19,complete,DataSF wv5m-vpq2 (2025 roll),https://data.sfgov.org/resource/wv5m-vpq2.json,2023,521 ARGUELLO BL,San Francisco,CA,,1543002A,0000 0521 ARGUELLO            BL0000,San Francisco,,1971,year_property_built,6.0,number_of_units,MRES,use_code,Multi-Family Residential,use_definition,parsed,parsed,aligned,eligible,DataSF parsed range contains input house number and street matches,2026-10-04T02:11:41+00:00
A0231,11,19,complete,DataSF wv5m-vpq2 (2025 roll),https://data.sfgov.org/resource/wv5m-vpq2.json,2011,521 ARGUELLO BL,San Francisco,CA,,1543002A,0000 0521 ARGUELLO            BL0000,San Francisco,,1971,year_property_built,6.0,number_of_units,MRES,use_code,Multi-Family Residential,use_definition,parsed,parsed,aligned,eligible,DataSF parsed range contains input house number and street matches,2026-10-04T02:11:41+00:00
A0231,12,19,complete,DataSF wv5m-vpq2 (2025 roll),https://data.sfgov.org/resource/wv5m-vpq2.json,2024,521 ARGUELLO BL,San Francisco,CA,,1543002A,0000 0521 ARGUELLO            BL0000,San Francisco,,1971,year_property_built,6.0,number_of_units,MRES,use_code,Multi-Family Residential,use_definition,parsed,parsed,aligned,eligible,DataSF parsed range contains input house number and street matches,2026-10-04T02:11:41+00:00
A0231,13,19,complete,DataSF wv5m-vpq2 (2025 roll),https://data.sfgov.org/resource/wv5m-vpq2.json,2008,521 ARGUELLO BL,San Francisco,CA,,1543002A,0000 0521 ARGUELLO            BL0000,San Francisco,,1971,year_property_built,6.0,number_of_units,MRES,use_code,Multi-Family Residential,use_definition,parsed,parsed,aligned,eligible,DataSF parsed range contains input house number and street matches,2026-10-04T02:11:41+00:00
A0231,14,19,complete,DataSF wv5m-vpq2 (2025 roll),https://data.sfgov.org/resource/wv5m-vpq2.json,2013,521 ARGUELLO BL,San Francisco,CA,,1543002A,0000 0521 ARGUELLO            BL0000,San Francisco,,1971,year_property_built,6.0,number_of_units,MRES,use_code,Multi-Family Residential,use_definition,parsed,parsed,aligned,eligible,DataSF parsed range contains input house number and street matches,2026-10-04T02:11:41+00:00
A0231,15,19,complete,DataSF wv5m-vpq2 (2025 roll),https://data.sfgov.org/resource/wv5m-vpq2.json,2009,521 ARGUELLO BL,San Francisco,CA,,1543002A,0000 0521 ARGUELLO            BL0000,San Francisco,,1971,year_property_built,6.0,number_of_units,MRES,use_code,Multi-Family Residential,use_definition,parsed,parsed,aligned,eligible,DataSF parsed range contains input house number and street matches,2026-10-04T02:11:41+00:00
A0231,16,19,complete,DataSF wv5m-vpq2 (2025 roll),https://data.sfgov.org/resource/wv5m-vpq2.json,2010,521 ARGUELLO BL,San Francisco,CA,,1543002A,0000 0521 ARGUELLO            BL0000,San Francisco,,1971,year_property_built,6.0,number_of_units,MRES,use_code,Multi-Family Residential,use_definition,parsed,parsed,aligned,eligible,DataSF parsed range contains input house number and street matches,2026-10-04T02:11:41+00:00
A0231,17,19,complete,DataSF wv5m-vpq2 (2025 roll),https://data.sfgov.org/resource/wv5m-vpq2.json,2012,521 ARGUELLO BL,San Francisco,CA,,1543002A,0000 0521 ARGUELLO            BL0000,San Francisco,,1971,year_property_built,6.0,number_of_units,MRES,use_code,Multi-Family Residential,use_definition,parsed,parsed,aligned,eligible,DataSF parsed range contains input house number and street matches,2026-10-04T02:11:41+00:00
A0231,18,19,complete,DataSF wv5m-vpq2 (2025 roll),https://data.sfgov.org/resource/wv5m-vpq2.json,2016,521 ARGUELLO BL,San Francisco,CA,,1543002A,0000 0521 ARGUELLO            BL0000,San Francisco,,1971,year_property_built,6.0,number_of_units,MRES,use_code,Multi-Family Residential,use_definition,parsed,parsed,aligned,eligible,DataSF parsed range contains input house number and street matches,2026-10-04T02:11:41+00:00
A0231,19,19,complete,DataSF wv5m-vpq2 (2025 roll),https://data.sfgov.org/resource/wv5m-vpq2.json,2017,521 ARGUELLO BL,San Francisco,CA,,1543002A,0000 0521 ARGUELLO            BL0000,San Francisco,,1971,year_property_built,6.0,number_of_units,MRES,use_code,Multi-Family Residential,use_definition,parsed,parsed,aligned,eligible,DataSF parsed range contains input house number and street matches,2026-10-04T02:11:41+00:00
A0236,1,19,complete,DataSF wv5m-vpq2 (2025 roll),https://data.sfgov.org/resource/wv5m-vpq2.json,2022,1110 JACKSON ST,San Francisco,CA,,0182037,0000 1110 JACKSON             ST0000,San Francisco,,1961,year_property_built,9.0,number_of_units,MRES,use_code,Multi-Family Residential,use_definition,parsed,parsed,aligned,eligible,DataSF parsed range contains input house number and street matches,2026-10-04T02:11:41+00:00
A0236,2,19,complete,DataSF wv5m-vpq2 (2025 roll),https://data.sfgov.org/resource/wv5m-vpq2.json,2021,1110 JACKSON ST,San Francisco,CA,,0182037,0000 1110 JACKSON             ST0000,San Francisco,,1961,year_property_built,9.0,number_of_units,MRES,use_code,Multi-Family Residential,use_definition,parsed,parsed,aligned,eligible,DataSF parsed range contains input house number and street matches,2026-10-04T02:11:41+00:00
A0236,3,19,complete,DataSF wv5m-vpq2 (2025 roll),https://data.sfgov.org/resource/wv5m-vpq2.json,2013,1110 JACKSON ST,San Francisco,CA,,0182037,0000 1110 JACKSON             ST0000,San Francisco,,1961,year_property_built,9.0,number_of_units,MRES,use_code,Multi-Family Residential,use_definition,parsed,parsed,aligned,eligible,DataSF parsed range contains input house number and street matches,2026-10-04T02:11:41+00:00
A0236,4,19,complete,DataSF wv5m-vpq2 (2025 roll),https://data.sfgov.org/resource/wv5m-vpq2.json,2020,1110 JACKSON ST,San Francisco,CA,,0182037,0000 1110 JACKSON             ST0000,San Francisco,,1961,year_property_built,9.0,number_of_units,MRES,use_code,Multi-Family Residential,use_definition,parsed,parsed,aligned,eligible,DataSF parsed range contains input house number and street matches,2026-10-04T02:11:41+00:00
A0236,5,19,complete,DataSF wv5m-vpq2 (2025 roll),https://data.sfgov.org/resource/wv5m-vpq2.json,2011,1110 JACKSON ST,San Francisco,CA,,0182037,0000 1110 JACKSON             ST0000,San Francisco,,1961,year_property_built,9.0,number_of_units,MRES,use_code,Multi-Family Residential,use_definition,parsed,parsed,aligned,eligible,DataSF parsed range contains input house number and street matches,2026-10-04T02:11:41+00:00
A0236,6,19,complete,DataSF wv5m-vpq2 (2025 roll),https://data.sfgov.org/resource/wv5m-vpq2.json,2008,1110 JACKSON ST,San Francisco,CA,,0182037,0000 1110 JACKSON             ST0000,San Francisco,,1961,year_property_built,9.0,number_of_units,MRES,use_code,Multi-Family Residential,use_definition,parsed,parsed,aligned,eligible,DataSF parsed range contains input house number and street matches,2026-10-04T02:11:41+00:00
A0236,7,19,complete,DataSF wv5m-vpq2 (2025 roll),https://data.sfgov.org/resource/wv5m-vpq2.json,2016,1110 JACKSON ST,San Francisco,CA,,0182037,0000 1110 JACKSON             ST0000,San Francisco,,1961,year_property_built,9.0,number_of_units,MRES,use_code,Multi-Family Residential,use_definition,parsed,parsed,aligned,eligible,DataSF parsed range contains input house number and street matches,2026-10-04T02:11:41+00:00
A0236,8,19,complete,DataSF wv5m-vpq2 (2025 roll),https://data.sfgov.org/resource/wv5m-vpq2.json,2023,1110 JACKSON ST,San Francisco,CA,,0182037,0000 1110 JACKSON             ST0000,San Francisco,,1961,year_property_built,9.0,number_of_units,MRES,use_code,Multi-Family Residential,use_definition,parsed,parsed,aligned,eligible,DataSF parsed range contains input house number and street matches,2026-10-04T02:11:41+00:00
A0236,9,19,complete,DataSF wv5m-vpq2 (2025 roll),https://data.sfgov.org/resource/wv5m-vpq2.json,2012,1110 JACKSON ST,San Francisco,CA,,0182037,0000 1110 JACKSON             ST0000,San Francisco,,1961,year_property_built,9.0,number_of_units,MRES,use_code,Multi-Family Residential,use_definition,parsed,parsed,aligned,eligible,DataSF parsed range contains input house number and street matches,2026-10-04T02:11:41+00:00
A0236,10,19,complete,DataSF wv5m-vpq2 (2025 roll),https://data.sfgov.org/resource/wv5m-vpq2.json,2015,1110 JACKSON ST,San Francisco,CA,,0182037,0000 1110 JACKSON             ST0000,San Francisco,,1961,year_property_built,9.0,number_of_units,MRES,use_code,Multi-Family Residential,use_definition,parsed,parsed,aligned,eligible,DataSF parsed range contains input house number and street matches,2026-10-04T02:11:41+00:00
A0236,11,19,complete,DataSF wv5m-vpq2 (2025 roll),https://data.sfgov.org/resource/wv5m-vpq2.json,2017,1110 JACKSON ST,San Francisco,CA,,0182037,0000 1110 JACKSON             ST0000,San Francisco,,1961,year_property_built,9.0,number_of_units,MRES,use_code,Multi-Family Residential,use_definition,parsed,parsed,aligned,eligible,DataSF parsed range contains input house number and street matches,2026-10-04T02:11:41+00:00
A0236,12,19,complete,DataSF wv5m-vpq2 (2025 roll),https://data.sfgov.org/resource/wv5m-vpq2.json,2024,1110 JACKSON ST,San Francisco,CA,,0182037,0000 1110 JACKSON             ST0000,San Francisco,,1961,year_property_built,9.0,number_of_units,MRES,use_code,Multi-Family Residential,use_definition,parsed,parsed,aligned,eligible,DataSF parsed range contains input house number and street matches,2026-10-04T02:11:41+00:00
A0236,13,19,complete,DataSF wv5m-vpq2 (2025 roll),https://data.sfgov.org/resource/wv5m-vpq2.json,2010,1110 JACKSON ST,San Francisco,CA,,0182037,0000 1110 JACKSON             ST0000,San Francisco,,1961,year_property_built,9.0,number_of_units,MRES,use_code,Multi-Family Residential,use_definition,parsed,parsed,aligned,eligible,DataSF parsed range contains input house number and street matches,2026-10-04T02:11:41+00:00
A0236,14,19,complete,DataSF wv5m-vpq2 (2025 roll),https://data.sfgov.org/resource/wv5m-vpq2.json,2018,1110 JACKSON ST,San Francisco,CA,,0182037,0000 1110 JACKSON             ST0000,San Francisco,,1961,year_property_built,9.0,number_of_units,MRES,use_code,Multi-Family Residential,use_definition,parsed,parsed,aligned,eligible,DataSF parsed range contains input house number and street matches,2026-10-04T02:11:41+00:00
A0236,15,19,complete,DataSF wv5m-vpq2 (2025 roll),https://data.sfgov.org/resource/wv5m-vpq2.json,2014,1110 JACKSON ST,San Francisco,CA,,0182037,0000 1110 JACKSON             ST0000,San Francisco,,1961,year_property_built,9.0,number_of_units,MRES,use_code,Multi-Family Residential,use_definition,parsed,parsed,aligned,eligible,DataSF parsed range contains input house number and street matches,2026-10-04T02:11:41+00:00
A0236,16,19,complete,DataSF wv5m-vpq2 (2025 roll),https://data.sfgov.org/resource/wv5m-vpq2.json,2009,1110 JACKSON ST,San Francisco,CA,,0182037,0000 1110 JACKSON             ST0000,San Francisco,,1961,year_property_built,9.0,number_of_units,MRES,use_code,Multi-Family Residential,use_definition,parsed,parsed,aligned,eligible,DataSF parsed range contains input house number and street matches,2026-10-04T02:11:41+00:00
A0236,17,19,complete,DataSF wv5m-vpq2 (2025 roll),https://data.sfgov.org/resource/wv5m-vpq2.json,2025,1110 JACKSON ST,San Francisco,CA,,0182037,0000 1110 JACKSON             ST0000,San Francisco,,1961,year_property_built,9.0,number_of_units,MRES,use_code,Multi-Family Residential,use_definition,parsed,parsed,aligned,eligible,DataSF parsed range contains input house number and street matches,2026-10-04T02:11:41+00:00
A0236,18,19,complete,DataSF wv5m-vpq2 (2025 roll),https://data.sfgov.org/resource/wv5m-vpq2.json,2007,1110 JACKSON ST,San Francisco,CA,,0182037,0000 1110 JACKSON             ST0000,San Francisco,,1961,year_property_built,9.0,number_of_units,MRES,use_code,Multi-Family Residential,use_definition,parsed,parsed,aligned,eligible,DataSF parsed range contains input house number and street matches,2026-10-04T02:11:41+00:00
A0236,19,19,complete,DataSF wv5m-vpq2 (2025 roll),https://data.sfgov.org/resource/wv5m-vpq2.json,2019,1110 JACKSON ST,San Francisco,CA,,0182037,0000 1110 JACKSON             ST0000,San Francisco,,1961,year_property_built,9.0,number_of_units,MRES,use_code,Multi-Family Residential,use_definition,parsed,parsed,aligned,eligible,DataSF parsed range contains input house number and street matches,2026-10-04T02:11:41+00:00
A0237,1,12,none,DataSF wv5m-vpq2 (2025 roll),https://data.sfgov.org/resource/wv5m-vpq2.json,2013,36 VALLEY ST,San Francisco,CA,,6616014,0000 0036 VALLEY              ST0000,San Francisco,,1927,year_property_built,12.0,number_of_units,MRES,use_code,Multi-Family Residential,use_definition,parsed,parsed,aligned,excluded_from_automatic_resolution,no parsed DataSF candidate aligned,2026-10-04T01:54:18+00:00
A0253,1,19,complete,DataSF wv5m-vpq2 (2025 roll),https://data.sfgov.org/resource/wv5m-vpq2.json,2024,2250 NORTH POINT ST,San Francisco,CA,,0919003,0000 2250 NORTH POINT         ST0000,San Francisco,,1928,year_property_built,7.0,number_of_units,MRES,use_code,Multi-Family Residential,use_definition,parsed,parsed,aligned,eligible,DataSF parsed range contains input house number and street matches,2026-10-04T02:11:41+00:00
A0253,2,19,complete,DataSF wv5m-vpq2 (2025 roll),https://data.sfgov.org/resource/wv5m-vpq2.json,2025,2250 NORTH POINT ST,San Francisco,CA,,0919003,0000 2250 NORTH POINT         ST0000,San Francisco,,1928,year_property_built,7.0,number_of_units,MRES,use_code,Multi-Family Residential,use_definition,parsed,parsed,aligned,eligible,DataSF parsed range contains input house number and street matches,2026-10-04T02:11:41+00:00
A0253,3,19,complete,DataSF wv5m-vpq2 (2025 roll),https://data.sfgov.org/resource/wv5m-vpq2.json,2013,2250 NORTH POINT ST,San Francisco,CA,,0919003,0000 2250 NORTH POINT         ST0000,San Francisco,,1928,year_property_built,7.0,number_of_units,MRES,use_code,Multi-Family Residential,use_definition,parsed,parsed,aligned,eligible,DataSF parsed range contains input house number and street matches,2026-10-04T02:11:41+00:00
A0253,4,19,complete,DataSF wv5m-vpq2 (2025 roll),https://data.sfgov.org/resource/wv5m-vpq2.json,2007,2250 NORTH POINT ST,San Francisco,CA,,0919003,0000 2250 NORTH POINT         ST0000,San Francisco,,1928,year_property_built,7.0,number_of_units,MRES,use_code,Multi-Family Residential,use_definition,parsed,parsed,aligned,eligible,DataSF parsed range contains input house number and street matches,2026-10-04T02:11:41+00:00
A0253,5,19,complete,DataSF wv5m-vpq2 (2025 roll),https://data.sfgov.org/resource/wv5m-vpq2.json,2022,2250 NORTH POINT ST,San Francisco,CA,,0919003,0000 2250 NORTH POINT         ST0000,San Francisco,,1928,year_property_built,7.0,number_of_units,MRES,use_code,Multi-Family Residential,use_definition,parsed,parsed,aligned,eligible,DataSF parsed range contains input house number and street matches,2026-10-04T02:11:41+00:00
A0253,6,19,complete,DataSF wv5m-vpq2 (2025 roll),https://data.sfgov.org/resource/wv5m-vpq2.json,2023,2250 NORTH POINT ST,San Francisco,CA,,0919003,0000 2250 NORTH POINT         ST0000,San Francisco,,1928,year_property_built,7.0,number_of_units,MRES,use_code,Multi-Family Residential,use_definition,parsed,parsed,aligned,eligible,DataSF parsed range contains input house number and street matches,2026-10-04T02:11:41+00:00
A0253,7,19,complete,DataSF wv5m-vpq2 (2025 roll),https://data.sfgov.org/resource/wv5m-vpq2.json,2021,2250 NORTH POINT ST,San Francisco,CA,,0919003,0000 2250 NORTH POINT         ST0000,San Francisco,,1928,year_property_built,7.0,number_of_units,MRES,use_code,Multi-Family Residential,use_definition,parsed,parsed,aligned,eligible,DataSF parsed range contains input house number and street matches,2026-10-04T02:11:41+00:00
A0253,8,19,complete,DataSF wv5m-vpq2 (2025 roll),https://data.sfgov.org/resource/wv5m-vpq2.json,2014,2250 NORTH POINT ST,San Francisco,CA,,0919003,0000 2250 NORTH POINT         ST0000,San Francisco,,1928,year_property_built,7.0,number_of_units,MRES,use_code,Multi-Family Residential,use_definition,parsed,parsed,aligned,eligible,DataSF parsed range contains input house number and street matches,2026-10-04T02:11:41+00:00
A0253,9,19,complete,DataSF wv5m-vpq2 (2025 roll),https://data.sfgov.org/resource/wv5m-vpq2.json,2016,2250 NORTH POINT ST,San Francisco,CA,,0919003,0000 2250 NORTH POINT         ST0000,San Francisco,,1928,year_property_built,7.0,number_of_units,MRES,use_code,Multi-Family Residential,use_definition,parsed,parsed,aligned,eligible,DataSF parsed range contains input house number and street matches,2026-10-04T02:11:41+00:00
A0253,10,19,complete,DataSF wv5m-vpq2 (2025 roll),https://data.sfgov.org/resource/wv5m-vpq2.json,2015,2250 NORTH POINT ST,San Francisco,CA,,0919003,0000 2250 NORTH POINT         ST0000,San Francisco,,1928,year_property_built,7.0,number_of_units,MRES,use_code,Multi-Family Residential,use_definition,parsed,parsed,aligned,eligible,DataSF parsed range contains input house number and street matches,2026-10-04T02:11:41+00:00
A0253,11,19,complete,DataSF wv5m-vpq2 (2025 roll),https://data.sfgov.org/resource/wv5m-vpq2.json,2018,2250 NORTH POINT ST,San Francisco,CA,,0919003,0000 2250 NORTH POINT         ST0000,San Francisco,,1928,year_property_built,7.0,number_of_units,MRES,use_code,Multi-Family Residential,use_definition,parsed,parsed,aligned,eligible,DataSF parsed range contains input house number and street matches,2026-10-04T02:11:41+00:00
A0253,12,19,complete,DataSF wv5m-vpq2 (2025 roll),https://data.sfgov.org/resource/wv5m-vpq2.json,2020,2250 NORTH POINT ST,San Francisco,CA,,0919003,0000 2250 NORTH POINT         ST0000,San Francisco,,1928,year_property_built,7.0,number_of_units,MRES,use_code,Multi-Family Residential,use_definition,parsed,parsed,aligned,eligible,DataSF parsed range contains input house number and street matches,2026-10-04T02:11:41+00:00
A0253,13,19,complete,DataSF wv5m-vpq2 (2025 roll),https://data.sfgov.org/resource/wv5m-vpq2.json,2012,2250 NORTH POINT ST,San Francisco,CA,,0919003,0000 2250 NORTH POINT         ST0000,San Francisco,,1928,year_property_built,7.0,number_of_units,MRES,use_code,Multi-Family Residential,use_definition,parsed,parsed,aligned,eligible,DataSF parsed range contains input house number and street matches,2026-10-04T02:11:41+00:00
A0253,14,19,complete,DataSF wv5m-vpq2 (2025 roll),https://data.sfgov.org/resource/wv5m-vpq2.json,2010,2250 NORTH POINT ST,San Francisco,CA,,0919003,0000 2250 NORTH POINT         ST0000,San Francisco,,1928,year_property_built,7.0,number_of_units,MRES,use_code,Multi-Family Residential,use_definition,parsed,parsed,aligned,eligible,DataSF parsed range contains input house number and street matches,2026-10-04T02:11:41+00:00
A0253,15,19,complete,DataSF wv5m-vpq2 (2025 roll),https://data.sfgov.org/resource/wv5m-vpq2.json,2017,2250 NORTH POINT ST,San Francisco,CA,,0919003,0000 2250 NORTH POINT         ST0000,San Francisco,,1928,year_property_built,7.0,number_of_units,MRES,use_code,Multi-Family Residential,use_definition,parsed,parsed,aligned,eligible,DataSF parsed range contains input house number and street matches,2026-10-04T02:11:41+00:00
A0253,16,19,complete,DataSF wv5m-vpq2 (2025 roll),https://data.sfgov.org/resource/wv5m-vpq2.json,2019,2250 NORTH POINT ST,San Francisco,CA,,0919003,0000 2250 NORTH POINT         ST0000,San Francisco,,1928,year_property_built,7.0,number_of_units,MRES,use_code,Multi-Family Residential,use_definition,parsed,parsed,aligned,eligible,DataSF parsed range contains input house number and street matches,2026-10-04T02:11:41+00:00
A0253,17,19,complete,DataSF wv5m-vpq2 (2025 roll),https://data.sfgov.org/resource/wv5m-vpq2.json,2011,2250 NORTH POINT ST,San Francisco,CA,,0919003,0000 2250 NORTH POINT         ST0000,San Francisco,,1928,year_property_built,7.0,number_of_units,MRES,use_code,Multi-Family Residential,use_definition,parsed,parsed,aligned,eligible,DataSF parsed range contains input house number and street matches,2026-10-04T02:11:41+00:00
A0253,18,19,complete,DataSF wv5m-vpq2 (2025 roll),https://data.sfgov.org/resource/wv5m-vpq2.json,2009,2250 NORTH POINT ST,San Francisco,CA,,0919003,0000 2250 NORTH POINT         ST0000,San Francisco,,1928,year_property_built,7.0,number_of_units,MRES,use_code,Multi-Family Residential,use_definition,parsed,parsed,aligned,eligible,DataSF parsed range contains input house number and street matches,2026-10-04T02:11:41+00:00
A0253,19,19,complete,DataSF wv5m-vpq2 (2025 roll),https://data.sfgov.org/resource/wv5m-vpq2.json,2008,2250 NORTH POINT ST,San Francisco,CA,,0919003,0000 2250 NORTH POINT         ST0000,San Francisco,,1928,year_property_built,7.0,number_of_units,MRES,use_code,Multi-Family Residential,use_definition,parsed,parsed,aligned,eligible,DataSF parsed range contains input house number and street matches,2026-10-04T02:11:41+00:00
A0257,1,0,none,DataSF wv5m-vpq2 (2025 roll),https://data.sfgov.org/resource/wv5m-vpq2.json,,5 COMMER CT,San Francisco,CA,,,,,,,,,,,,,,parsed,failed,parser_failed,excluded_from_automatic_resolution,no parsed DataSF candidate aligned,2026-10-04T01:54:30+00:00
A0259,1,19,complete,DataSF wv5m-vpq2 (2025 roll),https://data.sfgov.org/resource/wv5m-vpq2.json,2015,872 NORTH POINT ST,San Francisco,CA,,0025008,0880 0872 NORTH POINT         ST0000,San Francisco,,1900,year_property_built,5.0,number_of_units,MRES,use_code,Multi-Family Residential,use_definition,parsed,parsed,aligned,eligible,DataSF parsed range contains input house number and street matches,2026-10-04T02:11:41+00:00
A0259,2,19,complete,DataSF wv5m-vpq2 (2025 roll),https://data.sfgov.org/resource/wv5m-vpq2.json,2011,872 NORTH POINT ST,San Francisco,CA,,0025008,0880 0872 NORTH POINT         ST0000,San Francisco,,1900,year_property_built,5.0,number_of_units,MRES,use_code,Multi-Family Residential,use_definition,parsed,parsed,aligned,eligible,DataSF parsed range contains input house number and street matches,2026-10-04T02:11:41+00:00
A0259,3,19,complete,DataSF wv5m-vpq2 (2025 roll),https://data.sfgov.org/resource/wv5m-vpq2.json,2021,872 NORTH POINT ST,San Francisco,CA,,0025008,0880 0872 NORTH POINT         ST0000,San Francisco,,1900,year_property_built,5.0,number_of_units,MRES,use_code,Multi-Family Residential,use_definition,parsed,parsed,aligned,eligible,DataSF parsed range contains input house number and street matches,2026-10-04T02:11:41+00:00
A0259,4,19,complete,DataSF wv5m-vpq2 (2025 roll),https://data.sfgov.org/resource/wv5m-vpq2.json,2014,872 NORTH POINT ST,San Francisco,CA,,0025008,0880 0872 NORTH POINT         ST0000,San Francisco,,1900,year_property_built,5.0,number_of_units,MRES,use_code,Multi-Family Residential,use_definition,parsed,parsed,aligned,eligible,DataSF parsed range contains input house number and street matches,2026-10-04T02:11:41+00:00
A0259,5,19,complete,DataSF wv5m-vpq2 (2025 roll),https://data.sfgov.org/resource/wv5m-vpq2.json,2022,872 NORTH POINT ST,San Francisco,CA,,0025008,0880 0872 NORTH POINT         ST0000,San Francisco,,1900,year_property_built,5.0,number_of_units,MRES,use_code,Multi-Family Residential,use_definition,parsed,parsed,aligned,eligible,DataSF parsed range contains input house number and street matches,2026-10-04T02:11:41+00:00
A0259,6,19,complete,DataSF wv5m-vpq2 (2025 roll),https://data.sfgov.org/resource/wv5m-vpq2.json,2024,872 NORTH POINT ST,San Francisco,CA,,0025008,0880 0872 NORTH POINT         ST0000,San Francisco,,1900,year_property_built,5.0,number_of_units,MRES,use_code,Multi-Family Residential,use_definition,parsed,parsed,aligned,eligible,DataSF parsed range contains input house number and street matches,2026-10-04T02:11:41+00:00
A0259,7,19,complete,DataSF wv5m-vpq2 (2025 roll),https://data.sfgov.org/resource/wv5m-vpq2.json,2020,872 NORTH POINT ST,San Francisco,CA,,0025008,0880 0872 NORTH POINT         ST0000,San Francisco,,1900,year_property_built,5.0,number_of_units,MRES,use_code,Multi-Family Residential,use_definition,parsed,parsed,aligned,eligible,DataSF parsed range contains input house number and street matches,2026-10-04T02:11:41+00:00
A0259,8,19,complete,DataSF wv5m-vpq2 (2025 roll),https://data.sfgov.org/resource/wv5m-vpq2.json,2007,872 NORTH POINT ST,San Francisco,CA,,0025008,0880 0872 NORTH POINT         ST0000,San Francisco,,1900,year_property_built,5.0,number_of_units,MRES,use_code,Multi-Family Residential,use_definition,parsed,parsed,aligned,eligible,DataSF parsed range contains input house number and street matches,2026-10-04T02:11:41+00:00
A0259,9,19,complete,DataSF wv5m-vpq2 (2025 roll),https://data.sfgov.org/resource/wv5m-vpq2.json,2017,872 NORTH POINT ST,San Francisco,CA,,0025008,0880 0872 NORTH POINT         ST0000,San Francisco,,1900,year_property_built,5.0,number_of_units,MRES,use_code,Multi-Family Residential,use_definition,parsed,parsed,aligned,eligible,DataSF parsed range contains input house number and street matches,2026-10-04T02:11:41+00:00
A0259,10,19,complete,DataSF wv5m-vpq2 (2025 roll),https://data.sfgov.org/resource/wv5m-vpq2.json,2016,872 NORTH POINT ST,San Francisco,CA,,0025008,0880 0872 NORTH POINT         ST0000,San Francisco,,1900,year_property_built,5.0,number_of_units,MRES,use_code,Multi-Family Residential,use_definition,parsed,parsed,aligned,eligible,DataSF parsed range contains input house number and street matches,2026-10-04T02:11:41+00:00
A0259,11,19,complete,DataSF wv5m-vpq2 (2025 roll),https://data.sfgov.org/resource/wv5m-vpq2.json,2012,872 NORTH POINT ST,San Francisco,CA,,0025008,0880 0872 NORTH POINT         ST0000,San Francisco,,1900,year_property_built,5.0,number_of_units,MRES,use_code,Multi-Family Residential,use_definition,parsed,parsed,aligned,eligible,DataSF parsed range contains input house number and street matches,2026-10-04T02:11:41+00:00
A0259,12,19,complete,DataSF wv5m-vpq2 (2025 roll),https://data.sfgov.org/resource/wv5m-vpq2.json,2023,872 NORTH POINT ST,San Francisco,CA,,0025008,0880 0872 NORTH POINT         ST0000,San Francisco,,1900,year_property_built,5.0,number_of_units,MRES,use_code,Multi-Family Residential,use_definition,parsed,parsed,aligned,eligible,DataSF parsed range contains input house number and street matches,2026-10-04T02:11:41+00:00
A0259,13,19,complete,DataSF wv5m-vpq2 (2025 roll),https://data.sfgov.org/resource/wv5m-vpq2.json,2019,872 NORTH POINT ST,San Francisco,CA,,0025008,0880 0872 NORTH POINT         ST0000,San Francisco,,1900,year_property_built,5.0,number_of_units,MRES,use_code,Multi-Family Residential,use_definition,parsed,parsed,aligned,eligible,DataSF parsed range contains input house number and street matches,2026-10-04T02:11:41+00:00
A0259,14,19,complete,DataSF wv5m-vpq2 (2025 roll),https://data.sfgov.org/resource/wv5m-vpq2.json,2013,872 NORTH POINT ST,San Francisco,CA,,0025008,0880 0872 NORTH POINT         ST0000,San Francisco,,1900,year_property_built,5.0,number_of_units,MRES,use_code,Multi-Family Residential,use_definition,parsed,parsed,aligned,eligible,DataSF parsed range contains input house number and street matches,2026-10-04T02:11:41+00:00
A0259,15,19,complete,DataSF wv5m-vpq2 (2025 roll),https://data.sfgov.org/resource/wv5m-vpq2.json,2008,872 NORTH POINT ST,San Francisco,CA,,0025008,0880 0872 NORTH POINT         ST0000,San Francisco,,1900,year_property_built,5.0,number_of_units,MRES,use_code,Multi-Family Residential,use_definition,parsed,parsed,aligned,eligible,DataSF parsed range contains input house number and street matches,2026-10-04T02:11:41+00:00
A0259,16,19,complete,DataSF wv5m-vpq2 (2025 roll),https://data.sfgov.org/resource/wv5m-vpq2.json,2009,872 NORTH POINT ST,San Francisco,CA,,0025008,0880 0872 NORTH POINT         ST0000,San Francisco,,1900,year_property_built,5.0,number_of_units,MRES,use_code,Multi-Family Residential,use_definition,parsed,parsed,aligned,eligible,DataSF parsed range contains input house number and street matches,2026-10-04T02:11:41+00:00
A0259,17,19,complete,DataSF wv5m-vpq2 (2025 roll),https://data.sfgov.org/resource/wv5m-vpq2.json,2025,872 NORTH POINT ST,San Francisco,CA,,0025008,0880 0872 NORTH POINT         ST0000,San Francisco,,1900,year_property_built,5.0,number_of_units,MRES,use_code,Multi-Family Residential,use_definition,parsed,parsed,aligned,eligible,DataSF parsed range contains input house number and street matches,2026-10-04T02:11:41+00:00
A0259,18,19,complete,DataSF wv5m-vpq2 (2025 roll),https://data.sfgov.org/resource/wv5m-vpq2.json,2010,872 NORTH POINT ST,San Francisco,CA,,0025008,0880 0872 NORTH POINT         ST0000,San Francisco,,1900,year_property_built,5.0,number_of_units,MRES,use_code,Multi-Family Residential,use_definition,parsed,parsed,aligned,eligible,DataSF parsed range contains input house number and street matches,2026-10-04T02:11:41+00:00
A0259,19,19,complete,DataSF wv5m-vpq2 (2025 roll),https://data.sfgov.org/resource/wv5m-vpq2.json,2018,872 NORTH POINT ST,San Francisco,CA,,0025008,0880 0872 NORTH POINT         ST0000,San Francisco,,1900,year_property_built,5.0,number_of_units,MRES,use_code,Multi-Family Residential,use_definition,parsed,parsed,aligned,eligible,DataSF parsed range contains input house number and street matches,2026-10-04T02:11:41+00:00
A0268,1,19,complete,DataSF wv5m-vpq2 (2025 roll),https://data.sfgov.org/resource/wv5m-vpq2.json,2018,1848 FRANKLIN ST,San Francisco,CA,,0623007B,0000 1848 FRANKLIN            ST0000,San Francisco,,1914,year_property_built,7.0,number_of_units,MRES,use_code,Multi-Family Residential,use_definition,parsed,parsed,aligned,eligible,DataSF parsed range contains input house number and street matches,2026-10-04T02:11:41+00:00
A0268,2,19,complete,DataSF wv5m-vpq2 (2025 roll),https://data.sfgov.org/resource/wv5m-vpq2.json,2012,1848 FRANKLIN ST,San Francisco,CA,,0623007B,0000 1848 FRANKLIN            ST0000,San Francisco,,1914,year_property_built,7.0,number_of_units,MRES,use_code,Multi-Family Residential,use_definition,parsed,parsed,aligned,eligible,DataSF parsed range contains input house number and street matches,2026-10-04T02:11:41+00:00
A0268,3,19,complete,DataSF wv5m-vpq2 (2025 roll),https://data.sfgov.org/resource/wv5m-vpq2.json,2022,1848 FRANKLIN ST,San Francisco,CA,,0623007B,0000 1848 FRANKLIN            ST0000,San Francisco,,1914,year_property_built,7.0,number_of_units,MRES,use_code,Multi-Family Residential,use_definition,parsed,parsed,aligned,eligible,DataSF parsed range contains input house number and street matches,2026-10-04T02:11:41+00:00
A0268,4,19,complete,DataSF wv5m-vpq2 (2025 roll),https://data.sfgov.org/resource/wv5m-vpq2.json,2025,1848 FRANKLIN ST,San Francisco,CA,,0623007B,0000 1848 FRANKLIN            ST0000,San Francisco,,1914,year_property_built,7.0,number_of_units,MRES,use_code,Multi-Family Residential,use_definition,parsed,parsed,aligned,eligible,DataSF parsed range contains input house number and street matches,2026-10-04T02:11:41+00:00
A0268,5,19,complete,DataSF wv5m-vpq2 (2025 roll),https://data.sfgov.org/resource/wv5m-vpq2.json,2016,1848 FRANKLIN ST,San Francisco,CA,,0623007B,0000 1848 FRANKLIN            ST0000,San Francisco,,1914,year_property_built,7.0,number_of_units,MRES,use_code,Multi-Family Residential,use_definition,parsed,parsed,aligned,eligible,DataSF parsed range contains input house number and street matches,2026-10-04T02:11:41+00:00
A0268,6,19,complete,DataSF wv5m-vpq2 (2025 roll),https://data.sfgov.org/resource/wv5m-vpq2.json,2011,1848 FRANKLIN ST,San Francisco,CA,,0623007B,0000 1848 FRANKLIN            ST0000,San Francisco,,1914,year_property_built,7.0,number_of_units,MRES,use_code,Multi-Family Residential,use_definition,parsed,parsed,aligned,eligible,DataSF parsed range contains input house number and street matches,2026-10-04T02:11:41+00:00
A0268,7,19,complete,DataSF wv5m-vpq2 (2025 roll),https://data.sfgov.org/resource/wv5m-vpq2.json,2020,1848 FRANKLIN ST,San Francisco,CA,,0623007B,0000 1848 FRANKLIN            ST0000,San Francisco,,1914,year_property_built,7.0,number_of_units,MRES,use_code,Multi-Family Residential,use_definition,parsed,parsed,aligned,eligible,DataSF parsed range contains input house number and street matches,2026-10-04T02:11:41+00:00
A0268,8,19,complete,DataSF wv5m-vpq2 (2025 roll),https://data.sfgov.org/resource/wv5m-vpq2.json,2021,1848 FRANKLIN ST,San Francisco,CA,,0623007B,0000 1848 FRANKLIN            ST0000,San Francisco,,1914,year_property_built,7.0,number_of_units,MRES,use_code,Multi-Family Residential,use_definition,parsed,parsed,aligned,eligible,DataSF parsed range contains input house number and street matches,2026-10-04T02:11:41+00:00
A0268,9,19,complete,DataSF wv5m-vpq2 (2025 roll),https://data.sfgov.org/resource/wv5m-vpq2.json,2008,1848 FRANKLIN ST,San Francisco,CA,,0623007B,0000 1848 FRANKLIN            ST0000,San Francisco,,1914,year_property_built,7.0,number_of_units,MRES,use_code,Multi-Family Residential,use_definition,parsed,parsed,aligned,eligible,DataSF parsed range contains input house number and street matches,2026-10-04T02:11:41+00:00
A0268,10,19,complete,DataSF wv5m-vpq2 (2025 roll),https://data.sfgov.org/resource/wv5m-vpq2.json,2023,1848 FRANKLIN ST,San Francisco,CA,,0623007B,0000 1848 FRANKLIN            ST0000,San Francisco,,1914,year_property_built,7.0,number_of_units,MRES,use_code,Multi-Family Residential,use_definition,parsed,parsed,aligned,eligible,DataSF parsed range contains input house number and street matches,2026-10-04T02:11:41+00:00
A0268,11,19,complete,DataSF wv5m-vpq2 (2025 roll),https://data.sfgov.org/resource/wv5m-vpq2.json,2007,1848 FRANKLIN ST,San Francisco,CA,,0623007B,0000 1848 FRANKLIN            ST0000,San Francisco,,1914,year_property_built,7.0,number_of_units,MRES,use_code,Multi-Family Residential,use_definition,parsed,parsed,aligned,eligible,DataSF parsed range contains input house number and street matches,2026-10-04T02:11:41+00:00
A0268,12,19,complete,DataSF wv5m-vpq2 (2025 roll),https://data.sfgov.org/resource/wv5m-vpq2.json,2013,1848 FRANKLIN ST,San Francisco,CA,,0623007B,0000 1848 FRANKLIN            ST0000,San Francisco,,1914,year_property_built,7.0,number_of_units,MRES,use_code,Multi-Family Residential,use_definition,parsed,parsed,aligned,eligible,DataSF parsed range contains input house number and street matches,2026-10-04T02:11:41+00:00
A0268,13,19,complete,DataSF wv5m-vpq2 (2025 roll),https://data.sfgov.org/resource/wv5m-vpq2.json,2017,1848 FRANKLIN ST,San Francisco,CA,,0623007B,0000 1848 FRANKLIN            ST0000,San Francisco,,1914,year_property_built,7.0,number_of_units,MRES,use_code,Multi-Family Residential,use_definition,parsed,parsed,aligned,eligible,DataSF parsed range contains input house number and street matches,2026-10-04T02:11:41+00:00
A0268,14,19,complete,DataSF wv5m-vpq2 (2025 roll),https://data.sfgov.org/resource/wv5m-vpq2.json,2010,1848 FRANKLIN ST,San Francisco,CA,,0623007B,0000 1848 FRANKLIN            ST0000,San Francisco,,1914,year_property_built,7.0,number_of_units,MRES,use_code,Multi-Family Residential,use_definition,parsed,parsed,aligned,eligible,DataSF parsed range contains input house number and street matches,2026-10-04T02:11:41+00:00
A0268,15,19,complete,DataSF wv5m-vpq2 (2025 roll),https://data.sfgov.org/resource/wv5m-vpq2.json,2015,1848 FRANKLIN ST,San Francisco,CA,,0623007B,0000 1848 FRANKLIN            ST0000,San Francisco,,1914,year_property_built,7.0,number_of_units,MRES,use_code,Multi-Family Residential,use_definition,parsed,parsed,aligned,eligible,DataSF parsed range contains input house number and street matches,2026-10-04T02:11:41+00:00
A0268,16,19,complete,DataSF wv5m-vpq2 (2025 roll),https://data.sfgov.org/resource/wv5m-vpq2.json,2014,1848 FRANKLIN ST,San Francisco,CA,,0623007B,0000 1848 FRANKLIN            ST0000,San Francisco,,1914,year_property_built,7.0,number_of_units,MRES,use_code,Multi-Family Residential,use_definition,parsed,parsed,aligned,eligible,DataSF parsed range contains input house number and street matches,2026-10-04T02:11:41+00:00
A0268,17,19,complete,DataSF wv5m-vpq2 (2025 roll),https://data.sfgov.org/resource/wv5m-vpq2.json,2019,1848 FRANKLIN ST,San Francisco,CA,,0623007B,0000 1848 FRANKLIN            ST0000,San Francisco,,1914,year_property_built,7.0,number_of_units,MRES,use_code,Multi-Family Residential,use_definition,parsed,parsed,aligned,eligible,DataSF parsed range contains input house number and street matches,2026-10-04T02:11:41+00:00
A0268,18,19,complete,DataSF wv5m-vpq2 (2025 roll),https://data.sfgov.org/resource/wv5m-vpq2.json,2024,1848 FRANKLIN ST,San Francisco,CA,,0623007B,0000 1848 FRANKLIN            ST0000,San Francisco,,1914,year_property_built,7.0,number_of_units,MRES,use_code,Multi-Family Residential,use_definition,parsed,parsed,aligned,eligible,DataSF parsed range contains input house number and street matches,2026-10-04T02:11:41+00:00
A0268,19,19,complete,DataSF wv5m-vpq2 (2025 roll),https://data.sfgov.org/resource/wv5m-vpq2.json,2009,1848 FRANKLIN ST,San Francisco,CA,,0623007B,0000 1848 FRANKLIN            ST0000,San Francisco,,1914,year_property_built,7.0,number_of_units,MRES,use_code,Multi-Family Residential,use_definition,parsed,parsed,aligned,eligible,DataSF parsed range contains input house number and street matches,2026-10-04T02:11:41+00:00
A0271,1,19,complete,DataSF wv5m-vpq2 (2025 roll),https://data.sfgov.org/resource/wv5m-vpq2.json,2025,4115 LINCOLN WY,San Francisco,CA,,1708048,0000 4115 LINCOLN             WY0000,San Francisco,,1928,year_property_built,13.0,number_of_units,MRES,use_code,Multi-Family Residential,use_definition,parsed,parsed,aligned,eligible,DataSF parsed range contains input house number and street matches,2026-10-04T02:11:41+00:00
A0271,2,19,complete,DataSF wv5m-vpq2 (2025 roll),https://data.sfgov.org/resource/wv5m-vpq2.json,2023,4115 LINCOLN WY,San Francisco,CA,,1708048,0000 4115 LINCOLN             WY0000,San Francisco,,1928,year_property_built,13.0,number_of_units,MRES,use_code,Multi-Family Residential,use_definition,parsed,parsed,aligned,eligible,DataSF parsed range contains input house number and street matches,2026-10-04T02:11:41+00:00
A0271,3,19,complete,DataSF wv5m-vpq2 (2025 roll),https://data.sfgov.org/resource/wv5m-vpq2.json,2011,4115 LINCOLN WY,San Francisco,CA,,1708048,0000 4115 LINCOLN             WY0000,San Francisco,,1928,year_property_built,13.0,number_of_units,MRES,use_code,Multi-Family Residential,use_definition,parsed,parsed,aligned,eligible,DataSF parsed range contains input house number and street matches,2026-10-04T02:11:41+00:00
A0271,4,19,complete,DataSF wv5m-vpq2 (2025 roll),https://data.sfgov.org/resource/wv5m-vpq2.json,2018,4115 LINCOLN WY,San Francisco,CA,,1708048,0000 4115 LINCOLN             WY0000,San Francisco,,1928,year_property_built,13.0,number_of_units,MRES,use_code,Multi-Family Residential,use_definition,parsed,parsed,aligned,eligible,DataSF parsed range contains input house number and street matches,2026-10-04T02:11:41+00:00
A0271,5,19,complete,DataSF wv5m-vpq2 (2025 roll),https://data.sfgov.org/resource/wv5m-vpq2.json,2022,4115 LINCOLN WY,San Francisco,CA,,1708048,0000 4115 LINCOLN             WY0000,San Francisco,,1928,year_property_built,13.0,number_of_units,MRES,use_code,Multi-Family Residential,use_definition,parsed,parsed,aligned,eligible,DataSF parsed range contains input house number and street matches,2026-10-04T02:11:41+00:00
A0271,6,19,complete,DataSF wv5m-vpq2 (2025 roll),https://data.sfgov.org/resource/wv5m-vpq2.json,2007,4115 LINCOLN WY,San Francisco,CA,,1708048,0000 4115 LINCOLN             WY0000,San Francisco,,1928,year_property_built,13.0,number_of_units,MRES,use_code,Multi-Family Residential,use_definition,parsed,parsed,aligned,eligible,DataSF parsed range contains input house number and street matches,2026-10-04T02:11:41+00:00
A0271,7,19,complete,DataSF wv5m-vpq2 (2025 roll),https://data.sfgov.org/resource/wv5m-vpq2.json,2013,4115 LINCOLN WY,San Francisco,CA,,1708048,0000 4115 LINCOLN             WY0000,San Francisco,,1928,year_property_built,13.0,number_of_units,MRES,use_code,Multi-Family Residential,use_definition,parsed,parsed,aligned,eligible,DataSF parsed range contains input house number and street matches,2026-10-04T02:11:41+00:00
A0271,8,19,complete,DataSF wv5m-vpq2 (2025 roll),https://data.sfgov.org/resource/wv5m-vpq2.json,2014,4115 LINCOLN WY,San Francisco,CA,,1708048,0000 4115 LINCOLN             WY0000,San Francisco,,1928,year_property_built,13.0,number_of_units,MRES,use_code,Multi-Family Residential,use_definition,parsed,parsed,aligned,eligible,DataSF parsed range contains input house number and street matches,2026-10-04T02:11:41+00:00
A0271,9,19,complete,DataSF wv5m-vpq2 (2025 roll),https://data.sfgov.org/resource/wv5m-vpq2.json,2010,4115 LINCOLN WY,San Francisco,CA,,1708048,0000 4115 LINCOLN             WY0000,San Francisco,,1928,year_property_built,13.0,number_of_units,MRES,use_code,Multi-Family Residential,use_definition,parsed,parsed,aligned,eligible,DataSF parsed range contains input house number and street matches,2026-10-04T02:11:41+00:00
A0271,10,19,complete,DataSF wv5m-vpq2 (2025 roll),https://data.sfgov.org/resource/wv5m-vpq2.json,2017,4115 LINCOLN WY,San Francisco,CA,,1708048,0000 4115 LINCOLN             WY0000,San Francisco,,1928,year_property_built,13.0,number_of_units,MRES,use_code,Multi-Family Residential,use_definition,parsed,parsed,aligned,eligible,DataSF parsed range contains input house number and street matches,2026-10-04T02:11:41+00:00
A0271,11,19,complete,DataSF wv5m-vpq2 (2025 roll),https://data.sfgov.org/resource/wv5m-vpq2.json,2021,4115 LINCOLN WY,San Francisco,CA,,1708048,0000 4115 LINCOLN             WY0000,San Francisco,,1928,year_property_built,13.0,number_of_units,MRES,use_code,Multi-Family Residential,use_definition,parsed,parsed,aligned,eligible,DataSF parsed range contains input house number and street matches,2026-10-04T02:11:41+00:00
A0271,12,19,complete,DataSF wv5m-vpq2 (2025 roll),https://data.sfgov.org/resource/wv5m-vpq2.json,2008,4115 LINCOLN WY,San Francisco,CA,,1708048,0000 4115 LINCOLN             WY0000,San Francisco,,1928,year_property_built,13.0,number_of_units,MRES,use_code,Multi-Family Residential,use_definition,parsed,parsed,aligned,eligible,DataSF parsed range contains input house number and street matches,2026-10-04T02:11:41+00:00
A0271,13,19,complete,DataSF wv5m-vpq2 (2025 roll),https://data.sfgov.org/resource/wv5m-vpq2.json,2012,4115 LINCOLN WY,San Francisco,CA,,1708048,0000 4115 LINCOLN             WY0000,San Francisco,,1928,year_property_built,13.0,number_of_units,MRES,use_code,Multi-Family Residential,use_definition,parsed,parsed,aligned,eligible,DataSF parsed range contains input house number and street matches,2026-10-04T02:11:41+00:00
A0271,14,19,complete,DataSF wv5m-vpq2 (2025 roll),https://data.sfgov.org/resource/wv5m-vpq2.json,2016,4115 LINCOLN WY,San Francisco,CA,,1708048,0000 4115 LINCOLN             WY0000,San Francisco,,1928,year_property_built,13.0,number_of_units,MRES,use_code,Multi-Family Residential,use_definition,parsed,parsed,aligned,eligible,DataSF parsed range contains input house number and street matches,2026-10-04T02:11:41+00:00
A0271,15,19,complete,DataSF wv5m-vpq2 (2025 roll),https://data.sfgov.org/resource/wv5m-vpq2.json,2009,4115 LINCOLN WY,San Francisco,CA,,1708048,0000 4115 LINCOLN             WY0000,San Francisco,,1928,year_property_built,13.0,number_of_units,MRES,use_code,Multi-Family Residential,use_definition,parsed,parsed,aligned,eligible,DataSF parsed range contains input house number and street matches,2026-10-04T02:11:41+00:00
A0271,16,19,complete,DataSF wv5m-vpq2 (2025 roll),https://data.sfgov.org/resource/wv5m-vpq2.json,2019,4115 LINCOLN WY,San Francisco,CA,,1708048,0000 4115 LINCOLN             WY0000,San Francisco,,1928,year_property_built,13.0,number_of_units,MRES,use_code,Multi-Family Residential,use_definition,parsed,parsed,aligned,eligible,DataSF parsed range contains input house number and street matches,2026-10-04T02:11:41+00:00
A0271,17,19,complete,DataSF wv5m-vpq2 (2025 roll),https://data.sfgov.org/resource/wv5m-vpq2.json,2020,4115 LINCOLN WY,San Francisco,CA,,1708048,0000 4115 LINCOLN             WY0000,San Francisco,,1928,year_property_built,13.0,number_of_units,MRES,use_code,Multi-Family Residential,use_definition,parsed,parsed,aligned,eligible,DataSF parsed range contains input house number and street matches,2026-10-04T02:11:41+00:00
A0271,18,19,complete,DataSF wv5m-vpq2 (2025 roll),https://data.sfgov.org/resource/wv5m-vpq2.json,2024,4115 LINCOLN WY,San Francisco,CA,,1708048,0000 4115 LINCOLN             WY0000,San Francisco,,1928,year_property_built,13.0,number_of_units,MRES,use_code,Multi-Family Residential,use_definition,parsed,parsed,aligned,eligible,DataSF parsed range contains input house number and street matches,2026-10-04T02:11:41+00:00
A0271,19,19,complete,DataSF wv5m-vpq2 (2025 roll),https://data.sfgov.org/resource/wv5m-vpq2.json,2015,4115 LINCOLN WY,San Francisco,CA,,1708048,0000 4115 LINCOLN             WY0000,San Francisco,,1928,year_property_built,13.0,number_of_units,MRES,use_code,Multi-Family Residential,use_definition,parsed,parsed,aligned,eligible,DataSF parsed range contains input house number and street matches,2026-10-04T02:11:41+00:00
A0278,1,19,complete,DataSF wv5m-vpq2 (2025 roll),https://data.sfgov.org/resource/wv5m-vpq2.json,2023,1800 FRANKLIN ST,San Francisco,CA,,0623006,0000 1800 FRANKLIN            ST0000,San Francisco,,1919,year_property_built,17.0,number_of_units,MRES,use_code,Multi-Family Residential,use_definition,parsed,parsed,aligned,eligible,DataSF parsed range contains input house number and street matches,2026-10-04T02:11:41+00:00
A0278,2,19,complete,DataSF wv5m-vpq2 (2025 roll),https://data.sfgov.org/resource/wv5m-vpq2.json,2009,1800 FRANKLIN ST,San Francisco,CA,,0623006,0000 1800 FRANKLIN            ST0000,San Francisco,,1919,year_property_built,17.0,number_of_units,MRES,use_code,Multi-Family Residential,use_definition,parsed,parsed,aligned,eligible,DataSF parsed range contains input house number and street matches,2026-10-04T02:11:41+00:00
A0278,3,19,complete,DataSF wv5m-vpq2 (2025 roll),https://data.sfgov.org/resource/wv5m-vpq2.json,2020,1800 FRANKLIN ST,San Francisco,CA,,0623006,0000 1800 FRANKLIN            ST0000,San Francisco,,1919,year_property_built,17.0,number_of_units,MRES,use_code,Multi-Family Residential,use_definition,parsed,parsed,aligned,eligible,DataSF parsed range contains input house number and street matches,2026-10-04T02:11:41+00:00
A0278,4,19,complete,DataSF wv5m-vpq2 (2025 roll),https://data.sfgov.org/resource/wv5m-vpq2.json,2010,1800 FRANKLIN ST,San Francisco,CA,,0623006,0000 1800 FRANKLIN            ST0000,San Francisco,,1919,year_property_built,17.0,number_of_units,MRES,use_code,Multi-Family Residential,use_definition,parsed,parsed,aligned,eligible,DataSF parsed range contains input house number and street matches,2026-10-04T02:11:41+00:00
A0278,5,19,complete,DataSF wv5m-vpq2 (2025 roll),https://data.sfgov.org/resource/wv5m-vpq2.json,2012,1800 FRANKLIN ST,San Francisco,CA,,0623006,0000 1800 FRANKLIN            ST0000,San Francisco,,1919,year_property_built,17.0,number_of_units,MRES,use_code,Multi-Family Residential,use_definition,parsed,parsed,aligned,eligible,DataSF parsed range contains input house number and street matches,2026-10-04T02:11:41+00:00
A0278,6,19,complete,DataSF wv5m-vpq2 (2025 roll),https://data.sfgov.org/resource/wv5m-vpq2.json,2007,1800 FRANKLIN ST,San Francisco,CA,,0623006,0000 1800 FRANKLIN            ST0000,San Francisco,,1919,year_property_built,17.0,number_of_units,MRES,use_code,Multi-Family Residential,use_definition,parsed,parsed,aligned,eligible,DataSF parsed range contains input house number and street matches,2026-10-04T02:11:41+00:00
A0278,7,19,complete,DataSF wv5m-vpq2 (2025 roll),https://data.sfgov.org/resource/wv5m-vpq2.json,2014,1800 FRANKLIN ST,San Francisco,CA,,0623006,0000 1800 FRANKLIN            ST0000,San Francisco,,1919,year_property_built,17.0,number_of_units,MRES,use_code,Multi-Family Residential,use_definition,parsed,parsed,aligned,eligible,DataSF parsed range contains input house number and street matches,2026-10-04T02:11:41+00:00
A0278,8,19,complete,DataSF wv5m-vpq2 (2025 roll),https://data.sfgov.org/resource/wv5m-vpq2.json,2013,1800 FRANKLIN ST,San Francisco,CA,,0623006,0000 1800 FRANKLIN            ST0000,San Francisco,,1919,year_property_built,17.0,number_of_units,MRES,use_code,Multi-Family Residential,use_definition,parsed,parsed,aligned,eligible,DataSF parsed range contains input house number and street matches,2026-10-04T02:11:41+00:00
A0278,9,19,complete,DataSF wv5m-vpq2 (2025 roll),https://data.sfgov.org/resource/wv5m-vpq2.json,2024,1800 FRANKLIN ST,San Francisco,CA,,0623006,0000 1800 FRANKLIN            ST0000,San Francisco,,1919,year_property_built,17.0,number_of_units,MRES,use_code,Multi-Family Residential,use_definition,parsed,parsed,aligned,eligible,DataSF parsed range contains input house number and street matches,2026-10-04T02:11:41+00:00
A0278,10,19,complete,DataSF wv5m-vpq2 (2025 roll),https://data.sfgov.org/resource/wv5m-vpq2.json,2025,1800 FRANKLIN ST,San Francisco,CA,,0623006,0000 1800 FRANKLIN            ST0000,San Francisco,,1919,year_property_built,17.0,number_of_units,MRES,use_code,Multi-Family Residential,use_definition,parsed,parsed,aligned,eligible,DataSF parsed range contains input house number and street matches,2026-10-04T02:11:41+00:00
A0278,11,19,complete,DataSF wv5m-vpq2 (2025 roll),https://data.sfgov.org/resource/wv5m-vpq2.json,2017,1800 FRANKLIN ST,San Francisco,CA,,0623006,0000 1800 FRANKLIN            ST0000,San Francisco,,1919,year_property_built,17.0,number_of_units,MRES,use_code,Multi-Family Residential,use_definition,parsed,parsed,aligned,eligible,DataSF parsed range contains input house number and street matches,2026-10-04T02:11:41+00:00
A0278,12,19,complete,DataSF wv5m-vpq2 (2025 roll),https://data.sfgov.org/resource/wv5m-vpq2.json,2016,1800 FRANKLIN ST,San Francisco,CA,,0623006,0000 1800 FRANKLIN            ST0000,San Francisco,,1919,year_property_built,17.0,number_of_units,MRES,use_code,Multi-Family Residential,use_definition,parsed,parsed,aligned,eligible,DataSF parsed range contains input house number and street matches,2026-10-04T02:11:41+00:00
A0278,13,19,complete,DataSF wv5m-vpq2 (2025 roll),https://data.sfgov.org/resource/wv5m-vpq2.json,2011,1800 FRANKLIN ST,San Francisco,CA,,0623006,0000 1800 FRANKLIN            ST0000,San Francisco,,1919,year_property_built,17.0,number_of_units,MRES,use_code,Multi-Family Residential,use_definition,parsed,parsed,aligned,eligible,DataSF parsed range contains input house number and street matches,2026-10-04T02:11:41+00:00
A0278,14,19,complete,DataSF wv5m-vpq2 (2025 roll),https://data.sfgov.org/resource/wv5m-vpq2.json,2015,1800 FRANKLIN ST,San Francisco,CA,,0623006,0000 1800 FRANKLIN            ST0000,San Francisco,,1919,year_property_built,17.0,number_of_units,MRES,use_code,Multi-Family Residential,use_definition,parsed,parsed,aligned,eligible,DataSF parsed range contains input house number and street matches,2026-10-04T02:11:41+00:00
A0278,15,19,complete,DataSF wv5m-vpq2 (2025 roll),https://data.sfgov.org/resource/wv5m-vpq2.json,2019,1800 FRANKLIN ST,San Francisco,CA,,0623006,0000 1800 FRANKLIN            ST0000,San Francisco,,1919,year_property_built,17.0,number_of_units,MRES,use_code,Multi-Family Residential,use_definition,parsed,parsed,aligned,eligible,DataSF parsed range contains input house number and street matches,2026-10-04T02:11:41+00:00
A0278,16,19,complete,DataSF wv5m-vpq2 (2025 roll),https://data.sfgov.org/resource/wv5m-vpq2.json,2018,1800 FRANKLIN ST,San Francisco,CA,,0623006,0000 1800 FRANKLIN            ST0000,San Francisco,,1919,year_property_built,17.0,number_of_units,MRES,use_code,Multi-Family Residential,use_definition,parsed,parsed,aligned,eligible,DataSF parsed range contains input house number and street matches,2026-10-04T02:11:41+00:00
A0278,17,19,complete,DataSF wv5m-vpq2 (2025 roll),https://data.sfgov.org/resource/wv5m-vpq2.json,2022,1800 FRANKLIN ST,San Francisco,CA,,0623006,0000 1800 FRANKLIN            ST0000,San Francisco,,1919,year_property_built,17.0,number_of_units,MRES,use_code,Multi-Family Residential,use_definition,parsed,parsed,aligned,eligible,DataSF parsed range contains input house number and street matches,2026-10-04T02:11:41+00:00
A0278,18,19,complete,DataSF wv5m-vpq2 (2025 roll),https://data.sfgov.org/resource/wv5m-vpq2.json,2021,1800 FRANKLIN ST,San Francisco,CA,,0623006,0000 1800 FRANKLIN            ST0000,San Francisco,,1919,year_property_built,17.0,number_of_units,MRES,use_code,Multi-Family Residential,use_definition,parsed,parsed,aligned,eligible,DataSF parsed range contains input house number and street matches,2026-10-04T02:11:41+00:00
A0278,19,19,complete,DataSF wv5m-vpq2 (2025 roll),https://data.sfgov.org/resource/wv5m-vpq2.json,2008,1800 FRANKLIN ST,San Francisco,CA,,0623006,0000 1800 FRANKLIN            ST0000,San Francisco,,1919,year_property_built,17.0,number_of_units,MRES,use_code,Multi-Family Residential,use_definition,parsed,parsed,aligned,eligible,DataSF parsed range contains input house number and street matches,2026-10-04T02:11:41+00:00
A0280,1,19,complete,DataSF wv5m-vpq2 (2025 roll),https://data.sfgov.org/resource/wv5m-vpq2.json,2024,1215 11TH AV,San Francisco,CA,,1739002,0000 1215 11TH                AV0000,San Francisco,,1971,year_property_built,6.0,number_of_units,MRES,use_code,Multi-Family Residential,use_definition,parsed,parsed,aligned,eligible,DataSF parsed range contains input house number and street matches,2026-10-04T02:11:41+00:00
A0280,2,19,complete,DataSF wv5m-vpq2 (2025 roll),https://data.sfgov.org/resource/wv5m-vpq2.json,2018,1215 11TH AV,San Francisco,CA,,1739002,0000 1215 11TH                AV0000,San Francisco,,1971,year_property_built,6.0,number_of_units,MRES,use_code,Multi-Family Residential,use_definition,parsed,parsed,aligned,eligible,DataSF parsed range contains input house number and street matches,2026-10-04T02:11:41+00:00
A0280,3,19,complete,DataSF wv5m-vpq2 (2025 roll),https://data.sfgov.org/resource/wv5m-vpq2.json,2020,1215 11TH AV,San Francisco,CA,,1739002,0000 1215 11TH                AV0000,San Francisco,,1971,year_property_built,6.0,number_of_units,MRES,use_code,Multi-Family Residential,use_definition,parsed,parsed,aligned,eligible,DataSF parsed range contains input house number and street matches,2026-10-04T02:11:41+00:00
A0280,4,19,complete,DataSF wv5m-vpq2 (2025 roll),https://data.sfgov.org/resource/wv5m-vpq2.json,2011,1215 11TH AV,San Francisco,CA,,1739002,0000 1215 11TH                AV0000,San Francisco,,1971,year_property_built,6.0,number_of_units,MRES,use_code,Multi-Family Residential,use_definition,parsed,parsed,aligned,eligible,DataSF parsed range contains input house number and street matches,2026-10-04T02:11:41+00:00
A0280,5,19,complete,DataSF wv5m-vpq2 (2025 roll),https://data.sfgov.org/resource/wv5m-vpq2.json,2021,1215 11TH AV,San Francisco,CA,,1739002,0000 1215 11TH                AV0000,San Francisco,,1971,year_property_built,6.0,number_of_units,MRES,use_code,Multi-Family Residential,use_definition,parsed,parsed,aligned,eligible,DataSF parsed range contains input house number and street matches,2026-10-04T02:11:41+00:00
A0280,6,19,complete,DataSF wv5m-vpq2 (2025 roll),https://data.sfgov.org/resource/wv5m-vpq2.json,2019,1215 11TH AV,San Francisco,CA,,1739002,0000 1215 11TH                AV0000,San Francisco,,1971,year_property_built,6.0,number_of_units,MRES,use_code,Multi-Family Residential,use_definition,parsed,parsed,aligned,eligible,DataSF parsed range contains input house number and street matches,2026-10-04T02:11:41+00:00
A0280,7,19,complete,DataSF wv5m-vpq2 (2025 roll),https://data.sfgov.org/resource/wv5m-vpq2.json,2023,1215 11TH AV,San Francisco,CA,,1739002,0000 1215 11TH                AV0000,San Francisco,,1971,year_property_built,6.0,number_of_units,MRES,use_code,Multi-Family Residential,use_definition,parsed,parsed,aligned,eligible,DataSF parsed range contains input house number and street matches,2026-10-04T02:11:41+00:00
A0280,8,19,complete,DataSF wv5m-vpq2 (2025 roll),https://data.sfgov.org/resource/wv5m-vpq2.json,2025,1215 11TH AV,San Francisco,CA,,1739002,0000 1215 11TH                AV0000,San Francisco,,1971,year_property_built,6.0,number_of_units,MRES,use_code,Multi-Family Residential,use_definition,parsed,parsed,aligned,eligible,DataSF parsed range contains input house number and street matches,2026-10-04T02:11:41+00:00
A0280,9,19,complete,DataSF wv5m-vpq2 (2025 roll),https://data.sfgov.org/resource/wv5m-vpq2.json,2009,1215 11TH AV,San Francisco,CA,,1739002,0000 1215 11TH                AV0000,San Francisco,,1971,year_property_built,6.0,number_of_units,MRES,use_code,Multi-Family Residential,use_definition,parsed,parsed,aligned,eligible,DataSF parsed range contains input house number and street matches,2026-10-04T02:11:41+00:00
A0280,10,19,complete,DataSF wv5m-vpq2 (2025 roll),https://data.sfgov.org/resource/wv5m-vpq2.json,2012,1215 11TH AV,San Francisco,CA,,1739002,0000 1215 11TH                AV0000,San Francisco,,1971,year_property_built,6.0,number_of_units,MRES,use_code,Multi-Family Residential,use_definition,parsed,parsed,aligned,eligible,DataSF parsed range contains input house number and street matches,2026-10-04T02:11:41+00:00
A0280,11,19,complete,DataSF wv5m-vpq2 (2025 roll),https://data.sfgov.org/resource/wv5m-vpq2.json,2022,1215 11TH AV,San Francisco,CA,,1739002,0000 1215 11TH                AV0000,San Francisco,,1971,year_property_built,6.0,number_of_units,MRES,use_code,Multi-Family Residential,use_definition,parsed,parsed,aligned,eligible,DataSF parsed range contains input house number and street matches,2026-10-04T02:11:41+00:00
A0280,12,19,complete,DataSF wv5m-vpq2 (2025 roll),https://data.sfgov.org/resource/wv5m-vpq2.json,2007,1215 11TH AV,San Francisco,CA,,1739002,0000 1215 11TH                AV0000,San Francisco,,1971,year_property_built,6.0,number_of_units,MRES,use_code,Multi-Family Residential,use_definition,parsed,parsed,aligned,eligible,DataSF parsed range contains input house number and street matches,2026-10-04T02:11:41+00:00
A0280,13,19,complete,DataSF wv5m-vpq2 (2025 roll),https://data.sfgov.org/resource/wv5m-vpq2.json,2008,1215 11TH AV,San Francisco,CA,,1739002,0000 1215 11TH                AV0000,San Francisco,,1971,year_property_built,6.0,number_of_units,MRES,use_code,Multi-Family Residential,use_definition,parsed,parsed,aligned,eligible,DataSF parsed range contains input house number and street matches,2026-10-04T02:11:41+00:00
A0280,14,19,complete,DataSF wv5m-vpq2 (2025 roll),https://data.sfgov.org/resource/wv5m-vpq2.json,2013,1215 11TH AV,San Francisco,CA,,1739002,0000 1215 11TH                AV0000,San Francisco,,1971,year_property_built,6.0,number_of_units,MRES,use_code,Multi-Family Residential,use_definition,parsed,parsed,aligned,eligible,DataSF parsed range contains input house number and street matches,2026-10-04T02:11:41+00:00
A0280,15,19,complete,DataSF wv5m-vpq2 (2025 roll),https://data.sfgov.org/resource/wv5m-vpq2.json,2015,1215 11TH AV,San Francisco,CA,,1739002,0000 1215 11TH                AV0000,San Francisco,,1971,year_property_built,6.0,number_of_units,MRES,use_code,Multi-Family Residential,use_definition,parsed,parsed,aligned,eligible,DataSF parsed range contains input house number and street matches,2026-10-04T02:11:41+00:00
A0280,16,19,complete,DataSF wv5m-vpq2 (2025 roll),https://data.sfgov.org/resource/wv5m-vpq2.json,2014,1215 11TH AV,San Francisco,CA,,1739002,0000 1215 11TH                AV0000,San Francisco,,1971,year_property_built,6.0,number_of_units,MRES,use_code,Multi-Family Residential,use_definition,parsed,parsed,aligned,eligible,DataSF parsed range contains input house number and street matches,2026-10-04T02:11:41+00:00
A0280,17,19,complete,DataSF wv5m-vpq2 (2025 roll),https://data.sfgov.org/resource/wv5m-vpq2.json,2017,1215 11TH AV,San Francisco,CA,,1739002,0000 1215 11TH                AV0000,San Francisco,,1971,year_property_built,6.0,number_of_units,MRES,use_code,Multi-Family Residential,use_definition,parsed,parsed,aligned,eligible,DataSF parsed range contains input house number and street matches,2026-10-04T02:11:41+00:00
A0280,18,19,complete,DataSF wv5m-vpq2 (2025 roll),https://data.sfgov.org/resource/wv5m-vpq2.json,2016,1215 11TH AV,San Francisco,CA,,1739002,0000 1215 11TH                AV0000,San Francisco,,1971,year_property_built,6.0,number_of_units,MRES,use_code,Multi-Family Residential,use_definition,parsed,parsed,aligned,eligible,DataSF parsed range contains input house number and street matches,2026-10-04T02:11:41+00:00
A0280,19,19,complete,DataSF wv5m-vpq2 (2025 roll),https://data.sfgov.org/resource/wv5m-vpq2.json,2010,1215 11TH AV,San Francisco,CA,,1739002,0000 1215 11TH                AV0000,San Francisco,,1971,year_property_built,6.0,number_of_units,MRES,use_code,Multi-Family Residential,use_definition,parsed,parsed,aligned,eligible,DataSF parsed range contains input house number and street matches,2026-10-04T02:11:41+00:00
A0283,1,19,none,DataSF wv5m-vpq2 (2025 roll),https://data.sfgov.org/resource/wv5m-vpq2.json,2020,90 BARTLETT ST,San Francisco,CA,,3616062,0000 0090 BARTLETT            ST0000,San Francisco,,1986,year_property_built,51.0,number_of_units,MRES,use_code,Multi-Family Residential,use_definition,parsed,parsed,aligned,excluded_from_automatic_resolution,no parsed DataSF candidate aligned,2026-10-04T01:54:46+00:00
A0293,1,19,complete,DataSF wv5m-vpq2 (2025 roll),https://data.sfgov.org/resource/wv5m-vpq2.json,2023,1314 NATOMA ST,San Francisco,CA,,3548060,1318 1314 NATOMA              ST0000,San Francisco,,1907,year_property_built,6.0,number_of_units,MRES,use_code,Multi-Family Residential,use_definition,parsed,parsed,aligned,eligible,DataSF parsed range contains input house number and street matches,2026-10-04T02:11:41+00:00
A0293,2,19,complete,DataSF wv5m-vpq2 (2025 roll),https://data.sfgov.org/resource/wv5m-vpq2.json,2025,1314 NATOMA ST,San Francisco,CA,,3548060,1318 1314 NATOMA              ST0000,San Francisco,,1907,year_property_built,6.0,number_of_units,MRES,use_code,Multi-Family Residential,use_definition,parsed,parsed,aligned,eligible,DataSF parsed range contains input house number and street matches,2026-10-04T02:11:41+00:00
A0293,3,19,complete,DataSF wv5m-vpq2 (2025 roll),https://data.sfgov.org/resource/wv5m-vpq2.json,2019,1314 NATOMA ST,San Francisco,CA,,3548060,1318 1314 NATOMA              ST0000,San Francisco,,1907,year_property_built,6.0,number_of_units,MRES,use_code,Multi-Family Residential,use_definition,parsed,parsed,aligned,eligible,DataSF parsed range contains input house number and street matches,2026-10-04T02:11:41+00:00
A0293,4,19,complete,DataSF wv5m-vpq2 (2025 roll),https://data.sfgov.org/resource/wv5m-vpq2.json,2016,1314 NATOMA ST,San Francisco,CA,,3548060,1318 1314 NATOMA              ST0000,San Francisco,,1907,year_property_built,6.0,number_of_units,MRES,use_code,Multi-Family Residential,use_definition,parsed,parsed,aligned,eligible,DataSF parsed range contains input house number and street matches,2026-10-04T02:11:41+00:00
A0293,5,19,complete,DataSF wv5m-vpq2 (2025 roll),https://data.sfgov.org/resource/wv5m-vpq2.json,2022,1314 NATOMA ST,San Francisco,CA,,3548060,1318 1314 NATOMA              ST0000,San Francisco,,1907,year_property_built,6.0,number_of_units,MRES,use_code,Multi-Family Residential,use_definition,parsed,parsed,aligned,eligible,DataSF parsed range contains input house number and street matches,2026-10-04T02:11:41+00:00
A0293,6,19,complete,DataSF wv5m-vpq2 (2025 roll),https://data.sfgov.org/resource/wv5m-vpq2.json,2014,1314 NATOMA ST,San Francisco,CA,,3548060,1318 1314 NATOMA              ST0000,San Francisco,,1907,year_property_built,6.0,number_of_units,MRES,use_code,Multi-Family Residential,use_definition,parsed,parsed,aligned,eligible,DataSF parsed range contains input house number and street matches,2026-10-04T02:11:41+00:00
A0293,7,19,complete,DataSF wv5m-vpq2 (2025 roll),https://data.sfgov.org/resource/wv5m-vpq2.json,2020,1314 NATOMA ST,San Francisco,CA,,3548060,1318 1314 NATOMA              ST0000,San Francisco,,1907,year_property_built,6.0,number_of_units,MRES,use_code,Multi-Family Residential,use_definition,parsed,parsed,aligned,eligible,DataSF parsed range contains input house number and street matches,2026-10-04T02:11:41+00:00
A0293,8,19,complete,DataSF wv5m-vpq2 (2025 roll),https://data.sfgov.org/resource/wv5m-vpq2.json,2021,1314 NATOMA ST,San Francisco,CA,,3548060,1318 1314 NATOMA              ST0000,San Francisco,,1907,year_property_built,6.0,number_of_units,MRES,use_code,Multi-Family Residential,use_definition,parsed,parsed,aligned,eligible,DataSF parsed range contains input house number and street matches,2026-10-04T02:11:41+00:00
A0293,9,19,complete,DataSF wv5m-vpq2 (2025 roll),https://data.sfgov.org/resource/wv5m-vpq2.json,2010,1314 NATOMA ST,San Francisco,CA,,3548060,1318 1314 NATOMA              ST0000,San Francisco,,1907,year_property_built,6.0,number_of_units,MRES,use_code,Multi-Family Residential,use_definition,parsed,parsed,aligned,eligible,DataSF parsed range contains input house number and street matches,2026-10-04T02:11:41+00:00
A0293,10,19,complete,DataSF wv5m-vpq2 (2025 roll),https://data.sfgov.org/resource/wv5m-vpq2.json,2008,1314 NATOMA ST,San Francisco,CA,,3548060,1318 1314 NATOMA              ST0000,San Francisco,,1907,year_property_built,6.0,number_of_units,MRES,use_code,Multi-Family Residential,use_definition,parsed,parsed,aligned,eligible,DataSF parsed range contains input house number and street matches,2026-10-04T02:11:41+00:00
A0293,11,19,complete,DataSF wv5m-vpq2 (2025 roll),https://data.sfgov.org/resource/wv5m-vpq2.json,2015,1314 NATOMA ST,San Francisco,CA,,3548060,1318 1314 NATOMA              ST0000,San Francisco,,1907,year_property_built,6.0,number_of_units,MRES,use_code,Multi-Family Residential,use_definition,parsed,parsed,aligned,eligible,DataSF parsed range contains input house number and street matches,2026-10-04T02:11:41+00:00
A0293,12,19,complete,DataSF wv5m-vpq2 (2025 roll),https://data.sfgov.org/resource/wv5m-vpq2.json,2011,1314 NATOMA ST,San Francisco,CA,,3548060,1318 1314 NATOMA              ST0000,San Francisco,,1907,year_property_built,6.0,number_of_units,MRES,use_code,Multi-Family Residential,use_definition,parsed,parsed,aligned,eligible,DataSF parsed range contains input house number and street matches,2026-10-04T02:11:41+00:00
A0293,13,19,complete,DataSF wv5m-vpq2 (2025 roll),https://data.sfgov.org/resource/wv5m-vpq2.json,2007,1314 NATOMA ST,San Francisco,CA,,3548060,1318 1314 NATOMA              ST0000,San Francisco,,1907,year_property_built,6.0,number_of_units,MRES,use_code,Multi-Family Residential,use_definition,parsed,parsed,aligned,eligible,DataSF parsed range contains input house number and street matches,2026-10-04T02:11:41+00:00
A0293,14,19,complete,DataSF wv5m-vpq2 (2025 roll),https://data.sfgov.org/resource/wv5m-vpq2.json,2012,1314 NATOMA ST,San Francisco,CA,,3548060,1318 1314 NATOMA              ST0000,San Francisco,,1907,year_property_built,6.0,number_of_units,MRES,use_code,Multi-Family Residential,use_definition,parsed,parsed,aligned,eligible,DataSF parsed range contains input house number and street matches,2026-10-04T02:11:41+00:00
A0293,15,19,complete,DataSF wv5m-vpq2 (2025 roll),https://data.sfgov.org/resource/wv5m-vpq2.json,2017,1314 NATOMA ST,San Francisco,CA,,3548060,1318 1314 NATOMA              ST0000,San Francisco,,1907,year_property_built,6.0,number_of_units,MRES,use_code,Multi-Family Residential,use_definition,parsed,parsed,aligned,eligible,DataSF parsed range contains input house number and street matches,2026-10-04T02:11:41+00:00
A0293,16,19,complete,DataSF wv5m-vpq2 (2025 roll),https://data.sfgov.org/resource/wv5m-vpq2.json,2009,1314 NATOMA ST,San Francisco,CA,,3548060,1318 1314 NATOMA              ST0000,San Francisco,,1907,year_property_built,6.0,number_of_units,MRES,use_code,Multi-Family Residential,use_definition,parsed,parsed,aligned,eligible,DataSF parsed range contains input house number and street matches,2026-10-04T02:11:41+00:00
A0293,17,19,complete,DataSF wv5m-vpq2 (2025 roll),https://data.sfgov.org/resource/wv5m-vpq2.json,2018,1314 NATOMA ST,San Francisco,CA,,3548060,1318 1314 NATOMA              ST0000,San Francisco,,1907,year_property_built,6.0,number_of_units,MRES,use_code,Multi-Family Residential,use_definition,parsed,parsed,aligned,eligible,DataSF parsed range contains input house number and street matches,2026-10-04T02:11:41+00:00
A0293,18,19,complete,DataSF wv5m-vpq2 (2025 roll),https://data.sfgov.org/resource/wv5m-vpq2.json,2024,1314 NATOMA ST,San Francisco,CA,,3548060,1318 1314 NATOMA              ST0000,San Francisco,,1907,year_property_built,6.0,number_of_units,MRES,use_code,Multi-Family Residential,use_definition,parsed,parsed,aligned,eligible,DataSF parsed range contains input house number and street matches,2026-10-04T02:11:41+00:00
A0293,19,19,complete,DataSF wv5m-vpq2 (2025 roll),https://data.sfgov.org/resource/wv5m-vpq2.json,2013,1314 NATOMA ST,San Francisco,CA,,3548060,1318 1314 NATOMA              ST0000,San Francisco,,1907,year_property_built,6.0,number_of_units,MRES,use_code,Multi-Family Residential,use_definition,parsed,parsed,aligned,eligible,DataSF parsed range contains input house number and street matches,2026-10-04T02:11:41+00:00
A0305,1,19,complete,DataSF wv5m-vpq2 (2025 roll),https://data.sfgov.org/resource/wv5m-vpq2.json,2022,638 45TH AV,San Francisco,CA,,1587031,0000 0638 45TH                AV0000,San Francisco,,1908,year_property_built,5.0,number_of_units,MRES,use_code,Multi-Family Residential,use_definition,parsed,parsed,aligned,eligible,DataSF parsed range contains input house number and street matches,2026-10-04T02:11:41+00:00
A0305,2,19,complete,DataSF wv5m-vpq2 (2025 roll),https://data.sfgov.org/resource/wv5m-vpq2.json,2023,638 45TH AV,San Francisco,CA,,1587031,0000 0638 45TH                AV0000,San Francisco,,1908,year_property_built,5.0,number_of_units,MRES,use_code,Multi-Family Residential,use_definition,parsed,parsed,aligned,eligible,DataSF parsed range contains input house number and street matches,2026-10-04T02:11:41+00:00
A0305,3,19,complete,DataSF wv5m-vpq2 (2025 roll),https://data.sfgov.org/resource/wv5m-vpq2.json,2024,638 45TH AV,San Francisco,CA,,1587031,0000 0638 45TH                AV0000,San Francisco,,1908,year_property_built,5.0,number_of_units,MRES,use_code,Multi-Family Residential,use_definition,parsed,parsed,aligned,eligible,DataSF parsed range contains input house number and street matches,2026-10-04T02:11:41+00:00
A0305,4,19,complete,DataSF wv5m-vpq2 (2025 roll),https://data.sfgov.org/resource/wv5m-vpq2.json,2012,638 45TH AV,San Francisco,CA,,1587031,0000 0638 45TH                AV0000,San Francisco,,1908,year_property_built,5.0,number_of_units,MRES,use_code,Multi-Family Residential,use_definition,parsed,parsed,aligned,eligible,DataSF parsed range contains input house number and street matches,2026-10-04T02:11:41+00:00
A0305,5,19,complete,DataSF wv5m-vpq2 (2025 roll),https://data.sfgov.org/resource/wv5m-vpq2.json,2016,638 45TH AV,San Francisco,CA,,1587031,0000 0638 45TH                AV0000,San Francisco,,1908,year_property_built,5.0,number_of_units,MRES,use_code,Multi-Family Residential,use_definition,parsed,parsed,aligned,eligible,DataSF parsed range contains input house number and street matches,2026-10-04T02:11:41+00:00
A0305,6,19,complete,DataSF wv5m-vpq2 (2025 roll),https://data.sfgov.org/resource/wv5m-vpq2.json,2015,638 45TH AV,San Francisco,CA,,1587031,0000 0638 45TH                AV0000,San Francisco,,1908,year_property_built,5.0,number_of_units,MRES,use_code,Multi-Family Residential,use_definition,parsed,parsed,aligned,eligible,DataSF parsed range contains input house number and street matches,2026-10-04T02:11:41+00:00
A0305,7,19,complete,DataSF wv5m-vpq2 (2025 roll),https://data.sfgov.org/resource/wv5m-vpq2.json,2021,638 45TH AV,San Francisco,CA,,1587031,0000 0638 45TH                AV0000,San Francisco,,1908,year_property_built,5.0,number_of_units,MRES,use_code,Multi-Family Residential,use_definition,parsed,parsed,aligned,eligible,DataSF parsed range contains input house number and street matches,2026-10-04T02:11:41+00:00
A0305,8,19,complete,DataSF wv5m-vpq2 (2025 roll),https://data.sfgov.org/resource/wv5m-vpq2.json,2017,638 45TH AV,San Francisco,CA,,1587031,0000 0638 45TH                AV0000,San Francisco,,1908,year_property_built,5.0,number_of_units,MRES,use_code,Multi-Family Residential,use_definition,parsed,parsed,aligned,eligible,DataSF parsed range contains input house number and street matches,2026-10-04T02:11:41+00:00
A0305,9,19,complete,DataSF wv5m-vpq2 (2025 roll),https://data.sfgov.org/resource/wv5m-vpq2.json,2010,638 45TH AV,San Francisco,CA,,1587031,0000 0638 45TH                AV0000,San Francisco,,1908,year_property_built,5.0,number_of_units,MRES,use_code,Multi-Family Residential,use_definition,parsed,parsed,aligned,eligible,DataSF parsed range contains input house number and street matches,2026-10-04T02:11:41+00:00
A0305,10,19,complete,DataSF wv5m-vpq2 (2025 roll),https://data.sfgov.org/resource/wv5m-vpq2.json,2014,638 45TH AV,San Francisco,CA,,1587031,0000 0638 45TH                AV0000,San Francisco,,1908,year_property_built,5.0,number_of_units,MRES,use_code,Multi-Family Residential,use_definition,parsed,parsed,aligned,eligible,DataSF parsed range contains input house number and street matches,2026-10-04T02:11:41+00:00
A0305,11,19,complete,DataSF wv5m-vpq2 (2025 roll),https://data.sfgov.org/resource/wv5m-vpq2.json,2019,638 45TH AV,San Francisco,CA,,1587031,0000 0638 45TH                AV0000,San Francisco,,1908,year_property_built,5.0,number_of_units,MRES,use_code,Multi-Family Residential,use_definition,parsed,parsed,aligned,eligible,DataSF parsed range contains input house number and street matches,2026-10-04T02:11:41+00:00
A0305,12,19,complete,DataSF wv5m-vpq2 (2025 roll),https://data.sfgov.org/resource/wv5m-vpq2.json,2013,638 45TH AV,San Francisco,CA,,1587031,0000 0638 45TH                AV0000,San Francisco,,1908,year_property_built,5.0,number_of_units,MRES,use_code,Multi-Family Residential,use_definition,parsed,parsed,aligned,eligible,DataSF parsed range contains input house number and street matches,2026-10-04T02:11:41+00:00
A0305,13,19,complete,DataSF wv5m-vpq2 (2025 roll),https://data.sfgov.org/resource/wv5m-vpq2.json,2007,638 45TH AV,San Francisco,CA,,1587031,0000 0638 45TH                AV0000,San Francisco,,1908,year_property_built,5.0,number_of_units,MRES,use_code,Multi-Family Residential,use_definition,parsed,parsed,aligned,eligible,DataSF parsed range contains input house number and street matches,2026-10-04T02:11:41+00:00
A0305,14,19,complete,DataSF wv5m-vpq2 (2025 roll),https://data.sfgov.org/resource/wv5m-vpq2.json,2025,638 45TH AV,San Francisco,CA,,1587031,0000 0638 45TH                AV0000,San Francisco,,1908,year_property_built,5.0,number_of_units,MRES,use_code,Multi-Family Residential,use_definition,parsed,parsed,aligned,eligible,DataSF parsed range contains input house number and street matches,2026-10-04T02:11:41+00:00
A0305,15,19,complete,DataSF wv5m-vpq2 (2025 roll),https://data.sfgov.org/resource/wv5m-vpq2.json,2018,638 45TH AV,San Francisco,CA,,1587031,0000 0638 45TH                AV0000,San Francisco,,1908,year_property_built,5.0,number_of_units,MRES,use_code,Multi-Family Residential,use_definition,parsed,parsed,aligned,eligible,DataSF parsed range contains input house number and street matches,2026-10-04T02:11:41+00:00
A0305,16,19,complete,DataSF wv5m-vpq2 (2025 roll),https://data.sfgov.org/resource/wv5m-vpq2.json,2008,638 45TH AV,San Francisco,CA,,1587031,0000 0638 45TH                AV0000,San Francisco,,1908,year_property_built,5.0,number_of_units,MRES,use_code,Multi-Family Residential,use_definition,parsed,parsed,aligned,eligible,DataSF parsed range contains input house number and street matches,2026-10-04T02:11:41+00:00
A0305,17,19,complete,DataSF wv5m-vpq2 (2025 roll),https://data.sfgov.org/resource/wv5m-vpq2.json,2020,638 45TH AV,San Francisco,CA,,1587031,0000 0638 45TH                AV0000,San Francisco,,1908,year_property_built,5.0,number_of_units,MRES,use_code,Multi-Family Residential,use_definition,parsed,parsed,aligned,eligible,DataSF parsed range contains input house number and street matches,2026-10-04T02:11:41+00:00
A0305,18,19,complete,DataSF wv5m-vpq2 (2025 roll),https://data.sfgov.org/resource/wv5m-vpq2.json,2011,638 45TH AV,San Francisco,CA,,1587031,0000 0638 45TH                AV0000,San Francisco,,1908,year_property_built,5.0,number_of_units,MRES,use_code,Multi-Family Residential,use_definition,parsed,parsed,aligned,eligible,DataSF parsed range contains input house number and street matches,2026-10-04T02:11:41+00:00
A0305,19,19,complete,DataSF wv5m-vpq2 (2025 roll),https://data.sfgov.org/resource/wv5m-vpq2.json,2009,638 45TH AV,San Francisco,CA,,1587031,0000 0638 45TH                AV0000,San Francisco,,1908,year_property_built,5.0,number_of_units,MRES,use_code,Multi-Family Residential,use_definition,parsed,parsed,aligned,eligible,DataSF parsed range contains input house number and street matches,2026-10-04T02:11:41+00:00
A0324,1,19,complete,DataSF wv5m-vpq2 (2025 roll),https://data.sfgov.org/resource/wv5m-vpq2.json,2013,2003 FRANKLIN ST,San Francisco,CA,,0600003,0000 2003 FRANKLIN            ST0000,San Francisco,,1885,year_property_built,6.0,number_of_units,MRES,use_code,Multi-Family Residential,use_definition,parsed,parsed,aligned,eligible,DataSF parsed range contains input house number and street matches,2026-10-04T02:11:41+00:00
A0324,2,19,complete,DataSF wv5m-vpq2 (2025 roll),https://data.sfgov.org/resource/wv5m-vpq2.json,2014,2003 FRANKLIN ST,San Francisco,CA,,0600003,0000 2003 FRANKLIN            ST0000,San Francisco,,1885,year_property_built,6.0,number_of_units,MRES,use_code,Multi-Family Residential,use_definition,parsed,parsed,aligned,eligible,DataSF parsed range contains input house number and street matches,2026-10-04T02:11:41+00:00
A0324,3,19,complete,DataSF wv5m-vpq2 (2025 roll),https://data.sfgov.org/resource/wv5m-vpq2.json,2024,2003 FRANKLIN ST,San Francisco,CA,,0600003,2005 2003 FRANKLIN            ST0000,San Francisco,,1885,year_property_built,6.0,number_of_units,MRES,use_code,Multi-Family Residential,use_definition,parsed,parsed,aligned,eligible,DataSF parsed range contains input house number and street matches,2026-10-04T02:11:41+00:00
A0324,4,19,complete,DataSF wv5m-vpq2 (2025 roll),https://data.sfgov.org/resource/wv5m-vpq2.json,2008,2003 FRANKLIN ST,San Francisco,CA,,0600003,0000 2003 FRANKLIN            ST0000,San Francisco,,1885,year_property_built,6.0,number_of_units,MRES,use_code,Multi-Family Residential,use_definition,parsed,parsed,aligned,eligible,DataSF parsed range contains input house number and street matches,2026-10-04T02:11:41+00:00
A0324,5,19,complete,DataSF wv5m-vpq2 (2025 roll),https://data.sfgov.org/resource/wv5m-vpq2.json,2010,2003 FRANKLIN ST,San Francisco,CA,,0600003,0000 2003 FRANKLIN            ST0000,San Francisco,,1885,year_property_built,6.0,number_of_units,MRES,use_code,Multi-Family Residential,use_definition,parsed,parsed,aligned,eligible,DataSF parsed range contains input house number and street matches,2026-10-04T02:11:41+00:00
A0324,6,19,complete,DataSF wv5m-vpq2 (2025 roll),https://data.sfgov.org/resource/wv5m-vpq2.json,2019,2003 FRANKLIN ST,San Francisco,CA,,0600003,0000 2003 FRANKLIN            ST0000,San Francisco,,1885,year_property_built,6.0,number_of_units,MRES,use_code,Multi-Family Residential,use_definition,parsed,parsed,aligned,eligible,DataSF parsed range contains input house number and street matches,2026-10-04T02:11:41+00:00
A0324,7,19,complete,DataSF wv5m-vpq2 (2025 roll),https://data.sfgov.org/resource/wv5m-vpq2.json,2025,2003 FRANKLIN ST,San Francisco,CA,,0600003,2005 2003 FRANKLIN            ST0000,San Francisco,,1885,year_property_built,6.0,number_of_units,MRES,use_code,Multi-Family Residential,use_definition,parsed,parsed,aligned,eligible,DataSF parsed range contains input house number and street matches,2026-10-04T02:11:41+00:00
A0324,8,19,complete,DataSF wv5m-vpq2 (2025 roll),https://data.sfgov.org/resource/wv5m-vpq2.json,2011,2003 FRANKLIN ST,San Francisco,CA,,0600003,0000 2003 FRANKLIN            ST0000,San Francisco,,1885,year_property_built,6.0,number_of_units,MRES,use_code,Multi-Family Residential,use_definition,parsed,parsed,aligned,eligible,DataSF parsed range contains input house number and street matches,2026-10-04T02:11:41+00:00
A0324,9,19,complete,DataSF wv5m-vpq2 (2025 roll),https://data.sfgov.org/resource/wv5m-vpq2.json,2012,2003 FRANKLIN ST,San Francisco,CA,,0600003,0000 2003 FRANKLIN            ST0000,San Francisco,,1885,year_property_built,6.0,number_of_units,MRES,use_code,Multi-Family Residential,use_definition,parsed,parsed,aligned,eligible,DataSF parsed range contains input house number and street matches,2026-10-04T02:11:41+00:00
A0324,10,19,complete,DataSF wv5m-vpq2 (2025 roll),https://data.sfgov.org/resource/wv5m-vpq2.json,2021,2003 FRANKLIN ST,San Francisco,CA,,0600003,0000 2003 FRANKLIN            ST0000,San Francisco,,1885,year_property_built,6.0,number_of_units,MRES,use_code,Multi-Family Residential,use_definition,parsed,parsed,aligned,eligible,DataSF parsed range contains input house number and street matches,2026-10-04T02:11:41+00:00
A0324,11,19,complete,DataSF wv5m-vpq2 (2025 roll),https://data.sfgov.org/resource/wv5m-vpq2.json,2016,2003 FRANKLIN ST,San Francisco,CA,,0600003,0000 2003 FRANKLIN            ST0000,San Francisco,,1885,year_property_built,6.0,number_of_units,MRES,use_code,Multi-Family Residential,use_definition,parsed,parsed,aligned,eligible,DataSF parsed range contains input house number and street matches,2026-10-04T02:11:41+00:00
A0324,12,19,complete,DataSF wv5m-vpq2 (2025 roll),https://data.sfgov.org/resource/wv5m-vpq2.json,2020,2003 FRANKLIN ST,San Francisco,CA,,0600003,0000 2003 FRANKLIN            ST0000,San Francisco,,1885,year_property_built,6.0,number_of_units,MRES,use_code,Multi-Family Residential,use_definition,parsed,parsed,aligned,eligible,DataSF parsed range contains input house number and street matches,2026-10-04T02:11:41+00:00
A0324,13,19,complete,DataSF wv5m-vpq2 (2025 roll),https://data.sfgov.org/resource/wv5m-vpq2.json,2018,2003 FRANKLIN ST,San Francisco,CA,,0600003,0000 2003 FRANKLIN            ST0000,San Francisco,,1885,year_property_built,6.0,number_of_units,MRES,use_code,Multi-Family Residential,use_definition,parsed,parsed,aligned,eligible,DataSF parsed range contains input house number and street matches,2026-10-04T02:11:41+00:00
A0324,14,19,complete,DataSF wv5m-vpq2 (2025 roll),https://data.sfgov.org/resource/wv5m-vpq2.json,2017,2003 FRANKLIN ST,San Francisco,CA,,0600003,0000 2003 FRANKLIN            ST0000,San Francisco,,1885,year_property_built,6.0,number_of_units,MRES,use_code,Multi-Family Residential,use_definition,parsed,parsed,aligned,eligible,DataSF parsed range contains input house number and street matches,2026-10-04T02:11:41+00:00
A0324,15,19,complete,DataSF wv5m-vpq2 (2025 roll),https://data.sfgov.org/resource/wv5m-vpq2.json,2022,2003 FRANKLIN ST,San Francisco,CA,,0600003,0000 2003 FRANKLIN            ST0000,San Francisco,,1885,year_property_built,6.0,number_of_units,MRES,use_code,Multi-Family Residential,use_definition,parsed,parsed,aligned,eligible,DataSF parsed range contains input house number and street matches,2026-10-04T02:11:41+00:00
A0324,16,19,complete,DataSF wv5m-vpq2 (2025 roll),https://data.sfgov.org/resource/wv5m-vpq2.json,2023,2003 FRANKLIN ST,San Francisco,CA,,0600003,0000 2003 FRANKLIN            ST0000,San Francisco,,1885,year_property_built,6.0,number_of_units,MRES,use_code,Multi-Family Residential,use_definition,parsed,parsed,aligned,eligible,DataSF parsed range contains input house number and street matches,2026-10-04T02:11:41+00:00
A0324,17,19,complete,DataSF wv5m-vpq2 (2025 roll),https://data.sfgov.org/resource/wv5m-vpq2.json,2007,2003 FRANKLIN ST,San Francisco,CA,,0600003,0000 2003 FRANKLIN            ST0000,San Francisco,,1885,year_property_built,6.0,number_of_units,MRES,use_code,Multi-Family Residential,use_definition,parsed,parsed,aligned,eligible,DataSF parsed range contains input house number and street matches,2026-10-04T02:11:41+00:00
A0324,18,19,complete,DataSF wv5m-vpq2 (2025 roll),https://data.sfgov.org/resource/wv5m-vpq2.json,2009,2003 FRANKLIN ST,San Francisco,CA,,0600003,0000 2003 FRANKLIN            ST0000,San Francisco,,1885,year_property_built,6.0,number_of_units,MRES,use_code,Multi-Family Residential,use_definition,parsed,parsed,aligned,eligible,DataSF parsed range contains input house number and street matches,2026-10-04T02:11:41+00:00
A0324,19,19,complete,DataSF wv5m-vpq2 (2025 roll),https://data.sfgov.org/resource/wv5m-vpq2.json,2015,2003 FRANKLIN ST,San Francisco,CA,,0600003,0000 2003 FRANKLIN            ST0000,San Francisco,,1885,year_property_built,6.0,number_of_units,MRES,use_code,Multi-Family Residential,use_definition,parsed,parsed,aligned,eligible,DataSF parsed range contains input house number and street matches,2026-10-04T02:11:41+00:00
A0328,1,19,complete,DataSF wv5m-vpq2 (2025 roll),https://data.sfgov.org/resource/wv5m-vpq2.json,2016,1845 08TH AV,San Francisco,CA,,2045050,0000 1845 08TH                AV0000,San Francisco,,1960,year_property_built,6.0,number_of_units,MRES,use_code,Multi-Family Residential,use_definition,parsed,parsed,aligned,eligible,DataSF parsed range contains input house number and street matches,2026-10-04T02:11:41+00:00
A0328,2,19,complete,DataSF wv5m-vpq2 (2025 roll),https://data.sfgov.org/resource/wv5m-vpq2.json,2018,1845 08TH AV,San Francisco,CA,,2045050,0000 1845 08TH                AV0000,San Francisco,,1960,year_property_built,6.0,number_of_units,MRES,use_code,Multi-Family Residential,use_definition,parsed,parsed,aligned,eligible,DataSF parsed range contains input house number and street matches,2026-10-04T02:11:41+00:00
A0328,3,19,complete,DataSF wv5m-vpq2 (2025 roll),https://data.sfgov.org/resource/wv5m-vpq2.json,2009,1845 08TH AV,San Francisco,CA,,2045050,0000 1845 08TH                AV0000,San Francisco,,1960,year_property_built,6.0,number_of_units,MRES,use_code,Multi-Family Residential,use_definition,parsed,parsed,aligned,eligible,DataSF parsed range contains input house number and street matches,2026-10-04T02:11:41+00:00
A0328,4,19,complete,DataSF wv5m-vpq2 (2025 roll),https://data.sfgov.org/resource/wv5m-vpq2.json,2014,1845 08TH AV,San Francisco,CA,,2045050,0000 1845 08TH                AV0000,San Francisco,,1960,year_property_built,6.0,number_of_units,MRES,use_code,Multi-Family Residential,use_definition,parsed,parsed,aligned,eligible,DataSF parsed range contains input house number and street matches,2026-10-04T02:11:41+00:00
A0328,5,19,complete,DataSF wv5m-vpq2 (2025 roll),https://data.sfgov.org/resource/wv5m-vpq2.json,2023,1845 08TH AV,San Francisco,CA,,2045050,0000 1845 08TH                AV0000,San Francisco,,1960,year_property_built,6.0,number_of_units,MRES,use_code,Multi-Family Residential,use_definition,parsed,parsed,aligned,eligible,DataSF parsed range contains input house number and street matches,2026-10-04T02:11:41+00:00
A0328,6,19,complete,DataSF wv5m-vpq2 (2025 roll),https://data.sfgov.org/resource/wv5m-vpq2.json,2025,1845 08TH AV,San Francisco,CA,,2045050,0000 1845 08TH                AV0000,San Francisco,,1960,year_property_built,6.0,number_of_units,MRES,use_code,Multi-Family Residential,use_definition,parsed,parsed,aligned,eligible,DataSF parsed range contains input house number and street matches,2026-10-04T02:11:41+00:00
A0328,7,19,complete,DataSF wv5m-vpq2 (2025 roll),https://data.sfgov.org/resource/wv5m-vpq2.json,2007,1845 08TH AV,San Francisco,CA,,2045050,0000 1845 08TH                AV0000,San Francisco,,1960,year_property_built,6.0,number_of_units,MRES,use_code,Multi-Family Residential,use_definition,parsed,parsed,aligned,eligible,DataSF parsed range contains input house number and street matches,2026-10-04T02:11:41+00:00
A0328,8,19,complete,DataSF wv5m-vpq2 (2025 roll),https://data.sfgov.org/resource/wv5m-vpq2.json,2012,1845 08TH AV,San Francisco,CA,,2045050,0000 1845 08TH                AV0000,San Francisco,,1960,year_property_built,6.0,number_of_units,MRES,use_code,Multi-Family Residential,use_definition,parsed,parsed,aligned,eligible,DataSF parsed range contains input house number and street matches,2026-10-04T02:11:41+00:00
A0328,9,19,complete,DataSF wv5m-vpq2 (2025 roll),https://data.sfgov.org/resource/wv5m-vpq2.json,2021,1845 08TH AV,San Francisco,CA,,2045050,0000 1845 08TH                AV0000,San Francisco,,1960,year_property_built,6.0,number_of_units,MRES,use_code,Multi-Family Residential,use_definition,parsed,parsed,aligned,eligible,DataSF parsed range contains input house number and street matches,2026-10-04T02:11:41+00:00
A0328,10,19,complete,DataSF wv5m-vpq2 (2025 roll),https://data.sfgov.org/resource/wv5m-vpq2.json,2022,1845 08TH AV,San Francisco,CA,,2045050,0000 1845 08TH                AV0000,San Francisco,,1960,year_property_built,6.0,number_of_units,MRES,use_code,Multi-Family Residential,use_definition,parsed,parsed,aligned,eligible,DataSF parsed range contains input house number and street matches,2026-10-04T02:11:41+00:00
A0328,11,19,complete,DataSF wv5m-vpq2 (2025 roll),https://data.sfgov.org/resource/wv5m-vpq2.json,2010,1845 08TH AV,San Francisco,CA,,2045050,0000 1845 08TH                AV0000,San Francisco,,1960,year_property_built,6.0,number_of_units,MRES,use_code,Multi-Family Residential,use_definition,parsed,parsed,aligned,eligible,DataSF parsed range contains input house number and street matches,2026-10-04T02:11:41+00:00
A0328,12,19,complete,DataSF wv5m-vpq2 (2025 roll),https://data.sfgov.org/resource/wv5m-vpq2.json,2013,1845 08TH AV,San Francisco,CA,,2045050,0000 1845 08TH                AV0000,San Francisco,,1960,year_property_built,6.0,number_of_units,MRES,use_code,Multi-Family Residential,use_definition,parsed,parsed,aligned,eligible,DataSF parsed range contains input house number and street matches,2026-10-04T02:11:41+00:00
A0328,13,19,complete,DataSF wv5m-vpq2 (2025 roll),https://data.sfgov.org/resource/wv5m-vpq2.json,2020,1845 08TH AV,San Francisco,CA,,2045050,0000 1845 08TH                AV0000,San Francisco,,1960,year_property_built,6.0,number_of_units,MRES,use_code,Multi-Family Residential,use_definition,parsed,parsed,aligned,eligible,DataSF parsed range contains input house number and street matches,2026-10-04T02:11:41+00:00
A0328,14,19,complete,DataSF wv5m-vpq2 (2025 roll),https://data.sfgov.org/resource/wv5m-vpq2.json,2008,1845 08TH AV,San Francisco,CA,,2045050,0000 1845 08TH                AV0000,San Francisco,,1960,year_property_built,6.0,number_of_units,MRES,use_code,Multi-Family Residential,use_definition,parsed,parsed,aligned,eligible,DataSF parsed range contains input house number and street matches,2026-10-04T02:11:41+00:00
A0328,15,19,complete,DataSF wv5m-vpq2 (2025 roll),https://data.sfgov.org/resource/wv5m-vpq2.json,2011,1845 08TH AV,San Francisco,CA,,2045050,0000 1845 08TH                AV0000,San Francisco,,1960,year_property_built,6.0,number_of_units,MRES,use_code,Multi-Family Residential,use_definition,parsed,parsed,aligned,eligible,DataSF parsed range contains input house number and street matches,2026-10-04T02:11:41+00:00
A0328,16,19,complete,DataSF wv5m-vpq2 (2025 roll),https://data.sfgov.org/resource/wv5m-vpq2.json,2015,1845 08TH AV,San Francisco,CA,,2045050,0000 1845 08TH                AV0000,San Francisco,,1960,year_property_built,6.0,number_of_units,MRES,use_code,Multi-Family Residential,use_definition,parsed,parsed,aligned,eligible,DataSF parsed range contains input house number and street matches,2026-10-04T02:11:41+00:00
A0328,17,19,complete,DataSF wv5m-vpq2 (2025 roll),https://data.sfgov.org/resource/wv5m-vpq2.json,2017,1845 08TH AV,San Francisco,CA,,2045050,0000 1845 08TH                AV0000,San Francisco,,1960,year_property_built,6.0,number_of_units,MRES,use_code,Multi-Family Residential,use_definition,parsed,parsed,aligned,eligible,DataSF parsed range contains input house number and street matches,2026-10-04T02:11:41+00:00
A0328,18,19,complete,DataSF wv5m-vpq2 (2025 roll),https://data.sfgov.org/resource/wv5m-vpq2.json,2019,1845 08TH AV,San Francisco,CA,,2045050,0000 1845 08TH                AV0000,San Francisco,,1960,year_property_built,6.0,number_of_units,MRES,use_code,Multi-Family Residential,use_definition,parsed,parsed,aligned,eligible,DataSF parsed range contains input house number and street matches,2026-10-04T02:11:41+00:00
A0328,19,19,complete,DataSF wv5m-vpq2 (2025 roll),https://data.sfgov.org/resource/wv5m-vpq2.json,2024,1845 08TH AV,San Francisco,CA,,2045050,0000 1845 08TH                AV0000,San Francisco,,1960,year_property_built,6.0,number_of_units,MRES,use_code,Multi-Family Residential,use_definition,parsed,parsed,aligned,eligible,DataSF parsed range contains input house number and street matches,2026-10-04T02:11:41+00:00
A0335,1,18,complete,DataSF wv5m-vpq2 (2025 roll),https://data.sfgov.org/resource/wv5m-vpq2.json,2013,125 BEMIS ST,San Francisco,CA,,7547032,0179 0125 BEMIS               ST0000,San Francisco,,1968,year_property_built,10.0,number_of_units,MRES,use_code,Multi-Family Residential,use_definition,parsed,parsed,aligned,eligible,DataSF parsed range contains input house number and street matches,2026-10-04T02:11:41+00:00
A0335,2,18,complete,DataSF wv5m-vpq2 (2025 roll),https://data.sfgov.org/resource/wv5m-vpq2.json,2008,125 BEMIS ST,San Francisco,CA,,7547032,0179 0125 BEMIS               ST0000,San Francisco,,1968,year_property_built,10.0,number_of_units,MRES,use_code,Multi-Family Residential,use_definition,parsed,parsed,aligned,eligible,DataSF parsed range contains input house number and street matches,2026-10-04T02:11:41+00:00
A0335,3,18,complete,DataSF wv5m-vpq2 (2025 roll),https://data.sfgov.org/resource/wv5m-vpq2.json,2020,125 BEMIS ST,San Francisco,CA,,7547032,0179 0125 BEMIS               ST0000,San Francisco,,1968,year_property_built,10.0,number_of_units,MRES,use_code,Multi-Family Residential,use_definition,parsed,parsed,aligned,eligible,DataSF parsed range contains input house number and street matches,2026-10-04T02:11:41+00:00
A0335,4,18,complete,DataSF wv5m-vpq2 (2025 roll),https://data.sfgov.org/resource/wv5m-vpq2.json,2025,125 BEMIS ST,San Francisco,CA,,7547032,0179 0125 BEMIS               ST0000,San Francisco,,1968,year_property_built,10.0,number_of_units,MRES,use_code,Multi-Family Residential,use_definition,parsed,parsed,aligned,eligible,DataSF parsed range contains input house number and street matches,2026-10-04T02:11:41+00:00
A0335,5,18,complete,DataSF wv5m-vpq2 (2025 roll),https://data.sfgov.org/resource/wv5m-vpq2.json,2014,125 BEMIS ST,San Francisco,CA,,7547032,0179 0125 BEMIS               ST0000,San Francisco,,1968,year_property_built,10.0,number_of_units,MRES,use_code,Multi-Family Residential,use_definition,parsed,parsed,aligned,eligible,DataSF parsed range contains input house number and street matches,2026-10-04T02:11:41+00:00
A0335,6,18,complete,DataSF wv5m-vpq2 (2025 roll),https://data.sfgov.org/resource/wv5m-vpq2.json,2019,125 BEMIS ST,San Francisco,CA,,7547032,0179 0125 BEMIS               ST0000,San Francisco,,1968,year_property_built,10.0,number_of_units,MRES,use_code,Multi-Family Residential,use_definition,parsed,parsed,aligned,eligible,DataSF parsed range contains input house number and street matches,2026-10-04T02:11:41+00:00
A0335,7,18,complete,DataSF wv5m-vpq2 (2025 roll),https://data.sfgov.org/resource/wv5m-vpq2.json,2012,125 BEMIS ST,San Francisco,CA,,7547032,0179 0125 BEMIS               ST0000,San Francisco,,1968,year_property_built,10.0,number_of_units,MRES,use_code,Multi-Family Residential,use_definition,parsed,parsed,aligned,eligible,DataSF parsed range contains input house number and street matches,2026-10-04T02:11:41+00:00
A0335,8,18,complete,DataSF wv5m-vpq2 (2025 roll),https://data.sfgov.org/resource/wv5m-vpq2.json,2017,125 BEMIS ST,San Francisco,CA,,7547032,0179 0125 BEMIS               ST0000,San Francisco,,1968,year_property_built,10.0,number_of_units,MRES,use_code,Multi-Family Residential,use_definition,parsed,parsed,aligned,eligible,DataSF parsed range contains input house number and street matches,2026-10-04T02:11:41+00:00
A0335,9,18,complete,DataSF wv5m-vpq2 (2025 roll),https://data.sfgov.org/resource/wv5m-vpq2.json,2007,125 BEMIS ST,San Francisco,CA,,7547032,0179 0125 BEMIS               ST0000,San Francisco,,1968,year_property_built,10.0,number_of_units,MRES,use_code,Multi-Family Residential,use_definition,parsed,parsed,aligned,eligible,DataSF parsed range contains input house number and street matches,2026-10-04T02:11:41+00:00
A0335,10,18,complete,DataSF wv5m-vpq2 (2025 roll),https://data.sfgov.org/resource/wv5m-vpq2.json,2018,125 BEMIS ST,San Francisco,CA,,7547032,0179 0125 BEMIS               ST0000,San Francisco,,1968,year_property_built,10.0,number_of_units,MRES,use_code,Multi-Family Residential,use_definition,parsed,parsed,aligned,eligible,DataSF parsed range contains input house number and street matches,2026-10-04T02:11:41+00:00
A0335,11,18,complete,DataSF wv5m-vpq2 (2025 roll),https://data.sfgov.org/resource/wv5m-vpq2.json,2022,125 BEMIS ST,San Francisco,CA,,7547032,0179 0125 BEMIS               ST0000,San Francisco,,1968,year_property_built,10.0,number_of_units,MRES,use_code,Multi-Family Residential,use_definition,parsed,parsed,aligned,eligible,DataSF parsed range contains input house number and street matches,2026-10-04T02:11:41+00:00
A0335,12,18,complete,DataSF wv5m-vpq2 (2025 roll),https://data.sfgov.org/resource/wv5m-vpq2.json,2010,125 BEMIS ST,San Francisco,CA,,7547032,0179 0125 BEMIS               ST0000,San Francisco,,1968,year_property_built,10.0,number_of_units,MRES,use_code,Multi-Family Residential,use_definition,parsed,parsed,aligned,eligible,DataSF parsed range contains input house number and street matches,2026-10-04T02:11:41+00:00
A0335,13,18,complete,DataSF wv5m-vpq2 (2025 roll),https://data.sfgov.org/resource/wv5m-vpq2.json,2024,125 BEMIS ST,San Francisco,CA,,7547032,0179 0125 BEMIS               ST0000,San Francisco,,1968,year_property_built,10.0,number_of_units,MRES,use_code,Multi-Family Residential,use_definition,parsed,parsed,aligned,eligible,DataSF parsed range contains input house number and street matches,2026-10-04T02:11:41+00:00
A0335,14,18,complete,DataSF wv5m-vpq2 (2025 roll),https://data.sfgov.org/resource/wv5m-vpq2.json,2023,125 BEMIS ST,San Francisco,CA,,7547032,0179 0125 BEMIS               ST0000,San Francisco,,1968,year_property_built,10.0,number_of_units,MRES,use_code,Multi-Family Residential,use_definition,parsed,parsed,aligned,eligible,DataSF parsed range contains input house number and street matches,2026-10-04T02:11:41+00:00
A0335,15,18,complete,DataSF wv5m-vpq2 (2025 roll),https://data.sfgov.org/resource/wv5m-vpq2.json,2009,125 BEMIS ST,San Francisco,CA,,7547032,0179 0125 BEMIS               ST0000,San Francisco,,1968,year_property_built,10.0,number_of_units,MRES,use_code,Multi-Family Residential,use_definition,parsed,parsed,aligned,eligible,DataSF parsed range contains input house number and street matches,2026-10-04T02:11:41+00:00
A0335,16,18,complete,DataSF wv5m-vpq2 (2025 roll),https://data.sfgov.org/resource/wv5m-vpq2.json,2015,125 BEMIS ST,San Francisco,CA,,7547032,0179 0125 BEMIS               ST0000,San Francisco,,1968,year_property_built,10.0,number_of_units,MRES,use_code,Multi-Family Residential,use_definition,parsed,parsed,aligned,eligible,DataSF parsed range contains input house number and street matches,2026-10-04T02:11:41+00:00
A0335,17,18,complete,DataSF wv5m-vpq2 (2025 roll),https://data.sfgov.org/resource/wv5m-vpq2.json,2016,125 BEMIS ST,San Francisco,CA,,7547032,0179 0125 BEMIS               ST0000,San Francisco,,1968,year_property_built,10.0,number_of_units,MRES,use_code,Multi-Family Residential,use_definition,parsed,parsed,aligned,eligible,DataSF parsed range contains input house number and street matches,2026-10-04T02:11:41+00:00
A0335,18,18,complete,DataSF wv5m-vpq2 (2025 roll),https://data.sfgov.org/resource/wv5m-vpq2.json,2021,125 BEMIS ST,San Francisco,CA,,7547032,0179 0125 BEMIS               ST0000,San Francisco,,1968,year_property_built,10.0,number_of_units,MRES,use_code,Multi-Family Residential,use_definition,parsed,parsed,aligned,eligible,DataSF parsed range contains input house number and street matches,2026-10-04T02:11:41+00:00
A0351,1,19,complete,DataSF wv5m-vpq2 (2025 roll),https://data.sfgov.org/resource/wv5m-vpq2.json,2024,628 HYDE ST,San Francisco,CA,,0303012,0632 0628 HYDE                ST0000,San Francisco,,1907,year_property_built,7.0,number_of_units,MRES,use_code,Multi-Family Residential,use_definition,parsed,parsed,aligned,eligible,DataSF parsed range contains input house number and street matches,2026-10-04T02:11:41+00:00
A0351,2,19,complete,DataSF wv5m-vpq2 (2025 roll),https://data.sfgov.org/resource/wv5m-vpq2.json,2013,628 HYDE ST,San Francisco,CA,,0303012,0632 0628 HYDE                ST0000,San Francisco,,1907,year_property_built,7.0,number_of_units,MRES,use_code,Multi-Family Residential,use_definition,parsed,parsed,aligned,eligible,DataSF parsed range contains input house number and street matches,2026-10-04T02:11:41+00:00
A0351,3,19,complete,DataSF wv5m-vpq2 (2025 roll),https://data.sfgov.org/resource/wv5m-vpq2.json,2019,628 HYDE ST,San Francisco,CA,,0303012,0632 0628 HYDE                ST0000,San Francisco,,1907,year_property_built,7.0,number_of_units,MRES,use_code,Multi-Family Residential,use_definition,parsed,parsed,aligned,eligible,DataSF parsed range contains input house number and street matches,2026-10-04T02:11:41+00:00
A0351,4,19,complete,DataSF wv5m-vpq2 (2025 roll),https://data.sfgov.org/resource/wv5m-vpq2.json,2014,628 HYDE ST,San Francisco,CA,,0303012,0632 0628 HYDE                ST0000,San Francisco,,1907,year_property_built,7.0,number_of_units,MRES,use_code,Multi-Family Residential,use_definition,parsed,parsed,aligned,eligible,DataSF parsed range contains input house number and street matches,2026-10-04T02:11:41+00:00
A0351,5,19,complete,DataSF wv5m-vpq2 (2025 roll),https://data.sfgov.org/resource/wv5m-vpq2.json,2023,628 HYDE ST,San Francisco,CA,,0303012,0632 0628 HYDE                ST0000,San Francisco,,1907,year_property_built,7.0,number_of_units,MRES,use_code,Multi-Family Residential,use_definition,parsed,parsed,aligned,eligible,DataSF parsed range contains input house number and street matches,2026-10-04T02:11:41+00:00
A0351,6,19,complete,DataSF wv5m-vpq2 (2025 roll),https://data.sfgov.org/resource/wv5m-vpq2.json,2012,628 HYDE ST,San Francisco,CA,,0303012,0632 0628 HYDE                ST0000,San Francisco,,1907,year_property_built,7.0,number_of_units,MRES,use_code,Multi-Family Residential,use_definition,parsed,parsed,aligned,eligible,DataSF parsed range contains input house number and street matches,2026-10-04T02:11:41+00:00
A0351,7,19,complete,DataSF wv5m-vpq2 (2025 roll),https://data.sfgov.org/resource/wv5m-vpq2.json,2010,628 HYDE ST,San Francisco,CA,,0303012,0632 0628 HYDE                ST0000,San Francisco,,1907,year_property_built,7.0,number_of_units,MRES,use_code,Multi-Family Residential,use_definition,parsed,parsed,aligned,eligible,DataSF parsed range contains input house number and street matches,2026-10-04T02:11:41+00:00
A0351,8,19,complete,DataSF wv5m-vpq2 (2025 roll),https://data.sfgov.org/resource/wv5m-vpq2.json,2011,628 HYDE ST,San Francisco,CA,,0303012,0632 0628 HYDE                ST0000,San Francisco,,1907,year_property_built,7.0,number_of_units,MRES,use_code,Multi-Family Residential,use_definition,parsed,parsed,aligned,eligible,DataSF parsed range contains input house number and street matches,2026-10-04T02:11:41+00:00
A0351,9,19,complete,DataSF wv5m-vpq2 (2025 roll),https://data.sfgov.org/resource/wv5m-vpq2.json,2020,628 HYDE ST,San Francisco,CA,,0303012,0632 0628 HYDE                ST0000,San Francisco,,1907,year_property_built,7.0,number_of_units,MRES,use_code,Multi-Family Residential,use_definition,parsed,parsed,aligned,eligible,DataSF parsed range contains input house number and street matches,2026-10-04T02:11:41+00:00
A0351,10,19,complete,DataSF wv5m-vpq2 (2025 roll),https://data.sfgov.org/resource/wv5m-vpq2.json,2007,628 HYDE ST,San Francisco,CA,,0303012,0632 0628 HYDE                ST0000,San Francisco,,1907,year_property_built,7.0,number_of_units,MRES,use_code,Multi-Family Residential,use_definition,parsed,parsed,aligned,eligible,DataSF parsed range contains input house number and street matches,2026-10-04T02:11:41+00:00
A0351,11,19,complete,DataSF wv5m-vpq2 (2025 roll),https://data.sfgov.org/resource/wv5m-vpq2.json,2009,628 HYDE ST,San Francisco,CA,,0303012,0632 0628 HYDE                ST0000,San Francisco,,1907,year_property_built,7.0,number_of_units,MRES,use_code,Multi-Family Residential,use_definition,parsed,parsed,aligned,eligible,DataSF parsed range contains input house number and street matches,2026-10-04T02:11:41+00:00
A0351,12,19,complete,DataSF wv5m-vpq2 (2025 roll),https://data.sfgov.org/resource/wv5m-vpq2.json,2016,628 HYDE ST,San Francisco,CA,,0303012,0632 0628 HYDE                ST0000,San Francisco,,1907,year_property_built,7.0,number_of_units,MRES,use_code,Multi-Family Residential,use_definition,parsed,parsed,aligned,eligible,DataSF parsed range contains input house number and street matches,2026-10-04T02:11:41+00:00
A0351,13,19,complete,DataSF wv5m-vpq2 (2025 roll),https://data.sfgov.org/resource/wv5m-vpq2.json,2022,628 HYDE ST,San Francisco,CA,,0303012,0632 0628 HYDE                ST0000,San Francisco,,1907,year_property_built,7.0,number_of_units,MRES,use_code,Multi-Family Residential,use_definition,parsed,parsed,aligned,eligible,DataSF parsed range contains input house number and street matches,2026-10-04T02:11:41+00:00
A0351,14,19,complete,DataSF wv5m-vpq2 (2025 roll),https://data.sfgov.org/resource/wv5m-vpq2.json,2025,628 HYDE ST,San Francisco,CA,,0303012,0632 0628 HYDE                ST0000,San Francisco,,1907,year_property_built,7.0,number_of_units,MRES,use_code,Multi-Family Residential,use_definition,parsed,parsed,aligned,eligible,DataSF parsed range contains input house number and street matches,2026-10-04T02:11:41+00:00
A0351,15,19,complete,DataSF wv5m-vpq2 (2025 roll),https://data.sfgov.org/resource/wv5m-vpq2.json,2021,628 HYDE ST,San Francisco,CA,,0303012,0632 0628 HYDE                ST0000,San Francisco,,1907,year_property_built,7.0,number_of_units,MRES,use_code,Multi-Family Residential,use_definition,parsed,parsed,aligned,eligible,DataSF parsed range contains input house number and street matches,2026-10-04T02:11:41+00:00
A0351,16,19,complete,DataSF wv5m-vpq2 (2025 roll),https://data.sfgov.org/resource/wv5m-vpq2.json,2008,628 HYDE ST,San Francisco,CA,,0303012,0632 0628 HYDE                ST0000,San Francisco,,1907,year_property_built,7.0,number_of_units,MRES,use_code,Multi-Family Residential,use_definition,parsed,parsed,aligned,eligible,DataSF parsed range contains input house number and street matches,2026-10-04T02:11:41+00:00
A0351,17,19,complete,DataSF wv5m-vpq2 (2025 roll),https://data.sfgov.org/resource/wv5m-vpq2.json,2018,628 HYDE ST,San Francisco,CA,,0303012,0632 0628 HYDE                ST0000,San Francisco,,1907,year_property_built,7.0,number_of_units,MRES,use_code,Multi-Family Residential,use_definition,parsed,parsed,aligned,eligible,DataSF parsed range contains input house number and street matches,2026-10-04T02:11:41+00:00
A0351,18,19,complete,DataSF wv5m-vpq2 (2025 roll),https://data.sfgov.org/resource/wv5m-vpq2.json,2015,628 HYDE ST,San Francisco,CA,,0303012,0632 0628 HYDE                ST0000,San Francisco,,1907,year_property_built,7.0,number_of_units,MRES,use_code,Multi-Family Residential,use_definition,parsed,parsed,aligned,eligible,DataSF parsed range contains input house number and street matches,2026-10-04T02:11:41+00:00
A0351,19,19,complete,DataSF wv5m-vpq2 (2025 roll),https://data.sfgov.org/resource/wv5m-vpq2.json,2017,628 HYDE ST,San Francisco,CA,,0303012,0632 0628 HYDE                ST0000,San Francisco,,1907,year_property_built,7.0,number_of_units,MRES,use_code,Multi-Family Residential,use_definition,parsed,parsed,aligned,eligible,DataSF parsed range contains input house number and street matches,2026-10-04T02:11:41+00:00
A0357,1,2,complete,DataSF wv5m-vpq2 (2025 roll),https://data.sfgov.org/resource/wv5m-vpq2.json,2024,173 07TH ST,San Francisco,CA,,3726034,0175 0173 07TH                ST0000,San Francisco,,1997,year_property_built,29.0,number_of_units,MRES,use_code,Multi-Family Residential,use_definition,parsed,parsed,aligned,eligible,DataSF parsed range contains input house number and street matches,2026-10-04T02:11:41+00:00
A0357,2,2,complete,DataSF wv5m-vpq2 (2025 roll),https://data.sfgov.org/resource/wv5m-vpq2.json,2025,173 07TH ST,San Francisco,CA,,3726034,0175 0173 07TH                ST0000,San Francisco,,1997,year_property_built,29.0,number_of_units,MRES,use_code,Multi-Family Residential,use_definition,parsed,parsed,aligned,eligible,DataSF parsed range contains input house number and street matches,2026-10-04T02:11:41+00:00
A0364,1,19,complete,DataSF wv5m-vpq2 (2025 roll),https://data.sfgov.org/resource/wv5m-vpq2.json,2022,125 03RD AV,San Francisco,CA,,1363007,0000 0125 03RD                AV0000,San Francisco,,1964,year_property_built,6.0,number_of_units,MRES,use_code,Multi-Family Residential,use_definition,parsed,parsed,aligned,eligible,DataSF parsed range contains input house number and street matches,2026-10-04T02:11:41+00:00
A0364,2,19,complete,DataSF wv5m-vpq2 (2025 roll),https://data.sfgov.org/resource/wv5m-vpq2.json,2023,125 03RD AV,San Francisco,CA,,1363007,0000 0125 03RD                AV0000,San Francisco,,1964,year_property_built,6.0,number_of_units,MRES,use_code,Multi-Family Residential,use_definition,parsed,parsed,aligned,eligible,DataSF parsed range contains input house number and street matches,2026-10-04T02:11:41+00:00
A0364,3,19,complete,DataSF wv5m-vpq2 (2025 roll),https://data.sfgov.org/resource/wv5m-vpq2.json,2017,125 03RD AV,San Francisco,CA,,1363007,0000 0125 03RD                AV0000,San Francisco,,1964,year_property_built,6.0,number_of_units,MRES,use_code,Multi-Family Residential,use_definition,parsed,parsed,aligned,eligible,DataSF parsed range contains input house number and street matches,2026-10-04T02:11:41+00:00
A0364,4,19,complete,DataSF wv5m-vpq2 (2025 roll),https://data.sfgov.org/resource/wv5m-vpq2.json,2016,125 03RD AV,San Francisco,CA,,1363007,0000 0125 03RD                AV0000,San Francisco,,1964,year_property_built,6.0,number_of_units,MRES,use_code,Multi-Family Residential,use_definition,parsed,parsed,aligned,eligible,DataSF parsed range contains input house number and street matches,2026-10-04T02:11:41+00:00
A0364,5,19,complete,DataSF wv5m-vpq2 (2025 roll),https://data.sfgov.org/resource/wv5m-vpq2.json,2018,125 03RD AV,San Francisco,CA,,1363007,0000 0125 03RD                AV0000,San Francisco,,1964,year_property_built,6.0,number_of_units,MRES,use_code,Multi-Family Residential,use_definition,parsed,parsed,aligned,eligible,DataSF parsed range contains input house number and street matches,2026-10-04T02:11:41+00:00
A0364,6,19,complete,DataSF wv5m-vpq2 (2025 roll),https://data.sfgov.org/resource/wv5m-vpq2.json,2014,125 03RD AV,San Francisco,CA,,1363007,0000 0125 03RD                AV0000,San Francisco,,1964,year_property_built,6.0,number_of_units,MRES,use_code,Multi-Family Residential,use_definition,parsed,parsed,aligned,eligible,DataSF parsed range contains input house number and street matches,2026-10-04T02:11:41+00:00
A0364,7,19,complete,DataSF wv5m-vpq2 (2025 roll),https://data.sfgov.org/resource/wv5m-vpq2.json,2020,125 03RD AV,San Francisco,CA,,1363007,0000 0125 03RD                AV0000,San Francisco,,1964,year_property_built,6.0,number_of_units,MRES,use_code,Multi-Family Residential,use_definition,parsed,parsed,aligned,eligible,DataSF parsed range contains input house number and street matches,2026-10-04T02:11:41+00:00
A0364,8,19,complete,DataSF wv5m-vpq2 (2025 roll),https://data.sfgov.org/resource/wv5m-vpq2.json,2013,125 03RD AV,San Francisco,CA,,1363007,0000 0125 03RD                AV0000,San Francisco,,1964,year_property_built,6.0,number_of_units,MRES,use_code,Multi-Family Residential,use_definition,parsed,parsed,aligned,eligible,DataSF parsed range contains input house number and street matches,2026-10-04T02:11:41+00:00
A0364,9,19,complete,DataSF wv5m-vpq2 (2025 roll),https://data.sfgov.org/resource/wv5m-vpq2.json,2024,125 03RD AV,San Francisco,CA,,1363007,0000 0125 03RD                AV0000,San Francisco,,1964,year_property_built,6.0,number_of_units,MRES,use_code,Multi-Family Residential,use_definition,parsed,parsed,aligned,eligible,DataSF parsed range contains input house number and street matches,2026-10-04T02:11:41+00:00
A0364,10,19,complete,DataSF wv5m-vpq2 (2025 roll),https://data.sfgov.org/resource/wv5m-vpq2.json,2019,125 03RD AV,San Francisco,CA,,1363007,0000 0125 03RD                AV0000,San Francisco,,1964,year_property_built,6.0,number_of_units,MRES,use_code,Multi-Family Residential,use_definition,parsed,parsed,aligned,eligible,DataSF parsed range contains input house number and street matches,2026-10-04T02:11:41+00:00
A0364,11,19,complete,DataSF wv5m-vpq2 (2025 roll),https://data.sfgov.org/resource/wv5m-vpq2.json,2021,125 03RD AV,San Francisco,CA,,1363007,0000 0125 03RD                AV0000,San Francisco,,1964,year_property_built,6.0,number_of_units,MRES,use_code,Multi-Family Residential,use_definition,parsed,parsed,aligned,eligible,DataSF parsed range contains input house number and street matches,2026-10-04T02:11:41+00:00
A0364,12,19,complete,DataSF wv5m-vpq2 (2025 roll),https://data.sfgov.org/resource/wv5m-vpq2.json,2025,125 03RD AV,San Francisco,CA,,1363007,0000 0125 03RD                AV0000,San Francisco,,1964,year_property_built,6.0,number_of_units,MRES,use_code,Multi-Family Residential,use_definition,parsed,parsed,aligned,eligible,DataSF parsed range contains input house number and street matches,2026-10-04T02:11:41+00:00
A0364,13,19,complete,DataSF wv5m-vpq2 (2025 roll),https://data.sfgov.org/resource/wv5m-vpq2.json,2008,125 03RD AV,San Francisco,CA,,1363007,0000 0125 03RD                AV0000,San Francisco,,1964,year_property_built,6.0,number_of_units,MRES,use_code,Multi-Family Residential,use_definition,parsed,parsed,aligned,eligible,DataSF parsed range contains input house number and street matches,2026-10-04T02:11:41+00:00
A0364,14,19,complete,DataSF wv5m-vpq2 (2025 roll),https://data.sfgov.org/resource/wv5m-vpq2.json,2009,125 03RD AV,San Francisco,CA,,1363007,0000 0125 03RD                AV0000,San Francisco,,1964,year_property_built,6.0,number_of_units,MRES,use_code,Multi-Family Residential,use_definition,parsed,parsed,aligned,eligible,DataSF parsed range contains input house number and street matches,2026-10-04T02:11:41+00:00
A0364,15,19,complete,DataSF wv5m-vpq2 (2025 roll),https://data.sfgov.org/resource/wv5m-vpq2.json,2010,125 03RD AV,San Francisco,CA,,1363007,0000 0125 03RD                AV0000,San Francisco,,1964,year_property_built,6.0,number_of_units,MRES,use_code,Multi-Family Residential,use_definition,parsed,parsed,aligned,eligible,DataSF parsed range contains input house number and street matches,2026-10-04T02:11:41+00:00
A0364,16,19,complete,DataSF wv5m-vpq2 (2025 roll),https://data.sfgov.org/resource/wv5m-vpq2.json,2011,125 03RD AV,San Francisco,CA,,1363007,0000 0125 03RD                AV0000,San Francisco,,1964,year_property_built,6.0,number_of_units,MRES,use_code,Multi-Family Residential,use_definition,parsed,parsed,aligned,eligible,DataSF parsed range contains input house number and street matches,2026-10-04T02:11:41+00:00
A0364,17,19,complete,DataSF wv5m-vpq2 (2025 roll),https://data.sfgov.org/resource/wv5m-vpq2.json,2007,125 03RD AV,San Francisco,CA,,1363007,0000 0125 03RD                AV0000,San Francisco,,1964,year_property_built,6.0,number_of_units,MRES,use_code,Multi-Family Residential,use_definition,parsed,parsed,aligned,eligible,DataSF parsed range contains input house number and street matches,2026-10-04T02:11:41+00:00
A0364,18,19,complete,DataSF wv5m-vpq2 (2025 roll),https://data.sfgov.org/resource/wv5m-vpq2.json,2012,125 03RD AV,San Francisco,CA,,1363007,0000 0125 03RD                AV0000,San Francisco,,1964,year_property_built,6.0,number_of_units,MRES,use_code,Multi-Family Residential,use_definition,parsed,parsed,aligned,eligible,DataSF parsed range contains input house number and street matches,2026-10-04T02:11:41+00:00
A0364,19,19,complete,DataSF wv5m-vpq2 (2025 roll),https://data.sfgov.org/resource/wv5m-vpq2.json,2015,125 03RD AV,San Francisco,CA,,1363007,0000 0125 03RD                AV0000,San Francisco,,1964,year_property_built,6.0,number_of_units,MRES,use_code,Multi-Family Residential,use_definition,parsed,parsed,aligned,eligible,DataSF parsed range contains input house number and street matches,2026-10-04T02:11:41+00:00
A0368,1,19,complete,DataSF wv5m-vpq2 (2025 roll),https://data.sfgov.org/resource/wv5m-vpq2.json,2025,1430 FRANCISCO ST,San Francisco,CA,,0472012,0000 1430 FRANCISCO           ST0000,San Francisco,,1926,year_property_built,12.0,number_of_units,MRES,use_code,Multi-Family Residential,use_definition,parsed,parsed,aligned,eligible,DataSF parsed range contains input house number and street matches,2026-10-04T02:11:41+00:00
A0368,2,19,complete,DataSF wv5m-vpq2 (2025 roll),https://data.sfgov.org/resource/wv5m-vpq2.json,2018,1430 FRANCISCO ST,San Francisco,CA,,0472012,0000 1430 FRANCISCO           ST0000,San Francisco,,1926,year_property_built,12.0,number_of_units,MRES,use_code,Multi-Family Residential,use_definition,parsed,parsed,aligned,eligible,DataSF parsed range contains input house number and street matches,2026-10-04T02:11:41+00:00
A0368,3,19,complete,DataSF wv5m-vpq2 (2025 roll),https://data.sfgov.org/resource/wv5m-vpq2.json,2008,1430 FRANCISCO ST,San Francisco,CA,,0472012,0000 1430 FRANCISCO           ST0000,San Francisco,,1926,year_property_built,12.0,number_of_units,MRES,use_code,Multi-Family Residential,use_definition,parsed,parsed,aligned,eligible,DataSF parsed range contains input house number and street matches,2026-10-04T02:11:41+00:00
A0368,4,19,complete,DataSF wv5m-vpq2 (2025 roll),https://data.sfgov.org/resource/wv5m-vpq2.json,2021,1430 FRANCISCO ST,San Francisco,CA,,0472012,0000 1430 FRANCISCO           ST0000,San Francisco,,1926,year_property_built,12.0,number_of_units,MRES,use_code,Multi-Family Residential,use_definition,parsed,parsed,aligned,eligible,DataSF parsed range contains input house number and street matches,2026-10-04T02:11:41+00:00
A0368,5,19,complete,DataSF wv5m-vpq2 (2025 roll),https://data.sfgov.org/resource/wv5m-vpq2.json,2020,1430 FRANCISCO ST,San Francisco,CA,,0472012,0000 1430 FRANCISCO           ST0000,San Francisco,,1926,year_property_built,12.0,number_of_units,MRES,use_code,Multi-Family Residential,use_definition,parsed,parsed,aligned,eligible,DataSF parsed range contains input house number and street matches,2026-10-04T02:11:41+00:00
A0368,6,19,complete,DataSF wv5m-vpq2 (2025 roll),https://data.sfgov.org/resource/wv5m-vpq2.json,2024,1430 FRANCISCO ST,San Francisco,CA,,0472012,0000 1430 FRANCISCO           ST0000,San Francisco,,1926,year_property_built,12.0,number_of_units,MRES,use_code,Multi-Family Residential,use_definition,parsed,parsed,aligned,eligible,DataSF parsed range contains input house number and street matches,2026-10-04T02:11:41+00:00
A0368,7,19,complete,DataSF wv5m-vpq2 (2025 roll),https://data.sfgov.org/resource/wv5m-vpq2.json,2022,1430 FRANCISCO ST,San Francisco,CA,,0472012,0000 1430 FRANCISCO           ST0000,San Francisco,,1926,year_property_built,12.0,number_of_units,MRES,use_code,Multi-Family Residential,use_definition,parsed,parsed,aligned,eligible,DataSF parsed range contains input house number and street matches,2026-10-04T02:11:41+00:00
A0368,8,19,complete,DataSF wv5m-vpq2 (2025 roll),https://data.sfgov.org/resource/wv5m-vpq2.json,2023,1430 FRANCISCO ST,San Francisco,CA,,0472012,0000 1430 FRANCISCO           ST0000,San Francisco,,1926,year_property_built,12.0,number_of_units,MRES,use_code,Multi-Family Residential,use_definition,parsed,parsed,aligned,eligible,DataSF parsed range contains input house number and street matches,2026-10-04T02:11:41+00:00
A0368,9,19,complete,DataSF wv5m-vpq2 (2025 roll),https://data.sfgov.org/resource/wv5m-vpq2.json,2014,1430 FRANCISCO ST,San Francisco,CA,,0472012,0000 1430 FRANCISCO           ST0000,San Francisco,,1926,year_property_built,12.0,number_of_units,MRES,use_code,Multi-Family Residential,use_definition,parsed,parsed,aligned,eligible,DataSF parsed range contains input house number and street matches,2026-10-04T02:11:41+00:00
A0368,10,19,complete,DataSF wv5m-vpq2 (2025 roll),https://data.sfgov.org/resource/wv5m-vpq2.json,2019,1430 FRANCISCO ST,San Francisco,CA,,0472012,0000 1430 FRANCISCO           ST0000,San Francisco,,1926,year_property_built,12.0,number_of_units,MRES,use_code,Multi-Family Residential,use_definition,parsed,parsed,aligned,eligible,DataSF parsed range contains input house number and street matches,2026-10-04T02:11:41+00:00
A0368,11,19,complete,DataSF wv5m-vpq2 (2025 roll),https://data.sfgov.org/resource/wv5m-vpq2.json,2011,1430 FRANCISCO ST,San Francisco,CA,,0472012,0000 1430 FRANCISCO           ST0000,San Francisco,,1926,year_property_built,12.0,number_of_units,MRES,use_code,Multi-Family Residential,use_definition,parsed,parsed,aligned,eligible,DataSF parsed range contains input house number and street matches,2026-10-04T02:11:41+00:00
A0368,12,19,complete,DataSF wv5m-vpq2 (2025 roll),https://data.sfgov.org/resource/wv5m-vpq2.json,2009,1430 FRANCISCO ST,San Francisco,CA,,0472012,0000 1430 FRANCISCO           ST0000,San Francisco,,1926,year_property_built,12.0,number_of_units,MRES,use_code,Multi-Family Residential,use_definition,parsed,parsed,aligned,eligible,DataSF parsed range contains input house number and street matches,2026-10-04T02:11:41+00:00
A0368,13,19,complete,DataSF wv5m-vpq2 (2025 roll),https://data.sfgov.org/resource/wv5m-vpq2.json,2015,1430 FRANCISCO ST,San Francisco,CA,,0472012,0000 1430 FRANCISCO           ST0000,San Francisco,,1926,year_property_built,12.0,number_of_units,MRES,use_code,Multi-Family Residential,use_definition,parsed,parsed,aligned,eligible,DataSF parsed range contains input house number and street matches,2026-10-04T02:11:41+00:00
A0368,14,19,complete,DataSF wv5m-vpq2 (2025 roll),https://data.sfgov.org/resource/wv5m-vpq2.json,2013,1430 FRANCISCO ST,San Francisco,CA,,0472012,0000 1430 FRANCISCO           ST0000,San Francisco,,1926,year_property_built,12.0,number_of_units,MRES,use_code,Multi-Family Residential,use_definition,parsed,parsed,aligned,eligible,DataSF parsed range contains input house number and street matches,2026-10-04T02:11:41+00:00
A0368,15,19,complete,DataSF wv5m-vpq2 (2025 roll),https://data.sfgov.org/resource/wv5m-vpq2.json,2016,1430 FRANCISCO ST,San Francisco,CA,,0472012,0000 1430 FRANCISCO           ST0000,San Francisco,,1926,year_property_built,12.0,number_of_units,MRES,use_code,Multi-Family Residential,use_definition,parsed,parsed,aligned,eligible,DataSF parsed range contains input house number and street matches,2026-10-04T02:11:41+00:00
A0368,16,19,complete,DataSF wv5m-vpq2 (2025 roll),https://data.sfgov.org/resource/wv5m-vpq2.json,2010,1430 FRANCISCO ST,San Francisco,CA,,0472012,0000 1430 FRANCISCO           ST0000,San Francisco,,1926,year_property_built,12.0,number_of_units,MRES,use_code,Multi-Family Residential,use_definition,parsed,parsed,aligned,eligible,DataSF parsed range contains input house number and street matches,2026-10-04T02:11:41+00:00
A0368,17,19,complete,DataSF wv5m-vpq2 (2025 roll),https://data.sfgov.org/resource/wv5m-vpq2.json,2012,1430 FRANCISCO ST,San Francisco,CA,,0472012,0000 1430 FRANCISCO           ST0000,San Francisco,,1926,year_property_built,12.0,number_of_units,MRES,use_code,Multi-Family Residential,use_definition,parsed,parsed,aligned,eligible,DataSF parsed range contains input house number and street matches,2026-10-04T02:11:41+00:00
A0368,18,19,complete,DataSF wv5m-vpq2 (2025 roll),https://data.sfgov.org/resource/wv5m-vpq2.json,2017,1430 FRANCISCO ST,San Francisco,CA,,0472012,0000 1430 FRANCISCO           ST0000,San Francisco,,1926,year_property_built,12.0,number_of_units,MRES,use_code,Multi-Family Residential,use_definition,parsed,parsed,aligned,eligible,DataSF parsed range contains input house number and street matches,2026-10-04T02:11:41+00:00
A0368,19,19,complete,DataSF wv5m-vpq2 (2025 roll),https://data.sfgov.org/resource/wv5m-vpq2.json,2007,1430 FRANCISCO ST,San Francisco,CA,,0472012,0000 1430 FRANCISCO           ST0000,San Francisco,,1926,year_property_built,12.0,number_of_units,MRES,use_code,Multi-Family Residential,use_definition,parsed,parsed,aligned,eligible,DataSF parsed range contains input house number and street matches,2026-10-04T02:11:41+00:00
A0375,1,19,complete,DataSF wv5m-vpq2 (2025 roll),https://data.sfgov.org/resource/wv5m-vpq2.json,2009,1880 FULTON ST,San Francisco,CA,,1173001G,0000 1880 FULTON              ST0000,San Francisco,,1921,year_property_built,9.0,number_of_units,MRES,use_code,Multi-Family Residential,use_definition,parsed,parsed,aligned,eligible,DataSF parsed range contains input house number and street matches,2026-10-04T02:11:41+00:00
A0375,2,19,complete,DataSF wv5m-vpq2 (2025 roll),https://data.sfgov.org/resource/wv5m-vpq2.json,2007,1880 FULTON ST,San Francisco,CA,,1173001G,0000 1880 FULTON              ST0000,San Francisco,,1921,year_property_built,9.0,number_of_units,MRES,use_code,Multi-Family Residential,use_definition,parsed,parsed,aligned,eligible,DataSF parsed range contains input house number and street matches,2026-10-04T02:11:41+00:00
A0375,3,19,complete,DataSF wv5m-vpq2 (2025 roll),https://data.sfgov.org/resource/wv5m-vpq2.json,2022,1880 FULTON ST,San Francisco,CA,,1173001G,0000 1880 FULTON              ST0000,San Francisco,,1921,year_property_built,9.0,number_of_units,MRES,use_code,Multi-Family Residential,use_definition,parsed,parsed,aligned,eligible,DataSF parsed range contains input house number and street matches,2026-10-04T02:11:41+00:00
A0375,4,19,complete,DataSF wv5m-vpq2 (2025 roll),https://data.sfgov.org/resource/wv5m-vpq2.json,2023,1880 FULTON ST,San Francisco,CA,,1173001G,0000 1880 FULTON              ST0000,San Francisco,,1921,year_property_built,9.0,number_of_units,MRES,use_code,Multi-Family Residential,use_definition,parsed,parsed,aligned,eligible,DataSF parsed range contains input house number and street matches,2026-10-04T02:11:41+00:00
A0375,5,19,complete,DataSF wv5m-vpq2 (2025 roll),https://data.sfgov.org/resource/wv5m-vpq2.json,2018,1880 FULTON ST,San Francisco,CA,,1173001G,0000 1880 FULTON              ST0000,San Francisco,,1921,year_property_built,9.0,number_of_units,MRES,use_code,Multi-Family Residential,use_definition,parsed,parsed,aligned,eligible,DataSF parsed range contains input house number and street matches,2026-10-04T02:11:41+00:00
A0375,6,19,complete,DataSF wv5m-vpq2 (2025 roll),https://data.sfgov.org/resource/wv5m-vpq2.json,2013,1880 FULTON ST,San Francisco,CA,,1173001G,0000 1880 FULTON              ST0000,San Francisco,,1921,year_property_built,9.0,number_of_units,MRES,use_code,Multi-Family Residential,use_definition,parsed,parsed,aligned,eligible,DataSF parsed range contains input house number and street matches,2026-10-04T02:11:41+00:00
A0375,7,19,complete,DataSF wv5m-vpq2 (2025 roll),https://data.sfgov.org/resource/wv5m-vpq2.json,2025,1880 FULTON ST,San Francisco,CA,,1173001G,0000 1880 FULTON              ST0000,San Francisco,,1921,year_property_built,9.0,number_of_units,MRES,use_code,Multi-Family Residential,use_definition,parsed,parsed,aligned,eligible,DataSF parsed range contains input house number and street matches,2026-10-04T02:11:41+00:00
A0375,8,19,complete,DataSF wv5m-vpq2 (2025 roll),https://data.sfgov.org/resource/wv5m-vpq2.json,2017,1880 FULTON ST,San Francisco,CA,,1173001G,0000 1880 FULTON              ST0000,San Francisco,,1921,year_property_built,9.0,number_of_units,MRES,use_code,Multi-Family Residential,use_definition,parsed,parsed,aligned,eligible,DataSF parsed range contains input house number and street matches,2026-10-04T02:11:41+00:00
A0375,9,19,complete,DataSF wv5m-vpq2 (2025 roll),https://data.sfgov.org/resource/wv5m-vpq2.json,2010,1880 FULTON ST,San Francisco,CA,,1173001G,0000 1880 FULTON              ST0000,San Francisco,,1921,year_property_built,9.0,number_of_units,MRES,use_code,Multi-Family Residential,use_definition,parsed,parsed,aligned,eligible,DataSF parsed range contains input house number and street matches,2026-10-04T02:11:41+00:00
A0375,10,19,complete,DataSF wv5m-vpq2 (2025 roll),https://data.sfgov.org/resource/wv5m-vpq2.json,2020,1880 FULTON ST,San Francisco,CA,,1173001G,0000 1880 FULTON              ST0000,San Francisco,,1921,year_property_built,9.0,number_of_units,MRES,use_code,Multi-Family Residential,use_definition,parsed,parsed,aligned,eligible,DataSF parsed range contains input house number and street matches,2026-10-04T02:11:41+00:00
A0375,11,19,complete,DataSF wv5m-vpq2 (2025 roll),https://data.sfgov.org/resource/wv5m-vpq2.json,2021,1880 FULTON ST,San Francisco,CA,,1173001G,0000 1880 FULTON              ST0000,San Francisco,,1921,year_property_built,9.0,number_of_units,MRES,use_code,Multi-Family Residential,use_definition,parsed,parsed,aligned,eligible,DataSF parsed range contains input house number and street matches,2026-10-04T02:11:41+00:00
A0375,12,19,complete,DataSF wv5m-vpq2 (2025 roll),https://data.sfgov.org/resource/wv5m-vpq2.json,2015,1880 FULTON ST,San Francisco,CA,,1173001G,0000 1880 FULTON              ST0000,San Francisco,,1921,year_property_built,9.0,number_of_units,MRES,use_code,Multi-Family Residential,use_definition,parsed,parsed,aligned,eligible,DataSF parsed range contains input house number and street matches,2026-10-04T02:11:41+00:00
A0375,13,19,complete,DataSF wv5m-vpq2 (2025 roll),https://data.sfgov.org/resource/wv5m-vpq2.json,2008,1880 FULTON ST,San Francisco,CA,,1173001G,0000 1880 FULTON              ST0000,San Francisco,,1921,year_property_built,9.0,number_of_units,MRES,use_code,Multi-Family Residential,use_definition,parsed,parsed,aligned,eligible,DataSF parsed range contains input house number and street matches,2026-10-04T02:11:41+00:00
A0375,14,19,complete,DataSF wv5m-vpq2 (2025 roll),https://data.sfgov.org/resource/wv5m-vpq2.json,2019,1880 FULTON ST,San Francisco,CA,,1173001G,0000 1880 FULTON              ST0000,San Francisco,,1921,year_property_built,9.0,number_of_units,MRES,use_code,Multi-Family Residential,use_definition,parsed,parsed,aligned,eligible,DataSF parsed range contains input house number and street matches,2026-10-04T02:11:41+00:00
A0375,15,19,complete,DataSF wv5m-vpq2 (2025 roll),https://data.sfgov.org/resource/wv5m-vpq2.json,2014,1880 FULTON ST,San Francisco,CA,,1173001G,0000 1880 FULTON              ST0000,San Francisco,,1921,year_property_built,9.0,number_of_units,MRES,use_code,Multi-Family Residential,use_definition,parsed,parsed,aligned,eligible,DataSF parsed range contains input house number and street matches,2026-10-04T02:11:41+00:00
A0375,16,19,complete,DataSF wv5m-vpq2 (2025 roll),https://data.sfgov.org/resource/wv5m-vpq2.json,2012,1880 FULTON ST,San Francisco,CA,,1173001G,0000 1880 FULTON              ST0000,San Francisco,,1921,year_property_built,9.0,number_of_units,MRES,use_code,Multi-Family Residential,use_definition,parsed,parsed,aligned,eligible,DataSF parsed range contains input house number and street matches,2026-10-04T02:11:41+00:00
A0375,17,19,complete,DataSF wv5m-vpq2 (2025 roll),https://data.sfgov.org/resource/wv5m-vpq2.json,2024,1880 FULTON ST,San Francisco,CA,,1173001G,0000 1880 FULTON              ST0000,San Francisco,,1921,year_property_built,9.0,number_of_units,MRES,use_code,Multi-Family Residential,use_definition,parsed,parsed,aligned,eligible,DataSF parsed range contains input house number and street matches,2026-10-04T02:11:41+00:00
A0375,18,19,complete,DataSF wv5m-vpq2 (2025 roll),https://data.sfgov.org/resource/wv5m-vpq2.json,2011,1880 FULTON ST,San Francisco,CA,,1173001G,0000 1880 FULTON              ST0000,San Francisco,,1921,year_property_built,9.0,number_of_units,MRES,use_code,Multi-Family Residential,use_definition,parsed,parsed,aligned,eligible,DataSF parsed range contains input house number and street matches,2026-10-04T02:11:41+00:00
A0375,19,19,complete,DataSF wv5m-vpq2 (2025 roll),https://data.sfgov.org/resource/wv5m-vpq2.json,2016,1880 FULTON ST,San Francisco,CA,,1173001G,0000 1880 FULTON              ST0000,San Francisco,,1921,year_property_built,9.0,number_of_units,MRES,use_code,Multi-Family Residential,use_definition,parsed,parsed,aligned,eligible,DataSF parsed range contains input house number and street matches,2026-10-04T02:11:41+00:00
A0382,1,19,complete,DataSF wv5m-vpq2 (2025 roll),https://data.sfgov.org/resource/wv5m-vpq2.json,2023,119 DAY ST,San Francisco,CA,,6637038,0000 0119 DAY                 ST0000,San Francisco,,1964,year_property_built,10.0,number_of_units,MRES,use_code,Multi-Family Residential,use_definition,parsed,parsed,aligned,eligible,DataSF parsed range contains input house number and street matches,2026-10-04T02:11:41+00:00
A0382,2,19,complete,DataSF wv5m-vpq2 (2025 roll),https://data.sfgov.org/resource/wv5m-vpq2.json,2009,119 DAY ST,San Francisco,CA,,6637038,0000 0119 DAY                 ST0000,San Francisco,,1964,year_property_built,10.0,number_of_units,MRES,use_code,Multi-Family Residential,use_definition,parsed,parsed,aligned,eligible,DataSF parsed range contains input house number and street matches,2026-10-04T02:11:41+00:00
A0382,3,19,complete,DataSF wv5m-vpq2 (2025 roll),https://data.sfgov.org/resource/wv5m-vpq2.json,2015,119 DAY ST,San Francisco,CA,,6637038,0000 0119 DAY                 ST0000,San Francisco,,1964,year_property_built,10.0,number_of_units,MRES,use_code,Multi-Family Residential,use_definition,parsed,parsed,aligned,eligible,DataSF parsed range contains input house number and street matches,2026-10-04T02:11:41+00:00
A0382,4,19,complete,DataSF wv5m-vpq2 (2025 roll),https://data.sfgov.org/resource/wv5m-vpq2.json,2025,119 DAY ST,San Francisco,CA,,6637038,0000 0119 DAY                 ST0000,San Francisco,,1964,year_property_built,10.0,number_of_units,MRES,use_code,Multi-Family Residential,use_definition,parsed,parsed,aligned,eligible,DataSF parsed range contains input house number and street matches,2026-10-04T02:11:41+00:00
A0382,5,19,complete,DataSF wv5m-vpq2 (2025 roll),https://data.sfgov.org/resource/wv5m-vpq2.json,2014,119 DAY ST,San Francisco,CA,,6637038,0000 0119 DAY                 ST0000,San Francisco,,1964,year_property_built,10.0,number_of_units,MRES,use_code,Multi-Family Residential,use_definition,parsed,parsed,aligned,eligible,DataSF parsed range contains input house number and street matches,2026-10-04T02:11:41+00:00
A0382,6,19,complete,DataSF wv5m-vpq2 (2025 roll),https://data.sfgov.org/resource/wv5m-vpq2.json,2013,119 DAY ST,San Francisco,CA,,6637038,0000 0119 DAY                 ST0000,San Francisco,,1964,year_property_built,10.0,number_of_units,MRES,use_code,Multi-Family Residential,use_definition,parsed,parsed,aligned,eligible,DataSF parsed range contains input house number and street matches,2026-10-04T02:11:41+00:00
A0382,7,19,complete,DataSF wv5m-vpq2 (2025 roll),https://data.sfgov.org/resource/wv5m-vpq2.json,2010,119 DAY ST,San Francisco,CA,,6637038,0000 0119 DAY                 ST0000,San Francisco,,1964,year_property_built,10.0,number_of_units,MRES,use_code,Multi-Family Residential,use_definition,parsed,parsed,aligned,eligible,DataSF parsed range contains input house number and street matches,2026-10-04T02:11:41+00:00
A0382,8,19,complete,DataSF wv5m-vpq2 (2025 roll),https://data.sfgov.org/resource/wv5m-vpq2.json,2017,119 DAY ST,San Francisco,CA,,6637038,0000 0119 DAY                 ST0000,San Francisco,,1964,year_property_built,10.0,number_of_units,MRES,use_code,Multi-Family Residential,use_definition,parsed,parsed,aligned,eligible,DataSF parsed range contains input house number and street matches,2026-10-04T02:11:41+00:00
A0382,9,19,complete,DataSF wv5m-vpq2 (2025 roll),https://data.sfgov.org/resource/wv5m-vpq2.json,2008,119 DAY ST,San Francisco,CA,,6637038,0000 0119 DAY                 ST0000,San Francisco,,1964,year_property_built,10.0,number_of_units,MRES,use_code,Multi-Family Residential,use_definition,parsed,parsed,aligned,eligible,DataSF parsed range contains input house number and street matches,2026-10-04T02:11:41+00:00
A0382,10,19,complete,DataSF wv5m-vpq2 (2025 roll),https://data.sfgov.org/resource/wv5m-vpq2.json,2012,119 DAY ST,San Francisco,CA,,6637038,0000 0119 DAY                 ST0000,San Francisco,,1964,year_property_built,10.0,number_of_units,MRES,use_code,Multi-Family Residential,use_definition,parsed,parsed,aligned,eligible,DataSF parsed range contains input house number and street matches,2026-10-04T02:11:41+00:00
A0382,11,19,complete,DataSF wv5m-vpq2 (2025 roll),https://data.sfgov.org/resource/wv5m-vpq2.json,2020,119 DAY ST,San Francisco,CA,,6637038,0000 0119 DAY                 ST0000,San Francisco,,1964,year_property_built,10.0,number_of_units,MRES,use_code,Multi-Family Residential,use_definition,parsed,parsed,aligned,eligible,DataSF parsed range contains input house number and street matches,2026-10-04T02:11:41+00:00
A0382,12,19,complete,DataSF wv5m-vpq2 (2025 roll),https://data.sfgov.org/resource/wv5m-vpq2.json,2022,119 DAY ST,San Francisco,CA,,6637038,0000 0119 DAY                 ST0000,San Francisco,,1964,year_property_built,10.0,number_of_units,MRES,use_code,Multi-Family Residential,use_definition,parsed,parsed,aligned,eligible,DataSF parsed range contains input house number and street matches,2026-10-04T02:11:41+00:00
A0382,13,19,complete,DataSF wv5m-vpq2 (2025 roll),https://data.sfgov.org/resource/wv5m-vpq2.json,2018,119 DAY ST,San Francisco,CA,,6637038,0000 0119 DAY                 ST0000,San Francisco,,1964,year_property_built,10.0,number_of_units,MRES,use_code,Multi-Family Residential,use_definition,parsed,parsed,aligned,eligible,DataSF parsed range contains input house number and street matches,2026-10-04T02:11:41+00:00
A0382,14,19,complete,DataSF wv5m-vpq2 (2025 roll),https://data.sfgov.org/resource/wv5m-vpq2.json,2016,119 DAY ST,San Francisco,CA,,6637038,0000 0119 DAY                 ST0000,San Francisco,,1964,year_property_built,10.0,number_of_units,MRES,use_code,Multi-Family Residential,use_definition,parsed,parsed,aligned,eligible,DataSF parsed range contains input house number and street matches,2026-10-04T02:11:41+00:00
A0382,15,19,complete,DataSF wv5m-vpq2 (2025 roll),https://data.sfgov.org/resource/wv5m-vpq2.json,2011,119 DAY ST,San Francisco,CA,,6637038,0000 0119 DAY                 ST0000,San Francisco,,1964,year_property_built,10.0,number_of_units,MRES,use_code,Multi-Family Residential,use_definition,parsed,parsed,aligned,eligible,DataSF parsed range contains input house number and street matches,2026-10-04T02:11:41+00:00
A0382,16,19,complete,DataSF wv5m-vpq2 (2025 roll),https://data.sfgov.org/resource/wv5m-vpq2.json,2007,119 DAY ST,San Francisco,CA,,6637038,0000 0119 DAY                 ST0000,San Francisco,,1964,year_property_built,10.0,number_of_units,MRES,use_code,Multi-Family Residential,use_definition,parsed,parsed,aligned,eligible,DataSF parsed range contains input house number and street matches,2026-10-04T02:11:41+00:00
A0382,17,19,complete,DataSF wv5m-vpq2 (2025 roll),https://data.sfgov.org/resource/wv5m-vpq2.json,2021,119 DAY ST,San Francisco,CA,,6637038,0000 0119 DAY                 ST0000,San Francisco,,1964,year_property_built,10.0,number_of_units,MRES,use_code,Multi-Family Residential,use_definition,parsed,parsed,aligned,eligible,DataSF parsed range contains input house number and street matches,2026-10-04T02:11:41+00:00
A0382,18,19,complete,DataSF wv5m-vpq2 (2025 roll),https://data.sfgov.org/resource/wv5m-vpq2.json,2019,119 DAY ST,San Francisco,CA,,6637038,0000 0119 DAY                 ST0000,San Francisco,,1964,year_property_built,10.0,number_of_units,MRES,use_code,Multi-Family Residential,use_definition,parsed,parsed,aligned,eligible,DataSF parsed range contains input house number and street matches,2026-10-04T02:11:41+00:00
A0382,19,19,complete,DataSF wv5m-vpq2 (2025 roll),https://data.sfgov.org/resource/wv5m-vpq2.json,2024,119 DAY ST,San Francisco,CA,,6637038,0000 0119 DAY                 ST0000,San Francisco,,1964,year_property_built,10.0,number_of_units,MRES,use_code,Multi-Family Residential,use_definition,parsed,parsed,aligned,eligible,DataSF parsed range contains input house number and street matches,2026-10-04T02:11:41+00:00
A0384,1,3,none,DataSF wv5m-vpq2 (2025 roll),https://data.sfgov.org/resource/wv5m-vpq2.json,2013,21 GUERRERO ST,San Francisco,CA,,3502038,0000 0021 GUERRERO            ST0000,San Francisco,,1925,year_property_built,7.0,number_of_units,MRES,use_code,Multi-Family Residential,use_definition,parsed,parsed,aligned,excluded_from_automatic_resolution,no parsed DataSF candidate aligned,2026-10-04T01:55:36+00:00
A0385,1,19,complete,DataSF wv5m-vpq2 (2025 roll),https://data.sfgov.org/resource/wv5m-vpq2.json,2007,1059 UNION ST,San Francisco,CA,,0121032,0000 1059 UNION               ST0000,San Francisco,,1986,year_property_built,16.0,number_of_units,MRES,use_code,Multi-Family Residential,use_definition,parsed,parsed,aligned,eligible,DataSF parsed range contains input house number and street matches,2026-10-04T02:11:41+00:00
A0385,2,19,complete,DataSF wv5m-vpq2 (2025 roll),https://data.sfgov.org/resource/wv5m-vpq2.json,2013,1059 UNION ST,San Francisco,CA,,0121032,0000 1059 UNION               ST0000,San Francisco,,1986,year_property_built,16.0,number_of_units,MRES,use_code,Multi-Family Residential,use_definition,parsed,parsed,aligned,eligible,DataSF parsed range contains input house number and street matches,2026-10-04T02:11:41+00:00
A0385,3,19,complete,DataSF wv5m-vpq2 (2025 roll),https://data.sfgov.org/resource/wv5m-vpq2.json,2011,1059 UNION ST,San Francisco,CA,,0121032,0000 1059 UNION               ST0000,San Francisco,,1986,year_property_built,16.0,number_of_units,MRES,use_code,Multi-Family Residential,use_definition,parsed,parsed,aligned,eligible,DataSF parsed range contains input house number and street matches,2026-10-04T02:11:41+00:00
A0385,4,19,complete,DataSF wv5m-vpq2 (2025 roll),https://data.sfgov.org/resource/wv5m-vpq2.json,2012,1059 UNION ST,San Francisco,CA,,0121032,0000 1059 UNION               ST0000,San Francisco,,1986,year_property_built,16.0,number_of_units,MRES,use_code,Multi-Family Residential,use_definition,parsed,parsed,aligned,eligible,DataSF parsed range contains input house number and street matches,2026-10-04T02:11:41+00:00
A0385,5,19,complete,DataSF wv5m-vpq2 (2025 roll),https://data.sfgov.org/resource/wv5m-vpq2.json,2023,1059 UNION ST,San Francisco,CA,,0121032,0000 1059 UNION               ST0000,San Francisco,,1986,year_property_built,16.0,number_of_units,MRES,use_code,Multi-Family Residential,use_definition,parsed,parsed,aligned,eligible,DataSF parsed range contains input house number and street matches,2026-10-04T02:11:41+00:00
A0385,6,19,complete,DataSF wv5m-vpq2 (2025 roll),https://data.sfgov.org/resource/wv5m-vpq2.json,2009,1059 UNION ST,San Francisco,CA,,0121032,0000 1059 UNION               ST0000,San Francisco,,1986,year_property_built,16.0,number_of_units,MRES,use_code,Multi-Family Residential,use_definition,parsed,parsed,aligned,eligible,DataSF parsed range contains input house number and street matches,2026-10-04T02:11:41+00:00
A0385,7,19,complete,DataSF wv5m-vpq2 (2025 roll),https://data.sfgov.org/resource/wv5m-vpq2.json,2015,1059 UNION ST,San Francisco,CA,,0121032,0000 1059 UNION               ST0000,San Francisco,,1986,year_property_built,16.0,number_of_units,MRES,use_code,Multi-Family Residential,use_definition,parsed,parsed,aligned,eligible,DataSF parsed range contains input house number and street matches,2026-10-04T02:11:41+00:00
A0385,8,19,complete,DataSF wv5m-vpq2 (2025 roll),https://data.sfgov.org/resource/wv5m-vpq2.json,2018,1059 UNION ST,San Francisco,CA,,0121032,0000 1059 UNION               ST0000,San Francisco,,1986,year_property_built,16.0,number_of_units,MRES,use_code,Multi-Family Residential,use_definition,parsed,parsed,aligned,eligible,DataSF parsed range contains input house number and street matches,2026-10-04T02:11:41+00:00
A0385,9,19,complete,DataSF wv5m-vpq2 (2025 roll),https://data.sfgov.org/resource/wv5m-vpq2.json,2014,1059 UNION ST,San Francisco,CA,,0121032,0000 1059 UNION               ST0000,San Francisco,,1986,year_property_built,16.0,number_of_units,MRES,use_code,Multi-Family Residential,use_definition,parsed,parsed,aligned,eligible,DataSF parsed range contains input house number and street matches,2026-10-04T02:11:41+00:00
A0385,10,19,complete,DataSF wv5m-vpq2 (2025 roll),https://data.sfgov.org/resource/wv5m-vpq2.json,2022,1059 UNION ST,San Francisco,CA,,0121032,0000 1059 UNION               ST0000,San Francisco,,1986,year_property_built,16.0,number_of_units,MRES,use_code,Multi-Family Residential,use_definition,parsed,parsed,aligned,eligible,DataSF parsed range contains input house number and street matches,2026-10-04T02:11:41+00:00
A0385,11,19,complete,DataSF wv5m-vpq2 (2025 roll),https://data.sfgov.org/resource/wv5m-vpq2.json,2025,1059 UNION ST,San Francisco,CA,,0121032,0000 1059 UNION               ST0000,San Francisco,,1986,year_property_built,16.0,number_of_units,MRES,use_code,Multi-Family Residential,use_definition,parsed,parsed,aligned,eligible,DataSF parsed range contains input house number and street matches,2026-10-04T02:11:41+00:00
A0385,12,19,complete,DataSF wv5m-vpq2 (2025 roll),https://data.sfgov.org/resource/wv5m-vpq2.json,2020,1059 UNION ST,San Francisco,CA,,0121032,0000 1059 UNION               ST0000,San Francisco,,1986,year_property_built,16.0,number_of_units,MRES,use_code,Multi-Family Residential,use_definition,parsed,parsed,aligned,eligible,DataSF parsed range contains input house number and street matches,2026-10-04T02:11:41+00:00
A0385,13,19,complete,DataSF wv5m-vpq2 (2025 roll),https://data.sfgov.org/resource/wv5m-vpq2.json,2021,1059 UNION ST,San Francisco,CA,,0121032,0000 1059 UNION               ST0000,San Francisco,,1986,year_property_built,16.0,number_of_units,MRES,use_code,Multi-Family Residential,use_definition,parsed,parsed,aligned,eligible,DataSF parsed range contains input house number and street matches,2026-10-04T02:11:41+00:00
A0385,14,19,complete,DataSF wv5m-vpq2 (2025 roll),https://data.sfgov.org/resource/wv5m-vpq2.json,2010,1059 UNION ST,San Francisco,CA,,0121032,0000 1059 UNION               ST0000,San Francisco,,1986,year_property_built,16.0,number_of_units,MRES,use_code,Multi-Family Residential,use_definition,parsed,parsed,aligned,eligible,DataSF parsed range contains input house number and street matches,2026-10-04T02:11:41+00:00
A0385,15,19,complete,DataSF wv5m-vpq2 (2025 roll),https://data.sfgov.org/resource/wv5m-vpq2.json,2017,1059 UNION ST,San Francisco,CA,,0121032,0000 1059 UNION               ST0000,San Francisco,,1986,year_property_built,16.0,number_of_units,MRES,use_code,Multi-Family Residential,use_definition,parsed,parsed,aligned,eligible,DataSF parsed range contains input house number and street matches,2026-10-04T02:11:41+00:00
A0385,16,19,complete,DataSF wv5m-vpq2 (2025 roll),https://data.sfgov.org/resource/wv5m-vpq2.json,2008,1059 UNION ST,San Francisco,CA,,0121032,0000 1059 UNION               ST0000,San Francisco,,1986,year_property_built,16.0,number_of_units,MRES,use_code,Multi-Family Residential,use_definition,parsed,parsed,aligned,eligible,DataSF parsed range contains input house number and street matches,2026-10-04T02:11:41+00:00
A0385,17,19,complete,DataSF wv5m-vpq2 (2025 roll),https://data.sfgov.org/resource/wv5m-vpq2.json,2016,1059 UNION ST,San Francisco,CA,,0121032,0000 1059 UNION               ST0000,San Francisco,,1986,year_property_built,16.0,number_of_units,MRES,use_code,Multi-Family Residential,use_definition,parsed,parsed,aligned,eligible,DataSF parsed range contains input house number and street matches,2026-10-04T02:11:41+00:00
A0385,18,19,complete,DataSF wv5m-vpq2 (2025 roll),https://data.sfgov.org/resource/wv5m-vpq2.json,2019,1059 UNION ST,San Francisco,CA,,0121032,0000 1059 UNION               ST0000,San Francisco,,1986,year_property_built,16.0,number_of_units,MRES,use_code,Multi-Family Residential,use_definition,parsed,parsed,aligned,eligible,DataSF parsed range contains input house number and street matches,2026-10-04T02:11:41+00:00
A0385,19,19,complete,DataSF wv5m-vpq2 (2025 roll),https://data.sfgov.org/resource/wv5m-vpq2.json,2024,1059 UNION ST,San Francisco,CA,,0121032,0000 1059 UNION               ST0000,San Francisco,,1986,year_property_built,16.0,number_of_units,MRES,use_code,Multi-Family Residential,use_definition,parsed,parsed,aligned,eligible,DataSF parsed range contains input house number and street matches,2026-10-04T02:11:41+00:00
A0397,1,19,complete,DataSF wv5m-vpq2 (2025 roll),https://data.sfgov.org/resource/wv5m-vpq2.json,2021,1677 BUSH ST,San Francisco,CA,,0672011,0000 1677 BUSH                ST0000,San Francisco,,1900,year_property_built,21.0,number_of_units,MRES,use_code,Multi-Family Residential,use_definition,parsed,parsed,aligned,eligible,DataSF parsed range contains input house number and street matches,2026-10-04T02:11:41+00:00
A0397,2,19,complete,DataSF wv5m-vpq2 (2025 roll),https://data.sfgov.org/resource/wv5m-vpq2.json,2016,1677 BUSH ST,San Francisco,CA,,0672011,0000 1677 BUSH                ST0000,San Francisco,,1900,year_property_built,21.0,number_of_units,MRES,use_code,Multi-Family Residential,use_definition,parsed,parsed,aligned,eligible,DataSF parsed range contains input house number and street matches,2026-10-04T02:11:41+00:00
A0397,3,19,complete,DataSF wv5m-vpq2 (2025 roll),https://data.sfgov.org/resource/wv5m-vpq2.json,2008,1677 BUSH ST,San Francisco,CA,,0672011,0000 1677 BUSH                ST0000,San Francisco,,1900,year_property_built,21.0,number_of_units,MRES,use_code,Multi-Family Residential,use_definition,parsed,parsed,aligned,eligible,DataSF parsed range contains input house number and street matches,2026-10-04T02:11:41+00:00
A0397,4,19,complete,DataSF wv5m-vpq2 (2025 roll),https://data.sfgov.org/resource/wv5m-vpq2.json,2020,1677 BUSH ST,San Francisco,CA,,0672011,0000 1677 BUSH                ST0000,San Francisco,,1900,year_property_built,21.0,number_of_units,MRES,use_code,Multi-Family Residential,use_definition,parsed,parsed,aligned,eligible,DataSF parsed range contains input house number and street matches,2026-10-04T02:11:41+00:00
A0397,5,19,complete,DataSF wv5m-vpq2 (2025 roll),https://data.sfgov.org/resource/wv5m-vpq2.json,2013,1677 BUSH ST,San Francisco,CA,,0672011,0000 1677 BUSH                ST0000,San Francisco,,1900,year_property_built,21.0,number_of_units,MRES,use_code,Multi-Family Residential,use_definition,parsed,parsed,aligned,eligible,DataSF parsed range contains input house number and street matches,2026-10-04T02:11:41+00:00
A0397,6,19,complete,DataSF wv5m-vpq2 (2025 roll),https://data.sfgov.org/resource/wv5m-vpq2.json,2024,1677 BUSH ST,San Francisco,CA,,0672011,0000 1677 BUSH                ST0000,San Francisco,,1900,year_property_built,21.0,number_of_units,MRES,use_code,Multi-Family Residential,use_definition,parsed,parsed,aligned,eligible,DataSF parsed range contains input house number and street matches,2026-10-04T02:11:41+00:00
A0397,7,19,complete,DataSF wv5m-vpq2 (2025 roll),https://data.sfgov.org/resource/wv5m-vpq2.json,2012,1677 BUSH ST,San Francisco,CA,,0672011,0000 1677 BUSH                ST0000,San Francisco,,1900,year_property_built,21.0,number_of_units,MRES,use_code,Multi-Family Residential,use_definition,parsed,parsed,aligned,eligible,DataSF parsed range contains input house number and street matches,2026-10-04T02:11:41+00:00
A0397,8,19,complete,DataSF wv5m-vpq2 (2025 roll),https://data.sfgov.org/resource/wv5m-vpq2.json,2019,1677 BUSH ST,San Francisco,CA,,0672011,0000 1677 BUSH                ST0000,San Francisco,,1900,year_property_built,21.0,number_of_units,MRES,use_code,Multi-Family Residential,use_definition,parsed,parsed,aligned,eligible,DataSF parsed range contains input house number and street matches,2026-10-04T02:11:41+00:00
A0397,9,19,complete,DataSF wv5m-vpq2 (2025 roll),https://data.sfgov.org/resource/wv5m-vpq2.json,2022,1677 BUSH ST,San Francisco,CA,,0672011,0000 1677 BUSH                ST0000,San Francisco,,1900,year_property_built,21.0,number_of_units,MRES,use_code,Multi-Family Residential,use_definition,parsed,parsed,aligned,eligible,DataSF parsed range contains input house number and street matches,2026-10-04T02:11:41+00:00
A0397,10,19,complete,DataSF wv5m-vpq2 (2025 roll),https://data.sfgov.org/resource/wv5m-vpq2.json,2017,1677 BUSH ST,San Francisco,CA,,0672011,0000 1677 BUSH                ST0000,San Francisco,,1900,year_property_built,21.0,number_of_units,MRES,use_code,Multi-Family Residential,use_definition,parsed,parsed,aligned,eligible,DataSF parsed range contains input house number and street matches,2026-10-04T02:11:41+00:00
A0397,11,19,complete,DataSF wv5m-vpq2 (2025 roll),https://data.sfgov.org/resource/wv5m-vpq2.json,2018,1677 BUSH ST,San Francisco,CA,,0672011,0000 1677 BUSH                ST0000,San Francisco,,1900,year_property_built,21.0,number_of_units,MRES,use_code,Multi-Family Residential,use_definition,parsed,parsed,aligned,eligible,DataSF parsed range contains input house number and street matches,2026-10-04T02:11:41+00:00
A0397,12,19,complete,DataSF wv5m-vpq2 (2025 roll),https://data.sfgov.org/resource/wv5m-vpq2.json,2023,1677 BUSH ST,San Francisco,CA,,0672011,0000 1677 BUSH                ST0000,San Francisco,,1900,year_property_built,21.0,number_of_units,MRES,use_code,Multi-Family Residential,use_definition,parsed,parsed,aligned,eligible,DataSF parsed range contains input house number and street matches,2026-10-04T02:11:41+00:00
A0397,13,19,complete,DataSF wv5m-vpq2 (2025 roll),https://data.sfgov.org/resource/wv5m-vpq2.json,2007,1677 BUSH ST,San Francisco,CA,,0672011,0000 1677 BUSH                ST0000,San Francisco,,1900,year_property_built,21.0,number_of_units,MRES,use_code,Multi-Family Residential,use_definition,parsed,parsed,aligned,eligible,DataSF parsed range contains input house number and street matches,2026-10-04T02:11:41+00:00
A0397,14,19,complete,DataSF wv5m-vpq2 (2025 roll),https://data.sfgov.org/resource/wv5m-vpq2.json,2014,1677 BUSH ST,San Francisco,CA,,0672011,0000 1677 BUSH                ST0000,San Francisco,,1900,year_property_built,21.0,number_of_units,MRES,use_code,Multi-Family Residential,use_definition,parsed,parsed,aligned,eligible,DataSF parsed range contains input house number and street matches,2026-10-04T02:11:41+00:00
A0397,15,19,complete,DataSF wv5m-vpq2 (2025 roll),https://data.sfgov.org/resource/wv5m-vpq2.json,2010,1677 BUSH ST,San Francisco,CA,,0672011,0000 1677 BUSH                ST0000,San Francisco,,1900,year_property_built,21.0,number_of_units,MRES,use_code,Multi-Family Residential,use_definition,parsed,parsed,aligned,eligible,DataSF parsed range contains input house number and street matches,2026-10-04T02:11:41+00:00
A0397,16,19,complete,DataSF wv5m-vpq2 (2025 roll),https://data.sfgov.org/resource/wv5m-vpq2.json,2009,1677 BUSH ST,San Francisco,CA,,0672011,0000 1677 BUSH                ST0000,San Francisco,,1900,year_property_built,21.0,number_of_units,MRES,use_code,Multi-Family Residential,use_definition,parsed,parsed,aligned,eligible,DataSF parsed range contains input house number and street matches,2026-10-04T02:11:41+00:00
A0397,17,19,complete,DataSF wv5m-vpq2 (2025 roll),https://data.sfgov.org/resource/wv5m-vpq2.json,2015,1677 BUSH ST,San Francisco,CA,,0672011,0000 1677 BUSH                ST0000,San Francisco,,1900,year_property_built,21.0,number_of_units,MRES,use_code,Multi-Family Residential,use_definition,parsed,parsed,aligned,eligible,DataSF parsed range contains input house number and street matches,2026-10-04T02:11:41+00:00
A0397,18,19,complete,DataSF wv5m-vpq2 (2025 roll),https://data.sfgov.org/resource/wv5m-vpq2.json,2025,1677 BUSH ST,San Francisco,CA,,0672011,0000 1677 BUSH                ST0000,San Francisco,,1900,year_property_built,21.0,number_of_units,MRES,use_code,Multi-Family Residential,use_definition,parsed,parsed,aligned,eligible,DataSF parsed range contains input house number and street matches,2026-10-04T02:11:41+00:00
A0397,19,19,complete,DataSF wv5m-vpq2 (2025 roll),https://data.sfgov.org/resource/wv5m-vpq2.json,2011,1677 BUSH ST,San Francisco,CA,,0672011,0000 1677 BUSH                ST0000,San Francisco,,1900,year_property_built,21.0,number_of_units,MRES,use_code,Multi-Family Residential,use_definition,parsed,parsed,aligned,eligible,DataSF parsed range contains input house number and street matches,2026-10-04T02:11:41+00:00
A0398,1,19,complete,DataSF wv5m-vpq2 (2025 roll),https://data.sfgov.org/resource/wv5m-vpq2.json,2014,890 GREEN ST,San Francisco,CA,,0119024,0898 0890 GREEN               ST0000,San Francisco,,1908,year_property_built,5.0,number_of_units,MRES,use_code,Multi-Family Residential,use_definition,parsed,parsed,aligned,eligible,DataSF parsed range contains input house number and street matches,2026-10-04T02:11:41+00:00
A0398,2,19,complete,DataSF wv5m-vpq2 (2025 roll),https://data.sfgov.org/resource/wv5m-vpq2.json,2012,890 GREEN ST,San Francisco,CA,,0119024,0898 0890 GREEN               ST0000,San Francisco,,1908,year_property_built,5.0,number_of_units,MRES,use_code,Multi-Family Residential,use_definition,parsed,parsed,aligned,eligible,DataSF parsed range contains input house number and street matches,2026-10-04T02:11:41+00:00
A0398,3,19,complete,DataSF wv5m-vpq2 (2025 roll),https://data.sfgov.org/resource/wv5m-vpq2.json,2010,890 GREEN ST,San Francisco,CA,,0119024,0898 0890 GREEN               ST0000,San Francisco,,1908,year_property_built,5.0,number_of_units,MRES,use_code,Multi-Family Residential,use_definition,parsed,parsed,aligned,eligible,DataSF parsed range contains input house number and street matches,2026-10-04T02:11:41+00:00
A0398,4,19,complete,DataSF wv5m-vpq2 (2025 roll),https://data.sfgov.org/resource/wv5m-vpq2.json,2022,890 GREEN ST,San Francisco,CA,,0119024,0898 0890 GREEN               ST0000,San Francisco,,1908,year_property_built,5.0,number_of_units,MRES,use_code,Multi-Family Residential,use_definition,parsed,parsed,aligned,eligible,DataSF parsed range contains input house number and street matches,2026-10-04T02:11:41+00:00
A0398,5,19,complete,DataSF wv5m-vpq2 (2025 roll),https://data.sfgov.org/resource/wv5m-vpq2.json,2024,890 GREEN ST,San Francisco,CA,,0119024,0898 0890 GREEN               ST0000,San Francisco,,1908,year_property_built,5.0,number_of_units,MRES,use_code,Multi-Family Residential,use_definition,parsed,parsed,aligned,eligible,DataSF parsed range contains input house number and street matches,2026-10-04T02:11:41+00:00
A0398,6,19,complete,DataSF wv5m-vpq2 (2025 roll),https://data.sfgov.org/resource/wv5m-vpq2.json,2009,890 GREEN ST,San Francisco,CA,,0119024,0898 0890 GREEN               ST0000,San Francisco,,1908,year_property_built,5.0,number_of_units,MRES,use_code,Multi-Family Residential,use_definition,parsed,parsed,aligned,eligible,DataSF parsed range contains input house number and street matches,2026-10-04T02:11:41+00:00
A0398,7,19,complete,DataSF wv5m-vpq2 (2025 roll),https://data.sfgov.org/resource/wv5m-vpq2.json,2011,890 GREEN ST,San Francisco,CA,,0119024,0898 0890 GREEN               ST0000,San Francisco,,1908,year_property_built,5.0,number_of_units,MRES,use_code,Multi-Family Residential,use_definition,parsed,parsed,aligned,eligible,DataSF parsed range contains input house number and street matches,2026-10-04T02:11:41+00:00
A0398,8,19,complete,DataSF wv5m-vpq2 (2025 roll),https://data.sfgov.org/resource/wv5m-vpq2.json,2013,890 GREEN ST,San Francisco,CA,,0119024,0898 0890 GREEN               ST0000,San Francisco,,1908,year_property_built,5.0,number_of_units,MRES,use_code,Multi-Family Residential,use_definition,parsed,parsed,aligned,eligible,DataSF parsed range contains input house number and street matches,2026-10-04T02:11:41+00:00
A0398,9,19,complete,DataSF wv5m-vpq2 (2025 roll),https://data.sfgov.org/resource/wv5m-vpq2.json,2020,890 GREEN ST,San Francisco,CA,,0119024,0898 0890 GREEN               ST0000,San Francisco,,1908,year_property_built,5.0,number_of_units,MRES,use_code,Multi-Family Residential,use_definition,parsed,parsed,aligned,eligible,DataSF parsed range contains input house number and street matches,2026-10-04T02:11:41+00:00
A0398,10,19,complete,DataSF wv5m-vpq2 (2025 roll),https://data.sfgov.org/resource/wv5m-vpq2.json,2016,890 GREEN ST,San Francisco,CA,,0119024,0898 0890 GREEN               ST0000,San Francisco,,1908,year_property_built,5.0,number_of_units,MRES,use_code,Multi-Family Residential,use_definition,parsed,parsed,aligned,eligible,DataSF parsed range contains input house number and street matches,2026-10-04T02:11:41+00:00
A0398,11,19,complete,DataSF wv5m-vpq2 (2025 roll),https://data.sfgov.org/resource/wv5m-vpq2.json,2023,890 GREEN ST,San Francisco,CA,,0119024,0898 0890 GREEN               ST0000,San Francisco,,1908,year_property_built,5.0,number_of_units,MRES,use_code,Multi-Family Residential,use_definition,parsed,parsed,aligned,eligible,DataSF parsed range contains input house number and street matches,2026-10-04T02:11:41+00:00
A0398,12,19,complete,DataSF wv5m-vpq2 (2025 roll),https://data.sfgov.org/resource/wv5m-vpq2.json,2021,890 GREEN ST,San Francisco,CA,,0119024,0898 0890 GREEN               ST0000,San Francisco,,1908,year_property_built,5.0,number_of_units,MRES,use_code,Multi-Family Residential,use_definition,parsed,parsed,aligned,eligible,DataSF parsed range contains input house number and street matches,2026-10-04T02:11:41+00:00
A0398,13,19,complete,DataSF wv5m-vpq2 (2025 roll),https://data.sfgov.org/resource/wv5m-vpq2.json,2015,890 GREEN ST,San Francisco,CA,,0119024,0898 0890 GREEN               ST0000,San Francisco,,1908,year_property_built,5.0,number_of_units,MRES,use_code,Multi-Family Residential,use_definition,parsed,parsed,aligned,eligible,DataSF parsed range contains input house number and street matches,2026-10-04T02:11:41+00:00
A0398,14,19,complete,DataSF wv5m-vpq2 (2025 roll),https://data.sfgov.org/resource/wv5m-vpq2.json,2008,890 GREEN ST,San Francisco,CA,,0119024,0898 0890 GREEN               ST0000,San Francisco,,1908,year_property_built,5.0,number_of_units,MRES,use_code,Multi-Family Residential,use_definition,parsed,parsed,aligned,eligible,DataSF parsed range contains input house number and street matches,2026-10-04T02:11:41+00:00
A0398,15,19,complete,DataSF wv5m-vpq2 (2025 roll),https://data.sfgov.org/resource/wv5m-vpq2.json,2025,890 GREEN ST,San Francisco,CA,,0119024,0898 0890 GREEN               ST0000,San Francisco,,1908,year_property_built,5.0,number_of_units,MRES,use_code,Multi-Family Residential,use_definition,parsed,parsed,aligned,eligible,DataSF parsed range contains input house number and street matches,2026-10-04T02:11:41+00:00
A0398,16,19,complete,DataSF wv5m-vpq2 (2025 roll),https://data.sfgov.org/resource/wv5m-vpq2.json,2018,890 GREEN ST,San Francisco,CA,,0119024,0898 0890 GREEN               ST0000,San Francisco,,1908,year_property_built,5.0,number_of_units,MRES,use_code,Multi-Family Residential,use_definition,parsed,parsed,aligned,eligible,DataSF parsed range contains input house number and street matches,2026-10-04T02:11:41+00:00
A0398,17,19,complete,DataSF wv5m-vpq2 (2025 roll),https://data.sfgov.org/resource/wv5m-vpq2.json,2017,890 GREEN ST,San Francisco,CA,,0119024,0898 0890 GREEN               ST0000,San Francisco,,1908,year_property_built,5.0,number_of_units,MRES,use_code,Multi-Family Residential,use_definition,parsed,parsed,aligned,eligible,DataSF parsed range contains input house number and street matches,2026-10-04T02:11:41+00:00
A0398,18,19,complete,DataSF wv5m-vpq2 (2025 roll),https://data.sfgov.org/resource/wv5m-vpq2.json,2019,890 GREEN ST,San Francisco,CA,,0119024,0898 0890 GREEN               ST0000,San Francisco,,1908,year_property_built,5.0,number_of_units,MRES,use_code,Multi-Family Residential,use_definition,parsed,parsed,aligned,eligible,DataSF parsed range contains input house number and street matches,2026-10-04T02:11:41+00:00
A0398,19,19,complete,DataSF wv5m-vpq2 (2025 roll),https://data.sfgov.org/resource/wv5m-vpq2.json,2007,890 GREEN ST,San Francisco,CA,,0119024,0898 0890 GREEN               ST0000,San Francisco,,1908,year_property_built,5.0,number_of_units,MRES,use_code,Multi-Family Residential,use_definition,parsed,parsed,aligned,eligible,DataSF parsed range contains input house number and street matches,2026-10-04T02:11:41+00:00
A0401,1,19,complete,DataSF wv5m-vpq2 (2025 roll),https://data.sfgov.org/resource/wv5m-vpq2.json,2019,257 14TH ST,San Francisco,CA,,3548056,0261 0257 14TH                ST0000,San Francisco,,1908,year_property_built,7.0,number_of_units,MRES,use_code,Multi-Family Residential,use_definition,parsed,parsed,aligned,eligible,DataSF parsed range contains input house number and street matches,2026-10-04T02:11:41+00:00
A0401,2,19,complete,DataSF wv5m-vpq2 (2025 roll),https://data.sfgov.org/resource/wv5m-vpq2.json,2013,257 14TH ST,San Francisco,CA,,3548056,0261 0257 14TH                ST0000,San Francisco,,1908,year_property_built,7.0,number_of_units,MRES,use_code,Multi-Family Residential,use_definition,parsed,parsed,aligned,eligible,DataSF parsed range contains input house number and street matches,2026-10-04T02:11:41+00:00
A0401,3,19,complete,DataSF wv5m-vpq2 (2025 roll),https://data.sfgov.org/resource/wv5m-vpq2.json,2010,257 14TH ST,San Francisco,CA,,3548056,0261 0257 14TH                ST0000,San Francisco,,1908,year_property_built,7.0,number_of_units,MRES,use_code,Multi-Family Residential,use_definition,parsed,parsed,aligned,eligible,DataSF parsed range contains input house number and street matches,2026-10-04T02:11:41+00:00
A0401,4,19,complete,DataSF wv5m-vpq2 (2025 roll),https://data.sfgov.org/resource/wv5m-vpq2.json,2008,257 14TH ST,San Francisco,CA,,3548056,0261 0257 14TH                ST0000,San Francisco,,1908,year_property_built,7.0,number_of_units,MRES,use_code,Multi-Family Residential,use_definition,parsed,parsed,aligned,eligible,DataSF parsed range contains input house number and street matches,2026-10-04T02:11:41+00:00
A0401,5,19,complete,DataSF wv5m-vpq2 (2025 roll),https://data.sfgov.org/resource/wv5m-vpq2.json,2016,257 14TH ST,San Francisco,CA,,3548056,0261 0257 14TH                ST0000,San Francisco,,1908,year_property_built,7.0,number_of_units,MRES,use_code,Multi-Family Residential,use_definition,parsed,parsed,aligned,eligible,DataSF parsed range contains input house number and street matches,2026-10-04T02:11:41+00:00
A0401,6,19,complete,DataSF wv5m-vpq2 (2025 roll),https://data.sfgov.org/resource/wv5m-vpq2.json,2009,257 14TH ST,San Francisco,CA,,3548056,0261 0257 14TH                ST0000,San Francisco,,1908,year_property_built,7.0,number_of_units,MRES,use_code,Multi-Family Residential,use_definition,parsed,parsed,aligned,eligible,DataSF parsed range contains input house number and street matches,2026-10-04T02:11:41+00:00
A0401,7,19,complete,DataSF wv5m-vpq2 (2025 roll),https://data.sfgov.org/resource/wv5m-vpq2.json,2018,257 14TH ST,San Francisco,CA,,3548056,0261 0257 14TH                ST0000,San Francisco,,1908,year_property_built,7.0,number_of_units,MRES,use_code,Multi-Family Residential,use_definition,parsed,parsed,aligned,eligible,DataSF parsed range contains input house number and street matches,2026-10-04T02:11:41+00:00
A0401,8,19,complete,DataSF wv5m-vpq2 (2025 roll),https://data.sfgov.org/resource/wv5m-vpq2.json,2011,257 14TH ST,San Francisco,CA,,3548056,0261 0257 14TH                ST0000,San Francisco,,1908,year_property_built,7.0,number_of_units,MRES,use_code,Multi-Family Residential,use_definition,parsed,parsed,aligned,eligible,DataSF parsed range contains input house number and street matches,2026-10-04T02:11:41+00:00
A0401,9,19,complete,DataSF wv5m-vpq2 (2025 roll),https://data.sfgov.org/resource/wv5m-vpq2.json,2021,257 14TH ST,San Francisco,CA,,3548056,0261 0257 14TH                ST0000,San Francisco,,1908,year_property_built,7.0,number_of_units,MRES,use_code,Multi-Family Residential,use_definition,parsed,parsed,aligned,eligible,DataSF parsed range contains input house number and street matches,2026-10-04T02:11:41+00:00
A0401,10,19,complete,DataSF wv5m-vpq2 (2025 roll),https://data.sfgov.org/resource/wv5m-vpq2.json,2022,257 14TH ST,San Francisco,CA,,3548056,0261 0257 14TH                ST0000,San Francisco,,1908,year_property_built,7.0,number_of_units,MRES,use_code,Multi-Family Residential,use_definition,parsed,parsed,aligned,eligible,DataSF parsed range contains input house number and street matches,2026-10-04T02:11:41+00:00
A0401,11,19,complete,DataSF wv5m-vpq2 (2025 roll),https://data.sfgov.org/resource/wv5m-vpq2.json,2017,257 14TH ST,San Francisco,CA,,3548056,0261 0257 14TH                ST0000,San Francisco,,1908,year_property_built,7.0,number_of_units,MRES,use_code,Multi-Family Residential,use_definition,parsed,parsed,aligned,eligible,DataSF parsed range contains input house number and street matches,2026-10-04T02:11:41+00:00
A0401,12,19,complete,DataSF wv5m-vpq2 (2025 roll),https://data.sfgov.org/resource/wv5m-vpq2.json,2024,257 14TH ST,San Francisco,CA,,3548056,0261 0257 14TH                ST0000,San Francisco,,1908,year_property_built,6.0,number_of_units,MRES,use_code,Multi-Family Residential,use_definition,parsed,parsed,aligned,eligible,DataSF parsed range contains input house number and street matches,2026-10-04T02:11:41+00:00
A0401,13,19,complete,DataSF wv5m-vpq2 (2025 roll),https://data.sfgov.org/resource/wv5m-vpq2.json,2015,257 14TH ST,San Francisco,CA,,3548056,0261 0257 14TH                ST0000,San Francisco,,1908,year_property_built,7.0,number_of_units,MRES,use_code,Multi-Family Residential,use_definition,parsed,parsed,aligned,eligible,DataSF parsed range contains input house number and street matches,2026-10-04T02:11:41+00:00
A0401,14,19,complete,DataSF wv5m-vpq2 (2025 roll),https://data.sfgov.org/resource/wv5m-vpq2.json,2012,257 14TH ST,San Francisco,CA,,3548056,0261 0257 14TH                ST0000,San Francisco,,1908,year_property_built,7.0,number_of_units,MRES,use_code,Multi-Family Residential,use_definition,parsed,parsed,aligned,eligible,DataSF parsed range contains input house number and street matches,2026-10-04T02:11:41+00:00
A0401,15,19,complete,DataSF wv5m-vpq2 (2025 roll),https://data.sfgov.org/resource/wv5m-vpq2.json,2023,257 14TH ST,San Francisco,CA,,3548056,0261 0257 14TH                ST0000,San Francisco,,1908,year_property_built,6.0,number_of_units,MRES,use_code,Multi-Family Residential,use_definition,parsed,parsed,aligned,eligible,DataSF parsed range contains input house number and street matches,2026-10-04T02:11:41+00:00
A0401,16,19,complete,DataSF wv5m-vpq2 (2025 roll),https://data.sfgov.org/resource/wv5m-vpq2.json,2007,257 14TH ST,San Francisco,CA,,3548056,0261 0257 14TH                ST0000,San Francisco,,1908,year_property_built,7.0,number_of_units,MRES,use_code,Multi-Family Residential,use_definition,parsed,parsed,aligned,eligible,DataSF parsed range contains input house number and street matches,2026-10-04T02:11:41+00:00
A0401,17,19,complete,DataSF wv5m-vpq2 (2025 roll),https://data.sfgov.org/resource/wv5m-vpq2.json,2025,257 14TH ST,San Francisco,CA,,3548056,0261 0257 14TH                ST0000,San Francisco,,1908,year_property_built,6.0,number_of_units,MRES,use_code,Multi-Family Residential,use_definition,parsed,parsed,aligned,eligible,DataSF parsed range contains input house number and street matches,2026-10-04T02:11:41+00:00
A0401,18,19,complete,DataSF wv5m-vpq2 (2025 roll),https://data.sfgov.org/resource/wv5m-vpq2.json,2014,257 14TH ST,San Francisco,CA,,3548056,0261 0257 14TH                ST0000,San Francisco,,1908,year_property_built,7.0,number_of_units,MRES,use_code,Multi-Family Residential,use_definition,parsed,parsed,aligned,eligible,DataSF parsed range contains input house number and street matches,2026-10-04T02:11:41+00:00
A0401,19,19,complete,DataSF wv5m-vpq2 (2025 roll),https://data.sfgov.org/resource/wv5m-vpq2.json,2020,257 14TH ST,San Francisco,CA,,3548056,0261 0257 14TH                ST0000,San Francisco,,1908,year_property_built,7.0,number_of_units,MRES,use_code,Multi-Family Residential,use_definition,parsed,parsed,aligned,eligible,DataSF parsed range contains input house number and street matches,2026-10-04T02:11:41+00:00
A0402,1,19,complete,DataSF wv5m-vpq2 (2025 roll),https://data.sfgov.org/resource/wv5m-vpq2.json,2025,2914 LARKIN ST,San Francisco,CA,,0026018,2926 2914 LARKIN              ST0000,San Francisco,,1900,year_property_built,5.0,number_of_units,MRES,use_code,Multi-Family Residential,use_definition,parsed,parsed,aligned,eligible,DataSF parsed range contains input house number and street matches,2026-10-04T02:11:41+00:00
A0402,2,19,complete,DataSF wv5m-vpq2 (2025 roll),https://data.sfgov.org/resource/wv5m-vpq2.json,2007,2914 LARKIN ST,San Francisco,CA,,0026018,2926 2914 LARKIN              ST0000,San Francisco,,1900,year_property_built,5.0,number_of_units,MRES,use_code,Multi-Family Residential,use_definition,parsed,parsed,aligned,eligible,DataSF parsed range contains input house number and street matches,2026-10-04T02:11:41+00:00
A0402,3,19,complete,DataSF wv5m-vpq2 (2025 roll),https://data.sfgov.org/resource/wv5m-vpq2.json,2018,2914 LARKIN ST,San Francisco,CA,,0026018,2926 2914 LARKIN              ST0000,San Francisco,,1900,year_property_built,5.0,number_of_units,MRES,use_code,Multi-Family Residential,use_definition,parsed,parsed,aligned,eligible,DataSF parsed range contains input house number and street matches,2026-10-04T02:11:41+00:00
A0402,4,19,complete,DataSF wv5m-vpq2 (2025 roll),https://data.sfgov.org/resource/wv5m-vpq2.json,2011,2914 LARKIN ST,San Francisco,CA,,0026018,2926 2914 LARKIN              ST0000,San Francisco,,1900,year_property_built,5.0,number_of_units,MRES,use_code,Multi-Family Residential,use_definition,parsed,parsed,aligned,eligible,DataSF parsed range contains input house number and street matches,2026-10-04T02:11:41+00:00
A0402,5,19,complete,DataSF wv5m-vpq2 (2025 roll),https://data.sfgov.org/resource/wv5m-vpq2.json,2023,2914 LARKIN ST,San Francisco,CA,,0026018,2926 2914 LARKIN              ST0000,San Francisco,,1900,year_property_built,5.0,number_of_units,MRES,use_code,Multi-Family Residential,use_definition,parsed,parsed,aligned,eligible,DataSF parsed range contains input house number and street matches,2026-10-04T02:11:41+00:00
A0402,6,19,complete,DataSF wv5m-vpq2 (2025 roll),https://data.sfgov.org/resource/wv5m-vpq2.json,2017,2914 LARKIN ST,San Francisco,CA,,0026018,2926 2914 LARKIN              ST0000,San Francisco,,1900,year_property_built,5.0,number_of_units,MRES,use_code,Multi-Family Residential,use_definition,parsed,parsed,aligned,eligible,DataSF parsed range contains input house number and street matches,2026-10-04T02:11:41+00:00
A0402,7,19,complete,DataSF wv5m-vpq2 (2025 roll),https://data.sfgov.org/resource/wv5m-vpq2.json,2016,2914 LARKIN ST,San Francisco,CA,,0026018,2926 2914 LARKIN              ST0000,San Francisco,,1900,year_property_built,5.0,number_of_units,MRES,use_code,Multi-Family Residential,use_definition,parsed,parsed,aligned,eligible,DataSF parsed range contains input house number and street matches,2026-10-04T02:11:41+00:00
A0402,8,19,complete,DataSF wv5m-vpq2 (2025 roll),https://data.sfgov.org/resource/wv5m-vpq2.json,2015,2914 LARKIN ST,San Francisco,CA,,0026018,2926 2914 LARKIN              ST0000,San Francisco,,1900,year_property_built,5.0,number_of_units,MRES,use_code,Multi-Family Residential,use_definition,parsed,parsed,aligned,eligible,DataSF parsed range contains input house number and street matches,2026-10-04T02:11:41+00:00
A0402,9,19,complete,DataSF wv5m-vpq2 (2025 roll),https://data.sfgov.org/resource/wv5m-vpq2.json,2021,2914 LARKIN ST,San Francisco,CA,,0026018,2926 2914 LARKIN              ST0000,San Francisco,,1900,year_property_built,5.0,number_of_units,MRES,use_code,Multi-Family Residential,use_definition,parsed,parsed,aligned,eligible,DataSF parsed range contains input house number and street matches,2026-10-04T02:11:41+00:00
A0402,10,19,complete,DataSF wv5m-vpq2 (2025 roll),https://data.sfgov.org/resource/wv5m-vpq2.json,2010,2914 LARKIN ST,San Francisco,CA,,0026018,2926 2914 LARKIN              ST0000,San Francisco,,1900,year_property_built,5.0,number_of_units,MRES,use_code,Multi-Family Residential,use_definition,parsed,parsed,aligned,eligible,DataSF parsed range contains input house number and street matches,2026-10-04T02:11:41+00:00
A0402,11,19,complete,DataSF wv5m-vpq2 (2025 roll),https://data.sfgov.org/resource/wv5m-vpq2.json,2014,2914 LARKIN ST,San Francisco,CA,,0026018,2926 2914 LARKIN              ST0000,San Francisco,,1900,year_property_built,5.0,number_of_units,MRES,use_code,Multi-Family Residential,use_definition,parsed,parsed,aligned,eligible,DataSF parsed range contains input house number and street matches,2026-10-04T02:11:41+00:00
A0402,12,19,complete,DataSF wv5m-vpq2 (2025 roll),https://data.sfgov.org/resource/wv5m-vpq2.json,2013,2914 LARKIN ST,San Francisco,CA,,0026018,2926 2914 LARKIN              ST0000,San Francisco,,1900,year_property_built,5.0,number_of_units,MRES,use_code,Multi-Family Residential,use_definition,parsed,parsed,aligned,eligible,DataSF parsed range contains input house number and street matches,2026-10-04T02:11:41+00:00
A0402,13,19,complete,DataSF wv5m-vpq2 (2025 roll),https://data.sfgov.org/resource/wv5m-vpq2.json,2020,2914 LARKIN ST,San Francisco,CA,,0026018,2926 2914 LARKIN              ST0000,San Francisco,,1900,year_property_built,5.0,number_of_units,MRES,use_code,Multi-Family Residential,use_definition,parsed,parsed,aligned,eligible,DataSF parsed range contains input house number and street matches,2026-10-04T02:11:41+00:00
A0402,14,19,complete,DataSF wv5m-vpq2 (2025 roll),https://data.sfgov.org/resource/wv5m-vpq2.json,2012,2914 LARKIN ST,San Francisco,CA,,0026018,2926 2914 LARKIN              ST0000,San Francisco,,1900,year_property_built,5.0,number_of_units,MRES,use_code,Multi-Family Residential,use_definition,parsed,parsed,aligned,eligible,DataSF parsed range contains input house number and street matches,2026-10-04T02:11:41+00:00
A0402,15,19,complete,DataSF wv5m-vpq2 (2025 roll),https://data.sfgov.org/resource/wv5m-vpq2.json,2019,2914 LARKIN ST,San Francisco,CA,,0026018,2926 2914 LARKIN              ST0000,San Francisco,,1900,year_property_built,5.0,number_of_units,MRES,use_code,Multi-Family Residential,use_definition,parsed,parsed,aligned,eligible,DataSF parsed range contains input house number and street matches,2026-10-04T02:11:41+00:00
A0402,16,19,complete,DataSF wv5m-vpq2 (2025 roll),https://data.sfgov.org/resource/wv5m-vpq2.json,2022,2914 LARKIN ST,San Francisco,CA,,0026018,2926 2914 LARKIN              ST0000,San Francisco,,1900,year_property_built,5.0,number_of_units,MRES,use_code,Multi-Family Residential,use_definition,parsed,parsed,aligned,eligible,DataSF parsed range contains input house number and street matches,2026-10-04T02:11:41+00:00
A0402,17,19,complete,DataSF wv5m-vpq2 (2025 roll),https://data.sfgov.org/resource/wv5m-vpq2.json,2024,2914 LARKIN ST,San Francisco,CA,,0026018,2926 2914 LARKIN              ST0000,San Francisco,,1900,year_property_built,5.0,number_of_units,MRES,use_code,Multi-Family Residential,use_definition,parsed,parsed,aligned,eligible,DataSF parsed range contains input house number and street matches,2026-10-04T02:11:41+00:00
A0402,18,19,complete,DataSF wv5m-vpq2 (2025 roll),https://data.sfgov.org/resource/wv5m-vpq2.json,2008,2914 LARKIN ST,San Francisco,CA,,0026018,2926 2914 LARKIN              ST0000,San Francisco,,1900,year_property_built,5.0,number_of_units,MRES,use_code,Multi-Family Residential,use_definition,parsed,parsed,aligned,eligible,DataSF parsed range contains input house number and street matches,2026-10-04T02:11:41+00:00
A0402,19,19,complete,DataSF wv5m-vpq2 (2025 roll),https://data.sfgov.org/resource/wv5m-vpq2.json,2009,2914 LARKIN ST,San Francisco,CA,,0026018,2926 2914 LARKIN              ST0000,San Francisco,,1900,year_property_built,5.0,number_of_units,MRES,use_code,Multi-Family Residential,use_definition,parsed,parsed,aligned,eligible,DataSF parsed range contains input house number and street matches,2026-10-04T02:11:41+00:00
A0414,1,19,complete,DataSF wv5m-vpq2 (2025 roll),https://data.sfgov.org/resource/wv5m-vpq2.json,2016,1987 CALIFORNIA ST,San Francisco,CA,,0649014A,0000 1987 CALIFORNIA          ST0000,San Francisco,,1922,year_property_built,9.0,number_of_units,MRES,use_code,Multi-Family Residential,use_definition,parsed,parsed,aligned,eligible,DataSF parsed range contains input house number and street matches,2026-10-04T02:11:41+00:00
A0414,2,19,complete,DataSF wv5m-vpq2 (2025 roll),https://data.sfgov.org/resource/wv5m-vpq2.json,2011,1987 CALIFORNIA ST,San Francisco,CA,,0649014A,0000 1987 CALIFORNIA          ST0000,San Francisco,,1922,year_property_built,9.0,number_of_units,MRES,use_code,Multi-Family Residential,use_definition,parsed,parsed,aligned,eligible,DataSF parsed range contains input house number and street matches,2026-10-04T02:11:41+00:00
A0414,3,19,complete,DataSF wv5m-vpq2 (2025 roll),https://data.sfgov.org/resource/wv5m-vpq2.json,2019,1987 CALIFORNIA ST,San Francisco,CA,,0649014A,0000 1987 CALIFORNIA          ST0000,San Francisco,,1922,year_property_built,9.0,number_of_units,MRES,use_code,Multi-Family Residential,use_definition,parsed,parsed,aligned,eligible,DataSF parsed range contains input house number and street matches,2026-10-04T02:11:41+00:00
A0414,4,19,complete,DataSF wv5m-vpq2 (2025 roll),https://data.sfgov.org/resource/wv5m-vpq2.json,2014,1987 CALIFORNIA ST,San Francisco,CA,,0649014A,0000 1987 CALIFORNIA          ST0000,San Francisco,,1922,year_property_built,9.0,number_of_units,MRES,use_code,Multi-Family Residential,use_definition,parsed,parsed,aligned,eligible,DataSF parsed range contains input house number and street matches,2026-10-04T02:11:41+00:00
A0414,5,19,complete,DataSF wv5m-vpq2 (2025 roll),https://data.sfgov.org/resource/wv5m-vpq2.json,2012,1987 CALIFORNIA ST,San Francisco,CA,,0649014A,0000 1987 CALIFORNIA          ST0000,San Francisco,,1922,year_property_built,9.0,number_of_units,MRES,use_code,Multi-Family Residential,use_definition,parsed,parsed,aligned,eligible,DataSF parsed range contains input house number and street matches,2026-10-04T02:11:41+00:00
A0414,6,19,complete,DataSF wv5m-vpq2 (2025 roll),https://data.sfgov.org/resource/wv5m-vpq2.json,2013,1987 CALIFORNIA ST,San Francisco,CA,,0649014A,0000 1987 CALIFORNIA          ST0000,San Francisco,,1922,year_property_built,9.0,number_of_units,MRES,use_code,Multi-Family Residential,use_definition,parsed,parsed,aligned,eligible,DataSF parsed range contains input house number and street matches,2026-10-04T02:11:41+00:00
A0414,7,19,complete,DataSF wv5m-vpq2 (2025 roll),https://data.sfgov.org/resource/wv5m-vpq2.json,2015,1987 CALIFORNIA ST,San Francisco,CA,,0649014A,0000 1987 CALIFORNIA          ST0000,San Francisco,,1922,year_property_built,9.0,number_of_units,MRES,use_code,Multi-Family Residential,use_definition,parsed,parsed,aligned,eligible,DataSF parsed range contains input house number and street matches,2026-10-04T02:11:41+00:00
A0414,8,19,complete,DataSF wv5m-vpq2 (2025 roll),https://data.sfgov.org/resource/wv5m-vpq2.json,2009,1987 CALIFORNIA ST,San Francisco,CA,,0649014A,0000 1987 CALIFORNIA          ST0000,San Francisco,,1922,year_property_built,9.0,number_of_units,MRES,use_code,Multi-Family Residential,use_definition,parsed,parsed,aligned,eligible,DataSF parsed range contains input house number and street matches,2026-10-04T02:11:41+00:00
A0414,9,19,complete,DataSF wv5m-vpq2 (2025 roll),https://data.sfgov.org/resource/wv5m-vpq2.json,2020,1987 CALIFORNIA ST,San Francisco,CA,,0649014A,0000 1987 CALIFORNIA          ST0000,San Francisco,,1922,year_property_built,9.0,number_of_units,MRES,use_code,Multi-Family Residential,use_definition,parsed,parsed,aligned,eligible,DataSF parsed range contains input house number and street matches,2026-10-04T02:11:41+00:00
A0414,10,19,complete,DataSF wv5m-vpq2 (2025 roll),https://data.sfgov.org/resource/wv5m-vpq2.json,2017,1987 CALIFORNIA ST,San Francisco,CA,,0649014A,0000 1987 CALIFORNIA          ST0000,San Francisco,,1922,year_property_built,9.0,number_of_units,MRES,use_code,Multi-Family Residential,use_definition,parsed,parsed,aligned,eligible,DataSF parsed range contains input house number and street matches,2026-10-04T02:11:41+00:00
A0414,11,19,complete,DataSF wv5m-vpq2 (2025 roll),https://data.sfgov.org/resource/wv5m-vpq2.json,2018,1987 CALIFORNIA ST,San Francisco,CA,,0649014A,0000 1987 CALIFORNIA          ST0000,San Francisco,,1922,year_property_built,9.0,number_of_units,MRES,use_code,Multi-Family Residential,use_definition,parsed,parsed,aligned,eligible,DataSF parsed range contains input house number and street matches,2026-10-04T02:11:41+00:00
A0414,12,19,complete,DataSF wv5m-vpq2 (2025 roll),https://data.sfgov.org/resource/wv5m-vpq2.json,2024,1987 CALIFORNIA ST,San Francisco,CA,,0649014A,0000 1987 CALIFORNIA          ST0000,San Francisco,,1922,year_property_built,9.0,number_of_units,MRES,use_code,Multi-Family Residential,use_definition,parsed,parsed,aligned,eligible,DataSF parsed range contains input house number and street matches,2026-10-04T02:11:41+00:00
A0414,13,19,complete,DataSF wv5m-vpq2 (2025 roll),https://data.sfgov.org/resource/wv5m-vpq2.json,2008,1987 CALIFORNIA ST,San Francisco,CA,,0649014A,0000 1987 CALIFORNIA          ST0000,San Francisco,,1922,year_property_built,9.0,number_of_units,MRES,use_code,Multi-Family Residential,use_definition,parsed,parsed,aligned,eligible,DataSF parsed range contains input house number and street matches,2026-10-04T02:11:41+00:00
A0414,14,19,complete,DataSF wv5m-vpq2 (2025 roll),https://data.sfgov.org/resource/wv5m-vpq2.json,2025,1987 CALIFORNIA ST,San Francisco,CA,,0649014A,0000 1987 CALIFORNIA          ST0000,San Francisco,,1922,year_property_built,9.0,number_of_units,MRES,use_code,Multi-Family Residential,use_definition,parsed,parsed,aligned,eligible,DataSF parsed range contains input house number and street matches,2026-10-04T02:11:41+00:00
A0414,15,19,complete,DataSF wv5m-vpq2 (2025 roll),https://data.sfgov.org/resource/wv5m-vpq2.json,2023,1987 CALIFORNIA ST,San Francisco,CA,,0649014A,0000 1987 CALIFORNIA          ST0000,San Francisco,,1922,year_property_built,9.0,number_of_units,MRES,use_code,Multi-Family Residential,use_definition,parsed,parsed,aligned,eligible,DataSF parsed range contains input house number and street matches,2026-10-04T02:11:41+00:00
A0414,16,19,complete,DataSF wv5m-vpq2 (2025 roll),https://data.sfgov.org/resource/wv5m-vpq2.json,2010,1987 CALIFORNIA ST,San Francisco,CA,,0649014A,0000 1987 CALIFORNIA          ST0000,San Francisco,,1922,year_property_built,9.0,number_of_units,MRES,use_code,Multi-Family Residential,use_definition,parsed,parsed,aligned,eligible,DataSF parsed range contains input house number and street matches,2026-10-04T02:11:41+00:00
A0414,17,19,complete,DataSF wv5m-vpq2 (2025 roll),https://data.sfgov.org/resource/wv5m-vpq2.json,2007,1987 CALIFORNIA ST,San Francisco,CA,,0649014A,0000 1987 CALIFORNIA          ST0000,San Francisco,,1922,year_property_built,9.0,number_of_units,MRES,use_code,Multi-Family Residential,use_definition,parsed,parsed,aligned,eligible,DataSF parsed range contains input house number and street matches,2026-10-04T02:11:41+00:00
A0414,18,19,complete,DataSF wv5m-vpq2 (2025 roll),https://data.sfgov.org/resource/wv5m-vpq2.json,2021,1987 CALIFORNIA ST,San Francisco,CA,,0649014A,0000 1987 CALIFORNIA          ST0000,San Francisco,,1922,year_property_built,9.0,number_of_units,MRES,use_code,Multi-Family Residential,use_definition,parsed,parsed,aligned,eligible,DataSF parsed range contains input house number and street matches,2026-10-04T02:11:41+00:00
A0414,19,19,complete,DataSF wv5m-vpq2 (2025 roll),https://data.sfgov.org/resource/wv5m-vpq2.json,2022,1987 CALIFORNIA ST,San Francisco,CA,,0649014A,0000 1987 CALIFORNIA          ST0000,San Francisco,,1922,year_property_built,9.0,number_of_units,MRES,use_code,Multi-Family Residential,use_definition,parsed,parsed,aligned,eligible,DataSF parsed range contains input house number and street matches,2026-10-04T02:11:41+00:00
A0425,1,19,complete,DataSF wv5m-vpq2 (2025 roll),https://data.sfgov.org/resource/wv5m-vpq2.json,2015,650 POST ST,San Francisco,CA,,0298010,0000 0650 POST                ST0000,San Francisco,,1916,year_property_built,23.0,number_of_units,MRES,use_code,Multi-Family Residential,use_definition,parsed,parsed,aligned,eligible,DataSF parsed range contains input house number and street matches,2026-10-04T02:11:41+00:00
A0425,2,19,complete,DataSF wv5m-vpq2 (2025 roll),https://data.sfgov.org/resource/wv5m-vpq2.json,2023,650 POST ST,San Francisco,CA,,0298010,0000 0650 POST                ST0000,San Francisco,,1916,year_property_built,23.0,number_of_units,MRES,use_code,Multi-Family Residential,use_definition,parsed,parsed,aligned,eligible,DataSF parsed range contains input house number and street matches,2026-10-04T02:11:41+00:00
A0425,3,19,complete,DataSF wv5m-vpq2 (2025 roll),https://data.sfgov.org/resource/wv5m-vpq2.json,2014,650 POST ST,San Francisco,CA,,0298010,0000 0650 POST                ST0000,San Francisco,,1916,year_property_built,23.0,number_of_units,MRES,use_code,Multi-Family Residential,use_definition,parsed,parsed,aligned,eligible,DataSF parsed range contains input house number and street matches,2026-10-04T02:11:41+00:00
A0425,4,19,complete,DataSF wv5m-vpq2 (2025 roll),https://data.sfgov.org/resource/wv5m-vpq2.json,2012,650 POST ST,San Francisco,CA,,0298010,0000 0650 POST                ST0000,San Francisco,,1916,year_property_built,23.0,number_of_units,MRES,use_code,Multi-Family Residential,use_definition,parsed,parsed,aligned,eligible,DataSF parsed range contains input house number and street matches,2026-10-04T02:11:41+00:00
A0425,5,19,complete,DataSF wv5m-vpq2 (2025 roll),https://data.sfgov.org/resource/wv5m-vpq2.json,2013,650 POST ST,San Francisco,CA,,0298010,0000 0650 POST                ST0000,San Francisco,,1916,year_property_built,23.0,number_of_units,MRES,use_code,Multi-Family Residential,use_definition,parsed,parsed,aligned,eligible,DataSF parsed range contains input house number and street matches,2026-10-04T02:11:41+00:00
A0425,6,19,complete,DataSF wv5m-vpq2 (2025 roll),https://data.sfgov.org/resource/wv5m-vpq2.json,2018,650 POST ST,San Francisco,CA,,0298010,0000 0650 POST                ST0000,San Francisco,,1916,year_property_built,23.0,number_of_units,MRES,use_code,Multi-Family Residential,use_definition,parsed,parsed,aligned,eligible,DataSF parsed range contains input house number and street matches,2026-10-04T02:11:41+00:00
A0425,7,19,complete,DataSF wv5m-vpq2 (2025 roll),https://data.sfgov.org/resource/wv5m-vpq2.json,2017,650 POST ST,San Francisco,CA,,0298010,0000 0650 POST                ST0000,San Francisco,,1916,year_property_built,23.0,number_of_units,MRES,use_code,Multi-Family Residential,use_definition,parsed,parsed,aligned,eligible,DataSF parsed range contains input house number and street matches,2026-10-04T02:11:41+00:00
A0425,8,19,complete,DataSF wv5m-vpq2 (2025 roll),https://data.sfgov.org/resource/wv5m-vpq2.json,2011,650 POST ST,San Francisco,CA,,0298010,0000 0650 POST                ST0000,San Francisco,,1916,year_property_built,23.0,number_of_units,MRES,use_code,Multi-Family Residential,use_definition,parsed,parsed,aligned,eligible,DataSF parsed range contains input house number and street matches,2026-10-04T02:11:41+00:00
A0425,9,19,complete,DataSF wv5m-vpq2 (2025 roll),https://data.sfgov.org/resource/wv5m-vpq2.json,2007,650 POST ST,San Francisco,CA,,0298010,0000 0650 POST                ST0000,San Francisco,,1916,year_property_built,23.0,number_of_units,MRES,use_code,Multi-Family Residential,use_definition,parsed,parsed,aligned,eligible,DataSF parsed range contains input house number and street matches,2026-10-04T02:11:41+00:00
A0425,10,19,complete,DataSF wv5m-vpq2 (2025 roll),https://data.sfgov.org/resource/wv5m-vpq2.json,2020,650 POST ST,San Francisco,CA,,0298010,0000 0650 POST                ST0000,San Francisco,,1916,year_property_built,23.0,number_of_units,MRES,use_code,Multi-Family Residential,use_definition,parsed,parsed,aligned,eligible,DataSF parsed range contains input house number and street matches,2026-10-04T02:11:41+00:00
A0425,11,19,complete,DataSF wv5m-vpq2 (2025 roll),https://data.sfgov.org/resource/wv5m-vpq2.json,2024,650 POST ST,San Francisco,CA,,0298010,0000 0650 POST                ST0000,San Francisco,,1916,year_property_built,23.0,number_of_units,MRES,use_code,Multi-Family Residential,use_definition,parsed,parsed,aligned,eligible,DataSF parsed range contains input house number and street matches,2026-10-04T02:11:41+00:00
A0425,12,19,complete,DataSF wv5m-vpq2 (2025 roll),https://data.sfgov.org/resource/wv5m-vpq2.json,2025,650 POST ST,San Francisco,CA,,0298010,0000 0650 POST                ST0000,San Francisco,,1916,year_property_built,23.0,number_of_units,MRES,use_code,Multi-Family Residential,use_definition,parsed,parsed,aligned,eligible,DataSF parsed range contains input house number and street matches,2026-10-04T02:11:41+00:00
A0425,13,19,complete,DataSF wv5m-vpq2 (2025 roll),https://data.sfgov.org/resource/wv5m-vpq2.json,2022,650 POST ST,San Francisco,CA,,0298010,0000 0650 POST                ST0000,San Francisco,,1916,year_property_built,23.0,number_of_units,MRES,use_code,Multi-Family Residential,use_definition,parsed,parsed,aligned,eligible,DataSF parsed range contains input house number and street matches,2026-10-04T02:11:41+00:00
A0425,14,19,complete,DataSF wv5m-vpq2 (2025 roll),https://data.sfgov.org/resource/wv5m-vpq2.json,2010,650 POST ST,San Francisco,CA,,0298010,0000 0650 POST                ST0000,San Francisco,,1916,year_property_built,23.0,number_of_units,MRES,use_code,Multi-Family Residential,use_definition,parsed,parsed,aligned,eligible,DataSF parsed range contains input house number and street matches,2026-10-04T02:11:41+00:00
A0425,15,19,complete,DataSF wv5m-vpq2 (2025 roll),https://data.sfgov.org/resource/wv5m-vpq2.json,2021,650 POST ST,San Francisco,CA,,0298010,0000 0650 POST                ST0000,San Francisco,,1916,year_property_built,23.0,number_of_units,MRES,use_code,Multi-Family Residential,use_definition,parsed,parsed,aligned,eligible,DataSF parsed range contains input house number and street matches,2026-10-04T02:11:41+00:00
A0425,16,19,complete,DataSF wv5m-vpq2 (2025 roll),https://data.sfgov.org/resource/wv5m-vpq2.json,2008,650 POST ST,San Francisco,CA,,0298010,0000 0650 POST                ST0000,San Francisco,,1916,year_property_built,23.0,number_of_units,MRES,use_code,Multi-Family Residential,use_definition,parsed,parsed,aligned,eligible,DataSF parsed range contains input house number and street matches,2026-10-04T02:11:41+00:00
A0425,17,19,complete,DataSF wv5m-vpq2 (2025 roll),https://data.sfgov.org/resource/wv5m-vpq2.json,2009,650 POST ST,San Francisco,CA,,0298010,0000 0650 POST                ST0000,San Francisco,,1916,year_property_built,23.0,number_of_units,MRES,use_code,Multi-Family Residential,use_definition,parsed,parsed,aligned,eligible,DataSF parsed range contains input house number and street matches,2026-10-04T02:11:41+00:00
A0425,18,19,complete,DataSF wv5m-vpq2 (2025 roll),https://data.sfgov.org/resource/wv5m-vpq2.json,2019,650 POST ST,San Francisco,CA,,0298010,0000 0650 POST                ST0000,San Francisco,,1916,year_property_built,23.0,number_of_units,MRES,use_code,Multi-Family Residential,use_definition,parsed,parsed,aligned,eligible,DataSF parsed range contains input house number and street matches,2026-10-04T02:11:41+00:00
A0425,19,19,complete,DataSF wv5m-vpq2 (2025 roll),https://data.sfgov.org/resource/wv5m-vpq2.json,2016,650 POST ST,San Francisco,CA,,0298010,0000 0650 POST                ST0000,San Francisco,,1916,year_property_built,23.0,number_of_units,MRES,use_code,Multi-Family Residential,use_definition,parsed,parsed,aligned,eligible,DataSF parsed range contains input house number and street matches,2026-10-04T02:11:41+00:00
A0434,1,19,complete,DataSF wv5m-vpq2 (2025 roll),https://data.sfgov.org/resource/wv5m-vpq2.json,2019,1225 HYDE ST,San Francisco,CA,,0218005,0000 1225 HYDE                ST0000,San Francisco,,1913,year_property_built,8.0,number_of_units,MRES,use_code,Multi-Family Residential,use_definition,parsed,parsed,aligned,eligible,DataSF parsed range contains input house number and street matches,2026-10-04T02:11:41+00:00
A0434,2,19,complete,DataSF wv5m-vpq2 (2025 roll),https://data.sfgov.org/resource/wv5m-vpq2.json,2020,1225 HYDE ST,San Francisco,CA,,0218005,0000 1225 HYDE                ST0000,San Francisco,,1913,year_property_built,8.0,number_of_units,MRES,use_code,Multi-Family Residential,use_definition,parsed,parsed,aligned,eligible,DataSF parsed range contains input house number and street matches,2026-10-04T02:11:41+00:00
A0434,3,19,complete,DataSF wv5m-vpq2 (2025 roll),https://data.sfgov.org/resource/wv5m-vpq2.json,2017,1225 HYDE ST,San Francisco,CA,,0218005,0000 1225 HYDE                ST0000,San Francisco,,1913,year_property_built,8.0,number_of_units,MRES,use_code,Multi-Family Residential,use_definition,parsed,parsed,aligned,eligible,DataSF parsed range contains input house number and street matches,2026-10-04T02:11:41+00:00
A0434,4,19,complete,DataSF wv5m-vpq2 (2025 roll),https://data.sfgov.org/resource/wv5m-vpq2.json,2011,1225 HYDE ST,San Francisco,CA,,0218005,0000 1225 HYDE                ST0000,San Francisco,,1913,year_property_built,8.0,number_of_units,MRES,use_code,Multi-Family Residential,use_definition,parsed,parsed,aligned,eligible,DataSF parsed range contains input house number and street matches,2026-10-04T02:11:41+00:00
A0434,5,19,complete,DataSF wv5m-vpq2 (2025 roll),https://data.sfgov.org/resource/wv5m-vpq2.json,2009,1225 HYDE ST,San Francisco,CA,,0218005,0000 1225 HYDE                ST0000,San Francisco,,1913,year_property_built,8.0,number_of_units,MRES,use_code,Multi-Family Residential,use_definition,parsed,parsed,aligned,eligible,DataSF parsed range contains input house number and street matches,2026-10-04T02:11:41+00:00
A0434,6,19,complete,DataSF wv5m-vpq2 (2025 roll),https://data.sfgov.org/resource/wv5m-vpq2.json,2024,1225 HYDE ST,San Francisco,CA,,0218005,0000 1225 HYDE                ST0000,San Francisco,,1913,year_property_built,8.0,number_of_units,MRES,use_code,Multi-Family Residential,use_definition,parsed,parsed,aligned,eligible,DataSF parsed range contains input house number and street matches,2026-10-04T02:11:41+00:00
A0434,7,19,complete,DataSF wv5m-vpq2 (2025 roll),https://data.sfgov.org/resource/wv5m-vpq2.json,2023,1225 HYDE ST,San Francisco,CA,,0218005,0000 1225 HYDE                ST0000,San Francisco,,1913,year_property_built,8.0,number_of_units,MRES,use_code,Multi-Family Residential,use_definition,parsed,parsed,aligned,eligible,DataSF parsed range contains input house number and street matches,2026-10-04T02:11:41+00:00
A0434,8,19,complete,DataSF wv5m-vpq2 (2025 roll),https://data.sfgov.org/resource/wv5m-vpq2.json,2012,1225 HYDE ST,San Francisco,CA,,0218005,0000 1225 HYDE                ST0000,San Francisco,,1913,year_property_built,8.0,number_of_units,MRES,use_code,Multi-Family Residential,use_definition,parsed,parsed,aligned,eligible,DataSF parsed range contains input house number and street matches,2026-10-04T02:11:41+00:00
A0434,9,19,complete,DataSF wv5m-vpq2 (2025 roll),https://data.sfgov.org/resource/wv5m-vpq2.json,2013,1225 HYDE ST,San Francisco,CA,,0218005,0000 1225 HYDE                ST0000,San Francisco,,1913,year_property_built,8.0,number_of_units,MRES,use_code,Multi-Family Residential,use_definition,parsed,parsed,aligned,eligible,DataSF parsed range contains input house number and street matches,2026-10-04T02:11:41+00:00
A0434,10,19,complete,DataSF wv5m-vpq2 (2025 roll),https://data.sfgov.org/resource/wv5m-vpq2.json,2010,1225 HYDE ST,San Francisco,CA,,0218005,0000 1225 HYDE                ST0000,San Francisco,,1913,year_property_built,8.0,number_of_units,MRES,use_code,Multi-Family Residential,use_definition,parsed,parsed,aligned,eligible,DataSF parsed range contains input house number and street matches,2026-10-04T02:11:41+00:00
A0434,11,19,complete,DataSF wv5m-vpq2 (2025 roll),https://data.sfgov.org/resource/wv5m-vpq2.json,2015,1225 HYDE ST,San Francisco,CA,,0218005,0000 1225 HYDE                ST0000,San Francisco,,1913,year_property_built,8.0,number_of_units,MRES,use_code,Multi-Family Residential,use_definition,parsed,parsed,aligned,eligible,DataSF parsed range contains input house number and street matches,2026-10-04T02:11:41+00:00
A0434,12,19,complete,DataSF wv5m-vpq2 (2025 roll),https://data.sfgov.org/resource/wv5m-vpq2.json,2014,1225 HYDE ST,San Francisco,CA,,0218005,0000 1225 HYDE                ST0000,San Francisco,,1913,year_property_built,8.0,number_of_units,MRES,use_code,Multi-Family Residential,use_definition,parsed,parsed,aligned,eligible,DataSF parsed range contains input house number and street matches,2026-10-04T02:11:41+00:00
A0434,13,19,complete,DataSF wv5m-vpq2 (2025 roll),https://data.sfgov.org/resource/wv5m-vpq2.json,2025,1225 HYDE ST,San Francisco,CA,,0218005,0000 1225 HYDE                ST0000,San Francisco,,1913,year_property_built,8.0,number_of_units,MRES,use_code,Multi-Family Residential,use_definition,parsed,parsed,aligned,eligible,DataSF parsed range contains input house number and street matches,2026-10-04T02:11:41+00:00
A0434,14,19,complete,DataSF wv5m-vpq2 (2025 roll),https://data.sfgov.org/resource/wv5m-vpq2.json,2018,1225 HYDE ST,San Francisco,CA,,0218005,0000 1225 HYDE                ST0000,San Francisco,,1913,year_property_built,8.0,number_of_units,MRES,use_code,Multi-Family Residential,use_definition,parsed,parsed,aligned,eligible,DataSF parsed range contains input house number and street matches,2026-10-04T02:11:41+00:00
A0434,15,19,complete,DataSF wv5m-vpq2 (2025 roll),https://data.sfgov.org/resource/wv5m-vpq2.json,2016,1225 HYDE ST,San Francisco,CA,,0218005,0000 1225 HYDE                ST0000,San Francisco,,1913,year_property_built,8.0,number_of_units,MRES,use_code,Multi-Family Residential,use_definition,parsed,parsed,aligned,eligible,DataSF parsed range contains input house number and street matches,2026-10-04T02:11:41+00:00
A0434,16,19,complete,DataSF wv5m-vpq2 (2025 roll),https://data.sfgov.org/resource/wv5m-vpq2.json,2007,1225 HYDE ST,San Francisco,CA,,0218005,0000 1225 HYDE                ST0000,San Francisco,,1913,year_property_built,8.0,number_of_units,MRES,use_code,Multi-Family Residential,use_definition,parsed,parsed,aligned,eligible,DataSF parsed range contains input house number and street matches,2026-10-04T02:11:41+00:00
A0434,17,19,complete,DataSF wv5m-vpq2 (2025 roll),https://data.sfgov.org/resource/wv5m-vpq2.json,2021,1225 HYDE ST,San Francisco,CA,,0218005,0000 1225 HYDE                ST0000,San Francisco,,1913,year_property_built,8.0,number_of_units,MRES,use_code,Multi-Family Residential,use_definition,parsed,parsed,aligned,eligible,DataSF parsed range contains input house number and street matches,2026-10-04T02:11:41+00:00
A0434,18,19,complete,DataSF wv5m-vpq2 (2025 roll),https://data.sfgov.org/resource/wv5m-vpq2.json,2008,1225 HYDE ST,San Francisco,CA,,0218005,0000 1225 HYDE                ST0000,San Francisco,,1913,year_property_built,8.0,number_of_units,MRES,use_code,Multi-Family Residential,use_definition,parsed,parsed,aligned,eligible,DataSF parsed range contains input house number and street matches,2026-10-04T02:11:41+00:00
A0434,19,19,complete,DataSF wv5m-vpq2 (2025 roll),https://data.sfgov.org/resource/wv5m-vpq2.json,2022,1225 HYDE ST,San Francisco,CA,,0218005,0000 1225 HYDE                ST0000,San Francisco,,1913,year_property_built,8.0,number_of_units,MRES,use_code,Multi-Family Residential,use_definition,parsed,parsed,aligned,eligible,DataSF parsed range contains input house number and street matches,2026-10-04T02:11:41+00:00
A0439,1,19,complete,DataSF wv5m-vpq2 (2025 roll),https://data.sfgov.org/resource/wv5m-vpq2.json,2012,225 25TH AV,San Francisco,CA,,1385003,0000 0225 25TH                AV0000,San Francisco,,1988,year_property_built,3.0,number_of_units,MRES,use_code,Multi-Family Residential,use_definition,parsed,parsed,aligned,eligible,DataSF parsed range contains input house number and street matches,2026-10-04T02:11:41+00:00
A0439,2,19,complete,DataSF wv5m-vpq2 (2025 roll),https://data.sfgov.org/resource/wv5m-vpq2.json,2024,225 25TH AV,San Francisco,CA,,1385003,0000 0225 25TH                AV0000,San Francisco,,1988,year_property_built,7.0,number_of_units,MRES,use_code,Multi-Family Residential,use_definition,parsed,parsed,aligned,eligible,DataSF parsed range contains input house number and street matches,2026-10-04T02:11:41+00:00
A0439,3,19,complete,DataSF wv5m-vpq2 (2025 roll),https://data.sfgov.org/resource/wv5m-vpq2.json,2010,225 25TH AV,San Francisco,CA,,1385003,0000 0225 25TH                AV0000,San Francisco,,1988,year_property_built,3.0,number_of_units,MRES,use_code,Multi-Family Residential,use_definition,parsed,parsed,aligned,eligible,DataSF parsed range contains input house number and street matches,2026-10-04T02:11:41+00:00
A0439,4,19,complete,DataSF wv5m-vpq2 (2025 roll),https://data.sfgov.org/resource/wv5m-vpq2.json,2018,225 25TH AV,San Francisco,CA,,1385003,0000 0225 25TH                AV0000,San Francisco,,1988,year_property_built,7.0,number_of_units,MRES,use_code,Multi-Family Residential,use_definition,parsed,parsed,aligned,eligible,DataSF parsed range contains input house number and street matches,2026-10-04T02:11:41+00:00
A0439,5,19,complete,DataSF wv5m-vpq2 (2025 roll),https://data.sfgov.org/resource/wv5m-vpq2.json,2011,225 25TH AV,San Francisco,CA,,1385003,0000 0225 25TH                AV0000,San Francisco,,1988,year_property_built,3.0,number_of_units,MRES,use_code,Multi-Family Residential,use_definition,parsed,parsed,aligned,eligible,DataSF parsed range contains input house number and street matches,2026-10-04T02:11:41+00:00
A0439,6,19,complete,DataSF wv5m-vpq2 (2025 roll),https://data.sfgov.org/resource/wv5m-vpq2.json,2016,225 25TH AV,San Francisco,CA,,1385003,0000 0225 25TH                AV0000,San Francisco,,1988,year_property_built,7.0,number_of_units,MRES,use_code,Multi-Family Residential,use_definition,parsed,parsed,aligned,eligible,DataSF parsed range contains input house number and street matches,2026-10-04T02:11:41+00:00
A0439,7,19,complete,DataSF wv5m-vpq2 (2025 roll),https://data.sfgov.org/resource/wv5m-vpq2.json,2013,225 25TH AV,San Francisco,CA,,1385003,0000 0225 25TH                AV0000,San Francisco,,1988,year_property_built,7.0,number_of_units,MRES,use_code,Multi-Family Residential,use_definition,parsed,parsed,aligned,eligible,DataSF parsed range contains input house number and street matches,2026-10-04T02:11:41+00:00
A0439,8,19,complete,DataSF wv5m-vpq2 (2025 roll),https://data.sfgov.org/resource/wv5m-vpq2.json,2007,225 25TH AV,San Francisco,CA,,1385003,0000 0225 25TH                AV0000,San Francisco,,1988,year_property_built,3.0,number_of_units,MRES,use_code,Multi-Family Residential,use_definition,parsed,parsed,aligned,eligible,DataSF parsed range contains input house number and street matches,2026-10-04T02:11:41+00:00
A0439,9,19,complete,DataSF wv5m-vpq2 (2025 roll),https://data.sfgov.org/resource/wv5m-vpq2.json,2023,225 25TH AV,San Francisco,CA,,1385003,0000 0225 25TH                AV0000,San Francisco,,1988,year_property_built,7.0,number_of_units,MRES,use_code,Multi-Family Residential,use_definition,parsed,parsed,aligned,eligible,DataSF parsed range contains input house number and street matches,2026-10-04T02:11:41+00:00
A0439,10,19,complete,DataSF wv5m-vpq2 (2025 roll),https://data.sfgov.org/resource/wv5m-vpq2.json,2025,225 25TH AV,San Francisco,CA,,1385003,0000 0225 25TH                AV0000,San Francisco,,1988,year_property_built,7.0,number_of_units,MRES,use_code,Multi-Family Residential,use_definition,parsed,parsed,aligned,eligible,DataSF parsed range contains input house number and street matches,2026-10-04T02:11:41+00:00
A0439,11,19,complete,DataSF wv5m-vpq2 (2025 roll),https://data.sfgov.org/resource/wv5m-vpq2.json,2020,225 25TH AV,San Francisco,CA,,1385003,0000 0225 25TH                AV0000,San Francisco,,1988,year_property_built,7.0,number_of_units,MRES,use_code,Multi-Family Residential,use_definition,parsed,parsed,aligned,eligible,DataSF parsed range contains input house number and street matches,2026-10-04T02:11:41+00:00
A0439,12,19,complete,DataSF wv5m-vpq2 (2025 roll),https://data.sfgov.org/resource/wv5m-vpq2.json,2021,225 25TH AV,San Francisco,CA,,1385003,0000 0225 25TH                AV0000,San Francisco,,1988,year_property_built,7.0,number_of_units,MRES,use_code,Multi-Family Residential,use_definition,parsed,parsed,aligned,eligible,DataSF parsed range contains input house number and street matches,2026-10-04T02:11:41+00:00
A0439,13,19,complete,DataSF wv5m-vpq2 (2025 roll),https://data.sfgov.org/resource/wv5m-vpq2.json,2008,225 25TH AV,San Francisco,CA,,1385003,0000 0225 25TH                AV0000,San Francisco,,1988,year_property_built,3.0,number_of_units,MRES,use_code,Multi-Family Residential,use_definition,parsed,parsed,aligned,eligible,DataSF parsed range contains input house number and street matches,2026-10-04T02:11:41+00:00
A0439,14,19,complete,DataSF wv5m-vpq2 (2025 roll),https://data.sfgov.org/resource/wv5m-vpq2.json,2019,225 25TH AV,San Francisco,CA,,1385003,0000 0225 25TH                AV0000,San Francisco,,1988,year_property_built,7.0,number_of_units,MRES,use_code,Multi-Family Residential,use_definition,parsed,parsed,aligned,eligible,DataSF parsed range contains input house number and street matches,2026-10-04T02:11:41+00:00
A0439,15,19,complete,DataSF wv5m-vpq2 (2025 roll),https://data.sfgov.org/resource/wv5m-vpq2.json,2014,225 25TH AV,San Francisco,CA,,1385003,0000 0225 25TH                AV0000,San Francisco,,1988,year_property_built,7.0,number_of_units,MRES,use_code,Multi-Family Residential,use_definition,parsed,parsed,aligned,eligible,DataSF parsed range contains input house number and street matches,2026-10-04T02:11:41+00:00
A0439,16,19,complete,DataSF wv5m-vpq2 (2025 roll),https://data.sfgov.org/resource/wv5m-vpq2.json,2015,225 25TH AV,San Francisco,CA,,1385003,0000 0225 25TH                AV0000,San Francisco,,1988,year_property_built,7.0,number_of_units,MRES,use_code,Multi-Family Residential,use_definition,parsed,parsed,aligned,eligible,DataSF parsed range contains input house number and street matches,2026-10-04T02:11:41+00:00
A0439,17,19,complete,DataSF wv5m-vpq2 (2025 roll),https://data.sfgov.org/resource/wv5m-vpq2.json,2022,225 25TH AV,San Francisco,CA,,1385003,0000 0225 25TH                AV0000,San Francisco,,1988,year_property_built,7.0,number_of_units,MRES,use_code,Multi-Family Residential,use_definition,parsed,parsed,aligned,eligible,DataSF parsed range contains input house number and street matches,2026-10-04T02:11:41+00:00
A0439,18,19,complete,DataSF wv5m-vpq2 (2025 roll),https://data.sfgov.org/resource/wv5m-vpq2.json,2017,225 25TH AV,San Francisco,CA,,1385003,0000 0225 25TH                AV0000,San Francisco,,1988,year_property_built,7.0,number_of_units,MRES,use_code,Multi-Family Residential,use_definition,parsed,parsed,aligned,eligible,DataSF parsed range contains input house number and street matches,2026-10-04T02:11:41+00:00
A0439,19,19,complete,DataSF wv5m-vpq2 (2025 roll),https://data.sfgov.org/resource/wv5m-vpq2.json,2009,225 25TH AV,San Francisco,CA,,1385003,0000 0225 25TH                AV0000,San Francisco,,1988,year_property_built,3.0,number_of_units,MRES,use_code,Multi-Family Residential,use_definition,parsed,parsed,aligned,eligible,DataSF parsed range contains input house number and street matches,2026-10-04T02:11:41+00:00
A0440,1,19,complete,DataSF wv5m-vpq2 (2025 roll),https://data.sfgov.org/resource/wv5m-vpq2.json,2013,4042 FULTON ST,San Francisco,CA,,1659023,4048 4042 FULTON              ST0000,San Francisco,,1921,year_property_built,5.0,number_of_units,MRES,use_code,Multi-Family Residential,use_definition,parsed,parsed,aligned,eligible,DataSF parsed range contains input house number and street matches,2026-10-04T02:11:41+00:00
A0440,2,19,complete,DataSF wv5m-vpq2 (2025 roll),https://data.sfgov.org/resource/wv5m-vpq2.json,2020,4042 FULTON ST,San Francisco,CA,,1659023,4048 4042 FULTON              ST0000,San Francisco,,1921,year_property_built,5.0,number_of_units,MRES,use_code,Multi-Family Residential,use_definition,parsed,parsed,aligned,eligible,DataSF parsed range contains input house number and street matches,2026-10-04T02:11:41+00:00
A0440,3,19,complete,DataSF wv5m-vpq2 (2025 roll),https://data.sfgov.org/resource/wv5m-vpq2.json,2025,4042 FULTON ST,San Francisco,CA,,1659023,4048 4042 FULTON              ST0000,San Francisco,,1921,year_property_built,5.0,number_of_units,MRES,use_code,Multi-Family Residential,use_definition,parsed,parsed,aligned,eligible,DataSF parsed range contains input house number and street matches,2026-10-04T02:11:41+00:00
A0440,4,19,complete,DataSF wv5m-vpq2 (2025 roll),https://data.sfgov.org/resource/wv5m-vpq2.json,2019,4042 FULTON ST,San Francisco,CA,,1659023,4048 4042 FULTON              ST0000,San Francisco,,1921,year_property_built,5.0,number_of_units,MRES,use_code,Multi-Family Residential,use_definition,parsed,parsed,aligned,eligible,DataSF parsed range contains input house number and street matches,2026-10-04T02:11:41+00:00
A0440,5,19,complete,DataSF wv5m-vpq2 (2025 roll),https://data.sfgov.org/resource/wv5m-vpq2.json,2018,4042 FULTON ST,San Francisco,CA,,1659023,4048 4042 FULTON              ST0000,San Francisco,,1921,year_property_built,5.0,number_of_units,MRES,use_code,Multi-Family Residential,use_definition,parsed,parsed,aligned,eligible,DataSF parsed range contains input house number and street matches,2026-10-04T02:11:41+00:00
A0440,6,19,complete,DataSF wv5m-vpq2 (2025 roll),https://data.sfgov.org/resource/wv5m-vpq2.json,2010,4042 FULTON ST,San Francisco,CA,,1659023,4048 4042 FULTON              ST0000,San Francisco,,1921,year_property_built,5.0,number_of_units,MRES,use_code,Multi-Family Residential,use_definition,parsed,parsed,aligned,eligible,DataSF parsed range contains input house number and street matches,2026-10-04T02:11:41+00:00
A0440,7,19,complete,DataSF wv5m-vpq2 (2025 roll),https://data.sfgov.org/resource/wv5m-vpq2.json,2008,4042 FULTON ST,San Francisco,CA,,1659023,4048 4042 FULTON              ST0000,San Francisco,,1921,year_property_built,5.0,number_of_units,MRES,use_code,Multi-Family Residential,use_definition,parsed,parsed,aligned,eligible,DataSF parsed range contains input house number and street matches,2026-10-04T02:11:41+00:00
A0440,8,19,complete,DataSF wv5m-vpq2 (2025 roll),https://data.sfgov.org/resource/wv5m-vpq2.json,2021,4042 FULTON ST,San Francisco,CA,,1659023,4048 4042 FULTON              ST0000,San Francisco,,1921,year_property_built,5.0,number_of_units,MRES,use_code,Multi-Family Residential,use_definition,parsed,parsed,aligned,eligible,DataSF parsed range contains input house number and street matches,2026-10-04T02:11:41+00:00
A0440,9,19,complete,DataSF wv5m-vpq2 (2025 roll),https://data.sfgov.org/resource/wv5m-vpq2.json,2017,4042 FULTON ST,San Francisco,CA,,1659023,4048 4042 FULTON              ST0000,San Francisco,,1921,year_property_built,5.0,number_of_units,MRES,use_code,Multi-Family Residential,use_definition,parsed,parsed,aligned,eligible,DataSF parsed range contains input house number and street matches,2026-10-04T02:11:41+00:00
A0440,10,19,complete,DataSF wv5m-vpq2 (2025 roll),https://data.sfgov.org/resource/wv5m-vpq2.json,2009,4042 FULTON ST,San Francisco,CA,,1659023,4048 4042 FULTON              ST0000,San Francisco,,1921,year_property_built,5.0,number_of_units,MRES,use_code,Multi-Family Residential,use_definition,parsed,parsed,aligned,eligible,DataSF parsed range contains input house number and street matches,2026-10-04T02:11:41+00:00
A0440,11,19,complete,DataSF wv5m-vpq2 (2025 roll),https://data.sfgov.org/resource/wv5m-vpq2.json,2014,4042 FULTON ST,San Francisco,CA,,1659023,4048 4042 FULTON              ST0000,San Francisco,,1921,year_property_built,5.0,number_of_units,MRES,use_code,Multi-Family Residential,use_definition,parsed,parsed,aligned,eligible,DataSF parsed range contains input house number and street matches,2026-10-04T02:11:41+00:00
A0440,12,19,complete,DataSF wv5m-vpq2 (2025 roll),https://data.sfgov.org/resource/wv5m-vpq2.json,2022,4042 FULTON ST,San Francisco,CA,,1659023,4048 4042 FULTON              ST0000,San Francisco,,1921,year_property_built,5.0,number_of_units,MRES,use_code,Multi-Family Residential,use_definition,parsed,parsed,aligned,eligible,DataSF parsed range contains input house number and street matches,2026-10-04T02:11:41+00:00
A0440,13,19,complete,DataSF wv5m-vpq2 (2025 roll),https://data.sfgov.org/resource/wv5m-vpq2.json,2011,4042 FULTON ST,San Francisco,CA,,1659023,4048 4042 FULTON              ST0000,San Francisco,,1921,year_property_built,5.0,number_of_units,MRES,use_code,Multi-Family Residential,use_definition,parsed,parsed,aligned,eligible,DataSF parsed range contains input house number and street matches,2026-10-04T02:11:41+00:00
A0440,14,19,complete,DataSF wv5m-vpq2 (2025 roll),https://data.sfgov.org/resource/wv5m-vpq2.json,2016,4042 FULTON ST,San Francisco,CA,,1659023,4048 4042 FULTON              ST0000,San Francisco,,1921,year_property_built,5.0,number_of_units,MRES,use_code,Multi-Family Residential,use_definition,parsed,parsed,aligned,eligible,DataSF parsed range contains input house number and street matches,2026-10-04T02:11:41+00:00
A0440,15,19,complete,DataSF wv5m-vpq2 (2025 roll),https://data.sfgov.org/resource/wv5m-vpq2.json,2007,4042 FULTON ST,San Francisco,CA,,1659023,4048 4042 FULTON              ST0000,San Francisco,,1921,year_property_built,5.0,number_of_units,MRES,use_code,Multi-Family Residential,use_definition,parsed,parsed,aligned,eligible,DataSF parsed range contains input house number and street matches,2026-10-04T02:11:41+00:00
A0440,16,19,complete,DataSF wv5m-vpq2 (2025 roll),https://data.sfgov.org/resource/wv5m-vpq2.json,2024,4042 FULTON ST,San Francisco,CA,,1659023,4048 4042 FULTON              ST0000,San Francisco,,1921,year_property_built,5.0,number_of_units,MRES,use_code,Multi-Family Residential,use_definition,parsed,parsed,aligned,eligible,DataSF parsed range contains input house number and street matches,2026-10-04T02:11:41+00:00
A0440,17,19,complete,DataSF wv5m-vpq2 (2025 roll),https://data.sfgov.org/resource/wv5m-vpq2.json,2023,4042 FULTON ST,San Francisco,CA,,1659023,4048 4042 FULTON              ST0000,San Francisco,,1921,year_property_built,5.0,number_of_units,MRES,use_code,Multi-Family Residential,use_definition,parsed,parsed,aligned,eligible,DataSF parsed range contains input house number and street matches,2026-10-04T02:11:41+00:00
A0440,18,19,complete,DataSF wv5m-vpq2 (2025 roll),https://data.sfgov.org/resource/wv5m-vpq2.json,2012,4042 FULTON ST,San Francisco,CA,,1659023,4048 4042 FULTON              ST0000,San Francisco,,1921,year_property_built,5.0,number_of_units,MRES,use_code,Multi-Family Residential,use_definition,parsed,parsed,aligned,eligible,DataSF parsed range contains input house number and street matches,2026-10-04T02:11:41+00:00
A0440,19,19,complete,DataSF wv5m-vpq2 (2025 roll),https://data.sfgov.org/resource/wv5m-vpq2.json,2015,4042 FULTON ST,San Francisco,CA,,1659023,4048 4042 FULTON              ST0000,San Francisco,,1921,year_property_built,5.0,number_of_units,MRES,use_code,Multi-Family Residential,use_definition,parsed,parsed,aligned,eligible,DataSF parsed range contains input house number and street matches,2026-10-04T02:11:41+00:00
A0457,1,19,complete,DataSF wv5m-vpq2 (2025 roll),https://data.sfgov.org/resource/wv5m-vpq2.json,2015,1856 GREEN ST,San Francisco,CA,,0543013,0000 1856 GREEN               ST0000,San Francisco,,1906,year_property_built,5.0,number_of_units,MRES,use_code,Multi-Family Residential,use_definition,parsed,parsed,aligned,eligible,DataSF parsed range contains input house number and street matches,2026-10-04T02:11:41+00:00
A0457,2,19,complete,DataSF wv5m-vpq2 (2025 roll),https://data.sfgov.org/resource/wv5m-vpq2.json,2016,1856 GREEN ST,San Francisco,CA,,0543013,0000 1856 GREEN               ST0000,San Francisco,,1906,year_property_built,5.0,number_of_units,MRES,use_code,Multi-Family Residential,use_definition,parsed,parsed,aligned,eligible,DataSF parsed range contains input house number and street matches,2026-10-04T02:11:41+00:00
A0457,3,19,complete,DataSF wv5m-vpq2 (2025 roll),https://data.sfgov.org/resource/wv5m-vpq2.json,2013,1856 GREEN ST,San Francisco,CA,,0543013,0000 1856 GREEN               ST0000,San Francisco,,1906,year_property_built,5.0,number_of_units,MRES,use_code,Multi-Family Residential,use_definition,parsed,parsed,aligned,eligible,DataSF parsed range contains input house number and street matches,2026-10-04T02:11:41+00:00
A0457,4,19,complete,DataSF wv5m-vpq2 (2025 roll),https://data.sfgov.org/resource/wv5m-vpq2.json,2017,1856 GREEN ST,San Francisco,CA,,0543013,0000 1856 GREEN               ST0000,San Francisco,,1906,year_property_built,5.0,number_of_units,MRES,use_code,Multi-Family Residential,use_definition,parsed,parsed,aligned,eligible,DataSF parsed range contains input house number and street matches,2026-10-04T02:11:41+00:00
A0457,5,19,complete,DataSF wv5m-vpq2 (2025 roll),https://data.sfgov.org/resource/wv5m-vpq2.json,2020,1856 GREEN ST,San Francisco,CA,,0543013,0000 1856 GREEN               ST0000,San Francisco,,1906,year_property_built,5.0,number_of_units,MRES,use_code,Multi-Family Residential,use_definition,parsed,parsed,aligned,eligible,DataSF parsed range contains input house number and street matches,2026-10-04T02:11:41+00:00
A0457,6,19,complete,DataSF wv5m-vpq2 (2025 roll),https://data.sfgov.org/resource/wv5m-vpq2.json,2019,1856 GREEN ST,San Francisco,CA,,0543013,0000 1856 GREEN               ST0000,San Francisco,,1906,year_property_built,5.0,number_of_units,MRES,use_code,Multi-Family Residential,use_definition,parsed,parsed,aligned,eligible,DataSF parsed range contains input house number and street matches,2026-10-04T02:11:41+00:00
A0457,7,19,complete,DataSF wv5m-vpq2 (2025 roll),https://data.sfgov.org/resource/wv5m-vpq2.json,2022,1856 GREEN ST,San Francisco,CA,,0543013,0000 1856 GREEN               ST0000,San Francisco,,1906,year_property_built,5.0,number_of_units,MRES,use_code,Multi-Family Residential,use_definition,parsed,parsed,aligned,eligible,DataSF parsed range contains input house number and street matches,2026-10-04T02:11:41+00:00
A0457,8,19,complete,DataSF wv5m-vpq2 (2025 roll),https://data.sfgov.org/resource/wv5m-vpq2.json,2023,1856 GREEN ST,San Francisco,CA,,0543013,0000 1856 GREEN               ST0000,San Francisco,,1906,year_property_built,5.0,number_of_units,MRES,use_code,Multi-Family Residential,use_definition,parsed,parsed,aligned,eligible,DataSF parsed range contains input house number and street matches,2026-10-04T02:11:41+00:00
A0457,9,19,complete,DataSF wv5m-vpq2 (2025 roll),https://data.sfgov.org/resource/wv5m-vpq2.json,2010,1856 GREEN ST,San Francisco,CA,,0543013,0000 1856 GREEN               ST0000,San Francisco,,1906,year_property_built,5.0,number_of_units,MRES,use_code,Multi-Family Residential,use_definition,parsed,parsed,aligned,eligible,DataSF parsed range contains input house number and street matches,2026-10-04T02:11:41+00:00
A0457,10,19,complete,DataSF wv5m-vpq2 (2025 roll),https://data.sfgov.org/resource/wv5m-vpq2.json,2014,1856 GREEN ST,San Francisco,CA,,0543013,0000 1856 GREEN               ST0000,San Francisco,,1906,year_property_built,5.0,number_of_units,MRES,use_code,Multi-Family Residential,use_definition,parsed,parsed,aligned,eligible,DataSF parsed range contains input house number and street matches,2026-10-04T02:11:41+00:00
A0457,11,19,complete,DataSF wv5m-vpq2 (2025 roll),https://data.sfgov.org/resource/wv5m-vpq2.json,2025,1856 GREEN ST,San Francisco,CA,,0543013,0000 1856 GREEN               ST0000,San Francisco,,1906,year_property_built,5.0,number_of_units,MRES,use_code,Multi-Family Residential,use_definition,parsed,parsed,aligned,eligible,DataSF parsed range contains input house number and street matches,2026-10-04T02:11:41+00:00
A0457,12,19,complete,DataSF wv5m-vpq2 (2025 roll),https://data.sfgov.org/resource/wv5m-vpq2.json,2018,1856 GREEN ST,San Francisco,CA,,0543013,0000 1856 GREEN               ST0000,San Francisco,,1906,year_property_built,5.0,number_of_units,MRES,use_code,Multi-Family Residential,use_definition,parsed,parsed,aligned,eligible,DataSF parsed range contains input house number and street matches,2026-10-04T02:11:41+00:00
A0457,13,19,complete,DataSF wv5m-vpq2 (2025 roll),https://data.sfgov.org/resource/wv5m-vpq2.json,2012,1856 GREEN ST,San Francisco,CA,,0543013,0000 1856 GREEN               ST0000,San Francisco,,1906,year_property_built,5.0,number_of_units,MRES,use_code,Multi-Family Residential,use_definition,parsed,parsed,aligned,eligible,DataSF parsed range contains input house number and street matches,2026-10-04T02:11:41+00:00
A0457,14,19,complete,DataSF wv5m-vpq2 (2025 roll),https://data.sfgov.org/resource/wv5m-vpq2.json,2008,1856 GREEN ST,San Francisco,CA,,0543013,0000 1856 GREEN               ST0000,San Francisco,,1906,year_property_built,5.0,number_of_units,MRES,use_code,Multi-Family Residential,use_definition,parsed,parsed,aligned,eligible,DataSF parsed range contains input house number and street matches,2026-10-04T02:11:41+00:00
A0457,15,19,complete,DataSF wv5m-vpq2 (2025 roll),https://data.sfgov.org/resource/wv5m-vpq2.json,2021,1856 GREEN ST,San Francisco,CA,,0543013,0000 1856 GREEN               ST0000,San Francisco,,1906,year_property_built,5.0,number_of_units,MRES,use_code,Multi-Family Residential,use_definition,parsed,parsed,aligned,eligible,DataSF parsed range contains input house number and street matches,2026-10-04T02:11:41+00:00
A0457,16,19,complete,DataSF wv5m-vpq2 (2025 roll),https://data.sfgov.org/resource/wv5m-vpq2.json,2011,1856 GREEN ST,San Francisco,CA,,0543013,0000 1856 GREEN               ST0000,San Francisco,,1906,year_property_built,5.0,number_of_units,MRES,use_code,Multi-Family Residential,use_definition,parsed,parsed,aligned,eligible,DataSF parsed range contains input house number and street matches,2026-10-04T02:11:41+00:00
A0457,17,19,complete,DataSF wv5m-vpq2 (2025 roll),https://data.sfgov.org/resource/wv5m-vpq2.json,2007,1856 GREEN ST,San Francisco,CA,,0543013,0000 1856 GREEN               ST0000,San Francisco,,1906,year_property_built,5.0,number_of_units,MRES,use_code,Multi-Family Residential,use_definition,parsed,parsed,aligned,eligible,DataSF parsed range contains input house number and street matches,2026-10-04T02:11:41+00:00
A0457,18,19,complete,DataSF wv5m-vpq2 (2025 roll),https://data.sfgov.org/resource/wv5m-vpq2.json,2024,1856 GREEN ST,San Francisco,CA,,0543013,0000 1856 GREEN               ST0000,San Francisco,,1906,year_property_built,5.0,number_of_units,MRES,use_code,Multi-Family Residential,use_definition,parsed,parsed,aligned,eligible,DataSF parsed range contains input house number and street matches,2026-10-04T02:11:41+00:00
A0457,19,19,complete,DataSF wv5m-vpq2 (2025 roll),https://data.sfgov.org/resource/wv5m-vpq2.json,2009,1856 GREEN ST,San Francisco,CA,,0543013,0000 1856 GREEN               ST0000,San Francisco,,1906,year_property_built,5.0,number_of_units,MRES,use_code,Multi-Family Residential,use_definition,parsed,parsed,aligned,eligible,DataSF parsed range contains input house number and street matches,2026-10-04T02:11:41+00:00
A0461,1,19,complete,DataSF wv5m-vpq2 (2025 roll),https://data.sfgov.org/resource/wv5m-vpq2.json,2012,735 11TH AV,San Francisco,CA,,1654006,0000 0735 11TH                AV0000,San Francisco,,1923,year_property_built,5.0,number_of_units,MRES,use_code,Multi-Family Residential,use_definition,parsed,parsed,aligned,eligible,DataSF parsed range contains input house number and street matches,2026-10-04T02:11:41+00:00
A0461,2,19,complete,DataSF wv5m-vpq2 (2025 roll),https://data.sfgov.org/resource/wv5m-vpq2.json,2023,735 11TH AV,San Francisco,CA,,1654006,0000 0735 11TH                AV0000,San Francisco,,1923,year_property_built,5.0,number_of_units,MRES,use_code,Multi-Family Residential,use_definition,parsed,parsed,aligned,eligible,DataSF parsed range contains input house number and street matches,2026-10-04T02:11:41+00:00
A0461,3,19,complete,DataSF wv5m-vpq2 (2025 roll),https://data.sfgov.org/resource/wv5m-vpq2.json,2010,735 11TH AV,San Francisco,CA,,1654006,0000 0735 11TH                AV0000,San Francisco,,1923,year_property_built,5.0,number_of_units,MRES,use_code,Multi-Family Residential,use_definition,parsed,parsed,aligned,eligible,DataSF parsed range contains input house number and street matches,2026-10-04T02:11:41+00:00
A0461,4,19,complete,DataSF wv5m-vpq2 (2025 roll),https://data.sfgov.org/resource/wv5m-vpq2.json,2019,735 11TH AV,San Francisco,CA,,1654006,0000 0735 11TH                AV0000,San Francisco,,1923,year_property_built,5.0,number_of_units,MRES,use_code,Multi-Family Residential,use_definition,parsed,parsed,aligned,eligible,DataSF parsed range contains input house number and street matches,2026-10-04T02:11:41+00:00
A0461,5,19,complete,DataSF wv5m-vpq2 (2025 roll),https://data.sfgov.org/resource/wv5m-vpq2.json,2017,735 11TH AV,San Francisco,CA,,1654006,0000 0735 11TH                AV0000,San Francisco,,1923,year_property_built,5.0,number_of_units,MRES,use_code,Multi-Family Residential,use_definition,parsed,parsed,aligned,eligible,DataSF parsed range contains input house number and street matches,2026-10-04T02:11:41+00:00
A0461,6,19,complete,DataSF wv5m-vpq2 (2025 roll),https://data.sfgov.org/resource/wv5m-vpq2.json,2024,735 11TH AV,San Francisco,CA,,1654006,0000 0735 11TH                AV0000,San Francisco,,1923,year_property_built,5.0,number_of_units,MRES,use_code,Multi-Family Residential,use_definition,parsed,parsed,aligned,eligible,DataSF parsed range contains input house number and street matches,2026-10-04T02:11:41+00:00
A0461,7,19,complete,DataSF wv5m-vpq2 (2025 roll),https://data.sfgov.org/resource/wv5m-vpq2.json,2015,735 11TH AV,San Francisco,CA,,1654006,0000 0735 11TH                AV0000,San Francisco,,1923,year_property_built,5.0,number_of_units,MRES,use_code,Multi-Family Residential,use_definition,parsed,parsed,aligned,eligible,DataSF parsed range contains input house number and street matches,2026-10-04T02:11:41+00:00
A0461,8,19,complete,DataSF wv5m-vpq2 (2025 roll),https://data.sfgov.org/resource/wv5m-vpq2.json,2009,735 11TH AV,San Francisco,CA,,1654006,0000 0735 11TH                AV0000,San Francisco,,1923,year_property_built,5.0,number_of_units,MRES,use_code,Multi-Family Residential,use_definition,parsed,parsed,aligned,eligible,DataSF parsed range contains input house number and street matches,2026-10-04T02:11:41+00:00
A0461,9,19,complete,DataSF wv5m-vpq2 (2025 roll),https://data.sfgov.org/resource/wv5m-vpq2.json,2011,735 11TH AV,San Francisco,CA,,1654006,0000 0735 11TH                AV0000,San Francisco,,1923,year_property_built,5.0,number_of_units,MRES,use_code,Multi-Family Residential,use_definition,parsed,parsed,aligned,eligible,DataSF parsed range contains input house number and street matches,2026-10-04T02:11:41+00:00
A0461,10,19,complete,DataSF wv5m-vpq2 (2025 roll),https://data.sfgov.org/resource/wv5m-vpq2.json,2008,735 11TH AV,San Francisco,CA,,1654006,0000 0735 11TH                AV0000,San Francisco,,1923,year_property_built,5.0,number_of_units,MRES,use_code,Multi-Family Residential,use_definition,parsed,parsed,aligned,eligible,DataSF parsed range contains input house number and street matches,2026-10-04T02:11:41+00:00
A0461,11,19,complete,DataSF wv5m-vpq2 (2025 roll),https://data.sfgov.org/resource/wv5m-vpq2.json,2022,735 11TH AV,San Francisco,CA,,1654006,0000 0735 11TH                AV0000,San Francisco,,1923,year_property_built,5.0,number_of_units,MRES,use_code,Multi-Family Residential,use_definition,parsed,parsed,aligned,eligible,DataSF parsed range contains input house number and street matches,2026-10-04T02:11:41+00:00
A0461,12,19,complete,DataSF wv5m-vpq2 (2025 roll),https://data.sfgov.org/resource/wv5m-vpq2.json,2020,735 11TH AV,San Francisco,CA,,1654006,0000 0735 11TH                AV0000,San Francisco,,1923,year_property_built,5.0,number_of_units,MRES,use_code,Multi-Family Residential,use_definition,parsed,parsed,aligned,eligible,DataSF parsed range contains input house number and street matches,2026-10-04T02:11:41+00:00
A0461,13,19,complete,DataSF wv5m-vpq2 (2025 roll),https://data.sfgov.org/resource/wv5m-vpq2.json,2018,735 11TH AV,San Francisco,CA,,1654006,0000 0735 11TH                AV0000,San Francisco,,1923,year_property_built,5.0,number_of_units,MRES,use_code,Multi-Family Residential,use_definition,parsed,parsed,aligned,eligible,DataSF parsed range contains input house number and street matches,2026-10-04T02:11:41+00:00
A0461,14,19,complete,DataSF wv5m-vpq2 (2025 roll),https://data.sfgov.org/resource/wv5m-vpq2.json,2013,735 11TH AV,San Francisco,CA,,1654006,0000 0735 11TH                AV0000,San Francisco,,1923,year_property_built,5.0,number_of_units,MRES,use_code,Multi-Family Residential,use_definition,parsed,parsed,aligned,eligible,DataSF parsed range contains input house number and street matches,2026-10-04T02:11:41+00:00
A0461,15,19,complete,DataSF wv5m-vpq2 (2025 roll),https://data.sfgov.org/resource/wv5m-vpq2.json,2021,735 11TH AV,San Francisco,CA,,1654006,0000 0735 11TH                AV0000,San Francisco,,1923,year_property_built,5.0,number_of_units,MRES,use_code,Multi-Family Residential,use_definition,parsed,parsed,aligned,eligible,DataSF parsed range contains input house number and street matches,2026-10-04T02:11:41+00:00
A0461,16,19,complete,DataSF wv5m-vpq2 (2025 roll),https://data.sfgov.org/resource/wv5m-vpq2.json,2016,735 11TH AV,San Francisco,CA,,1654006,0000 0735 11TH                AV0000,San Francisco,,1923,year_property_built,5.0,number_of_units,MRES,use_code,Multi-Family Residential,use_definition,parsed,parsed,aligned,eligible,DataSF parsed range contains input house number and street matches,2026-10-04T02:11:41+00:00
A0461,17,19,complete,DataSF wv5m-vpq2 (2025 roll),https://data.sfgov.org/resource/wv5m-vpq2.json,2025,735 11TH AV,San Francisco,CA,,1654006,0000 0735 11TH                AV0000,San Francisco,,1923,year_property_built,5.0,number_of_units,MRES,use_code,Multi-Family Residential,use_definition,parsed,parsed,aligned,eligible,DataSF parsed range contains input house number and street matches,2026-10-04T02:11:41+00:00
A0461,18,19,complete,DataSF wv5m-vpq2 (2025 roll),https://data.sfgov.org/resource/wv5m-vpq2.json,2007,735 11TH AV,San Francisco,CA,,1654006,0000 0735 11TH                AV0000,San Francisco,,1923,year_property_built,5.0,number_of_units,MRES,use_code,Multi-Family Residential,use_definition,parsed,parsed,aligned,eligible,DataSF parsed range contains input house number and street matches,2026-10-04T02:11:41+00:00
A0461,19,19,complete,DataSF wv5m-vpq2 (2025 roll),https://data.sfgov.org/resource/wv5m-vpq2.json,2014,735 11TH AV,San Francisco,CA,,1654006,0000 0735 11TH                AV0000,San Francisco,,1923,year_property_built,5.0,number_of_units,MRES,use_code,Multi-Family Residential,use_definition,parsed,parsed,aligned,eligible,DataSF parsed range contains input house number and street matches,2026-10-04T02:11:41+00:00
A0477,1,19,complete,DataSF wv5m-vpq2 (2025 roll),https://data.sfgov.org/resource/wv5m-vpq2.json,2023,2250 MISSION ST,San Francisco,CA,,3589109,0000 2250 MISSION             ST0000,San Francisco,,1975,year_property_built,19.0,number_of_units,MRES,use_code,Multi-Family Residential,use_definition,parsed,parsed,aligned,eligible,DataSF parsed range contains input house number and street matches,2026-10-04T02:11:41+00:00
A0477,2,19,complete,DataSF wv5m-vpq2 (2025 roll),https://data.sfgov.org/resource/wv5m-vpq2.json,2025,2250 MISSION ST,San Francisco,CA,,3589109,0000 2250 MISSION             ST0000,San Francisco,,1975,year_property_built,19.0,number_of_units,MRES,use_code,Multi-Family Residential,use_definition,parsed,parsed,aligned,eligible,DataSF parsed range contains input house number and street matches,2026-10-04T02:11:41+00:00
A0477,3,19,complete,DataSF wv5m-vpq2 (2025 roll),https://data.sfgov.org/resource/wv5m-vpq2.json,2010,2250 MISSION ST,San Francisco,CA,,3589109,0000 2250 MISSION             ST0000,San Francisco,,1975,year_property_built,38.0,number_of_units,COMH,use_code,Commercial Hotel,use_definition,parsed,parsed,aligned,eligible,DataSF parsed range contains input house number and street matches,2026-10-04T02:11:41+00:00
A0477,4,19,complete,DataSF wv5m-vpq2 (2025 roll),https://data.sfgov.org/resource/wv5m-vpq2.json,2011,2250 MISSION ST,San Francisco,CA,,3589109,0000 2250 MISSION             ST0000,San Francisco,,1975,year_property_built,38.0,number_of_units,COMH,use_code,Commercial Hotel,use_definition,parsed,parsed,aligned,eligible,DataSF parsed range contains input house number and street matches,2026-10-04T02:11:41+00:00
A0477,5,19,complete,DataSF wv5m-vpq2 (2025 roll),https://data.sfgov.org/resource/wv5m-vpq2.json,2022,2250 MISSION ST,San Francisco,CA,,3589109,0000 2250 MISSION             ST0000,San Francisco,,1975,year_property_built,19.0,number_of_units,MRES,use_code,Multi-Family Residential,use_definition,parsed,parsed,aligned,eligible,DataSF parsed range contains input house number and street matches,2026-10-04T02:11:41+00:00
A0477,6,19,complete,DataSF wv5m-vpq2 (2025 roll),https://data.sfgov.org/resource/wv5m-vpq2.json,2024,2250 MISSION ST,San Francisco,CA,,3589109,0000 2250 MISSION             ST0000,San Francisco,,1975,year_property_built,19.0,number_of_units,MRES,use_code,Multi-Family Residential,use_definition,parsed,parsed,aligned,eligible,DataSF parsed range contains input house number and street matches,2026-10-04T02:11:41+00:00
A0477,7,19,complete,DataSF wv5m-vpq2 (2025 roll),https://data.sfgov.org/resource/wv5m-vpq2.json,2019,2250 MISSION ST,San Francisco,CA,,3589109,0000 2250 MISSION             ST0000,San Francisco,,1975,year_property_built,19.0,number_of_units,COMM,use_code,Commercial Misc,use_definition,parsed,parsed,aligned,eligible,DataSF parsed range contains input house number and street matches,2026-10-04T02:11:41+00:00
A0477,8,19,complete,DataSF wv5m-vpq2 (2025 roll),https://data.sfgov.org/resource/wv5m-vpq2.json,2013,2250 MISSION ST,San Francisco,CA,,3589109,0000 2250 MISSION             ST0000,San Francisco,,1975,year_property_built,38.0,number_of_units,COMH,use_code,Commercial Hotel,use_definition,parsed,parsed,aligned,eligible,DataSF parsed range contains input house number and street matches,2026-10-04T02:11:41+00:00
A0477,9,19,complete,DataSF wv5m-vpq2 (2025 roll),https://data.sfgov.org/resource/wv5m-vpq2.json,2016,2250 MISSION ST,San Francisco,CA,,3589109,0000 2250 MISSION             ST0000,San Francisco,,1975,year_property_built,38.0,number_of_units,COMH,use_code,Commercial Hotel,use_definition,parsed,parsed,aligned,eligible,DataSF parsed range contains input house number and street matches,2026-10-04T02:11:41+00:00
A0477,10,19,complete,DataSF wv5m-vpq2 (2025 roll),https://data.sfgov.org/resource/wv5m-vpq2.json,2014,2250 MISSION ST,San Francisco,CA,,3589109,0000 2250 MISSION             ST0000,San Francisco,,1975,year_property_built,38.0,number_of_units,COMH,use_code,Commercial Hotel,use_definition,parsed,parsed,aligned,eligible,DataSF parsed range contains input house number and street matches,2026-10-04T02:11:41+00:00
A0477,11,19,complete,DataSF wv5m-vpq2 (2025 roll),https://data.sfgov.org/resource/wv5m-vpq2.json,2012,2250 MISSION ST,San Francisco,CA,,3589109,0000 2250 MISSION             ST0000,San Francisco,,1975,year_property_built,38.0,number_of_units,COMH,use_code,Commercial Hotel,use_definition,parsed,parsed,aligned,eligible,DataSF parsed range contains input house number and street matches,2026-10-04T02:11:41+00:00
A0477,12,19,complete,DataSF wv5m-vpq2 (2025 roll),https://data.sfgov.org/resource/wv5m-vpq2.json,2015,2250 MISSION ST,San Francisco,CA,,3589109,0000 2250 MISSION             ST0000,San Francisco,,1975,year_property_built,38.0,number_of_units,COMH,use_code,Commercial Hotel,use_definition,parsed,parsed,aligned,eligible,DataSF parsed range contains input house number and street matches,2026-10-04T02:11:41+00:00
A0477,13,19,complete,DataSF wv5m-vpq2 (2025 roll),https://data.sfgov.org/resource/wv5m-vpq2.json,2007,2250 MISSION ST,San Francisco,CA,,3589109,0000 2250 MISSION             ST0000,San Francisco,,1975,year_property_built,38.0,number_of_units,COMH,use_code,Commercial Hotel,use_definition,parsed,parsed,aligned,eligible,DataSF parsed range contains input house number and street matches,2026-10-04T02:11:41+00:00
A0477,14,19,complete,DataSF wv5m-vpq2 (2025 roll),https://data.sfgov.org/resource/wv5m-vpq2.json,2009,2250 MISSION ST,San Francisco,CA,,3589109,0000 2250 MISSION             ST0000,San Francisco,,1975,year_property_built,38.0,number_of_units,COMH,use_code,Commercial Hotel,use_definition,parsed,parsed,aligned,eligible,DataSF parsed range contains input house number and street matches,2026-10-04T02:11:41+00:00
A0477,15,19,complete,DataSF wv5m-vpq2 (2025 roll),https://data.sfgov.org/resource/wv5m-vpq2.json,2021,2250 MISSION ST,San Francisco,CA,,3589109,0000 2250 MISSION             ST0000,San Francisco,,1975,year_property_built,19.0,number_of_units,COMM,use_code,Commercial Misc,use_definition,parsed,parsed,aligned,eligible,DataSF parsed range contains input house number and street matches,2026-10-04T02:11:41+00:00
A0477,16,19,complete,DataSF wv5m-vpq2 (2025 roll),https://data.sfgov.org/resource/wv5m-vpq2.json,2020,2250 MISSION ST,San Francisco,CA,,3589109,0000 2250 MISSION             ST0000,San Francisco,,1975,year_property_built,19.0,number_of_units,COMM,use_code,Commercial Misc,use_definition,parsed,parsed,aligned,eligible,DataSF parsed range contains input house number and street matches,2026-10-04T02:11:41+00:00
A0477,17,19,complete,DataSF wv5m-vpq2 (2025 roll),https://data.sfgov.org/resource/wv5m-vpq2.json,2018,2250 MISSION ST,San Francisco,CA,,3589109,0000 2250 MISSION             ST0000,San Francisco,,1975,year_property_built,19.0,number_of_units,COMM,use_code,Commercial Misc,use_definition,parsed,parsed,aligned,eligible,DataSF parsed range contains input house number and street matches,2026-10-04T02:11:41+00:00
A0477,18,19,complete,DataSF wv5m-vpq2 (2025 roll),https://data.sfgov.org/resource/wv5m-vpq2.json,2017,2250 MISSION ST,San Francisco,CA,,3589109,0000 2250 MISSION             ST0000,San Francisco,,1975,year_property_built,38.0,number_of_units,COMH,use_code,Commercial Hotel,use_definition,parsed,parsed,aligned,eligible,DataSF parsed range contains input house number and street matches,2026-10-04T02:11:41+00:00
A0477,19,19,complete,DataSF wv5m-vpq2 (2025 roll),https://data.sfgov.org/resource/wv5m-vpq2.json,2008,2250 MISSION ST,San Francisco,CA,,3589109,0000 2250 MISSION             ST0000,San Francisco,,1975,year_property_built,38.0,number_of_units,COMH,use_code,Commercial Hotel,use_definition,parsed,parsed,aligned,eligible,DataSF parsed range contains input house number and street matches,2026-10-04T02:11:41+00:00
A0481,1,19,complete,DataSF wv5m-vpq2 (2025 roll),https://data.sfgov.org/resource/wv5m-vpq2.json,2025,536 LEAVENWORTH ST,San Francisco,CA,,0318015,0000 0536 LEAVENWORTH         ST0000,San Francisco,,1925,year_property_built,63.0,number_of_units,MRES,use_code,Multi-Family Residential,use_definition,parsed,parsed,aligned,eligible,DataSF parsed range contains input house number and street matches,2026-10-04T02:11:41+00:00
A0481,2,19,complete,DataSF wv5m-vpq2 (2025 roll),https://data.sfgov.org/resource/wv5m-vpq2.json,2008,536 LEAVENWORTH ST,San Francisco,CA,,0318015,0000 0536 LEAVENWORTH         ST0000,San Francisco,,1925,year_property_built,63.0,number_of_units,MRES,use_code,Multi-Family Residential,use_definition,parsed,parsed,aligned,eligible,DataSF parsed range contains input house number and street matches,2026-10-04T02:11:41+00:00
A0481,3,19,complete,DataSF wv5m-vpq2 (2025 roll),https://data.sfgov.org/resource/wv5m-vpq2.json,2020,536 LEAVENWORTH ST,San Francisco,CA,,0318015,0000 0536 LEAVENWORTH         ST0000,San Francisco,,1925,year_property_built,63.0,number_of_units,MRES,use_code,Multi-Family Residential,use_definition,parsed,parsed,aligned,eligible,DataSF parsed range contains input house number and street matches,2026-10-04T02:11:41+00:00
A0481,4,19,complete,DataSF wv5m-vpq2 (2025 roll),https://data.sfgov.org/resource/wv5m-vpq2.json,2013,536 LEAVENWORTH ST,San Francisco,CA,,0318015,0000 0536 LEAVENWORTH         ST0000,San Francisco,,1925,year_property_built,63.0,number_of_units,MRES,use_code,Multi-Family Residential,use_definition,parsed,parsed,aligned,eligible,DataSF parsed range contains input house number and street matches,2026-10-04T02:11:41+00:00
A0481,5,19,complete,DataSF wv5m-vpq2 (2025 roll),https://data.sfgov.org/resource/wv5m-vpq2.json,2021,536 LEAVENWORTH ST,San Francisco,CA,,0318015,0000 0536 LEAVENWORTH         ST0000,San Francisco,,1925,year_property_built,63.0,number_of_units,MRES,use_code,Multi-Family Residential,use_definition,parsed,parsed,aligned,eligible,DataSF parsed range contains input house number and street matches,2026-10-04T02:11:41+00:00
A0481,6,19,complete,DataSF wv5m-vpq2 (2025 roll),https://data.sfgov.org/resource/wv5m-vpq2.json,2011,536 LEAVENWORTH ST,San Francisco,CA,,0318015,0000 0536 LEAVENWORTH         ST0000,San Francisco,,1925,year_property_built,63.0,number_of_units,MRES,use_code,Multi-Family Residential,use_definition,parsed,parsed,aligned,eligible,DataSF parsed range contains input house number and street matches,2026-10-04T02:11:41+00:00
A0481,7,19,complete,DataSF wv5m-vpq2 (2025 roll),https://data.sfgov.org/resource/wv5m-vpq2.json,2010,536 LEAVENWORTH ST,San Francisco,CA,,0318015,0000 0536 LEAVENWORTH         ST0000,San Francisco,,1925,year_property_built,63.0,number_of_units,MRES,use_code,Multi-Family Residential,use_definition,parsed,parsed,aligned,eligible,DataSF parsed range contains input house number and street matches,2026-10-04T02:11:41+00:00
A0481,8,19,complete,DataSF wv5m-vpq2 (2025 roll),https://data.sfgov.org/resource/wv5m-vpq2.json,2015,536 LEAVENWORTH ST,San Francisco,CA,,0318015,0000 0536 LEAVENWORTH         ST0000,San Francisco,,1925,year_property_built,63.0,number_of_units,MRES,use_code,Multi-Family Residential,use_definition,parsed,parsed,aligned,eligible,DataSF parsed range contains input house number and street matches,2026-10-04T02:11:41+00:00
A0481,9,19,complete,DataSF wv5m-vpq2 (2025 roll),https://data.sfgov.org/resource/wv5m-vpq2.json,2019,536 LEAVENWORTH ST,San Francisco,CA,,0318015,0000 0536 LEAVENWORTH         ST0000,San Francisco,,1925,year_property_built,63.0,number_of_units,MRES,use_code,Multi-Family Residential,use_definition,parsed,parsed,aligned,eligible,DataSF parsed range contains input house number and street matches,2026-10-04T02:11:41+00:00
A0481,10,19,complete,DataSF wv5m-vpq2 (2025 roll),https://data.sfgov.org/resource/wv5m-vpq2.json,2016,536 LEAVENWORTH ST,San Francisco,CA,,0318015,0000 0536 LEAVENWORTH         ST0000,San Francisco,,1925,year_property_built,63.0,number_of_units,MRES,use_code,Multi-Family Residential,use_definition,parsed,parsed,aligned,eligible,DataSF parsed range contains input house number and street matches,2026-10-04T02:11:41+00:00
A0481,11,19,complete,DataSF wv5m-vpq2 (2025 roll),https://data.sfgov.org/resource/wv5m-vpq2.json,2024,536 LEAVENWORTH ST,San Francisco,CA,,0318015,0000 0536 LEAVENWORTH         ST0000,San Francisco,,1925,year_property_built,63.0,number_of_units,MRES,use_code,Multi-Family Residential,use_definition,parsed,parsed,aligned,eligible,DataSF parsed range contains input house number and street matches,2026-10-04T02:11:41+00:00
A0481,12,19,complete,DataSF wv5m-vpq2 (2025 roll),https://data.sfgov.org/resource/wv5m-vpq2.json,2018,536 LEAVENWORTH ST,San Francisco,CA,,0318015,0000 0536 LEAVENWORTH         ST0000,San Francisco,,1925,year_property_built,63.0,number_of_units,MRES,use_code,Multi-Family Residential,use_definition,parsed,parsed,aligned,eligible,DataSF parsed range contains input house number and street matches,2026-10-04T02:11:41+00:00
A0481,13,19,complete,DataSF wv5m-vpq2 (2025 roll),https://data.sfgov.org/resource/wv5m-vpq2.json,2023,536 LEAVENWORTH ST,San Francisco,CA,,0318015,0000 0536 LEAVENWORTH         ST0000,San Francisco,,1925,year_property_built,63.0,number_of_units,MRES,use_code,Multi-Family Residential,use_definition,parsed,parsed,aligned,eligible,DataSF parsed range contains input house number and street matches,2026-10-04T02:11:41+00:00
A0481,14,19,complete,DataSF wv5m-vpq2 (2025 roll),https://data.sfgov.org/resource/wv5m-vpq2.json,2014,536 LEAVENWORTH ST,San Francisco,CA,,0318015,0000 0536 LEAVENWORTH         ST0000,San Francisco,,1925,year_property_built,63.0,number_of_units,MRES,use_code,Multi-Family Residential,use_definition,parsed,parsed,aligned,eligible,DataSF parsed range contains input house number and street matches,2026-10-04T02:11:41+00:00
A0481,15,19,complete,DataSF wv5m-vpq2 (2025 roll),https://data.sfgov.org/resource/wv5m-vpq2.json,2012,536 LEAVENWORTH ST,San Francisco,CA,,0318015,0000 0536 LEAVENWORTH         ST0000,San Francisco,,1925,year_property_built,63.0,number_of_units,MRES,use_code,Multi-Family Residential,use_definition,parsed,parsed,aligned,eligible,DataSF parsed range contains input house number and street matches,2026-10-04T02:11:41+00:00
A0481,16,19,complete,DataSF wv5m-vpq2 (2025 roll),https://data.sfgov.org/resource/wv5m-vpq2.json,2022,536 LEAVENWORTH ST,San Francisco,CA,,0318015,0000 0536 LEAVENWORTH         ST0000,San Francisco,,1925,year_property_built,63.0,number_of_units,MRES,use_code,Multi-Family Residential,use_definition,parsed,parsed,aligned,eligible,DataSF parsed range contains input house number and street matches,2026-10-04T02:11:41+00:00
A0481,17,19,complete,DataSF wv5m-vpq2 (2025 roll),https://data.sfgov.org/resource/wv5m-vpq2.json,2009,536 LEAVENWORTH ST,San Francisco,CA,,0318015,0000 0536 LEAVENWORTH         ST0000,San Francisco,,1925,year_property_built,63.0,number_of_units,MRES,use_code,Multi-Family Residential,use_definition,parsed,parsed,aligned,eligible,DataSF parsed range contains input house number and street matches,2026-10-04T02:11:41+00:00
A0481,18,19,complete,DataSF wv5m-vpq2 (2025 roll),https://data.sfgov.org/resource/wv5m-vpq2.json,2017,536 LEAVENWORTH ST,San Francisco,CA,,0318015,0000 0536 LEAVENWORTH         ST0000,San Francisco,,1925,year_property_built,63.0,number_of_units,MRES,use_code,Multi-Family Residential,use_definition,parsed,parsed,aligned,eligible,DataSF parsed range contains input house number and street matches,2026-10-04T02:11:41+00:00
A0481,19,19,complete,DataSF wv5m-vpq2 (2025 roll),https://data.sfgov.org/resource/wv5m-vpq2.json,2007,536 LEAVENWORTH ST,San Francisco,CA,,0318015,0000 0536 LEAVENWORTH         ST0000,San Francisco,,1925,year_property_built,63.0,number_of_units,MRES,use_code,Multi-Family Residential,use_definition,parsed,parsed,aligned,eligible,DataSF parsed range contains input house number and street matches,2026-10-04T02:11:41+00:00
A0483,1,19,complete,DataSF wv5m-vpq2 (2025 roll),https://data.sfgov.org/resource/wv5m-vpq2.json,2015,1580 MARKET ST,San Francisco,CA,,0836010,1598 1580 MARKET              ST0000,San Francisco,,1917,year_property_built,72.0,number_of_units,MRES,use_code,Multi-Family Residential,use_definition,parsed,parsed,aligned,eligible,DataSF parsed range contains input house number and street matches,2026-10-04T02:11:41+00:00
A0483,2,19,complete,DataSF wv5m-vpq2 (2025 roll),https://data.sfgov.org/resource/wv5m-vpq2.json,2013,1580 MARKET ST,San Francisco,CA,,0836010,1598 1580 MARKET              ST0000,San Francisco,,1917,year_property_built,72.0,number_of_units,MRES,use_code,Multi-Family Residential,use_definition,parsed,parsed,aligned,eligible,DataSF parsed range contains input house number and street matches,2026-10-04T02:11:41+00:00
A0483,3,19,complete,DataSF wv5m-vpq2 (2025 roll),https://data.sfgov.org/resource/wv5m-vpq2.json,2009,1580 MARKET ST,San Francisco,CA,,0836010,1598 1580 MARKET              ST0000,San Francisco,,1917,year_property_built,71.0,number_of_units,MRES,use_code,Multi-Family Residential,use_definition,parsed,parsed,aligned,eligible,DataSF parsed range contains input house number and street matches,2026-10-04T02:11:41+00:00
A0483,4,19,complete,DataSF wv5m-vpq2 (2025 roll),https://data.sfgov.org/resource/wv5m-vpq2.json,2021,1580 MARKET ST,San Francisco,CA,,0836010,1598 1580 MARKET              ST0000,San Francisco,,1917,year_property_built,72.0,number_of_units,MRES,use_code,Multi-Family Residential,use_definition,parsed,parsed,aligned,eligible,DataSF parsed range contains input house number and street matches,2026-10-04T02:11:41+00:00
A0483,5,19,complete,DataSF wv5m-vpq2 (2025 roll),https://data.sfgov.org/resource/wv5m-vpq2.json,2014,1580 MARKET ST,San Francisco,CA,,0836010,1598 1580 MARKET              ST0000,San Francisco,,1917,year_property_built,72.0,number_of_units,MRES,use_code,Multi-Family Residential,use_definition,parsed,parsed,aligned,eligible,DataSF parsed range contains input house number and street matches,2026-10-04T02:11:41+00:00
A0483,6,19,complete,DataSF wv5m-vpq2 (2025 roll),https://data.sfgov.org/resource/wv5m-vpq2.json,2020,1580 MARKET ST,San Francisco,CA,,0836010,1598 1580 MARKET              ST0000,San Francisco,,1917,year_property_built,72.0,number_of_units,MRES,use_code,Multi-Family Residential,use_definition,parsed,parsed,aligned,eligible,DataSF parsed range contains input house number and street matches,2026-10-04T02:11:41+00:00
A0483,7,19,complete,DataSF wv5m-vpq2 (2025 roll),https://data.sfgov.org/resource/wv5m-vpq2.json,2025,1580 MARKET ST,San Francisco,CA,,0836010,1598 1580 MARKET              ST0000,San Francisco,,1917,year_property_built,72.0,number_of_units,MRES,use_code,Multi-Family Residential,use_definition,parsed,parsed,aligned,eligible,DataSF parsed range contains input house number and street matches,2026-10-04T02:11:41+00:00
A0483,8,19,complete,DataSF wv5m-vpq2 (2025 roll),https://data.sfgov.org/resource/wv5m-vpq2.json,2007,1580 MARKET ST,San Francisco,CA,,0836010,1598 1580 MARKET              ST0000,San Francisco,,1917,year_property_built,71.0,number_of_units,MRES,use_code,Multi-Family Residential,use_definition,parsed,parsed,aligned,eligible,DataSF parsed range contains input house number and street matches,2026-10-04T02:11:41+00:00
A0483,9,19,complete,DataSF wv5m-vpq2 (2025 roll),https://data.sfgov.org/resource/wv5m-vpq2.json,2018,1580 MARKET ST,San Francisco,CA,,0836010,1598 1580 MARKET              ST0000,San Francisco,,1917,year_property_built,72.0,number_of_units,MRES,use_code,Multi-Family Residential,use_definition,parsed,parsed,aligned,eligible,DataSF parsed range contains input house number and street matches,2026-10-04T02:11:41+00:00
A0483,10,19,complete,DataSF wv5m-vpq2 (2025 roll),https://data.sfgov.org/resource/wv5m-vpq2.json,2022,1580 MARKET ST,San Francisco,CA,,0836010,1598 1580 MARKET              ST0000,San Francisco,,1917,year_property_built,72.0,number_of_units,MRES,use_code,Multi-Family Residential,use_definition,parsed,parsed,aligned,eligible,DataSF parsed range contains input house number and street matches,2026-10-04T02:11:41+00:00
A0483,11,19,complete,DataSF wv5m-vpq2 (2025 roll),https://data.sfgov.org/resource/wv5m-vpq2.json,2010,1580 MARKET ST,San Francisco,CA,,0836010,1598 1580 MARKET              ST0000,San Francisco,,1917,year_property_built,71.0,number_of_units,MRES,use_code,Multi-Family Residential,use_definition,parsed,parsed,aligned,eligible,DataSF parsed range contains input house number and street matches,2026-10-04T02:11:41+00:00
A0483,12,19,complete,DataSF wv5m-vpq2 (2025 roll),https://data.sfgov.org/resource/wv5m-vpq2.json,2023,1580 MARKET ST,San Francisco,CA,,0836010,1598 1580 MARKET              ST0000,San Francisco,,1917,year_property_built,72.0,number_of_units,MRES,use_code,Multi-Family Residential,use_definition,parsed,parsed,aligned,eligible,DataSF parsed range contains input house number and street matches,2026-10-04T02:11:41+00:00
A0483,13,19,complete,DataSF wv5m-vpq2 (2025 roll),https://data.sfgov.org/resource/wv5m-vpq2.json,2016,1580 MARKET ST,San Francisco,CA,,0836010,1598 1580 MARKET              ST0000,San Francisco,,1917,year_property_built,72.0,number_of_units,MRES,use_code,Multi-Family Residential,use_definition,parsed,parsed,aligned,eligible,DataSF parsed range contains input house number and street matches,2026-10-04T02:11:41+00:00
A0483,14,19,complete,DataSF wv5m-vpq2 (2025 roll),https://data.sfgov.org/resource/wv5m-vpq2.json,2012,1580 MARKET ST,San Francisco,CA,,0836010,1598 1580 MARKET              ST0000,San Francisco,,1917,year_property_built,72.0,number_of_units,MRES,use_code,Multi-Family Residential,use_definition,parsed,parsed,aligned,eligible,DataSF parsed range contains input house number and street matches,2026-10-04T02:11:41+00:00
A0483,15,19,complete,DataSF wv5m-vpq2 (2025 roll),https://data.sfgov.org/resource/wv5m-vpq2.json,2019,1580 MARKET ST,San Francisco,CA,,0836010,1598 1580 MARKET              ST0000,San Francisco,,1917,year_property_built,72.0,number_of_units,MRES,use_code,Multi-Family Residential,use_definition,parsed,parsed,aligned,eligible,DataSF parsed range contains input house number and street matches,2026-10-04T02:11:41+00:00
A0483,16,19,complete,DataSF wv5m-vpq2 (2025 roll),https://data.sfgov.org/resource/wv5m-vpq2.json,2008,1580 MARKET ST,San Francisco,CA,,0836010,1598 1580 MARKET              ST0000,San Francisco,,1917,year_property_built,71.0,number_of_units,MRES,use_code,Multi-Family Residential,use_definition,parsed,parsed,aligned,eligible,DataSF parsed range contains input house number and street matches,2026-10-04T02:11:41+00:00
A0483,17,19,complete,DataSF wv5m-vpq2 (2025 roll),https://data.sfgov.org/resource/wv5m-vpq2.json,2024,1580 MARKET ST,San Francisco,CA,,0836010,1598 1580 MARKET              ST0000,San Francisco,,1917,year_property_built,72.0,number_of_units,MRES,use_code,Multi-Family Residential,use_definition,parsed,parsed,aligned,eligible,DataSF parsed range contains input house number and street matches,2026-10-04T02:11:41+00:00
A0483,18,19,complete,DataSF wv5m-vpq2 (2025 roll),https://data.sfgov.org/resource/wv5m-vpq2.json,2017,1580 MARKET ST,San Francisco,CA,,0836010,1598 1580 MARKET              ST0000,San Francisco,,1917,year_property_built,72.0,number_of_units,MRES,use_code,Multi-Family Residential,use_definition,parsed,parsed,aligned,eligible,DataSF parsed range contains input house number and street matches,2026-10-04T02:11:41+00:00
A0483,19,19,complete,DataSF wv5m-vpq2 (2025 roll),https://data.sfgov.org/resource/wv5m-vpq2.json,2011,1580 MARKET ST,San Francisco,CA,,0836010,1598 1580 MARKET              ST0000,San Francisco,,1917,year_property_built,72.0,number_of_units,MRES,use_code,Multi-Family Residential,use_definition,parsed,parsed,aligned,eligible,DataSF parsed range contains input house number and street matches,2026-10-04T02:11:41+00:00
A0484,1,19,complete,DataSF wv5m-vpq2 (2025 roll),https://data.sfgov.org/resource/wv5m-vpq2.json,2022,1801 08TH AV,San Francisco,CA,,2045001,0000 1801 08TH                AV0000,San Francisco,,1948,year_property_built,5.0,number_of_units,MRES,use_code,Multi-Family Residential,use_definition,parsed,parsed,aligned,eligible,DataSF parsed range contains input house number and street matches,2026-10-04T02:11:41+00:00
A0484,2,19,complete,DataSF wv5m-vpq2 (2025 roll),https://data.sfgov.org/resource/wv5m-vpq2.json,2014,1801 08TH AV,San Francisco,CA,,2045001,0000 1801 08TH                AV0000,San Francisco,,1948,year_property_built,5.0,number_of_units,MRES,use_code,Multi-Family Residential,use_definition,parsed,parsed,aligned,eligible,DataSF parsed range contains input house number and street matches,2026-10-04T02:11:41+00:00
A0484,3,19,complete,DataSF wv5m-vpq2 (2025 roll),https://data.sfgov.org/resource/wv5m-vpq2.json,2021,1801 08TH AV,San Francisco,CA,,2045001,0000 1801 08TH                AV0000,San Francisco,,1948,year_property_built,5.0,number_of_units,MRES,use_code,Multi-Family Residential,use_definition,parsed,parsed,aligned,eligible,DataSF parsed range contains input house number and street matches,2026-10-04T02:11:41+00:00
A0484,4,19,complete,DataSF wv5m-vpq2 (2025 roll),https://data.sfgov.org/resource/wv5m-vpq2.json,2010,1801 08TH AV,San Francisco,CA,,2045001,0000 1801 08TH                AV0000,San Francisco,,1948,year_property_built,5.0,number_of_units,MRES,use_code,Multi-Family Residential,use_definition,parsed,parsed,aligned,eligible,DataSF parsed range contains input house number and street matches,2026-10-04T02:11:41+00:00
A0484,5,19,complete,DataSF wv5m-vpq2 (2025 roll),https://data.sfgov.org/resource/wv5m-vpq2.json,2018,1801 08TH AV,San Francisco,CA,,2045001,0000 1801 08TH                AV0000,San Francisco,,1948,year_property_built,5.0,number_of_units,MRES,use_code,Multi-Family Residential,use_definition,parsed,parsed,aligned,eligible,DataSF parsed range contains input house number and street matches,2026-10-04T02:11:41+00:00
A0484,6,19,complete,DataSF wv5m-vpq2 (2025 roll),https://data.sfgov.org/resource/wv5m-vpq2.json,2020,1801 08TH AV,San Francisco,CA,,2045001,0000 1801 08TH                AV0000,San Francisco,,1948,year_property_built,5.0,number_of_units,MRES,use_code,Multi-Family Residential,use_definition,parsed,parsed,aligned,eligible,DataSF parsed range contains input house number and street matches,2026-10-04T02:11:41+00:00
A0484,7,19,complete,DataSF wv5m-vpq2 (2025 roll),https://data.sfgov.org/resource/wv5m-vpq2.json,2023,1801 08TH AV,San Francisco,CA,,2045001,0000 1801 08TH                AV0000,San Francisco,,1948,year_property_built,5.0,number_of_units,MRES,use_code,Multi-Family Residential,use_definition,parsed,parsed,aligned,eligible,DataSF parsed range contains input house number and street matches,2026-10-04T02:11:41+00:00
A0484,8,19,complete,DataSF wv5m-vpq2 (2025 roll),https://data.sfgov.org/resource/wv5m-vpq2.json,2019,1801 08TH AV,San Francisco,CA,,2045001,0000 1801 08TH                AV0000,San Francisco,,1948,year_property_built,5.0,number_of_units,MRES,use_code,Multi-Family Residential,use_definition,parsed,parsed,aligned,eligible,DataSF parsed range contains input house number and street matches,2026-10-04T02:11:41+00:00
A0484,9,19,complete,DataSF wv5m-vpq2 (2025 roll),https://data.sfgov.org/resource/wv5m-vpq2.json,2011,1801 08TH AV,San Francisco,CA,,2045001,0000 1801 08TH                AV0000,San Francisco,,1948,year_property_built,5.0,number_of_units,MRES,use_code,Multi-Family Residential,use_definition,parsed,parsed,aligned,eligible,DataSF parsed range contains input house number and street matches,2026-10-04T02:11:41+00:00
A0484,10,19,complete,DataSF wv5m-vpq2 (2025 roll),https://data.sfgov.org/resource/wv5m-vpq2.json,2025,1801 08TH AV,San Francisco,CA,,2045001,0000 1801 08TH                AV0000,San Francisco,,1948,year_property_built,5.0,number_of_units,MRES,use_code,Multi-Family Residential,use_definition,parsed,parsed,aligned,eligible,DataSF parsed range contains input house number and street matches,2026-10-04T02:11:41+00:00
A0484,11,19,complete,DataSF wv5m-vpq2 (2025 roll),https://data.sfgov.org/resource/wv5m-vpq2.json,2015,1801 08TH AV,San Francisco,CA,,2045001,0000 1801 08TH                AV0000,San Francisco,,1948,year_property_built,5.0,number_of_units,MRES,use_code,Multi-Family Residential,use_definition,parsed,parsed,aligned,eligible,DataSF parsed range contains input house number and street matches,2026-10-04T02:11:41+00:00
A0484,12,19,complete,DataSF wv5m-vpq2 (2025 roll),https://data.sfgov.org/resource/wv5m-vpq2.json,2024,1801 08TH AV,San Francisco,CA,,2045001,0000 1801 08TH                AV0000,San Francisco,,1948,year_property_built,5.0,number_of_units,MRES,use_code,Multi-Family Residential,use_definition,parsed,parsed,aligned,eligible,DataSF parsed range contains input house number and street matches,2026-10-04T02:11:41+00:00
A0484,13,19,complete,DataSF wv5m-vpq2 (2025 roll),https://data.sfgov.org/resource/wv5m-vpq2.json,2008,1801 08TH AV,San Francisco,CA,,2045001,0000 1801 08TH                AV0000,San Francisco,,1948,year_property_built,5.0,number_of_units,MRES,use_code,Multi-Family Residential,use_definition,parsed,parsed,aligned,eligible,DataSF parsed range contains input house number and street matches,2026-10-04T02:11:41+00:00
A0484,14,19,complete,DataSF wv5m-vpq2 (2025 roll),https://data.sfgov.org/resource/wv5m-vpq2.json,2017,1801 08TH AV,San Francisco,CA,,2045001,0000 1801 08TH                AV0000,San Francisco,,1948,year_property_built,5.0,number_of_units,MRES,use_code,Multi-Family Residential,use_definition,parsed,parsed,aligned,eligible,DataSF parsed range contains input house number and street matches,2026-10-04T02:11:41+00:00
A0484,15,19,complete,DataSF wv5m-vpq2 (2025 roll),https://data.sfgov.org/resource/wv5m-vpq2.json,2016,1801 08TH AV,San Francisco,CA,,2045001,0000 1801 08TH                AV0000,San Francisco,,1948,year_property_built,5.0,number_of_units,MRES,use_code,Multi-Family Residential,use_definition,parsed,parsed,aligned,eligible,DataSF parsed range contains input house number and street matches,2026-10-04T02:11:41+00:00
A0484,16,19,complete,DataSF wv5m-vpq2 (2025 roll),https://data.sfgov.org/resource/wv5m-vpq2.json,2012,1801 08TH AV,San Francisco,CA,,2045001,0000 1801 08TH                AV0000,San Francisco,,1948,year_property_built,5.0,number_of_units,MRES,use_code,Multi-Family Residential,use_definition,parsed,parsed,aligned,eligible,DataSF parsed range contains input house number and street matches,2026-10-04T02:11:41+00:00
A0484,17,19,complete,DataSF wv5m-vpq2 (2025 roll),https://data.sfgov.org/resource/wv5m-vpq2.json,2009,1801 08TH AV,San Francisco,CA,,2045001,0000 1801 08TH                AV0000,San Francisco,,1948,year_property_built,5.0,number_of_units,MRES,use_code,Multi-Family Residential,use_definition,parsed,parsed,aligned,eligible,DataSF parsed range contains input house number and street matches,2026-10-04T02:11:41+00:00
A0484,18,19,complete,DataSF wv5m-vpq2 (2025 roll),https://data.sfgov.org/resource/wv5m-vpq2.json,2013,1801 08TH AV,San Francisco,CA,,2045001,0000 1801 08TH                AV0000,San Francisco,,1948,year_property_built,5.0,number_of_units,MRES,use_code,Multi-Family Residential,use_definition,parsed,parsed,aligned,eligible,DataSF parsed range contains input house number and street matches,2026-10-04T02:11:41+00:00
A0484,19,19,complete,DataSF wv5m-vpq2 (2025 roll),https://data.sfgov.org/resource/wv5m-vpq2.json,2007,1801 08TH AV,San Francisco,CA,,2045001,0000 1801 08TH                AV0000,San Francisco,,1948,year_property_built,5.0,number_of_units,MRES,use_code,Multi-Family Residential,use_definition,parsed,parsed,aligned,eligible,DataSF parsed range contains input house number and street matches,2026-10-04T02:11:41+00:00
A0486,1,19,complete,DataSF wv5m-vpq2 (2025 roll),https://data.sfgov.org/resource/wv5m-vpq2.json,2023,2280 MISSION ST,San Francisco,CA,,3589015,2282 2280 MISSION             ST0000,San Francisco,,1910,year_property_built,9.0,number_of_units,MRES,use_code,Multi-Family Residential,use_definition,parsed,parsed,aligned,eligible,DataSF parsed range contains input house number and street matches,2026-10-04T02:11:41+00:00
A0486,2,19,complete,DataSF wv5m-vpq2 (2025 roll),https://data.sfgov.org/resource/wv5m-vpq2.json,2010,2280 MISSION ST,San Francisco,CA,,3589015,2282 2280 MISSION             ST0000,San Francisco,,1910,year_property_built,9.0,number_of_units,COMM,use_code,Commercial Misc,use_definition,parsed,parsed,aligned,eligible,DataSF parsed range contains input house number and street matches,2026-10-04T02:11:41+00:00
A0486,3,19,complete,DataSF wv5m-vpq2 (2025 roll),https://data.sfgov.org/resource/wv5m-vpq2.json,2014,2280 MISSION ST,San Francisco,CA,,3589015,2282 2280 MISSION             ST0000,San Francisco,,1910,year_property_built,9.0,number_of_units,COMM,use_code,Commercial Misc,use_definition,parsed,parsed,aligned,eligible,DataSF parsed range contains input house number and street matches,2026-10-04T02:11:41+00:00
A0486,4,19,complete,DataSF wv5m-vpq2 (2025 roll),https://data.sfgov.org/resource/wv5m-vpq2.json,2008,2280 MISSION ST,San Francisco,CA,,3589015,2282 2280 MISSION             ST0000,San Francisco,,1910,year_property_built,9.0,number_of_units,COMM,use_code,Commercial Misc,use_definition,parsed,parsed,aligned,eligible,DataSF parsed range contains input house number and street matches,2026-10-04T02:11:41+00:00
A0486,5,19,complete,DataSF wv5m-vpq2 (2025 roll),https://data.sfgov.org/resource/wv5m-vpq2.json,2015,2280 MISSION ST,San Francisco,CA,,3589015,2282 2280 MISSION             ST0000,San Francisco,,1910,year_property_built,9.0,number_of_units,COMM,use_code,Commercial Misc,use_definition,parsed,parsed,aligned,eligible,DataSF parsed range contains input house number and street matches,2026-10-04T02:11:41+00:00
A0486,6,19,complete,DataSF wv5m-vpq2 (2025 roll),https://data.sfgov.org/resource/wv5m-vpq2.json,2020,2280 MISSION ST,San Francisco,CA,,3589015,2282 2280 MISSION             ST0000,San Francisco,,1910,year_property_built,9.0,number_of_units,COMM,use_code,Commercial Misc,use_definition,parsed,parsed,aligned,eligible,DataSF parsed range contains input house number and street matches,2026-10-04T02:11:41+00:00
A0486,7,19,complete,DataSF wv5m-vpq2 (2025 roll),https://data.sfgov.org/resource/wv5m-vpq2.json,2016,2280 MISSION ST,San Francisco,CA,,3589015,2282 2280 MISSION             ST0000,San Francisco,,1910,year_property_built,9.0,number_of_units,COMM,use_code,Commercial Misc,use_definition,parsed,parsed,aligned,eligible,DataSF parsed range contains input house number and street matches,2026-10-04T02:11:41+00:00
A0486,8,19,complete,DataSF wv5m-vpq2 (2025 roll),https://data.sfgov.org/resource/wv5m-vpq2.json,2009,2280 MISSION ST,San Francisco,CA,,3589015,2282 2280 MISSION             ST0000,San Francisco,,1910,year_property_built,9.0,number_of_units,COMM,use_code,Commercial Misc,use_definition,parsed,parsed,aligned,eligible,DataSF parsed range contains input house number and street matches,2026-10-04T02:11:41+00:00
A0486,9,19,complete,DataSF wv5m-vpq2 (2025 roll),https://data.sfgov.org/resource/wv5m-vpq2.json,2012,2280 MISSION ST,San Francisco,CA,,3589015,2282 2280 MISSION             ST0000,San Francisco,,1910,year_property_built,9.0,number_of_units,COMM,use_code,Commercial Misc,use_definition,parsed,parsed,aligned,eligible,DataSF parsed range contains input house number and street matches,2026-10-04T02:11:41+00:00
A0486,10,19,complete,DataSF wv5m-vpq2 (2025 roll),https://data.sfgov.org/resource/wv5m-vpq2.json,2025,2280 MISSION ST,San Francisco,CA,,3589015,2282 2280 MISSION             ST0000,San Francisco,,1910,year_property_built,9.0,number_of_units,MRES,use_code,Multi-Family Residential,use_definition,parsed,parsed,aligned,eligible,DataSF parsed range contains input house number and street matches,2026-10-04T02:11:41+00:00
A0486,11,19,complete,DataSF wv5m-vpq2 (2025 roll),https://data.sfgov.org/resource/wv5m-vpq2.json,2022,2280 MISSION ST,San Francisco,CA,,3589015,2282 2280 MISSION             ST0000,San Francisco,,1910,year_property_built,9.0,number_of_units,MRES,use_code,Multi-Family Residential,use_definition,parsed,parsed,aligned,eligible,DataSF parsed range contains input house number and street matches,2026-10-04T02:11:41+00:00
A0486,12,19,complete,DataSF wv5m-vpq2 (2025 roll),https://data.sfgov.org/resource/wv5m-vpq2.json,2018,2280 MISSION ST,San Francisco,CA,,3589015,2282 2280 MISSION             ST0000,San Francisco,,1910,year_property_built,9.0,number_of_units,COMM,use_code,Commercial Misc,use_definition,parsed,parsed,aligned,eligible,DataSF parsed range contains input house number and street matches,2026-10-04T02:11:41+00:00
A0486,13,19,complete,DataSF wv5m-vpq2 (2025 roll),https://data.sfgov.org/resource/wv5m-vpq2.json,2017,2280 MISSION ST,San Francisco,CA,,3589015,2282 2280 MISSION             ST0000,San Francisco,,1910,year_property_built,9.0,number_of_units,COMM,use_code,Commercial Misc,use_definition,parsed,parsed,aligned,eligible,DataSF parsed range contains input house number and street matches,2026-10-04T02:11:41+00:00
A0486,14,19,complete,DataSF wv5m-vpq2 (2025 roll),https://data.sfgov.org/resource/wv5m-vpq2.json,2011,2280 MISSION ST,San Francisco,CA,,3589015,2282 2280 MISSION             ST0000,San Francisco,,1910,year_property_built,9.0,number_of_units,COMM,use_code,Commercial Misc,use_definition,parsed,parsed,aligned,eligible,DataSF parsed range contains input house number and street matches,2026-10-04T02:11:41+00:00
A0486,15,19,complete,DataSF wv5m-vpq2 (2025 roll),https://data.sfgov.org/resource/wv5m-vpq2.json,2013,2280 MISSION ST,San Francisco,CA,,3589015,2282 2280 MISSION             ST0000,San Francisco,,1910,year_property_built,9.0,number_of_units,COMM,use_code,Commercial Misc,use_definition,parsed,parsed,aligned,eligible,DataSF parsed range contains input house number and street matches,2026-10-04T02:11:41+00:00
A0486,16,19,complete,DataSF wv5m-vpq2 (2025 roll),https://data.sfgov.org/resource/wv5m-vpq2.json,2019,2280 MISSION ST,San Francisco,CA,,3589015,2282 2280 MISSION             ST0000,San Francisco,,1910,year_property_built,9.0,number_of_units,COMM,use_code,Commercial Misc,use_definition,parsed,parsed,aligned,eligible,DataSF parsed range contains input house number and street matches,2026-10-04T02:11:41+00:00
A0486,17,19,complete,DataSF wv5m-vpq2 (2025 roll),https://data.sfgov.org/resource/wv5m-vpq2.json,2021,2280 MISSION ST,San Francisco,CA,,3589015,2282 2280 MISSION             ST0000,San Francisco,,1910,year_property_built,9.0,number_of_units,COMM,use_code,Commercial Misc,use_definition,parsed,parsed,aligned,eligible,DataSF parsed range contains input house number and street matches,2026-10-04T02:11:41+00:00
A0486,18,19,complete,DataSF wv5m-vpq2 (2025 roll),https://data.sfgov.org/resource/wv5m-vpq2.json,2024,2280 MISSION ST,San Francisco,CA,,3589015,2282 2280 MISSION             ST0000,San Francisco,,1910,year_property_built,9.0,number_of_units,MRES,use_code,Multi-Family Residential,use_definition,parsed,parsed,aligned,eligible,DataSF parsed range contains input house number and street matches,2026-10-04T02:11:41+00:00
A0486,19,19,complete,DataSF wv5m-vpq2 (2025 roll),https://data.sfgov.org/resource/wv5m-vpq2.json,2007,2280 MISSION ST,San Francisco,CA,,3589015,2282 2280 MISSION             ST0000,San Francisco,,1910,year_property_built,9.0,number_of_units,COMM,use_code,Commercial Misc,use_definition,parsed,parsed,aligned,eligible,DataSF parsed range contains input house number and street matches,2026-10-04T02:11:41+00:00
A0487,1,19,complete,DataSF wv5m-vpq2 (2025 roll),https://data.sfgov.org/resource/wv5m-vpq2.json,2025,2118 FILLMORE ST,San Francisco,CA,,0636022,2130 2118 FILLMORE            ST0000,San Francisco,,1900,year_property_built,11.0,number_of_units,MRES,use_code,Multi-Family Residential,use_definition,parsed,parsed,aligned,eligible,DataSF parsed range contains input house number and street matches,2026-10-04T02:11:41+00:00
A0487,2,19,complete,DataSF wv5m-vpq2 (2025 roll),https://data.sfgov.org/resource/wv5m-vpq2.json,2008,2118 FILLMORE ST,San Francisco,CA,,0636022,2130 2118 FILLMORE            ST0000,San Francisco,,1900,year_property_built,11.0,number_of_units,COMM,use_code,Commercial Misc,use_definition,parsed,parsed,aligned,eligible,DataSF parsed range contains input house number and street matches,2026-10-04T02:11:41+00:00
A0487,3,19,complete,DataSF wv5m-vpq2 (2025 roll),https://data.sfgov.org/resource/wv5m-vpq2.json,2018,2118 FILLMORE ST,San Francisco,CA,,0636022,2130 2118 FILLMORE            ST0000,San Francisco,,1900,year_property_built,11.0,number_of_units,MRES,use_code,Multi-Family Residential,use_definition,parsed,parsed,aligned,eligible,DataSF parsed range contains input house number and street matches,2026-10-04T02:11:41+00:00
A0487,4,19,complete,DataSF wv5m-vpq2 (2025 roll),https://data.sfgov.org/resource/wv5m-vpq2.json,2020,2118 FILLMORE ST,San Francisco,CA,,0636022,2130 2118 FILLMORE            ST0000,San Francisco,,1900,year_property_built,11.0,number_of_units,MRES,use_code,Multi-Family Residential,use_definition,parsed,parsed,aligned,eligible,DataSF parsed range contains input house number and street matches,2026-10-04T02:11:41+00:00
A0487,5,19,complete,DataSF wv5m-vpq2 (2025 roll),https://data.sfgov.org/resource/wv5m-vpq2.json,2015,2118 FILLMORE ST,San Francisco,CA,,0636022,2130 2118 FILLMORE            ST0000,San Francisco,,1900,year_property_built,11.0,number_of_units,MRES,use_code,Multi-Family Residential,use_definition,parsed,parsed,aligned,eligible,DataSF parsed range contains input house number and street matches,2026-10-04T02:11:41+00:00
A0487,6,19,complete,DataSF wv5m-vpq2 (2025 roll),https://data.sfgov.org/resource/wv5m-vpq2.json,2014,2118 FILLMORE ST,San Francisco,CA,,0636022,2130 2118 FILLMORE            ST0000,San Francisco,,1900,year_property_built,11.0,number_of_units,COMM,use_code,Commercial Misc,use_definition,parsed,parsed,aligned,eligible,DataSF parsed range contains input house number and street matches,2026-10-04T02:11:41+00:00
A0487,7,19,complete,DataSF wv5m-vpq2 (2025 roll),https://data.sfgov.org/resource/wv5m-vpq2.json,2011,2118 FILLMORE ST,San Francisco,CA,,0636022,2130 2118 FILLMORE            ST0000,San Francisco,,1900,year_property_built,11.0,number_of_units,COMM,use_code,Commercial Misc,use_definition,parsed,parsed,aligned,eligible,DataSF parsed range contains input house number and street matches,2026-10-04T02:11:41+00:00
A0487,8,19,complete,DataSF wv5m-vpq2 (2025 roll),https://data.sfgov.org/resource/wv5m-vpq2.json,2022,2118 FILLMORE ST,San Francisco,CA,,0636022,2130 2118 FILLMORE            ST0000,San Francisco,,1900,year_property_built,11.0,number_of_units,MRES,use_code,Multi-Family Residential,use_definition,parsed,parsed,aligned,eligible,DataSF parsed range contains input house number and street matches,2026-10-04T02:11:41+00:00
A0487,9,19,complete,DataSF wv5m-vpq2 (2025 roll),https://data.sfgov.org/resource/wv5m-vpq2.json,2024,2118 FILLMORE ST,San Francisco,CA,,0636022,2130 2118 FILLMORE            ST0000,San Francisco,,1900,year_property_built,11.0,number_of_units,MRES,use_code,Multi-Family Residential,use_definition,parsed,parsed,aligned,eligible,DataSF parsed range contains input house number and street matches,2026-10-04T02:11:41+00:00
A0487,10,19,complete,DataSF wv5m-vpq2 (2025 roll),https://data.sfgov.org/resource/wv5m-vpq2.json,2007,2118 FILLMORE ST,San Francisco,CA,,0636022,2130 2118 FILLMORE            ST0000,San Francisco,,1900,year_property_built,11.0,number_of_units,COMM,use_code,Commercial Misc,use_definition,parsed,parsed,aligned,eligible,DataSF parsed range contains input house number and street matches,2026-10-04T02:11:41+00:00
A0487,11,19,complete,DataSF wv5m-vpq2 (2025 roll),https://data.sfgov.org/resource/wv5m-vpq2.json,2016,2118 FILLMORE ST,San Francisco,CA,,0636022,2130 2118 FILLMORE            ST0000,San Francisco,,1900,year_property_built,11.0,number_of_units,MRES,use_code,Multi-Family Residential,use_definition,parsed,parsed,aligned,eligible,DataSF parsed range contains input house number and street matches,2026-10-04T02:11:41+00:00
A0487,12,19,complete,DataSF wv5m-vpq2 (2025 roll),https://data.sfgov.org/resource/wv5m-vpq2.json,2010,2118 FILLMORE ST,San Francisco,CA,,0636022,2130 2118 FILLMORE            ST0000,San Francisco,,1900,year_property_built,11.0,number_of_units,COMM,use_code,Commercial Misc,use_definition,parsed,parsed,aligned,eligible,DataSF parsed range contains input house number and street matches,2026-10-04T02:11:41+00:00
A0487,13,19,complete,DataSF wv5m-vpq2 (2025 roll),https://data.sfgov.org/resource/wv5m-vpq2.json,2013,2118 FILLMORE ST,San Francisco,CA,,0636022,2130 2118 FILLMORE            ST0000,San Francisco,,1900,year_property_built,11.0,number_of_units,COMM,use_code,Commercial Misc,use_definition,parsed,parsed,aligned,eligible,DataSF parsed range contains input house number and street matches,2026-10-04T02:11:41+00:00
A0487,14,19,complete,DataSF wv5m-vpq2 (2025 roll),https://data.sfgov.org/resource/wv5m-vpq2.json,2021,2118 FILLMORE ST,San Francisco,CA,,0636022,2130 2118 FILLMORE            ST0000,San Francisco,,1900,year_property_built,11.0,number_of_units,MRES,use_code,Multi-Family Residential,use_definition,parsed,parsed,aligned,eligible,DataSF parsed range contains input house number and street matches,2026-10-04T02:11:41+00:00
A0487,15,19,complete,DataSF wv5m-vpq2 (2025 roll),https://data.sfgov.org/resource/wv5m-vpq2.json,2019,2118 FILLMORE ST,San Francisco,CA,,0636022,2130 2118 FILLMORE            ST0000,San Francisco,,1900,year_property_built,11.0,number_of_units,MRES,use_code,Multi-Family Residential,use_definition,parsed,parsed,aligned,eligible,DataSF parsed range contains input house number and street matches,2026-10-04T02:11:41+00:00
A0487,16,19,complete,DataSF wv5m-vpq2 (2025 roll),https://data.sfgov.org/resource/wv5m-vpq2.json,2023,2118 FILLMORE ST,San Francisco,CA,,0636022,2130 2118 FILLMORE            ST0000,San Francisco,,1900,year_property_built,11.0,number_of_units,MRES,use_code,Multi-Family Residential,use_definition,parsed,parsed,aligned,eligible,DataSF parsed range contains input house number and street matches,2026-10-04T02:11:41+00:00
A0487,17,19,complete,DataSF wv5m-vpq2 (2025 roll),https://data.sfgov.org/resource/wv5m-vpq2.json,2009,2118 FILLMORE ST,San Francisco,CA,,0636022,2130 2118 FILLMORE            ST0000,San Francisco,,1900,year_property_built,11.0,number_of_units,COMM,use_code,Commercial Misc,use_definition,parsed,parsed,aligned,eligible,DataSF parsed range contains input house number and street matches,2026-10-04T02:11:41+00:00
A0487,18,19,complete,DataSF wv5m-vpq2 (2025 roll),https://data.sfgov.org/resource/wv5m-vpq2.json,2017,2118 FILLMORE ST,San Francisco,CA,,0636022,2130 2118 FILLMORE            ST0000,San Francisco,,1900,year_property_built,11.0,number_of_units,MRES,use_code,Multi-Family Residential,use_definition,parsed,parsed,aligned,eligible,DataSF parsed range contains input house number and street matches,2026-10-04T02:11:41+00:00
A0487,19,19,complete,DataSF wv5m-vpq2 (2025 roll),https://data.sfgov.org/resource/wv5m-vpq2.json,2012,2118 FILLMORE ST,San Francisco,CA,,0636022,2130 2118 FILLMORE            ST0000,San Francisco,,1900,year_property_built,11.0,number_of_units,COMM,use_code,Commercial Misc,use_definition,parsed,parsed,aligned,eligible,DataSF parsed range contains input house number and street matches,2026-10-04T02:11:41+00:00
A0493,1,19,complete,DataSF wv5m-vpq2 (2025 roll),https://data.sfgov.org/resource/wv5m-vpq2.json,2023,4450 GEARY BL,San Francisco,CA,,1440021,0000 4450 GEARY               BL0000,San Francisco,,1916,year_property_built,10.0,number_of_units,MRES,use_code,Multi-Family Residential,use_definition,parsed,parsed,aligned,eligible,DataSF parsed range contains input house number and street matches,2026-10-04T02:11:41+00:00
A0493,2,19,complete,DataSF wv5m-vpq2 (2025 roll),https://data.sfgov.org/resource/wv5m-vpq2.json,2016,4450 GEARY BL,San Francisco,CA,,1440021,0000 4450 GEARY               BL0000,San Francisco,,1916,year_property_built,10.0,number_of_units,MRES,use_code,Multi-Family Residential,use_definition,parsed,parsed,aligned,eligible,DataSF parsed range contains input house number and street matches,2026-10-04T02:11:41+00:00
A0493,3,19,complete,DataSF wv5m-vpq2 (2025 roll),https://data.sfgov.org/resource/wv5m-vpq2.json,2017,4450 GEARY BL,San Francisco,CA,,1440021,0000 4450 GEARY               BL0000,San Francisco,,1916,year_property_built,10.0,number_of_units,MRES,use_code,Multi-Family Residential,use_definition,parsed,parsed,aligned,eligible,DataSF parsed range contains input house number and street matches,2026-10-04T02:11:41+00:00
A0493,4,19,complete,DataSF wv5m-vpq2 (2025 roll),https://data.sfgov.org/resource/wv5m-vpq2.json,2021,4450 GEARY BL,San Francisco,CA,,1440021,0000 4450 GEARY               BL0000,San Francisco,,1916,year_property_built,10.0,number_of_units,MRES,use_code,Multi-Family Residential,use_definition,parsed,parsed,aligned,eligible,DataSF parsed range contains input house number and street matches,2026-10-04T02:11:41+00:00
A0493,5,19,complete,DataSF wv5m-vpq2 (2025 roll),https://data.sfgov.org/resource/wv5m-vpq2.json,2015,4450 GEARY BL,San Francisco,CA,,1440021,0000 4450 GEARY               BL0000,San Francisco,,1916,year_property_built,10.0,number_of_units,MRES,use_code,Multi-Family Residential,use_definition,parsed,parsed,aligned,eligible,DataSF parsed range contains input house number and street matches,2026-10-04T02:11:41+00:00
A0493,6,19,complete,DataSF wv5m-vpq2 (2025 roll),https://data.sfgov.org/resource/wv5m-vpq2.json,2014,4450 GEARY BL,San Francisco,CA,,1440021,0000 4450 GEARY               BL0000,San Francisco,,1916,year_property_built,10.0,number_of_units,MRES,use_code,Multi-Family Residential,use_definition,parsed,parsed,aligned,eligible,DataSF parsed range contains input house number and street matches,2026-10-04T02:11:41+00:00
A0493,7,19,complete,DataSF wv5m-vpq2 (2025 roll),https://data.sfgov.org/resource/wv5m-vpq2.json,2007,4450 GEARY BL,San Francisco,CA,,1440021,0000 4450 GEARY               BL0000,San Francisco,,1916,year_property_built,10.0,number_of_units,MRES,use_code,Multi-Family Residential,use_definition,parsed,parsed,aligned,eligible,DataSF parsed range contains input house number and street matches,2026-10-04T02:11:41+00:00
A0493,8,19,complete,DataSF wv5m-vpq2 (2025 roll),https://data.sfgov.org/resource/wv5m-vpq2.json,2018,4450 GEARY BL,San Francisco,CA,,1440021,0000 4450 GEARY               BL0000,San Francisco,,1916,year_property_built,10.0,number_of_units,MRES,use_code,Multi-Family Residential,use_definition,parsed,parsed,aligned,eligible,DataSF parsed range contains input house number and street matches,2026-10-04T02:11:41+00:00
A0493,9,19,complete,DataSF wv5m-vpq2 (2025 roll),https://data.sfgov.org/resource/wv5m-vpq2.json,2025,4450 GEARY BL,San Francisco,CA,,1440021,0000 4450 GEARY               BL0000,San Francisco,,1916,year_property_built,10.0,number_of_units,MRES,use_code,Multi-Family Residential,use_definition,parsed,parsed,aligned,eligible,DataSF parsed range contains input house number and street matches,2026-10-04T02:11:41+00:00
A0493,10,19,complete,DataSF wv5m-vpq2 (2025 roll),https://data.sfgov.org/resource/wv5m-vpq2.json,2019,4450 GEARY BL,San Francisco,CA,,1440021,0000 4450 GEARY               BL0000,San Francisco,,1916,year_property_built,10.0,number_of_units,MRES,use_code,Multi-Family Residential,use_definition,parsed,parsed,aligned,eligible,DataSF parsed range contains input house number and street matches,2026-10-04T02:11:41+00:00
A0493,11,19,complete,DataSF wv5m-vpq2 (2025 roll),https://data.sfgov.org/resource/wv5m-vpq2.json,2008,4450 GEARY BL,San Francisco,CA,,1440021,0000 4450 GEARY               BL0000,San Francisco,,1916,year_property_built,10.0,number_of_units,MRES,use_code,Multi-Family Residential,use_definition,parsed,parsed,aligned,eligible,DataSF parsed range contains input house number and street matches,2026-10-04T02:11:41+00:00
A0493,12,19,complete,DataSF wv5m-vpq2 (2025 roll),https://data.sfgov.org/resource/wv5m-vpq2.json,2010,4450 GEARY BL,San Francisco,CA,,1440021,0000 4450 GEARY               BL0000,San Francisco,,1916,year_property_built,10.0,number_of_units,MRES,use_code,Multi-Family Residential,use_definition,parsed,parsed,aligned,eligible,DataSF parsed range contains input house number and street matches,2026-10-04T02:11:41+00:00
A0493,13,19,complete,DataSF wv5m-vpq2 (2025 roll),https://data.sfgov.org/resource/wv5m-vpq2.json,2020,4450 GEARY BL,San Francisco,CA,,1440021,0000 4450 GEARY               BL0000,San Francisco,,1916,year_property_built,10.0,number_of_units,MRES,use_code,Multi-Family Residential,use_definition,parsed,parsed,aligned,eligible,DataSF parsed range contains input house number and street matches,2026-10-04T02:11:41+00:00
A0493,14,19,complete,DataSF wv5m-vpq2 (2025 roll),https://data.sfgov.org/resource/wv5m-vpq2.json,2012,4450 GEARY BL,San Francisco,CA,,1440021,0000 4450 GEARY               BL0000,San Francisco,,1916,year_property_built,10.0,number_of_units,MRES,use_code,Multi-Family Residential,use_definition,parsed,parsed,aligned,eligible,DataSF parsed range contains input house number and street matches,2026-10-04T02:11:41+00:00
A0493,15,19,complete,DataSF wv5m-vpq2 (2025 roll),https://data.sfgov.org/resource/wv5m-vpq2.json,2011,4450 GEARY BL,San Francisco,CA,,1440021,0000 4450 GEARY               BL0000,San Francisco,,1916,year_property_built,10.0,number_of_units,MRES,use_code,Multi-Family Residential,use_definition,parsed,parsed,aligned,eligible,DataSF parsed range contains input house number and street matches,2026-10-04T02:11:41+00:00
A0493,16,19,complete,DataSF wv5m-vpq2 (2025 roll),https://data.sfgov.org/resource/wv5m-vpq2.json,2009,4450 GEARY BL,San Francisco,CA,,1440021,0000 4450 GEARY               BL0000,San Francisco,,1916,year_property_built,10.0,number_of_units,MRES,use_code,Multi-Family Residential,use_definition,parsed,parsed,aligned,eligible,DataSF parsed range contains input house number and street matches,2026-10-04T02:11:41+00:00
A0493,17,19,complete,DataSF wv5m-vpq2 (2025 roll),https://data.sfgov.org/resource/wv5m-vpq2.json,2013,4450 GEARY BL,San Francisco,CA,,1440021,0000 4450 GEARY               BL0000,San Francisco,,1916,year_property_built,10.0,number_of_units,MRES,use_code,Multi-Family Residential,use_definition,parsed,parsed,aligned,eligible,DataSF parsed range contains input house number and street matches,2026-10-04T02:11:41+00:00
A0493,18,19,complete,DataSF wv5m-vpq2 (2025 roll),https://data.sfgov.org/resource/wv5m-vpq2.json,2022,4450 GEARY BL,San Francisco,CA,,1440021,0000 4450 GEARY               BL0000,San Francisco,,1916,year_property_built,10.0,number_of_units,MRES,use_code,Multi-Family Residential,use_definition,parsed,parsed,aligned,eligible,DataSF parsed range contains input house number and street matches,2026-10-04T02:11:41+00:00
A0493,19,19,complete,DataSF wv5m-vpq2 (2025 roll),https://data.sfgov.org/resource/wv5m-vpq2.json,2024,4450 GEARY BL,San Francisco,CA,,1440021,0000 4450 GEARY               BL0000,San Francisco,,1916,year_property_built,10.0,number_of_units,MRES,use_code,Multi-Family Residential,use_definition,parsed,parsed,aligned,eligible,DataSF parsed range contains input house number and street matches,2026-10-04T02:11:41+00:00
A0494,1,19,complete,DataSF wv5m-vpq2 (2025 roll),https://data.sfgov.org/resource/wv5m-vpq2.json,2024,2641 FRANKLIN ST,San Francisco,CA,,0528001D,0000 2641 FRANKLIN            ST0000,San Francisco,,1923,year_property_built,6.0,number_of_units,MRES,use_code,Multi-Family Residential,use_definition,parsed,parsed,aligned,eligible,DataSF parsed range contains input house number and street matches,2026-10-04T02:11:41+00:00
A0494,2,19,complete,DataSF wv5m-vpq2 (2025 roll),https://data.sfgov.org/resource/wv5m-vpq2.json,2019,2641 FRANKLIN ST,San Francisco,CA,,0528001D,0000 2641 FRANKLIN            ST0000,San Francisco,,1923,year_property_built,6.0,number_of_units,MRES,use_code,Multi-Family Residential,use_definition,parsed,parsed,aligned,eligible,DataSF parsed range contains input house number and street matches,2026-10-04T02:11:41+00:00
A0494,3,19,complete,DataSF wv5m-vpq2 (2025 roll),https://data.sfgov.org/resource/wv5m-vpq2.json,2013,2641 FRANKLIN ST,San Francisco,CA,,0528001D,0000 2641 FRANKLIN            ST0000,San Francisco,,1923,year_property_built,6.0,number_of_units,MRES,use_code,Multi-Family Residential,use_definition,parsed,parsed,aligned,eligible,DataSF parsed range contains input house number and street matches,2026-10-04T02:11:41+00:00
A0494,4,19,complete,DataSF wv5m-vpq2 (2025 roll),https://data.sfgov.org/resource/wv5m-vpq2.json,2011,2641 FRANKLIN ST,San Francisco,CA,,0528001D,0000 2641 FRANKLIN            ST0000,San Francisco,,1923,year_property_built,6.0,number_of_units,MRES,use_code,Multi-Family Residential,use_definition,parsed,parsed,aligned,eligible,DataSF parsed range contains input house number and street matches,2026-10-04T02:11:41+00:00
A0494,5,19,complete,DataSF wv5m-vpq2 (2025 roll),https://data.sfgov.org/resource/wv5m-vpq2.json,2022,2641 FRANKLIN ST,San Francisco,CA,,0528001D,0000 2641 FRANKLIN            ST0000,San Francisco,,1923,year_property_built,6.0,number_of_units,MRES,use_code,Multi-Family Residential,use_definition,parsed,parsed,aligned,eligible,DataSF parsed range contains input house number and street matches,2026-10-04T02:11:41+00:00
A0494,6,19,complete,DataSF wv5m-vpq2 (2025 roll),https://data.sfgov.org/resource/wv5m-vpq2.json,2014,2641 FRANKLIN ST,San Francisco,CA,,0528001D,0000 2641 FRANKLIN            ST0000,San Francisco,,1923,year_property_built,6.0,number_of_units,MRES,use_code,Multi-Family Residential,use_definition,parsed,parsed,aligned,eligible,DataSF parsed range contains input house number and street matches,2026-10-04T02:11:41+00:00
A0494,7,19,complete,DataSF wv5m-vpq2 (2025 roll),https://data.sfgov.org/resource/wv5m-vpq2.json,2012,2641 FRANKLIN ST,San Francisco,CA,,0528001D,0000 2641 FRANKLIN            ST0000,San Francisco,,1923,year_property_built,6.0,number_of_units,MRES,use_code,Multi-Family Residential,use_definition,parsed,parsed,aligned,eligible,DataSF parsed range contains input house number and street matches,2026-10-04T02:11:41+00:00
A0494,8,19,complete,DataSF wv5m-vpq2 (2025 roll),https://data.sfgov.org/resource/wv5m-vpq2.json,2015,2641 FRANKLIN ST,San Francisco,CA,,0528001D,0000 2641 FRANKLIN            ST0000,San Francisco,,1923,year_property_built,6.0,number_of_units,MRES,use_code,Multi-Family Residential,use_definition,parsed,parsed,aligned,eligible,DataSF parsed range contains input house number and street matches,2026-10-04T02:11:41+00:00
A0494,9,19,complete,DataSF wv5m-vpq2 (2025 roll),https://data.sfgov.org/resource/wv5m-vpq2.json,2016,2641 FRANKLIN ST,San Francisco,CA,,0528001D,0000 2641 FRANKLIN            ST0000,San Francisco,,1923,year_property_built,6.0,number_of_units,MRES,use_code,Multi-Family Residential,use_definition,parsed,parsed,aligned,eligible,DataSF parsed range contains input house number and street matches,2026-10-04T02:11:41+00:00
A0494,10,19,complete,DataSF wv5m-vpq2 (2025 roll),https://data.sfgov.org/resource/wv5m-vpq2.json,2018,2641 FRANKLIN ST,San Francisco,CA,,0528001D,0000 2641 FRANKLIN            ST0000,San Francisco,,1923,year_property_built,6.0,number_of_units,MRES,use_code,Multi-Family Residential,use_definition,parsed,parsed,aligned,eligible,DataSF parsed range contains input house number and street matches,2026-10-04T02:11:41+00:00
A0494,11,19,complete,DataSF wv5m-vpq2 (2025 roll),https://data.sfgov.org/resource/wv5m-vpq2.json,2007,2641 FRANKLIN ST,San Francisco,CA,,0528001D,0000 2641 FRANKLIN            ST0000,San Francisco,,1923,year_property_built,6.0,number_of_units,MRES,use_code,Multi-Family Residential,use_definition,parsed,parsed,aligned,eligible,DataSF parsed range contains input house number and street matches,2026-10-04T02:11:41+00:00
A0494,12,19,complete,DataSF wv5m-vpq2 (2025 roll),https://data.sfgov.org/resource/wv5m-vpq2.json,2010,2641 FRANKLIN ST,San Francisco,CA,,0528001D,0000 2641 FRANKLIN            ST0000,San Francisco,,1923,year_property_built,6.0,number_of_units,MRES,use_code,Multi-Family Residential,use_definition,parsed,parsed,aligned,eligible,DataSF parsed range contains input house number and street matches,2026-10-04T02:11:41+00:00
A0494,13,19,complete,DataSF wv5m-vpq2 (2025 roll),https://data.sfgov.org/resource/wv5m-vpq2.json,2009,2641 FRANKLIN ST,San Francisco,CA,,0528001D,0000 2641 FRANKLIN            ST0000,San Francisco,,1923,year_property_built,6.0,number_of_units,MRES,use_code,Multi-Family Residential,use_definition,parsed,parsed,aligned,eligible,DataSF parsed range contains input house number and street matches,2026-10-04T02:11:41+00:00
A0494,14,19,complete,DataSF wv5m-vpq2 (2025 roll),https://data.sfgov.org/resource/wv5m-vpq2.json,2017,2641 FRANKLIN ST,San Francisco,CA,,0528001D,0000 2641 FRANKLIN            ST0000,San Francisco,,1923,year_property_built,6.0,number_of_units,MRES,use_code,Multi-Family Residential,use_definition,parsed,parsed,aligned,eligible,DataSF parsed range contains input house number and street matches,2026-10-04T02:11:41+00:00
A0494,15,19,complete,DataSF wv5m-vpq2 (2025 roll),https://data.sfgov.org/resource/wv5m-vpq2.json,2008,2641 FRANKLIN ST,San Francisco,CA,,0528001D,0000 2641 FRANKLIN            ST0000,San Francisco,,1923,year_property_built,6.0,number_of_units,MRES,use_code,Multi-Family Residential,use_definition,parsed,parsed,aligned,eligible,DataSF parsed range contains input house number and street matches,2026-10-04T02:11:41+00:00
A0494,16,19,complete,DataSF wv5m-vpq2 (2025 roll),https://data.sfgov.org/resource/wv5m-vpq2.json,2020,2641 FRANKLIN ST,San Francisco,CA,,0528001D,0000 2641 FRANKLIN            ST0000,San Francisco,,1923,year_property_built,6.0,number_of_units,MRES,use_code,Multi-Family Residential,use_definition,parsed,parsed,aligned,eligible,DataSF parsed range contains input house number and street matches,2026-10-04T02:11:41+00:00
A0494,17,19,complete,DataSF wv5m-vpq2 (2025 roll),https://data.sfgov.org/resource/wv5m-vpq2.json,2023,2641 FRANKLIN ST,San Francisco,CA,,0528001D,0000 2641 FRANKLIN            ST0000,San Francisco,,1923,year_property_built,6.0,number_of_units,MRES,use_code,Multi-Family Residential,use_definition,parsed,parsed,aligned,eligible,DataSF parsed range contains input house number and street matches,2026-10-04T02:11:41+00:00
A0494,18,19,complete,DataSF wv5m-vpq2 (2025 roll),https://data.sfgov.org/resource/wv5m-vpq2.json,2025,2641 FRANKLIN ST,San Francisco,CA,,0528001D,0000 2641 FRANKLIN            ST0000,San Francisco,,1923,year_property_built,6.0,number_of_units,MRES,use_code,Multi-Family Residential,use_definition,parsed,parsed,aligned,eligible,DataSF parsed range contains input house number and street matches,2026-10-04T02:11:41+00:00
A0494,19,19,complete,DataSF wv5m-vpq2 (2025 roll),https://data.sfgov.org/resource/wv5m-vpq2.json,2021,2641 FRANKLIN ST,San Francisco,CA,,0528001D,0000 2641 FRANKLIN            ST0000,San Francisco,,1923,year_property_built,6.0,number_of_units,MRES,use_code,Multi-Family Residential,use_definition,parsed,parsed,aligned,eligible,DataSF parsed range contains input house number and street matches,2026-10-04T02:11:41+00:00
