audit_id,address_id,field_name,candidate_values,distinct_non_null_count,resolved_value,decision_status,decision_rule,source_dataset,source_url,processed_at
A0001:year_built,A0001,year_built,1927,1,1927,consistent,one_distinct_to_value,LA County eGIS parcels,https://cache.gis.lacounty.gov/cache/rest/services/LACounty_Cache/LACounty_Parcel/FeatureServer/0,2026-10-04T02:11:41+00:00
A0001:units,A0001,units,32,1,32,consistent,one_distinct_to_value,LA County eGIS parcels,https://cache.gis.lacounty.gov/cache/rest/services/LACounty_Cache/LACounty_Parcel/FeatureServer/0,2026-10-04T02:11:41+00:00
A0001:use_code,A0001,use_code,0500,1,0500,consistent,one_distinct_to_value,LA County eGIS parcels,https://cache.gis.lacounty.gov/cache/rest/services/LACounty_Cache/LACounty_Parcel/FeatureServer/0,2026-10-04T02:11:41+00:00
A0001:use_description,A0001,use_description,Five or more apartments,1,Five or more apartments,consistent,one_distinct_to_value,LA County eGIS parcels,https://cache.gis.lacounty.gov/cache/rest/services/LACounty_Cache/LACounty_Parcel/FeatureServer/0,2026-10-04T02:11:41+00:00
A0002:year_built,A0002,year_built,2001,1,2001,consistent,one_distinct_to_value,NJOGIS Parcels & MOD-IV Composite,https://services2.arcgis.com/XVOqAjTOJ5P6ngMu/arcgis/rest/services/Parcels_Composite_NJ_WM/FeatureServer/0,2026-10-04T02:11:41+00:00
A0002:units,A0002,units,20,1,20,consistent,one_distinct_to_value,NJOGIS Parcels & MOD-IV Composite,https://services2.arcgis.com/XVOqAjTOJ5P6ngMu/arcgis/rest/services/Parcels_Composite_NJ_WM/FeatureServer/0,2026-10-04T02:11:41+00:00
A0002:use_code,A0002,use_code,4C,1,4C,consistent,one_distinct_to_value,NJOGIS Parcels & MOD-IV Composite,https://services2.arcgis.com/XVOqAjTOJ5P6ngMu/arcgis/rest/services/Parcels_Composite_NJ_WM/FeatureServer/0,2026-10-04T02:11:41+00:00
A0002:use_description,A0002,use_description,,0,unknown,missing,zero_distinct_to_unknown,NJOGIS Parcels & MOD-IV Composite,https://services2.arcgis.com/XVOqAjTOJ5P6ngMu/arcgis/rest/services/Parcels_Composite_NJ_WM/FeatureServer/0,2026-10-04T02:11:41+00:00
A0003:year_built,A0003,year_built,1907,1,unknown,address_not_aligned,reject_unaligned_address,NJOGIS Parcels & MOD-IV Composite,https://services2.arcgis.com/XVOqAjTOJ5P6ngMu/arcgis/rest/services/Parcels_Composite_NJ_WM/FeatureServer/0,2026-10-04T02:11:41+00:00
A0003:units,A0003,units,2,1,unknown,address_not_aligned,reject_unaligned_address,NJOGIS Parcels & MOD-IV Composite,https://services2.arcgis.com/XVOqAjTOJ5P6ngMu/arcgis/rest/services/Parcels_Composite_NJ_WM/FeatureServer/0,2026-10-04T02:11:41+00:00
A0003:use_code,A0003,use_code,2,1,unknown,address_not_aligned,reject_unaligned_address,NJOGIS Parcels & MOD-IV Composite,https://services2.arcgis.com/XVOqAjTOJ5P6ngMu/arcgis/rest/services/Parcels_Composite_NJ_WM/FeatureServer/0,2026-10-04T02:11:41+00:00
A0003:use_description,A0003,use_description,,0,unknown,address_not_aligned,reject_unaligned_address,NJOGIS Parcels & MOD-IV Composite,https://services2.arcgis.com/XVOqAjTOJ5P6ngMu/arcgis/rest/services/Parcels_Composite_NJ_WM/FeatureServer/0,2026-10-04T02:11:41+00:00
A0004:year_built,A0004,year_built,1964,1,1964,consistent,one_distinct_to_value,LA County eGIS parcels,https://cache.gis.lacounty.gov/cache/rest/services/LACounty_Cache/LACounty_Parcel/FeatureServer/0,2026-10-04T02:11:41+00:00
A0004:units,A0004,units,39,1,39,consistent,one_distinct_to_value,LA County eGIS parcels,https://cache.gis.lacounty.gov/cache/rest/services/LACounty_Cache/LACounty_Parcel/FeatureServer/0,2026-10-04T02:11:41+00:00
A0004:use_code,A0004,use_code,0500,1,0500,consistent,one_distinct_to_value,LA County eGIS parcels,https://cache.gis.lacounty.gov/cache/rest/services/LACounty_Cache/LACounty_Parcel/FeatureServer/0,2026-10-04T02:11:41+00:00
A0004:use_description,A0004,use_description,Five or more apartments,1,Five or more apartments,consistent,one_distinct_to_value,LA County eGIS parcels,https://cache.gis.lacounty.gov/cache/rest/services/LACounty_Cache/LACounty_Parcel/FeatureServer/0,2026-10-04T02:11:41+00:00
A0005:year_built,A0005,year_built,,0,unknown,missing,zero_distinct_to_unknown,Alameda County parcels,https://gis.cityofberkeley.info/arcgis3/rest/services/Public/GISPortal/MapServer/1,2026-10-04T02:11:41+00:00
A0005:units,A0005,units,6,1,6,consistent,one_distinct_to_value,Alameda County parcels,https://gis.cityofberkeley.info/arcgis3/rest/services/Public/GISPortal/MapServer/1,2026-10-04T02:11:41+00:00
A0005:use_code,A0005,use_code,7700,1,7700,consistent,one_distinct_to_value,Alameda County parcels,https://gis.cityofberkeley.info/arcgis3/rest/services/Public/GISPortal/MapServer/1,2026-10-04T02:11:41+00:00
A0005:use_description,A0005,use_description,,0,unknown,missing,zero_distinct_to_unknown,Alameda County parcels,https://gis.cityofberkeley.info/arcgis3/rest/services/Public/GISPortal/MapServer/1,2026-10-04T02:11:41+00:00
A0006:year_built,A0006,year_built,1900,1,1900,consistent,one_distinct_to_value,Boston Property Assessment FY2026,https://data.boston.gov/dataset/e02c44d2-3c64-459c-8fe2-e1ce5f38a035/resource/ee73430d-96c0-423e-ad21-c4cfb54c8961/download/fy2026-property-assessment-data_rev.csv,2026-10-04T02:11:41+00:00
A0006:units,A0006,units,,0,unknown,missing,zero_distinct_to_unknown,Boston Property Assessment FY2026,https://data.boston.gov/dataset/e02c44d2-3c64-459c-8fe2-e1ce5f38a035/resource/ee73430d-96c0-423e-ad21-c4cfb54c8961/download/fy2026-property-assessment-data_rev.csv,2026-10-04T02:11:41+00:00
A0006:use_code,A0006,use_code,A,1,A,consistent,one_distinct_to_value,Boston Property Assessment FY2026,https://data.boston.gov/dataset/e02c44d2-3c64-459c-8fe2-e1ce5f38a035/resource/ee73430d-96c0-423e-ad21-c4cfb54c8961/download/fy2026-property-assessment-data_rev.csv,2026-10-04T02:11:41+00:00
A0006:use_description,A0006,use_description,SUBSD HOUSING S- 8,1,SUBSD HOUSING S- 8,consistent,one_distinct_to_value,Boston Property Assessment FY2026,https://data.boston.gov/dataset/e02c44d2-3c64-459c-8fe2-e1ce5f38a035/resource/ee73430d-96c0-423e-ad21-c4cfb54c8961/download/fy2026-property-assessment-data_rev.csv,2026-10-04T02:11:41+00:00
A0007:year_built,A0007,year_built,1913,1,1913,consistent,one_distinct_to_value,LA County eGIS parcels,https://cache.gis.lacounty.gov/cache/rest/services/LACounty_Cache/LACounty_Parcel/FeatureServer/0,2026-10-04T02:11:41+00:00
A0007:units,A0007,units,4,1,4,consistent,one_distinct_to_value,LA County eGIS parcels,https://cache.gis.lacounty.gov/cache/rest/services/LACounty_Cache/LACounty_Parcel/FeatureServer/0,2026-10-04T02:11:41+00:00
A0007:use_code,A0007,use_code,0500,1,0500,consistent,one_distinct_to_value,LA County eGIS parcels,https://cache.gis.lacounty.gov/cache/rest/services/LACounty_Cache/LACounty_Parcel/FeatureServer/0,2026-10-04T02:11:41+00:00
A0007:use_description,A0007,use_description,Five or more apartments,1,Five or more apartments,consistent,one_distinct_to_value,LA County eGIS parcels,https://cache.gis.lacounty.gov/cache/rest/services/LACounty_Cache/LACounty_Parcel/FeatureServer/0,2026-10-04T02:11:41+00:00
A0008:year_built,A0008,year_built,,0,unknown,address_not_aligned,reject_unaligned_address,NJOGIS Parcels & MOD-IV Composite,https://services2.arcgis.com/XVOqAjTOJ5P6ngMu/arcgis/rest/services/Parcels_Composite_NJ_WM/FeatureServer/0,2026-10-04T02:11:41+00:00
A0008:units,A0008,units,,0,unknown,address_not_aligned,reject_unaligned_address,NJOGIS Parcels & MOD-IV Composite,https://services2.arcgis.com/XVOqAjTOJ5P6ngMu/arcgis/rest/services/Parcels_Composite_NJ_WM/FeatureServer/0,2026-10-04T02:11:41+00:00
A0008:use_code,A0008,use_code,4C,1,unknown,address_not_aligned,reject_unaligned_address,NJOGIS Parcels & MOD-IV Composite,https://services2.arcgis.com/XVOqAjTOJ5P6ngMu/arcgis/rest/services/Parcels_Composite_NJ_WM/FeatureServer/0,2026-10-04T02:11:41+00:00
A0008:use_description,A0008,use_description,021,1,unknown,address_not_aligned,reject_unaligned_address,NJOGIS Parcels & MOD-IV Composite,https://services2.arcgis.com/XVOqAjTOJ5P6ngMu/arcgis/rest/services/Parcels_Composite_NJ_WM/FeatureServer/0,2026-10-04T02:11:41+00:00
A0009:year_built,A0009,year_built,1915,1,1915,consistent,one_distinct_to_value,Cambridge Property Database FY2026 (waa7-ibdu),https://data.cambridgema.gov/resource/waa7-ibdu.json,2026-10-04T02:11:41+00:00
A0009:units,A0009,units,6,1,6,consistent,one_distinct_to_value,Cambridge Property Database FY2026 (waa7-ibdu),https://data.cambridgema.gov/resource/waa7-ibdu.json,2026-10-04T02:11:41+00:00
A0009:use_code,A0009,use_code,111,1,111,consistent,one_distinct_to_value,Cambridge Property Database FY2026 (waa7-ibdu),https://data.cambridgema.gov/resource/waa7-ibdu.json,2026-10-04T02:11:41+00:00
A0009:use_description,A0009,use_description,4-8-UNIT-APT,1,4-8-UNIT-APT,consistent,one_distinct_to_value,Cambridge Property Database FY2026 (waa7-ibdu),https://data.cambridgema.gov/resource/waa7-ibdu.json,2026-10-04T02:11:41+00:00
A0010:year_built,A0010,year_built,1915,1,1915,consistent,one_distinct_to_value,Cambridge Property Database FY2026 (waa7-ibdu),https://data.cambridgema.gov/resource/waa7-ibdu.json,2026-10-04T02:11:41+00:00
A0010:units,A0010,units,6,1,6,consistent,one_distinct_to_value,Cambridge Property Database FY2026 (waa7-ibdu),https://data.cambridgema.gov/resource/waa7-ibdu.json,2026-10-04T02:11:41+00:00
A0010:use_code,A0010,use_code,111,1,111,consistent,one_distinct_to_value,Cambridge Property Database FY2026 (waa7-ibdu),https://data.cambridgema.gov/resource/waa7-ibdu.json,2026-10-04T02:11:41+00:00
A0010:use_description,A0010,use_description,4-8-UNIT-APT,1,4-8-UNIT-APT,consistent,one_distinct_to_value,Cambridge Property Database FY2026 (waa7-ibdu),https://data.cambridgema.gov/resource/waa7-ibdu.json,2026-10-04T02:11:41+00:00
A0011:year_built,A0011,year_built,,0,unknown,missing,zero_distinct_to_unknown,NJOGIS Parcels & MOD-IV Composite,https://services2.arcgis.com/XVOqAjTOJ5P6ngMu/arcgis/rest/services/Parcels_Composite_NJ_WM/FeatureServer/0,2026-10-04T02:11:41+00:00
A0011:units,A0011,units,1,1,1,consistent,one_distinct_to_value,NJOGIS Parcels & MOD-IV Composite,https://services2.arcgis.com/XVOqAjTOJ5P6ngMu/arcgis/rest/services/Parcels_Composite_NJ_WM/FeatureServer/0,2026-10-04T02:11:41+00:00
A0011:use_code,A0011,use_code,4C,1,4C,consistent,one_distinct_to_value,NJOGIS Parcels & MOD-IV Composite,https://services2.arcgis.com/XVOqAjTOJ5P6ngMu/arcgis/rest/services/Parcels_Composite_NJ_WM/FeatureServer/0,2026-10-04T02:11:41+00:00
A0011:use_description,A0011,use_description,029,1,029,consistent,one_distinct_to_value,NJOGIS Parcels & MOD-IV Composite,https://services2.arcgis.com/XVOqAjTOJ5P6ngMu/arcgis/rest/services/Parcels_Composite_NJ_WM/FeatureServer/0,2026-10-04T02:11:41+00:00
A0012:year_built,A0012,year_built,1900,1,1900,consistent,one_distinct_to_value,NJOGIS Parcels & MOD-IV Composite,https://services2.arcgis.com/XVOqAjTOJ5P6ngMu/arcgis/rest/services/Parcels_Composite_NJ_WM/FeatureServer/0,2026-10-04T02:11:41+00:00
A0012:units,A0012,units,,0,unknown,missing,zero_distinct_to_unknown,NJOGIS Parcels & MOD-IV Composite,https://services2.arcgis.com/XVOqAjTOJ5P6ngMu/arcgis/rest/services/Parcels_Composite_NJ_WM/FeatureServer/0,2026-10-04T02:11:41+00:00
A0012:use_code,A0012,use_code,4C,1,4C,consistent,one_distinct_to_value,NJOGIS Parcels & MOD-IV Composite,https://services2.arcgis.com/XVOqAjTOJ5P6ngMu/arcgis/rest/services/Parcels_Composite_NJ_WM/FeatureServer/0,2026-10-04T02:11:41+00:00
A0012:use_description,A0012,use_description,029,1,029,consistent,one_distinct_to_value,NJOGIS Parcels & MOD-IV Composite,https://services2.arcgis.com/XVOqAjTOJ5P6ngMu/arcgis/rest/services/Parcels_Composite_NJ_WM/FeatureServer/0,2026-10-04T02:11:41+00:00
A0013:year_built,A0013,year_built,,0,unknown,missing,zero_distinct_to_unknown,NJOGIS Parcels & MOD-IV Composite,https://services2.arcgis.com/XVOqAjTOJ5P6ngMu/arcgis/rest/services/Parcels_Composite_NJ_WM/FeatureServer/0,2026-10-04T02:11:41+00:00
A0013:units,A0013,units,1,1,1,consistent,one_distinct_to_value,NJOGIS Parcels & MOD-IV Composite,https://services2.arcgis.com/XVOqAjTOJ5P6ngMu/arcgis/rest/services/Parcels_Composite_NJ_WM/FeatureServer/0,2026-10-04T02:11:41+00:00
A0013:use_code,A0013,use_code,4C,1,4C,consistent,one_distinct_to_value,NJOGIS Parcels & MOD-IV Composite,https://services2.arcgis.com/XVOqAjTOJ5P6ngMu/arcgis/rest/services/Parcels_Composite_NJ_WM/FeatureServer/0,2026-10-04T02:11:41+00:00
A0013:use_description,A0013,use_description,029,1,029,consistent,one_distinct_to_value,NJOGIS Parcels & MOD-IV Composite,https://services2.arcgis.com/XVOqAjTOJ5P6ngMu/arcgis/rest/services/Parcels_Composite_NJ_WM/FeatureServer/0,2026-10-04T02:11:41+00:00
A0014:year_built,A0014,year_built,1947,1,1947,consistent,one_distinct_to_value,LA County eGIS parcels,https://cache.gis.lacounty.gov/cache/rest/services/LACounty_Cache/LACounty_Parcel/FeatureServer/0,2026-10-04T02:11:41+00:00
A0014:units,A0014,units,7,1,7,consistent,one_distinct_to_value,LA County eGIS parcels,https://cache.gis.lacounty.gov/cache/rest/services/LACounty_Cache/LACounty_Parcel/FeatureServer/0,2026-10-04T02:11:41+00:00
A0014:use_code,A0014,use_code,0500,1,0500,consistent,one_distinct_to_value,LA County eGIS parcels,https://cache.gis.lacounty.gov/cache/rest/services/LACounty_Cache/LACounty_Parcel/FeatureServer/0,2026-10-04T02:11:41+00:00
A0014:use_description,A0014,use_description,Five or more apartments,1,Five or more apartments,consistent,one_distinct_to_value,LA County eGIS parcels,https://cache.gis.lacounty.gov/cache/rest/services/LACounty_Cache/LACounty_Parcel/FeatureServer/0,2026-10-04T02:11:41+00:00
A0015:year_built,A0015,year_built,1930,1,1930,consistent,one_distinct_to_value,Cambridge Property Database FY2026 (waa7-ibdu),https://data.cambridgema.gov/resource/waa7-ibdu.json,2026-10-04T02:11:41+00:00
A0015:units,A0015,units,83,1,83,consistent,one_distinct_to_value,Cambridge Property Database FY2026 (waa7-ibdu),https://data.cambridgema.gov/resource/waa7-ibdu.json,2026-10-04T02:11:41+00:00
A0015:use_code,A0015,use_code,112,1,112,consistent,one_distinct_to_value,Cambridge Property Database FY2026 (waa7-ibdu),https://data.cambridgema.gov/resource/waa7-ibdu.json,2026-10-04T02:11:41+00:00
A0015:use_description,A0015,use_description,>8-UNIT-APT,1,>8-UNIT-APT,consistent,one_distinct_to_value,Cambridge Property Database FY2026 (waa7-ibdu),https://data.cambridgema.gov/resource/waa7-ibdu.json,2026-10-04T02:11:41+00:00
A0017:year_built,A0017,year_built,,0,unknown,missing,zero_distinct_to_unknown,NJOGIS Parcels & MOD-IV Composite,https://services2.arcgis.com/XVOqAjTOJ5P6ngMu/arcgis/rest/services/Parcels_Composite_NJ_WM/FeatureServer/0,2026-10-04T02:11:41+00:00
A0017:units,A0017,units,,0,unknown,missing,zero_distinct_to_unknown,NJOGIS Parcels & MOD-IV Composite,https://services2.arcgis.com/XVOqAjTOJ5P6ngMu/arcgis/rest/services/Parcels_Composite_NJ_WM/FeatureServer/0,2026-10-04T02:11:41+00:00
A0017:use_code,A0017,use_code,4C,1,4C,consistent,one_distinct_to_value,NJOGIS Parcels & MOD-IV Composite,https://services2.arcgis.com/XVOqAjTOJ5P6ngMu/arcgis/rest/services/Parcels_Composite_NJ_WM/FeatureServer/0,2026-10-04T02:11:41+00:00
A0017:use_description,A0017,use_description,029,1,029,consistent,one_distinct_to_value,NJOGIS Parcels & MOD-IV Composite,https://services2.arcgis.com/XVOqAjTOJ5P6ngMu/arcgis/rest/services/Parcels_Composite_NJ_WM/FeatureServer/0,2026-10-04T02:11:41+00:00
A0018:year_built,A0018,year_built,,0,unknown,missing,zero_distinct_to_unknown,Alameda County parcels,https://gis.cityofberkeley.info/arcgis3/rest/services/Public/GISPortal/MapServer/1,2026-10-04T02:11:41+00:00
A0018:units,A0018,units,5,1,5,consistent,one_distinct_to_value,Alameda County parcels,https://gis.cityofberkeley.info/arcgis3/rest/services/Public/GISPortal/MapServer/1,2026-10-04T02:11:41+00:00
A0018:use_code,A0018,use_code,7200,1,7200,consistent,one_distinct_to_value,Alameda County parcels,https://gis.cityofberkeley.info/arcgis3/rest/services/Public/GISPortal/MapServer/1,2026-10-04T02:11:41+00:00
A0018:use_description,A0018,use_description,,0,unknown,missing,zero_distinct_to_unknown,Alameda County parcels,https://gis.cityofberkeley.info/arcgis3/rest/services/Public/GISPortal/MapServer/1,2026-10-04T02:11:41+00:00
A0019:year_built,A0019,year_built,62,1,62,consistent,one_distinct_to_value,SANDAG/SanGIS parcels,https://geo.sandag.org/server/rest/services/hosted/Parcels/FeatureServer/0,2026-10-04T02:11:41+00:00
A0019:units,A0019,units,16,1,16,consistent,one_distinct_to_value,SANDAG/SanGIS parcels,https://geo.sandag.org/server/rest/services/hosted/Parcels/FeatureServer/0,2026-10-04T02:11:41+00:00
A0019:use_code,A0019,use_code,15,1,15,consistent,one_distinct_to_value,SANDAG/SanGIS parcels,https://geo.sandag.org/server/rest/services/hosted/Parcels/FeatureServer/0,2026-10-04T02:11:41+00:00
A0019:use_description,A0019,use_description,,0,unknown,missing,zero_distinct_to_unknown,SANDAG/SanGIS parcels,https://geo.sandag.org/server/rest/services/hosted/Parcels/FeatureServer/0,2026-10-04T02:11:41+00:00
A0020:year_built,A0020,year_built,,0,unknown,missing,zero_distinct_to_unknown,NJOGIS Parcels & MOD-IV Composite,https://services2.arcgis.com/XVOqAjTOJ5P6ngMu/arcgis/rest/services/Parcels_Composite_NJ_WM/FeatureServer/0,2026-10-04T02:11:41+00:00
A0020:units,A0020,units,1,1,1,consistent,one_distinct_to_value,NJOGIS Parcels & MOD-IV Composite,https://services2.arcgis.com/XVOqAjTOJ5P6ngMu/arcgis/rest/services/Parcels_Composite_NJ_WM/FeatureServer/0,2026-10-04T02:11:41+00:00
A0020:use_code,A0020,use_code,4C,1,4C,consistent,one_distinct_to_value,NJOGIS Parcels & MOD-IV Composite,https://services2.arcgis.com/XVOqAjTOJ5P6ngMu/arcgis/rest/services/Parcels_Composite_NJ_WM/FeatureServer/0,2026-10-04T02:11:41+00:00
A0020:use_description,A0020,use_description,029,1,029,consistent,one_distinct_to_value,NJOGIS Parcels & MOD-IV Composite,https://services2.arcgis.com/XVOqAjTOJ5P6ngMu/arcgis/rest/services/Parcels_Composite_NJ_WM/FeatureServer/0,2026-10-04T02:11:41+00:00
A0022:year_built,A0022,year_built,2012,1,2012,consistent,one_distinct_to_value,LA County eGIS parcels,https://cache.gis.lacounty.gov/cache/rest/services/LACounty_Cache/LACounty_Parcel/FeatureServer/0,2026-10-04T02:11:41+00:00
A0022:units,A0022,units,5,1,5,consistent,one_distinct_to_value,LA County eGIS parcels,https://cache.gis.lacounty.gov/cache/rest/services/LACounty_Cache/LACounty_Parcel/FeatureServer/0,2026-10-04T02:11:41+00:00
A0022:use_code,A0022,use_code,0500,1,0500,consistent,one_distinct_to_value,LA County eGIS parcels,https://cache.gis.lacounty.gov/cache/rest/services/LACounty_Cache/LACounty_Parcel/FeatureServer/0,2026-10-04T02:11:41+00:00
A0022:use_description,A0022,use_description,Five or more apartments,1,Five or more apartments,consistent,one_distinct_to_value,LA County eGIS parcels,https://cache.gis.lacounty.gov/cache/rest/services/LACounty_Cache/LACounty_Parcel/FeatureServer/0,2026-10-04T02:11:41+00:00
A0023:year_built,A0023,year_built,1987,1,1987,consistent,one_distinct_to_value,LA County eGIS parcels,https://cache.gis.lacounty.gov/cache/rest/services/LACounty_Cache/LACounty_Parcel/FeatureServer/0,2026-10-04T02:11:41+00:00
A0023:units,A0023,units,33,1,33,consistent,one_distinct_to_value,LA County eGIS parcels,https://cache.gis.lacounty.gov/cache/rest/services/LACounty_Cache/LACounty_Parcel/FeatureServer/0,2026-10-04T02:11:41+00:00
A0023:use_code,A0023,use_code,0500,1,0500,consistent,one_distinct_to_value,LA County eGIS parcels,https://cache.gis.lacounty.gov/cache/rest/services/LACounty_Cache/LACounty_Parcel/FeatureServer/0,2026-10-04T02:11:41+00:00
A0023:use_description,A0023,use_description,Five or more apartments,1,Five or more apartments,consistent,one_distinct_to_value,LA County eGIS parcels,https://cache.gis.lacounty.gov/cache/rest/services/LACounty_Cache/LACounty_Parcel/FeatureServer/0,2026-10-04T02:11:41+00:00
A0024:year_built,A0024,year_built,1920,1,1920,consistent,one_distinct_to_value,Cambridge Property Database FY2026 (waa7-ibdu),https://data.cambridgema.gov/resource/waa7-ibdu.json,2026-10-04T02:11:41+00:00
A0024:units,A0024,units,6,1,6,consistent,one_distinct_to_value,Cambridge Property Database FY2026 (waa7-ibdu),https://data.cambridgema.gov/resource/waa7-ibdu.json,2026-10-04T02:11:41+00:00
A0024:use_code,A0024,use_code,111,1,111,consistent,one_distinct_to_value,Cambridge Property Database FY2026 (waa7-ibdu),https://data.cambridgema.gov/resource/waa7-ibdu.json,2026-10-04T02:11:41+00:00
A0024:use_description,A0024,use_description,4-8-UNIT-APT,1,4-8-UNIT-APT,consistent,one_distinct_to_value,Cambridge Property Database FY2026 (waa7-ibdu),https://data.cambridgema.gov/resource/waa7-ibdu.json,2026-10-04T02:11:41+00:00
A0025:year_built,A0025,year_built,,0,unknown,missing,zero_distinct_to_unknown,Alameda County parcels,https://gis.cityofberkeley.info/arcgis3/rest/services/Public/GISPortal/MapServer/1,2026-10-04T02:11:41+00:00
A0025:units,A0025,units,10,1,10,consistent,one_distinct_to_value,Alameda County parcels,https://gis.cityofberkeley.info/arcgis3/rest/services/Public/GISPortal/MapServer/1,2026-10-04T02:11:41+00:00
A0025:use_code,A0025,use_code,7700,1,7700,consistent,one_distinct_to_value,Alameda County parcels,https://gis.cityofberkeley.info/arcgis3/rest/services/Public/GISPortal/MapServer/1,2026-10-04T02:11:41+00:00
A0025:use_description,A0025,use_description,,0,unknown,missing,zero_distinct_to_unknown,Alameda County parcels,https://gis.cityofberkeley.info/arcgis3/rest/services/Public/GISPortal/MapServer/1,2026-10-04T02:11:41+00:00
A0026:year_built,A0026,year_built,1901,1,1901,consistent,one_distinct_to_value,NJOGIS Parcels & MOD-IV Composite,https://services2.arcgis.com/XVOqAjTOJ5P6ngMu/arcgis/rest/services/Parcels_Composite_NJ_WM/FeatureServer/0,2026-10-04T02:11:41+00:00
A0026:units,A0026,units,,0,unknown,missing,zero_distinct_to_unknown,NJOGIS Parcels & MOD-IV Composite,https://services2.arcgis.com/XVOqAjTOJ5P6ngMu/arcgis/rest/services/Parcels_Composite_NJ_WM/FeatureServer/0,2026-10-04T02:11:41+00:00
A0026:use_code,A0026,use_code,4C,1,4C,consistent,one_distinct_to_value,NJOGIS Parcels & MOD-IV Composite,https://services2.arcgis.com/XVOqAjTOJ5P6ngMu/arcgis/rest/services/Parcels_Composite_NJ_WM/FeatureServer/0,2026-10-04T02:11:41+00:00
A0026:use_description,A0026,use_description,,0,unknown,missing,zero_distinct_to_unknown,NJOGIS Parcels & MOD-IV Composite,https://services2.arcgis.com/XVOqAjTOJ5P6ngMu/arcgis/rest/services/Parcels_Composite_NJ_WM/FeatureServer/0,2026-10-04T02:11:41+00:00
A0028:year_built,A0028,year_built,1910,1,unknown,address_not_aligned,reject_unaligned_address,NJOGIS Parcels & MOD-IV Composite,https://services2.arcgis.com/XVOqAjTOJ5P6ngMu/arcgis/rest/services/Parcels_Composite_NJ_WM/FeatureServer/0,2026-10-04T02:11:41+00:00
A0028:units,A0028,units,3,1,unknown,address_not_aligned,reject_unaligned_address,NJOGIS Parcels & MOD-IV Composite,https://services2.arcgis.com/XVOqAjTOJ5P6ngMu/arcgis/rest/services/Parcels_Composite_NJ_WM/FeatureServer/0,2026-10-04T02:11:41+00:00
A0028:use_code,A0028,use_code,2,1,unknown,address_not_aligned,reject_unaligned_address,NJOGIS Parcels & MOD-IV Composite,https://services2.arcgis.com/XVOqAjTOJ5P6ngMu/arcgis/rest/services/Parcels_Composite_NJ_WM/FeatureServer/0,2026-10-04T02:11:41+00:00
A0028:use_description,A0028,use_description,,0,unknown,address_not_aligned,reject_unaligned_address,NJOGIS Parcels & MOD-IV Composite,https://services2.arcgis.com/XVOqAjTOJ5P6ngMu/arcgis/rest/services/Parcels_Composite_NJ_WM/FeatureServer/0,2026-10-04T02:11:41+00:00
A0029:year_built,A0029,year_built,,0,unknown,missing,zero_distinct_to_unknown,NJOGIS Parcels & MOD-IV Composite,https://services2.arcgis.com/XVOqAjTOJ5P6ngMu/arcgis/rest/services/Parcels_Composite_NJ_WM/FeatureServer/0,2026-10-04T02:11:41+00:00
A0029:units,A0029,units,1,1,1,consistent,one_distinct_to_value,NJOGIS Parcels & MOD-IV Composite,https://services2.arcgis.com/XVOqAjTOJ5P6ngMu/arcgis/rest/services/Parcels_Composite_NJ_WM/FeatureServer/0,2026-10-04T02:11:41+00:00
A0029:use_code,A0029,use_code,4C,1,4C,consistent,one_distinct_to_value,NJOGIS Parcels & MOD-IV Composite,https://services2.arcgis.com/XVOqAjTOJ5P6ngMu/arcgis/rest/services/Parcels_Composite_NJ_WM/FeatureServer/0,2026-10-04T02:11:41+00:00
A0029:use_description,A0029,use_description,029,1,029,consistent,one_distinct_to_value,NJOGIS Parcels & MOD-IV Composite,https://services2.arcgis.com/XVOqAjTOJ5P6ngMu/arcgis/rest/services/Parcels_Composite_NJ_WM/FeatureServer/0,2026-10-04T02:11:41+00:00
A0031:year_built,A0031,year_built,1911,1,1911,consistent,one_distinct_to_value,LA County eGIS parcels,https://cache.gis.lacounty.gov/cache/rest/services/LACounty_Cache/LACounty_Parcel/FeatureServer/0,2026-10-04T02:11:41+00:00
A0031:units,A0031,units,1,1,1,consistent,one_distinct_to_value,LA County eGIS parcels,https://cache.gis.lacounty.gov/cache/rest/services/LACounty_Cache/LACounty_Parcel/FeatureServer/0,2026-10-04T02:11:41+00:00
A0031:use_code,A0031,use_code,0500,1,0500,consistent,one_distinct_to_value,LA County eGIS parcels,https://cache.gis.lacounty.gov/cache/rest/services/LACounty_Cache/LACounty_Parcel/FeatureServer/0,2026-10-04T02:11:41+00:00
A0031:use_description,A0031,use_description,Five or more apartments,1,Five or more apartments,consistent,one_distinct_to_value,LA County eGIS parcels,https://cache.gis.lacounty.gov/cache/rest/services/LACounty_Cache/LACounty_Parcel/FeatureServer/0,2026-10-04T02:11:41+00:00
A0032:year_built,A0032,year_built,,0,unknown,missing,zero_distinct_to_unknown,NJOGIS Parcels & MOD-IV Composite,https://services2.arcgis.com/XVOqAjTOJ5P6ngMu/arcgis/rest/services/Parcels_Composite_NJ_WM/FeatureServer/0,2026-10-04T02:11:41+00:00
A0032:units,A0032,units,,0,unknown,missing,zero_distinct_to_unknown,NJOGIS Parcels & MOD-IV Composite,https://services2.arcgis.com/XVOqAjTOJ5P6ngMu/arcgis/rest/services/Parcels_Composite_NJ_WM/FeatureServer/0,2026-10-04T02:11:41+00:00
A0032:use_code,A0032,use_code,4C,1,4C,consistent,one_distinct_to_value,NJOGIS Parcels & MOD-IV Composite,https://services2.arcgis.com/XVOqAjTOJ5P6ngMu/arcgis/rest/services/Parcels_Composite_NJ_WM/FeatureServer/0,2026-10-04T02:11:41+00:00
A0032:use_description,A0032,use_description,,0,unknown,missing,zero_distinct_to_unknown,NJOGIS Parcels & MOD-IV Composite,https://services2.arcgis.com/XVOqAjTOJ5P6ngMu/arcgis/rest/services/Parcels_Composite_NJ_WM/FeatureServer/0,2026-10-04T02:11:41+00:00
A0034:year_built,A0034,year_built,1886,1,1886,consistent,one_distinct_to_value,Cambridge Property Database FY2026 (waa7-ibdu),https://data.cambridgema.gov/resource/waa7-ibdu.json,2026-10-04T02:11:41+00:00
A0034:units,A0034,units,6,1,6,consistent,one_distinct_to_value,Cambridge Property Database FY2026 (waa7-ibdu),https://data.cambridgema.gov/resource/waa7-ibdu.json,2026-10-04T02:11:41+00:00
A0034:use_code,A0034,use_code,111,1,111,consistent,one_distinct_to_value,Cambridge Property Database FY2026 (waa7-ibdu),https://data.cambridgema.gov/resource/waa7-ibdu.json,2026-10-04T02:11:41+00:00
A0034:use_description,A0034,use_description,4-8-UNIT-APT,1,4-8-UNIT-APT,consistent,one_distinct_to_value,Cambridge Property Database FY2026 (waa7-ibdu),https://data.cambridgema.gov/resource/waa7-ibdu.json,2026-10-04T02:11:41+00:00
A0035:year_built,A0035,year_built,1997,1,1997,consistent,one_distinct_to_value,LA County eGIS parcels,https://cache.gis.lacounty.gov/cache/rest/services/LACounty_Cache/LACounty_Parcel/FeatureServer/0,2026-10-04T02:11:41+00:00
A0035:units,A0035,units,14,1,14,consistent,one_distinct_to_value,LA County eGIS parcels,https://cache.gis.lacounty.gov/cache/rest/services/LACounty_Cache/LACounty_Parcel/FeatureServer/0,2026-10-04T02:11:41+00:00
A0035:use_code,A0035,use_code,0500,1,0500,consistent,one_distinct_to_value,LA County eGIS parcels,https://cache.gis.lacounty.gov/cache/rest/services/LACounty_Cache/LACounty_Parcel/FeatureServer/0,2026-10-04T02:11:41+00:00
A0035:use_description,A0035,use_description,Five or more apartments,1,Five or more apartments,consistent,one_distinct_to_value,LA County eGIS parcels,https://cache.gis.lacounty.gov/cache/rest/services/LACounty_Cache/LACounty_Parcel/FeatureServer/0,2026-10-04T02:11:41+00:00
A0036:year_built,A0036,year_built,2019,1,2019,consistent,one_distinct_to_value,Boston Property Assessment FY2026,https://data.boston.gov/dataset/e02c44d2-3c64-459c-8fe2-e1ce5f38a035/resource/ee73430d-96c0-423e-ad21-c4cfb54c8961/download/fy2026-property-assessment-data_rev.csv,2026-10-04T02:11:41+00:00
A0036:units,A0036,units,,0,unknown,missing,zero_distinct_to_unknown,Boston Property Assessment FY2026,https://data.boston.gov/dataset/e02c44d2-3c64-459c-8fe2-e1ce5f38a035/resource/ee73430d-96c0-423e-ad21-c4cfb54c8961/download/fy2026-property-assessment-data_rev.csv,2026-10-04T02:11:41+00:00
A0036:use_code,A0036,use_code,A,1,A,consistent,one_distinct_to_value,Boston Property Assessment FY2026,https://data.boston.gov/dataset/e02c44d2-3c64-459c-8fe2-e1ce5f38a035/resource/ee73430d-96c0-423e-ad21-c4cfb54c8961/download/fy2026-property-assessment-data_rev.csv,2026-10-04T02:11:41+00:00
A0036:use_description,A0036,use_description,APT 7-30 UNITS,1,APT 7-30 UNITS,consistent,one_distinct_to_value,Boston Property Assessment FY2026,https://data.boston.gov/dataset/e02c44d2-3c64-459c-8fe2-e1ce5f38a035/resource/ee73430d-96c0-423e-ad21-c4cfb54c8961/download/fy2026-property-assessment-data_rev.csv,2026-10-04T02:11:41+00:00
A0037:year_built,A0037,year_built,2001,1,2001,consistent,one_distinct_to_value,LA County eGIS parcels,https://cache.gis.lacounty.gov/cache/rest/services/LACounty_Cache/LACounty_Parcel/FeatureServer/0,2026-10-04T02:11:41+00:00
A0037:units,A0037,units,47,1,47,consistent,one_distinct_to_value,LA County eGIS parcels,https://cache.gis.lacounty.gov/cache/rest/services/LACounty_Cache/LACounty_Parcel/FeatureServer/0,2026-10-04T02:11:41+00:00
A0037:use_code,A0037,use_code,0500,1,0500,consistent,one_distinct_to_value,LA County eGIS parcels,https://cache.gis.lacounty.gov/cache/rest/services/LACounty_Cache/LACounty_Parcel/FeatureServer/0,2026-10-04T02:11:41+00:00
A0037:use_description,A0037,use_description,Five or more apartments,1,Five or more apartments,consistent,one_distinct_to_value,LA County eGIS parcels,https://cache.gis.lacounty.gov/cache/rest/services/LACounty_Cache/LACounty_Parcel/FeatureServer/0,2026-10-04T02:11:41+00:00
A0039:year_built,A0039,year_built,1910,1,1910,consistent,one_distinct_to_value,Cambridge Property Database FY2026 (waa7-ibdu),https://data.cambridgema.gov/resource/waa7-ibdu.json,2026-10-04T02:11:41+00:00
A0039:units,A0039,units,32,1,32,consistent,one_distinct_to_value,Cambridge Property Database FY2026 (waa7-ibdu),https://data.cambridgema.gov/resource/waa7-ibdu.json,2026-10-04T02:11:41+00:00
A0039:use_code,A0039,use_code,112,1,112,consistent,one_distinct_to_value,Cambridge Property Database FY2026 (waa7-ibdu),https://data.cambridgema.gov/resource/waa7-ibdu.json,2026-10-04T02:11:41+00:00
A0039:use_description,A0039,use_description,>8-UNIT-APT,1,>8-UNIT-APT,consistent,one_distinct_to_value,Cambridge Property Database FY2026 (waa7-ibdu),https://data.cambridgema.gov/resource/waa7-ibdu.json,2026-10-04T02:11:41+00:00
A0040:year_built,A0040,year_built,,0,unknown,missing,zero_distinct_to_unknown,NJOGIS Parcels & MOD-IV Composite,https://services2.arcgis.com/XVOqAjTOJ5P6ngMu/arcgis/rest/services/Parcels_Composite_NJ_WM/FeatureServer/0,2026-10-04T02:11:41+00:00
A0040:units,A0040,units,31,1,31,consistent,one_distinct_to_value,NJOGIS Parcels & MOD-IV Composite,https://services2.arcgis.com/XVOqAjTOJ5P6ngMu/arcgis/rest/services/Parcels_Composite_NJ_WM/FeatureServer/0,2026-10-04T02:11:41+00:00
A0040:use_code,A0040,use_code,4C,1,4C,consistent,one_distinct_to_value,NJOGIS Parcels & MOD-IV Composite,https://services2.arcgis.com/XVOqAjTOJ5P6ngMu/arcgis/rest/services/Parcels_Composite_NJ_WM/FeatureServer/0,2026-10-04T02:11:41+00:00
A0040:use_description,A0040,use_description,,0,unknown,missing,zero_distinct_to_unknown,NJOGIS Parcels & MOD-IV Composite,https://services2.arcgis.com/XVOqAjTOJ5P6ngMu/arcgis/rest/services/Parcels_Composite_NJ_WM/FeatureServer/0,2026-10-04T02:11:41+00:00
A0042:year_built,A0042,year_built,1912,1,1912,consistent,one_distinct_to_value,NJOGIS Parcels & MOD-IV Composite,https://services2.arcgis.com/XVOqAjTOJ5P6ngMu/arcgis/rest/services/Parcels_Composite_NJ_WM/FeatureServer/0,2026-10-04T02:11:41+00:00
A0042:units,A0042,units,,0,unknown,missing,zero_distinct_to_unknown,NJOGIS Parcels & MOD-IV Composite,https://services2.arcgis.com/XVOqAjTOJ5P6ngMu/arcgis/rest/services/Parcels_Composite_NJ_WM/FeatureServer/0,2026-10-04T02:11:41+00:00
A0042:use_code,A0042,use_code,4C,1,4C,consistent,one_distinct_to_value,NJOGIS Parcels & MOD-IV Composite,https://services2.arcgis.com/XVOqAjTOJ5P6ngMu/arcgis/rest/services/Parcels_Composite_NJ_WM/FeatureServer/0,2026-10-04T02:11:41+00:00
A0042:use_description,A0042,use_description,,0,unknown,missing,zero_distinct_to_unknown,NJOGIS Parcels & MOD-IV Composite,https://services2.arcgis.com/XVOqAjTOJ5P6ngMu/arcgis/rest/services/Parcels_Composite_NJ_WM/FeatureServer/0,2026-10-04T02:11:41+00:00
A0043:year_built,A0043,year_built,1920,1,1920,consistent,one_distinct_to_value,Cambridge Property Database FY2026 (waa7-ibdu),https://data.cambridgema.gov/resource/waa7-ibdu.json,2026-10-04T02:11:41+00:00
A0043:units,A0043,units,6,1,6,consistent,one_distinct_to_value,Cambridge Property Database FY2026 (waa7-ibdu),https://data.cambridgema.gov/resource/waa7-ibdu.json,2026-10-04T02:11:41+00:00
A0043:use_code,A0043,use_code,111,1,111,consistent,one_distinct_to_value,Cambridge Property Database FY2026 (waa7-ibdu),https://data.cambridgema.gov/resource/waa7-ibdu.json,2026-10-04T02:11:41+00:00
A0043:use_description,A0043,use_description,4-8-UNIT-APT,1,4-8-UNIT-APT,consistent,one_distinct_to_value,Cambridge Property Database FY2026 (waa7-ibdu),https://data.cambridgema.gov/resource/waa7-ibdu.json,2026-10-04T02:11:41+00:00
A0044:year_built,A0044,year_built,,0,unknown,missing,zero_distinct_to_unknown,NJOGIS Parcels & MOD-IV Composite,https://services2.arcgis.com/XVOqAjTOJ5P6ngMu/arcgis/rest/services/Parcels_Composite_NJ_WM/FeatureServer/0,2026-10-04T02:11:41+00:00
A0044:units,A0044,units,1,1,1,consistent,one_distinct_to_value,NJOGIS Parcels & MOD-IV Composite,https://services2.arcgis.com/XVOqAjTOJ5P6ngMu/arcgis/rest/services/Parcels_Composite_NJ_WM/FeatureServer/0,2026-10-04T02:11:41+00:00
A0044:use_code,A0044,use_code,4C,1,4C,consistent,one_distinct_to_value,NJOGIS Parcels & MOD-IV Composite,https://services2.arcgis.com/XVOqAjTOJ5P6ngMu/arcgis/rest/services/Parcels_Composite_NJ_WM/FeatureServer/0,2026-10-04T02:11:41+00:00
A0044:use_description,A0044,use_description,100,1,100,consistent,one_distinct_to_value,NJOGIS Parcels & MOD-IV Composite,https://services2.arcgis.com/XVOqAjTOJ5P6ngMu/arcgis/rest/services/Parcels_Composite_NJ_WM/FeatureServer/0,2026-10-04T02:11:41+00:00
A0045:year_built,A0045,year_built,1987,1,1987,consistent,one_distinct_to_value,LA County eGIS parcels,https://cache.gis.lacounty.gov/cache/rest/services/LACounty_Cache/LACounty_Parcel/FeatureServer/0,2026-10-04T02:11:41+00:00
A0045:units,A0045,units,65,1,65,consistent,one_distinct_to_value,LA County eGIS parcels,https://cache.gis.lacounty.gov/cache/rest/services/LACounty_Cache/LACounty_Parcel/FeatureServer/0,2026-10-04T02:11:41+00:00
A0045:use_code,A0045,use_code,0501,1,0501,consistent,one_distinct_to_value,LA County eGIS parcels,https://cache.gis.lacounty.gov/cache/rest/services/LACounty_Cache/LACounty_Parcel/FeatureServer/0,2026-10-04T02:11:41+00:00
A0045:use_description,A0045,use_description,Five or more apartments,1,Five or more apartments,consistent,one_distinct_to_value,LA County eGIS parcels,https://cache.gis.lacounty.gov/cache/rest/services/LACounty_Cache/LACounty_Parcel/FeatureServer/0,2026-10-04T02:11:41+00:00
A0046:year_built,A0046,year_built,1975,1,1975,consistent,one_distinct_to_value,Cambridge Property Database FY2026 (waa7-ibdu),https://data.cambridgema.gov/resource/waa7-ibdu.json,2026-10-04T02:11:41+00:00
A0046:units,A0046,units,44,1,44,consistent,one_distinct_to_value,Cambridge Property Database FY2026 (waa7-ibdu),https://data.cambridgema.gov/resource/waa7-ibdu.json,2026-10-04T02:11:41+00:00
A0046:use_code,A0046,use_code,112,1,112,consistent,one_distinct_to_value,Cambridge Property Database FY2026 (waa7-ibdu),https://data.cambridgema.gov/resource/waa7-ibdu.json,2026-10-04T02:11:41+00:00
A0046:use_description,A0046,use_description,>8-UNIT-APT,1,>8-UNIT-APT,consistent,one_distinct_to_value,Cambridge Property Database FY2026 (waa7-ibdu),https://data.cambridgema.gov/resource/waa7-ibdu.json,2026-10-04T02:11:41+00:00
A0047:year_built,A0047,year_built,1913,1,1913,consistent,one_distinct_to_value,NJOGIS Parcels & MOD-IV Composite,https://services2.arcgis.com/XVOqAjTOJ5P6ngMu/arcgis/rest/services/Parcels_Composite_NJ_WM/FeatureServer/0,2026-10-04T02:11:41+00:00
A0047:units,A0047,units,,0,unknown,missing,zero_distinct_to_unknown,NJOGIS Parcels & MOD-IV Composite,https://services2.arcgis.com/XVOqAjTOJ5P6ngMu/arcgis/rest/services/Parcels_Composite_NJ_WM/FeatureServer/0,2026-10-04T02:11:41+00:00
A0047:use_code,A0047,use_code,4C,1,4C,consistent,one_distinct_to_value,NJOGIS Parcels & MOD-IV Composite,https://services2.arcgis.com/XVOqAjTOJ5P6ngMu/arcgis/rest/services/Parcels_Composite_NJ_WM/FeatureServer/0,2026-10-04T02:11:41+00:00
A0047:use_description,A0047,use_description,,0,unknown,missing,zero_distinct_to_unknown,NJOGIS Parcels & MOD-IV Composite,https://services2.arcgis.com/XVOqAjTOJ5P6ngMu/arcgis/rest/services/Parcels_Composite_NJ_WM/FeatureServer/0,2026-10-04T02:11:41+00:00
A0048:year_built,A0048,year_built,1899,1,1899,consistent,one_distinct_to_value,Boston Property Assessment FY2026,https://data.boston.gov/dataset/e02c44d2-3c64-459c-8fe2-e1ce5f38a035/resource/ee73430d-96c0-423e-ad21-c4cfb54c8961/download/fy2026-property-assessment-data_rev.csv,2026-10-04T02:11:41+00:00
A0048:units,A0048,units,,0,unknown,missing,zero_distinct_to_unknown,Boston Property Assessment FY2026,https://data.boston.gov/dataset/e02c44d2-3c64-459c-8fe2-e1ce5f38a035/resource/ee73430d-96c0-423e-ad21-c4cfb54c8961/download/fy2026-property-assessment-data_rev.csv,2026-10-04T02:11:41+00:00
A0048:use_code,A0048,use_code,A,1,A,consistent,one_distinct_to_value,Boston Property Assessment FY2026,https://data.boston.gov/dataset/e02c44d2-3c64-459c-8fe2-e1ce5f38a035/resource/ee73430d-96c0-423e-ad21-c4cfb54c8961/download/fy2026-property-assessment-data_rev.csv,2026-10-04T02:11:41+00:00
A0048:use_description,A0048,use_description,APT 7-30 UNITS,1,APT 7-30 UNITS,consistent,one_distinct_to_value,Boston Property Assessment FY2026,https://data.boston.gov/dataset/e02c44d2-3c64-459c-8fe2-e1ce5f38a035/resource/ee73430d-96c0-423e-ad21-c4cfb54c8961/download/fy2026-property-assessment-data_rev.csv,2026-10-04T02:11:41+00:00
A0049:year_built,A0049,year_built,,0,unknown,missing,zero_distinct_to_unknown,NJOGIS Parcels & MOD-IV Composite,https://services2.arcgis.com/XVOqAjTOJ5P6ngMu/arcgis/rest/services/Parcels_Composite_NJ_WM/FeatureServer/0,2026-10-04T02:11:41+00:00
A0049:units,A0049,units,,0,unknown,missing,zero_distinct_to_unknown,NJOGIS Parcels & MOD-IV Composite,https://services2.arcgis.com/XVOqAjTOJ5P6ngMu/arcgis/rest/services/Parcels_Composite_NJ_WM/FeatureServer/0,2026-10-04T02:11:41+00:00
A0049:use_code,A0049,use_code,4C,1,4C,consistent,one_distinct_to_value,NJOGIS Parcels & MOD-IV Composite,https://services2.arcgis.com/XVOqAjTOJ5P6ngMu/arcgis/rest/services/Parcels_Composite_NJ_WM/FeatureServer/0,2026-10-04T02:11:41+00:00
A0049:use_description,A0049,use_description,029,1,029,consistent,one_distinct_to_value,NJOGIS Parcels & MOD-IV Composite,https://services2.arcgis.com/XVOqAjTOJ5P6ngMu/arcgis/rest/services/Parcels_Composite_NJ_WM/FeatureServer/0,2026-10-04T02:11:41+00:00
A0051:year_built,A0051,year_built,1,1,1,consistent,one_distinct_to_value,NJOGIS Parcels & MOD-IV Composite,https://services2.arcgis.com/XVOqAjTOJ5P6ngMu/arcgis/rest/services/Parcels_Composite_NJ_WM/FeatureServer/0,2026-10-04T02:11:41+00:00
A0051:units,A0051,units,,0,unknown,missing,zero_distinct_to_unknown,NJOGIS Parcels & MOD-IV Composite,https://services2.arcgis.com/XVOqAjTOJ5P6ngMu/arcgis/rest/services/Parcels_Composite_NJ_WM/FeatureServer/0,2026-10-04T02:11:41+00:00
A0051:use_code,A0051,use_code,4C,1,4C,consistent,one_distinct_to_value,NJOGIS Parcels & MOD-IV Composite,https://services2.arcgis.com/XVOqAjTOJ5P6ngMu/arcgis/rest/services/Parcels_Composite_NJ_WM/FeatureServer/0,2026-10-04T02:11:41+00:00
A0051:use_description,A0051,use_description,,0,unknown,missing,zero_distinct_to_unknown,NJOGIS Parcels & MOD-IV Composite,https://services2.arcgis.com/XVOqAjTOJ5P6ngMu/arcgis/rest/services/Parcels_Composite_NJ_WM/FeatureServer/0,2026-10-04T02:11:41+00:00
A0052:year_built,A0052,year_built,1965,1,1965,consistent,one_distinct_to_value,Boston Property Assessment FY2026,https://data.boston.gov/dataset/e02c44d2-3c64-459c-8fe2-e1ce5f38a035/resource/ee73430d-96c0-423e-ad21-c4cfb54c8961/download/fy2026-property-assessment-data_rev.csv,2026-10-04T02:11:41+00:00
A0052:units,A0052,units,,0,unknown,missing,zero_distinct_to_unknown,Boston Property Assessment FY2026,https://data.boston.gov/dataset/e02c44d2-3c64-459c-8fe2-e1ce5f38a035/resource/ee73430d-96c0-423e-ad21-c4cfb54c8961/download/fy2026-property-assessment-data_rev.csv,2026-10-04T02:11:41+00:00
A0052:use_code,A0052,use_code,A,1,A,consistent,one_distinct_to_value,Boston Property Assessment FY2026,https://data.boston.gov/dataset/e02c44d2-3c64-459c-8fe2-e1ce5f38a035/resource/ee73430d-96c0-423e-ad21-c4cfb54c8961/download/fy2026-property-assessment-data_rev.csv,2026-10-04T02:11:41+00:00
A0052:use_description,A0052,use_description,APT 7-30 UNITS,1,APT 7-30 UNITS,consistent,one_distinct_to_value,Boston Property Assessment FY2026,https://data.boston.gov/dataset/e02c44d2-3c64-459c-8fe2-e1ce5f38a035/resource/ee73430d-96c0-423e-ad21-c4cfb54c8961/download/fy2026-property-assessment-data_rev.csv,2026-10-04T02:11:41+00:00
A0053:year_built,A0053,year_built,1990,1,1990,consistent,one_distinct_to_value,Boston Property Assessment FY2026,https://data.boston.gov/dataset/e02c44d2-3c64-459c-8fe2-e1ce5f38a035/resource/ee73430d-96c0-423e-ad21-c4cfb54c8961/download/fy2026-property-assessment-data_rev.csv,2026-10-04T02:11:41+00:00
A0053:units,A0053,units,,0,unknown,missing,zero_distinct_to_unknown,Boston Property Assessment FY2026,https://data.boston.gov/dataset/e02c44d2-3c64-459c-8fe2-e1ce5f38a035/resource/ee73430d-96c0-423e-ad21-c4cfb54c8961/download/fy2026-property-assessment-data_rev.csv,2026-10-04T02:11:41+00:00
A0053:use_code,A0053,use_code,A,1,A,consistent,one_distinct_to_value,Boston Property Assessment FY2026,https://data.boston.gov/dataset/e02c44d2-3c64-459c-8fe2-e1ce5f38a035/resource/ee73430d-96c0-423e-ad21-c4cfb54c8961/download/fy2026-property-assessment-data_rev.csv,2026-10-04T02:11:41+00:00
A0053:use_description,A0053,use_description,LUXURY APARTMENT,1,LUXURY APARTMENT,consistent,one_distinct_to_value,Boston Property Assessment FY2026,https://data.boston.gov/dataset/e02c44d2-3c64-459c-8fe2-e1ce5f38a035/resource/ee73430d-96c0-423e-ad21-c4cfb54c8961/download/fy2026-property-assessment-data_rev.csv,2026-10-04T02:11:41+00:00
A0054:year_built,A0054,year_built,2020,1,2020,consistent,one_distinct_to_value,Boston Property Assessment FY2026,https://data.boston.gov/dataset/e02c44d2-3c64-459c-8fe2-e1ce5f38a035/resource/ee73430d-96c0-423e-ad21-c4cfb54c8961/download/fy2026-property-assessment-data_rev.csv,2026-10-04T02:11:41+00:00
A0054:units,A0054,units,,0,unknown,missing,zero_distinct_to_unknown,Boston Property Assessment FY2026,https://data.boston.gov/dataset/e02c44d2-3c64-459c-8fe2-e1ce5f38a035/resource/ee73430d-96c0-423e-ad21-c4cfb54c8961/download/fy2026-property-assessment-data_rev.csv,2026-10-04T02:11:41+00:00
A0054:use_code,A0054,use_code,A,1,A,consistent,one_distinct_to_value,Boston Property Assessment FY2026,https://data.boston.gov/dataset/e02c44d2-3c64-459c-8fe2-e1ce5f38a035/resource/ee73430d-96c0-423e-ad21-c4cfb54c8961/download/fy2026-property-assessment-data_rev.csv,2026-10-04T02:11:41+00:00
A0054:use_description,A0054,use_description,APT 7-30 UNITS,1,APT 7-30 UNITS,consistent,one_distinct_to_value,Boston Property Assessment FY2026,https://data.boston.gov/dataset/e02c44d2-3c64-459c-8fe2-e1ce5f38a035/resource/ee73430d-96c0-423e-ad21-c4cfb54c8961/download/fy2026-property-assessment-data_rev.csv,2026-10-04T02:11:41+00:00
A0056:year_built,A0056,year_built,1920,1,1920,consistent,one_distinct_to_value,Boston Property Assessment FY2026,https://data.boston.gov/dataset/e02c44d2-3c64-459c-8fe2-e1ce5f38a035/resource/ee73430d-96c0-423e-ad21-c4cfb54c8961/download/fy2026-property-assessment-data_rev.csv,2026-10-04T02:11:41+00:00
A0056:units,A0056,units,,0,unknown,missing,zero_distinct_to_unknown,Boston Property Assessment FY2026,https://data.boston.gov/dataset/e02c44d2-3c64-459c-8fe2-e1ce5f38a035/resource/ee73430d-96c0-423e-ad21-c4cfb54c8961/download/fy2026-property-assessment-data_rev.csv,2026-10-04T02:11:41+00:00
A0056:use_code,A0056,use_code,A,1,A,consistent,one_distinct_to_value,Boston Property Assessment FY2026,https://data.boston.gov/dataset/e02c44d2-3c64-459c-8fe2-e1ce5f38a035/resource/ee73430d-96c0-423e-ad21-c4cfb54c8961/download/fy2026-property-assessment-data_rev.csv,2026-10-04T02:11:41+00:00
A0056:use_description,A0056,use_description,APT 7-30 UNITS,1,APT 7-30 UNITS,consistent,one_distinct_to_value,Boston Property Assessment FY2026,https://data.boston.gov/dataset/e02c44d2-3c64-459c-8fe2-e1ce5f38a035/resource/ee73430d-96c0-423e-ad21-c4cfb54c8961/download/fy2026-property-assessment-data_rev.csv,2026-10-04T02:11:41+00:00
A0057:year_built,A0057,year_built,,0,unknown,missing,zero_distinct_to_unknown,NJOGIS Parcels & MOD-IV Composite,https://services2.arcgis.com/XVOqAjTOJ5P6ngMu/arcgis/rest/services/Parcels_Composite_NJ_WM/FeatureServer/0,2026-10-04T02:11:41+00:00
A0057:units,A0057,units,1,1,1,consistent,one_distinct_to_value,NJOGIS Parcels & MOD-IV Composite,https://services2.arcgis.com/XVOqAjTOJ5P6ngMu/arcgis/rest/services/Parcels_Composite_NJ_WM/FeatureServer/0,2026-10-04T02:11:41+00:00
A0057:use_code,A0057,use_code,4C,1,4C,consistent,one_distinct_to_value,NJOGIS Parcels & MOD-IV Composite,https://services2.arcgis.com/XVOqAjTOJ5P6ngMu/arcgis/rest/services/Parcels_Composite_NJ_WM/FeatureServer/0,2026-10-04T02:11:41+00:00
A0057:use_description,A0057,use_description,020,1,020,consistent,one_distinct_to_value,NJOGIS Parcels & MOD-IV Composite,https://services2.arcgis.com/XVOqAjTOJ5P6ngMu/arcgis/rest/services/Parcels_Composite_NJ_WM/FeatureServer/0,2026-10-04T02:11:41+00:00
A0058:year_built,A0058,year_built,69,1,69,consistent,one_distinct_to_value,SANDAG/SanGIS parcels,https://geo.sandag.org/server/rest/services/hosted/Parcels/FeatureServer/0,2026-10-04T02:11:41+00:00
A0058:units,A0058,units,7,1,7,consistent,one_distinct_to_value,SANDAG/SanGIS parcels,https://geo.sandag.org/server/rest/services/hosted/Parcels/FeatureServer/0,2026-10-04T02:11:41+00:00
A0058:use_code,A0058,use_code,14,1,14,consistent,one_distinct_to_value,SANDAG/SanGIS parcels,https://geo.sandag.org/server/rest/services/hosted/Parcels/FeatureServer/0,2026-10-04T02:11:41+00:00
A0058:use_description,A0058,use_description,,0,unknown,missing,zero_distinct_to_unknown,SANDAG/SanGIS parcels,https://geo.sandag.org/server/rest/services/hosted/Parcels/FeatureServer/0,2026-10-04T02:11:41+00:00
A0059:year_built,A0059,year_built,,0,unknown,missing,zero_distinct_to_unknown,NJOGIS Parcels & MOD-IV Composite,https://services2.arcgis.com/XVOqAjTOJ5P6ngMu/arcgis/rest/services/Parcels_Composite_NJ_WM/FeatureServer/0,2026-10-04T02:11:41+00:00
A0059:units,A0059,units,1,1,1,consistent,one_distinct_to_value,NJOGIS Parcels & MOD-IV Composite,https://services2.arcgis.com/XVOqAjTOJ5P6ngMu/arcgis/rest/services/Parcels_Composite_NJ_WM/FeatureServer/0,2026-10-04T02:11:41+00:00
A0059:use_code,A0059,use_code,4C,1,4C,consistent,one_distinct_to_value,NJOGIS Parcels & MOD-IV Composite,https://services2.arcgis.com/XVOqAjTOJ5P6ngMu/arcgis/rest/services/Parcels_Composite_NJ_WM/FeatureServer/0,2026-10-04T02:11:41+00:00
A0059:use_description,A0059,use_description,029,1,029,consistent,one_distinct_to_value,NJOGIS Parcels & MOD-IV Composite,https://services2.arcgis.com/XVOqAjTOJ5P6ngMu/arcgis/rest/services/Parcels_Composite_NJ_WM/FeatureServer/0,2026-10-04T02:11:41+00:00
A0060:year_built,A0060,year_built,1962,1,1962,consistent,one_distinct_to_value,LA County eGIS parcels,https://cache.gis.lacounty.gov/cache/rest/services/LACounty_Cache/LACounty_Parcel/FeatureServer/0,2026-10-04T02:11:41+00:00
A0060:units,A0060,units,8,1,8,consistent,one_distinct_to_value,LA County eGIS parcels,https://cache.gis.lacounty.gov/cache/rest/services/LACounty_Cache/LACounty_Parcel/FeatureServer/0,2026-10-04T02:11:41+00:00
A0060:use_code,A0060,use_code,0500,1,0500,consistent,one_distinct_to_value,LA County eGIS parcels,https://cache.gis.lacounty.gov/cache/rest/services/LACounty_Cache/LACounty_Parcel/FeatureServer/0,2026-10-04T02:11:41+00:00
A0060:use_description,A0060,use_description,Five or more apartments,1,Five or more apartments,consistent,one_distinct_to_value,LA County eGIS parcels,https://cache.gis.lacounty.gov/cache/rest/services/LACounty_Cache/LACounty_Parcel/FeatureServer/0,2026-10-04T02:11:41+00:00
A0063:year_built,A0063,year_built,1899,1,unknown,candidate_set_incomplete,reject_incomplete_candidate_set,Boston Property Assessment FY2026,https://data.boston.gov/dataset/e02c44d2-3c64-459c-8fe2-e1ce5f38a035/resource/ee73430d-96c0-423e-ad21-c4cfb54c8961/download/fy2026-property-assessment-data_rev.csv,2026-10-04T02:11:41+00:00
A0063:units,A0063,units,,0,unknown,candidate_set_incomplete,reject_incomplete_candidate_set,Boston Property Assessment FY2026,https://data.boston.gov/dataset/e02c44d2-3c64-459c-8fe2-e1ce5f38a035/resource/ee73430d-96c0-423e-ad21-c4cfb54c8961/download/fy2026-property-assessment-data_rev.csv,2026-10-04T02:11:41+00:00
A0063:use_code,A0063,use_code,A,1,unknown,candidate_set_incomplete,reject_incomplete_candidate_set,Boston Property Assessment FY2026,https://data.boston.gov/dataset/e02c44d2-3c64-459c-8fe2-e1ce5f38a035/resource/ee73430d-96c0-423e-ad21-c4cfb54c8961/download/fy2026-property-assessment-data_rev.csv,2026-10-04T02:11:41+00:00
A0063:use_description,A0063,use_description,APT 7-30 UNITS,1,unknown,candidate_set_incomplete,reject_incomplete_candidate_set,Boston Property Assessment FY2026,https://data.boston.gov/dataset/e02c44d2-3c64-459c-8fe2-e1ce5f38a035/resource/ee73430d-96c0-423e-ad21-c4cfb54c8961/download/fy2026-property-assessment-data_rev.csv,2026-10-04T02:11:41+00:00
A0064:year_built,A0064,year_built,1890,1,unknown,candidate_set_incomplete,reject_incomplete_candidate_set,Cambridge Property Database FY2026 (waa7-ibdu),https://data.cambridgema.gov/resource/waa7-ibdu.json,2026-10-04T02:11:41+00:00
A0064:units,A0064,units,84,1,unknown,candidate_set_incomplete,reject_incomplete_candidate_set,Cambridge Property Database FY2026 (waa7-ibdu),https://data.cambridgema.gov/resource/waa7-ibdu.json,2026-10-04T02:11:41+00:00
A0064:use_code,A0064,use_code,112,1,unknown,candidate_set_incomplete,reject_incomplete_candidate_set,Cambridge Property Database FY2026 (waa7-ibdu),https://data.cambridgema.gov/resource/waa7-ibdu.json,2026-10-04T02:11:41+00:00
A0064:use_description,A0064,use_description,>8-UNIT-APT,1,unknown,candidate_set_incomplete,reject_incomplete_candidate_set,Cambridge Property Database FY2026 (waa7-ibdu),https://data.cambridgema.gov/resource/waa7-ibdu.json,2026-10-04T02:11:41+00:00
A0065:year_built,A0065,year_built,,0,unknown,missing,zero_distinct_to_unknown,Boston Property Assessment FY2026,https://data.boston.gov/dataset/e02c44d2-3c64-459c-8fe2-e1ce5f38a035/resource/ee73430d-96c0-423e-ad21-c4cfb54c8961/download/fy2026-property-assessment-data_rev.csv,2026-10-04T02:11:41+00:00
A0065:units,A0065,units,,0,unknown,missing,zero_distinct_to_unknown,Boston Property Assessment FY2026,https://data.boston.gov/dataset/e02c44d2-3c64-459c-8fe2-e1ce5f38a035/resource/ee73430d-96c0-423e-ad21-c4cfb54c8961/download/fy2026-property-assessment-data_rev.csv,2026-10-04T02:11:41+00:00
A0065:use_code,A0065,use_code,A,1,A,consistent,one_distinct_to_value,Boston Property Assessment FY2026,https://data.boston.gov/dataset/e02c44d2-3c64-459c-8fe2-e1ce5f38a035/resource/ee73430d-96c0-423e-ad21-c4cfb54c8961/download/fy2026-property-assessment-data_rev.csv,2026-10-04T02:11:41+00:00
A0065:use_description,A0065,use_description,LUXURY APARTMENT,1,LUXURY APARTMENT,consistent,one_distinct_to_value,Boston Property Assessment FY2026,https://data.boston.gov/dataset/e02c44d2-3c64-459c-8fe2-e1ce5f38a035/resource/ee73430d-96c0-423e-ad21-c4cfb54c8961/download/fy2026-property-assessment-data_rev.csv,2026-10-04T02:11:41+00:00
A0066:year_built,A0066,year_built,1988,1,1988,consistent,one_distinct_to_value,LA County eGIS parcels,https://cache.gis.lacounty.gov/cache/rest/services/LACounty_Cache/LACounty_Parcel/FeatureServer/0,2026-10-04T02:11:41+00:00
A0066:units,A0066,units,36,1,36,consistent,one_distinct_to_value,LA County eGIS parcels,https://cache.gis.lacounty.gov/cache/rest/services/LACounty_Cache/LACounty_Parcel/FeatureServer/0,2026-10-04T02:11:41+00:00
A0066:use_code,A0066,use_code,0500,1,0500,consistent,one_distinct_to_value,LA County eGIS parcels,https://cache.gis.lacounty.gov/cache/rest/services/LACounty_Cache/LACounty_Parcel/FeatureServer/0,2026-10-04T02:11:41+00:00
A0066:use_description,A0066,use_description,Five or more apartments,1,Five or more apartments,consistent,one_distinct_to_value,LA County eGIS parcels,https://cache.gis.lacounty.gov/cache/rest/services/LACounty_Cache/LACounty_Parcel/FeatureServer/0,2026-10-04T02:11:41+00:00
A0067:year_built,A0067,year_built,1954,1,1954,consistent,one_distinct_to_value,LA County eGIS parcels,https://cache.gis.lacounty.gov/cache/rest/services/LACounty_Cache/LACounty_Parcel/FeatureServer/0,2026-10-04T02:11:41+00:00
A0067:units,A0067,units,8,1,8,consistent,one_distinct_to_value,LA County eGIS parcels,https://cache.gis.lacounty.gov/cache/rest/services/LACounty_Cache/LACounty_Parcel/FeatureServer/0,2026-10-04T02:11:41+00:00
A0067:use_code,A0067,use_code,0500,1,0500,consistent,one_distinct_to_value,LA County eGIS parcels,https://cache.gis.lacounty.gov/cache/rest/services/LACounty_Cache/LACounty_Parcel/FeatureServer/0,2026-10-04T02:11:41+00:00
A0067:use_description,A0067,use_description,Five or more apartments,1,Five or more apartments,consistent,one_distinct_to_value,LA County eGIS parcels,https://cache.gis.lacounty.gov/cache/rest/services/LACounty_Cache/LACounty_Parcel/FeatureServer/0,2026-10-04T02:11:41+00:00
A0068:year_built,A0068,year_built,1920,1,1920,consistent,one_distinct_to_value,Boston Property Assessment FY2026,https://data.boston.gov/dataset/e02c44d2-3c64-459c-8fe2-e1ce5f38a035/resource/ee73430d-96c0-423e-ad21-c4cfb54c8961/download/fy2026-property-assessment-data_rev.csv,2026-10-04T02:11:41+00:00
A0068:units,A0068,units,,0,unknown,missing,zero_distinct_to_unknown,Boston Property Assessment FY2026,https://data.boston.gov/dataset/e02c44d2-3c64-459c-8fe2-e1ce5f38a035/resource/ee73430d-96c0-423e-ad21-c4cfb54c8961/download/fy2026-property-assessment-data_rev.csv,2026-10-04T02:11:41+00:00
A0068:use_code,A0068,use_code,A,1,A,consistent,one_distinct_to_value,Boston Property Assessment FY2026,https://data.boston.gov/dataset/e02c44d2-3c64-459c-8fe2-e1ce5f38a035/resource/ee73430d-96c0-423e-ad21-c4cfb54c8961/download/fy2026-property-assessment-data_rev.csv,2026-10-04T02:11:41+00:00
A0068:use_description,A0068,use_description,APT 7-30 UNITS,1,APT 7-30 UNITS,consistent,one_distinct_to_value,Boston Property Assessment FY2026,https://data.boston.gov/dataset/e02c44d2-3c64-459c-8fe2-e1ce5f38a035/resource/ee73430d-96c0-423e-ad21-c4cfb54c8961/download/fy2026-property-assessment-data_rev.csv,2026-10-04T02:11:41+00:00
A0070:year_built,A0070,year_built,1910,1,1910,consistent,one_distinct_to_value,Cambridge Property Database FY2026 (waa7-ibdu),https://data.cambridgema.gov/resource/waa7-ibdu.json,2026-10-04T02:11:41+00:00
A0070:units,A0070,units,7,1,7,consistent,one_distinct_to_value,Cambridge Property Database FY2026 (waa7-ibdu),https://data.cambridgema.gov/resource/waa7-ibdu.json,2026-10-04T02:11:41+00:00
A0070:use_code,A0070,use_code,111,1,111,consistent,one_distinct_to_value,Cambridge Property Database FY2026 (waa7-ibdu),https://data.cambridgema.gov/resource/waa7-ibdu.json,2026-10-04T02:11:41+00:00
A0070:use_description,A0070,use_description,4-8-UNIT-APT,1,4-8-UNIT-APT,consistent,one_distinct_to_value,Cambridge Property Database FY2026 (waa7-ibdu),https://data.cambridgema.gov/resource/waa7-ibdu.json,2026-10-04T02:11:41+00:00
A0071:year_built,A0071,year_built,,0,unknown,address_not_aligned,reject_unaligned_address,Cambridge Property Database FY2026 (waa7-ibdu),https://data.cambridgema.gov/resource/waa7-ibdu.json,2026-10-04T02:11:41+00:00
A0071:units,A0071,units,,0,unknown,address_not_aligned,reject_unaligned_address,Cambridge Property Database FY2026 (waa7-ibdu),https://data.cambridgema.gov/resource/waa7-ibdu.json,2026-10-04T02:11:41+00:00
A0071:use_code,A0071,use_code,,0,unknown,address_not_aligned,reject_unaligned_address,Cambridge Property Database FY2026 (waa7-ibdu),https://data.cambridgema.gov/resource/waa7-ibdu.json,2026-10-04T02:11:41+00:00
A0071:use_description,A0071,use_description,,0,unknown,address_not_aligned,reject_unaligned_address,Cambridge Property Database FY2026 (waa7-ibdu),https://data.cambridgema.gov/resource/waa7-ibdu.json,2026-10-04T02:11:41+00:00
A0073:year_built,A0073,year_built,1900,1,1900,consistent,one_distinct_to_value,Cambridge Property Database FY2026 (waa7-ibdu),https://data.cambridgema.gov/resource/waa7-ibdu.json,2026-10-04T02:11:41+00:00
A0073:units,A0073,units,6,1,6,consistent,one_distinct_to_value,Cambridge Property Database FY2026 (waa7-ibdu),https://data.cambridgema.gov/resource/waa7-ibdu.json,2026-10-04T02:11:41+00:00
A0073:use_code,A0073,use_code,111,1,111,consistent,one_distinct_to_value,Cambridge Property Database FY2026 (waa7-ibdu),https://data.cambridgema.gov/resource/waa7-ibdu.json,2026-10-04T02:11:41+00:00
A0073:use_description,A0073,use_description,4-8-UNIT-APT,1,4-8-UNIT-APT,consistent,one_distinct_to_value,Cambridge Property Database FY2026 (waa7-ibdu),https://data.cambridgema.gov/resource/waa7-ibdu.json,2026-10-04T02:11:41+00:00
A0074:year_built,A0074,year_built,1963,1,1963,consistent,one_distinct_to_value,LA County eGIS parcels,https://cache.gis.lacounty.gov/cache/rest/services/LACounty_Cache/LACounty_Parcel/FeatureServer/0,2026-10-04T02:11:41+00:00
A0074:units,A0074,units,34,1,34,consistent,one_distinct_to_value,LA County eGIS parcels,https://cache.gis.lacounty.gov/cache/rest/services/LACounty_Cache/LACounty_Parcel/FeatureServer/0,2026-10-04T02:11:41+00:00
A0074:use_code,A0074,use_code,0500,1,0500,consistent,one_distinct_to_value,LA County eGIS parcels,https://cache.gis.lacounty.gov/cache/rest/services/LACounty_Cache/LACounty_Parcel/FeatureServer/0,2026-10-04T02:11:41+00:00
A0074:use_description,A0074,use_description,Five or more apartments,1,Five or more apartments,consistent,one_distinct_to_value,LA County eGIS parcels,https://cache.gis.lacounty.gov/cache/rest/services/LACounty_Cache/LACounty_Parcel/FeatureServer/0,2026-10-04T02:11:41+00:00
A0075:year_built,A0075,year_built,1880,1,1880,consistent,one_distinct_to_value,Cambridge Property Database FY2026 (waa7-ibdu),https://data.cambridgema.gov/resource/waa7-ibdu.json,2026-10-04T02:11:41+00:00
A0075:units,A0075,units,10,1,10,consistent,one_distinct_to_value,Cambridge Property Database FY2026 (waa7-ibdu),https://data.cambridgema.gov/resource/waa7-ibdu.json,2026-10-04T02:11:41+00:00
A0075:use_code,A0075,use_code,112,1,112,consistent,one_distinct_to_value,Cambridge Property Database FY2026 (waa7-ibdu),https://data.cambridgema.gov/resource/waa7-ibdu.json,2026-10-04T02:11:41+00:00
A0075:use_description,A0075,use_description,>8-UNIT-APT,1,>8-UNIT-APT,consistent,one_distinct_to_value,Cambridge Property Database FY2026 (waa7-ibdu),https://data.cambridgema.gov/resource/waa7-ibdu.json,2026-10-04T02:11:41+00:00
A0076:year_built,A0076,year_built,,0,unknown,missing,zero_distinct_to_unknown,NJOGIS Parcels & MOD-IV Composite,https://services2.arcgis.com/XVOqAjTOJ5P6ngMu/arcgis/rest/services/Parcels_Composite_NJ_WM/FeatureServer/0,2026-10-04T02:11:41+00:00
A0076:units,A0076,units,1,1,1,consistent,one_distinct_to_value,NJOGIS Parcels & MOD-IV Composite,https://services2.arcgis.com/XVOqAjTOJ5P6ngMu/arcgis/rest/services/Parcels_Composite_NJ_WM/FeatureServer/0,2026-10-04T02:11:41+00:00
A0076:use_code,A0076,use_code,4C,1,4C,consistent,one_distinct_to_value,NJOGIS Parcels & MOD-IV Composite,https://services2.arcgis.com/XVOqAjTOJ5P6ngMu/arcgis/rest/services/Parcels_Composite_NJ_WM/FeatureServer/0,2026-10-04T02:11:41+00:00
A0076:use_description,A0076,use_description,029,1,029,consistent,one_distinct_to_value,NJOGIS Parcels & MOD-IV Composite,https://services2.arcgis.com/XVOqAjTOJ5P6ngMu/arcgis/rest/services/Parcels_Composite_NJ_WM/FeatureServer/0,2026-10-04T02:11:41+00:00
A0077:year_built,A0077,year_built,1902,1,1902,consistent,one_distinct_to_value,Cambridge Property Database FY2026 (waa7-ibdu),https://data.cambridgema.gov/resource/waa7-ibdu.json,2026-10-04T02:11:41+00:00
A0077:units,A0077,units,6,1,6,consistent,one_distinct_to_value,Cambridge Property Database FY2026 (waa7-ibdu),https://data.cambridgema.gov/resource/waa7-ibdu.json,2026-10-04T02:11:41+00:00
A0077:use_code,A0077,use_code,111,1,111,consistent,one_distinct_to_value,Cambridge Property Database FY2026 (waa7-ibdu),https://data.cambridgema.gov/resource/waa7-ibdu.json,2026-10-04T02:11:41+00:00
A0077:use_description,A0077,use_description,4-8-UNIT-APT,1,4-8-UNIT-APT,consistent,one_distinct_to_value,Cambridge Property Database FY2026 (waa7-ibdu),https://data.cambridgema.gov/resource/waa7-ibdu.json,2026-10-04T02:11:41+00:00
A0078:year_built,A0078,year_built,,0,unknown,missing,zero_distinct_to_unknown,NJOGIS Parcels & MOD-IV Composite,https://services2.arcgis.com/XVOqAjTOJ5P6ngMu/arcgis/rest/services/Parcels_Composite_NJ_WM/FeatureServer/0,2026-10-04T02:11:41+00:00
A0078:units,A0078,units,,0,unknown,missing,zero_distinct_to_unknown,NJOGIS Parcels & MOD-IV Composite,https://services2.arcgis.com/XVOqAjTOJ5P6ngMu/arcgis/rest/services/Parcels_Composite_NJ_WM/FeatureServer/0,2026-10-04T02:11:41+00:00
A0078:use_code,A0078,use_code,4C,1,4C,consistent,one_distinct_to_value,NJOGIS Parcels & MOD-IV Composite,https://services2.arcgis.com/XVOqAjTOJ5P6ngMu/arcgis/rest/services/Parcels_Composite_NJ_WM/FeatureServer/0,2026-10-04T02:11:41+00:00
A0078:use_description,A0078,use_description,,0,unknown,missing,zero_distinct_to_unknown,NJOGIS Parcels & MOD-IV Composite,https://services2.arcgis.com/XVOqAjTOJ5P6ngMu/arcgis/rest/services/Parcels_Composite_NJ_WM/FeatureServer/0,2026-10-04T02:11:41+00:00
A0079:year_built,A0079,year_built,1912,1,1912,consistent,one_distinct_to_value,LA County eGIS parcels,https://cache.gis.lacounty.gov/cache/rest/services/LACounty_Cache/LACounty_Parcel/FeatureServer/0,2026-10-04T02:11:41+00:00
A0079:units,A0079,units,8,1,8,consistent,one_distinct_to_value,LA County eGIS parcels,https://cache.gis.lacounty.gov/cache/rest/services/LACounty_Cache/LACounty_Parcel/FeatureServer/0,2026-10-04T02:11:41+00:00
A0079:use_code,A0079,use_code,0500,1,0500,consistent,one_distinct_to_value,LA County eGIS parcels,https://cache.gis.lacounty.gov/cache/rest/services/LACounty_Cache/LACounty_Parcel/FeatureServer/0,2026-10-04T02:11:41+00:00
A0079:use_description,A0079,use_description,Five or more apartments,1,Five or more apartments,consistent,one_distinct_to_value,LA County eGIS parcels,https://cache.gis.lacounty.gov/cache/rest/services/LACounty_Cache/LACounty_Parcel/FeatureServer/0,2026-10-04T02:11:41+00:00
A0080:year_built,A0080,year_built,2002,1,2002,consistent,one_distinct_to_value,LA County eGIS parcels,https://cache.gis.lacounty.gov/cache/rest/services/LACounty_Cache/LACounty_Parcel/FeatureServer/0,2026-10-04T02:11:41+00:00
A0080:units,A0080,units,90,1,90,consistent,one_distinct_to_value,LA County eGIS parcels,https://cache.gis.lacounty.gov/cache/rest/services/LACounty_Cache/LACounty_Parcel/FeatureServer/0,2026-10-04T02:11:41+00:00
A0080:use_code,A0080,use_code,0500,1,0500,consistent,one_distinct_to_value,LA County eGIS parcels,https://cache.gis.lacounty.gov/cache/rest/services/LACounty_Cache/LACounty_Parcel/FeatureServer/0,2026-10-04T02:11:41+00:00
A0080:use_description,A0080,use_description,Five or more apartments,1,Five or more apartments,consistent,one_distinct_to_value,LA County eGIS parcels,https://cache.gis.lacounty.gov/cache/rest/services/LACounty_Cache/LACounty_Parcel/FeatureServer/0,2026-10-04T02:11:41+00:00
A0082:year_built,A0082,year_built,1880,1,1880,consistent,one_distinct_to_value,Cambridge Property Database FY2026 (waa7-ibdu),https://data.cambridgema.gov/resource/waa7-ibdu.json,2026-10-04T02:11:41+00:00
A0082:units,A0082,units,16,1,16,consistent,one_distinct_to_value,Cambridge Property Database FY2026 (waa7-ibdu),https://data.cambridgema.gov/resource/waa7-ibdu.json,2026-10-04T02:11:41+00:00
A0082:use_code,A0082,use_code,112,1,112,consistent,one_distinct_to_value,Cambridge Property Database FY2026 (waa7-ibdu),https://data.cambridgema.gov/resource/waa7-ibdu.json,2026-10-04T02:11:41+00:00
A0082:use_description,A0082,use_description,>8-UNIT-APT,1,>8-UNIT-APT,consistent,one_distinct_to_value,Cambridge Property Database FY2026 (waa7-ibdu),https://data.cambridgema.gov/resource/waa7-ibdu.json,2026-10-04T02:11:41+00:00
A0083:year_built,A0083,year_built,1890,1,1890,consistent,one_distinct_to_value,Boston Property Assessment FY2026,https://data.boston.gov/dataset/e02c44d2-3c64-459c-8fe2-e1ce5f38a035/resource/ee73430d-96c0-423e-ad21-c4cfb54c8961/download/fy2026-property-assessment-data_rev.csv,2026-10-04T02:11:41+00:00
A0083:units,A0083,units,,0,unknown,missing,zero_distinct_to_unknown,Boston Property Assessment FY2026,https://data.boston.gov/dataset/e02c44d2-3c64-459c-8fe2-e1ce5f38a035/resource/ee73430d-96c0-423e-ad21-c4cfb54c8961/download/fy2026-property-assessment-data_rev.csv,2026-10-04T02:11:41+00:00
A0083:use_code,A0083,use_code,A,1,A,consistent,one_distinct_to_value,Boston Property Assessment FY2026,https://data.boston.gov/dataset/e02c44d2-3c64-459c-8fe2-e1ce5f38a035/resource/ee73430d-96c0-423e-ad21-c4cfb54c8961/download/fy2026-property-assessment-data_rev.csv,2026-10-04T02:11:41+00:00
A0083:use_description,A0083,use_description,SUBSD HOUSING S- 8,1,SUBSD HOUSING S- 8,consistent,one_distinct_to_value,Boston Property Assessment FY2026,https://data.boston.gov/dataset/e02c44d2-3c64-459c-8fe2-e1ce5f38a035/resource/ee73430d-96c0-423e-ad21-c4cfb54c8961/download/fy2026-property-assessment-data_rev.csv,2026-10-04T02:11:41+00:00
A0086:year_built,A0086,year_built,1837,1,1837,consistent,one_distinct_to_value,Cambridge Property Database FY2026 (waa7-ibdu),https://data.cambridgema.gov/resource/waa7-ibdu.json,2026-10-04T02:11:41+00:00
A0086:units,A0086,units,5,1,5,consistent,one_distinct_to_value,Cambridge Property Database FY2026 (waa7-ibdu),https://data.cambridgema.gov/resource/waa7-ibdu.json,2026-10-04T02:11:41+00:00
A0086:use_code,A0086,use_code,111,1,111,consistent,one_distinct_to_value,Cambridge Property Database FY2026 (waa7-ibdu),https://data.cambridgema.gov/resource/waa7-ibdu.json,2026-10-04T02:11:41+00:00
A0086:use_description,A0086,use_description,4-8-UNIT-APT,1,4-8-UNIT-APT,consistent,one_distinct_to_value,Cambridge Property Database FY2026 (waa7-ibdu),https://data.cambridgema.gov/resource/waa7-ibdu.json,2026-10-04T02:11:41+00:00
A0087:year_built,A0087,year_built,,0,unknown,missing,zero_distinct_to_unknown,NJOGIS Parcels & MOD-IV Composite,https://services2.arcgis.com/XVOqAjTOJ5P6ngMu/arcgis/rest/services/Parcels_Composite_NJ_WM/FeatureServer/0,2026-10-04T02:11:41+00:00
A0087:units,A0087,units,16,1,16,consistent,one_distinct_to_value,NJOGIS Parcels & MOD-IV Composite,https://services2.arcgis.com/XVOqAjTOJ5P6ngMu/arcgis/rest/services/Parcels_Composite_NJ_WM/FeatureServer/0,2026-10-04T02:11:41+00:00
A0087:use_code,A0087,use_code,4C,1,4C,consistent,one_distinct_to_value,NJOGIS Parcels & MOD-IV Composite,https://services2.arcgis.com/XVOqAjTOJ5P6ngMu/arcgis/rest/services/Parcels_Composite_NJ_WM/FeatureServer/0,2026-10-04T02:11:41+00:00
A0087:use_description,A0087,use_description,,0,unknown,missing,zero_distinct_to_unknown,NJOGIS Parcels & MOD-IV Composite,https://services2.arcgis.com/XVOqAjTOJ5P6ngMu/arcgis/rest/services/Parcels_Composite_NJ_WM/FeatureServer/0,2026-10-04T02:11:41+00:00
A0089:year_built,A0089,year_built,,0,unknown,missing,zero_distinct_to_unknown,NJOGIS Parcels & MOD-IV Composite,https://services2.arcgis.com/XVOqAjTOJ5P6ngMu/arcgis/rest/services/Parcels_Composite_NJ_WM/FeatureServer/0,2026-10-04T02:11:41+00:00
A0089:units,A0089,units,10,1,10,consistent,one_distinct_to_value,NJOGIS Parcels & MOD-IV Composite,https://services2.arcgis.com/XVOqAjTOJ5P6ngMu/arcgis/rest/services/Parcels_Composite_NJ_WM/FeatureServer/0,2026-10-04T02:11:41+00:00
A0089:use_code,A0089,use_code,4C,1,4C,consistent,one_distinct_to_value,NJOGIS Parcels & MOD-IV Composite,https://services2.arcgis.com/XVOqAjTOJ5P6ngMu/arcgis/rest/services/Parcels_Composite_NJ_WM/FeatureServer/0,2026-10-04T02:11:41+00:00
A0089:use_description,A0089,use_description,738,1,738,consistent,one_distinct_to_value,NJOGIS Parcels & MOD-IV Composite,https://services2.arcgis.com/XVOqAjTOJ5P6ngMu/arcgis/rest/services/Parcels_Composite_NJ_WM/FeatureServer/0,2026-10-04T02:11:41+00:00
A0090:year_built,A0090,year_built,,0,unknown,missing,zero_distinct_to_unknown,NJOGIS Parcels & MOD-IV Composite,https://services2.arcgis.com/XVOqAjTOJ5P6ngMu/arcgis/rest/services/Parcels_Composite_NJ_WM/FeatureServer/0,2026-10-04T02:11:41+00:00
A0090:units,A0090,units,1,1,1,consistent,one_distinct_to_value,NJOGIS Parcels & MOD-IV Composite,https://services2.arcgis.com/XVOqAjTOJ5P6ngMu/arcgis/rest/services/Parcels_Composite_NJ_WM/FeatureServer/0,2026-10-04T02:11:41+00:00
A0090:use_code,A0090,use_code,4C,1,4C,consistent,one_distinct_to_value,NJOGIS Parcels & MOD-IV Composite,https://services2.arcgis.com/XVOqAjTOJ5P6ngMu/arcgis/rest/services/Parcels_Composite_NJ_WM/FeatureServer/0,2026-10-04T02:11:41+00:00
A0090:use_description,A0090,use_description,029,1,029,consistent,one_distinct_to_value,NJOGIS Parcels & MOD-IV Composite,https://services2.arcgis.com/XVOqAjTOJ5P6ngMu/arcgis/rest/services/Parcels_Composite_NJ_WM/FeatureServer/0,2026-10-04T02:11:41+00:00
A0091:year_built,A0091,year_built,,0,unknown,missing,zero_distinct_to_unknown,Alameda County parcels,https://gis.cityofberkeley.info/arcgis3/rest/services/Public/GISPortal/MapServer/1,2026-10-04T02:11:41+00:00
A0091:units,A0091,units,8,1,8,consistent,one_distinct_to_value,Alameda County parcels,https://gis.cityofberkeley.info/arcgis3/rest/services/Public/GISPortal/MapServer/1,2026-10-04T02:11:41+00:00
A0091:use_code,A0091,use_code,7700,1,7700,consistent,one_distinct_to_value,Alameda County parcels,https://gis.cityofberkeley.info/arcgis3/rest/services/Public/GISPortal/MapServer/1,2026-10-04T02:11:41+00:00
A0091:use_description,A0091,use_description,,0,unknown,missing,zero_distinct_to_unknown,Alameda County parcels,https://gis.cityofberkeley.info/arcgis3/rest/services/Public/GISPortal/MapServer/1,2026-10-04T02:11:41+00:00
A0092:year_built,A0092,year_built,,0,unknown,missing,zero_distinct_to_unknown,Alameda County parcels,https://gis.cityofberkeley.info/arcgis3/rest/services/Public/GISPortal/MapServer/1,2026-10-04T02:11:41+00:00
A0092:units,A0092,units,32,1,32,consistent,one_distinct_to_value,Alameda County parcels,https://gis.cityofberkeley.info/arcgis3/rest/services/Public/GISPortal/MapServer/1,2026-10-04T02:11:41+00:00
A0092:use_code,A0092,use_code,7700,1,7700,consistent,one_distinct_to_value,Alameda County parcels,https://gis.cityofberkeley.info/arcgis3/rest/services/Public/GISPortal/MapServer/1,2026-10-04T02:11:41+00:00
A0092:use_description,A0092,use_description,,0,unknown,missing,zero_distinct_to_unknown,Alameda County parcels,https://gis.cityofberkeley.info/arcgis3/rest/services/Public/GISPortal/MapServer/1,2026-10-04T02:11:41+00:00
A0093:year_built,A0093,year_built,2004,1,2004,consistent,one_distinct_to_value,Boston Property Assessment FY2026,https://data.boston.gov/dataset/e02c44d2-3c64-459c-8fe2-e1ce5f38a035/resource/ee73430d-96c0-423e-ad21-c4cfb54c8961/download/fy2026-property-assessment-data_rev.csv,2026-10-04T02:11:41+00:00
A0093:units,A0093,units,,0,unknown,missing,zero_distinct_to_unknown,Boston Property Assessment FY2026,https://data.boston.gov/dataset/e02c44d2-3c64-459c-8fe2-e1ce5f38a035/resource/ee73430d-96c0-423e-ad21-c4cfb54c8961/download/fy2026-property-assessment-data_rev.csv,2026-10-04T02:11:41+00:00
A0093:use_code,A0093,use_code,A,1,A,consistent,one_distinct_to_value,Boston Property Assessment FY2026,https://data.boston.gov/dataset/e02c44d2-3c64-459c-8fe2-e1ce5f38a035/resource/ee73430d-96c0-423e-ad21-c4cfb54c8961/download/fy2026-property-assessment-data_rev.csv,2026-10-04T02:11:41+00:00
A0093:use_description,A0093,use_description,ELDERLY HOME,1,ELDERLY HOME,consistent,one_distinct_to_value,Boston Property Assessment FY2026,https://data.boston.gov/dataset/e02c44d2-3c64-459c-8fe2-e1ce5f38a035/resource/ee73430d-96c0-423e-ad21-c4cfb54c8961/download/fy2026-property-assessment-data_rev.csv,2026-10-04T02:11:41+00:00
A0094:year_built,A0094,year_built,85,1,85,consistent,one_distinct_to_value,SANDAG/SanGIS parcels,https://geo.sandag.org/server/rest/services/hosted/Parcels/FeatureServer/0,2026-10-04T02:11:41+00:00
A0094:units,A0094,units,88,1,88,consistent,one_distinct_to_value,SANDAG/SanGIS parcels,https://geo.sandag.org/server/rest/services/hosted/Parcels/FeatureServer/0,2026-10-04T02:11:41+00:00
A0094:use_code,A0094,use_code,16,1,16,consistent,one_distinct_to_value,SANDAG/SanGIS parcels,https://geo.sandag.org/server/rest/services/hosted/Parcels/FeatureServer/0,2026-10-04T02:11:41+00:00
A0094:use_description,A0094,use_description,,0,unknown,missing,zero_distinct_to_unknown,SANDAG/SanGIS parcels,https://geo.sandag.org/server/rest/services/hosted/Parcels/FeatureServer/0,2026-10-04T02:11:41+00:00
A0095:year_built,A0095,year_built,1900,1,1900,consistent,one_distinct_to_value,Cambridge Property Database FY2026 (waa7-ibdu),https://data.cambridgema.gov/resource/waa7-ibdu.json,2026-10-04T02:11:41+00:00
A0095:units,A0095,units,6,1,6,consistent,one_distinct_to_value,Cambridge Property Database FY2026 (waa7-ibdu),https://data.cambridgema.gov/resource/waa7-ibdu.json,2026-10-04T02:11:41+00:00
A0095:use_code,A0095,use_code,111,1,111,consistent,one_distinct_to_value,Cambridge Property Database FY2026 (waa7-ibdu),https://data.cambridgema.gov/resource/waa7-ibdu.json,2026-10-04T02:11:41+00:00
A0095:use_description,A0095,use_description,4-8-UNIT-APT,1,4-8-UNIT-APT,consistent,one_distinct_to_value,Cambridge Property Database FY2026 (waa7-ibdu),https://data.cambridgema.gov/resource/waa7-ibdu.json,2026-10-04T02:11:41+00:00
A0096:year_built,A0096,year_built,1910,1,1910,consistent,one_distinct_to_value,Boston Property Assessment FY2026,https://data.boston.gov/dataset/e02c44d2-3c64-459c-8fe2-e1ce5f38a035/resource/ee73430d-96c0-423e-ad21-c4cfb54c8961/download/fy2026-property-assessment-data_rev.csv,2026-10-04T02:11:41+00:00
A0096:units,A0096,units,,0,unknown,missing,zero_distinct_to_unknown,Boston Property Assessment FY2026,https://data.boston.gov/dataset/e02c44d2-3c64-459c-8fe2-e1ce5f38a035/resource/ee73430d-96c0-423e-ad21-c4cfb54c8961/download/fy2026-property-assessment-data_rev.csv,2026-10-04T02:11:41+00:00
A0096:use_code,A0096,use_code,A,1,A,consistent,one_distinct_to_value,Boston Property Assessment FY2026,https://data.boston.gov/dataset/e02c44d2-3c64-459c-8fe2-e1ce5f38a035/resource/ee73430d-96c0-423e-ad21-c4cfb54c8961/download/fy2026-property-assessment-data_rev.csv,2026-10-04T02:11:41+00:00
A0096:use_description,A0096,use_description,SUBSD HOUSING S- 8,1,SUBSD HOUSING S- 8,consistent,one_distinct_to_value,Boston Property Assessment FY2026,https://data.boston.gov/dataset/e02c44d2-3c64-459c-8fe2-e1ce5f38a035/resource/ee73430d-96c0-423e-ad21-c4cfb54c8961/download/fy2026-property-assessment-data_rev.csv,2026-10-04T02:11:41+00:00
A0098:year_built,A0098,year_built,,0,unknown,address_not_aligned,reject_unaligned_address,Boston Property Assessment FY2026,https://data.boston.gov/dataset/e02c44d2-3c64-459c-8fe2-e1ce5f38a035/resource/ee73430d-96c0-423e-ad21-c4cfb54c8961/download/fy2026-property-assessment-data_rev.csv,2026-10-04T02:11:41+00:00
A0098:units,A0098,units,,0,unknown,address_not_aligned,reject_unaligned_address,Boston Property Assessment FY2026,https://data.boston.gov/dataset/e02c44d2-3c64-459c-8fe2-e1ce5f38a035/resource/ee73430d-96c0-423e-ad21-c4cfb54c8961/download/fy2026-property-assessment-data_rev.csv,2026-10-04T02:11:41+00:00
A0098:use_code,A0098,use_code,,0,unknown,address_not_aligned,reject_unaligned_address,Boston Property Assessment FY2026,https://data.boston.gov/dataset/e02c44d2-3c64-459c-8fe2-e1ce5f38a035/resource/ee73430d-96c0-423e-ad21-c4cfb54c8961/download/fy2026-property-assessment-data_rev.csv,2026-10-04T02:11:41+00:00
A0098:use_description,A0098,use_description,,0,unknown,address_not_aligned,reject_unaligned_address,Boston Property Assessment FY2026,https://data.boston.gov/dataset/e02c44d2-3c64-459c-8fe2-e1ce5f38a035/resource/ee73430d-96c0-423e-ad21-c4cfb54c8961/download/fy2026-property-assessment-data_rev.csv,2026-10-04T02:11:41+00:00
A0099:year_built,A0099,year_built,,0,unknown,missing,zero_distinct_to_unknown,NJOGIS Parcels & MOD-IV Composite,https://services2.arcgis.com/XVOqAjTOJ5P6ngMu/arcgis/rest/services/Parcels_Composite_NJ_WM/FeatureServer/0,2026-10-04T02:11:41+00:00
A0099:units,A0099,units,5,1,5,consistent,one_distinct_to_value,NJOGIS Parcels & MOD-IV Composite,https://services2.arcgis.com/XVOqAjTOJ5P6ngMu/arcgis/rest/services/Parcels_Composite_NJ_WM/FeatureServer/0,2026-10-04T02:11:41+00:00
A0099:use_code,A0099,use_code,4C,1,4C,consistent,one_distinct_to_value,NJOGIS Parcels & MOD-IV Composite,https://services2.arcgis.com/XVOqAjTOJ5P6ngMu/arcgis/rest/services/Parcels_Composite_NJ_WM/FeatureServer/0,2026-10-04T02:11:41+00:00
A0099:use_description,A0099,use_description,,0,unknown,missing,zero_distinct_to_unknown,NJOGIS Parcels & MOD-IV Composite,https://services2.arcgis.com/XVOqAjTOJ5P6ngMu/arcgis/rest/services/Parcels_Composite_NJ_WM/FeatureServer/0,2026-10-04T02:11:41+00:00
A0100:year_built,A0100,year_built,85,1,85,consistent,one_distinct_to_value,SANDAG/SanGIS parcels,https://geo.sandag.org/server/rest/services/hosted/Parcels/FeatureServer/0,2026-10-04T02:11:41+00:00
A0100:units,A0100,units,7,1,7,consistent,one_distinct_to_value,SANDAG/SanGIS parcels,https://geo.sandag.org/server/rest/services/hosted/Parcels/FeatureServer/0,2026-10-04T02:11:41+00:00
A0100:use_code,A0100,use_code,14,1,14,consistent,one_distinct_to_value,SANDAG/SanGIS parcels,https://geo.sandag.org/server/rest/services/hosted/Parcels/FeatureServer/0,2026-10-04T02:11:41+00:00
A0100:use_description,A0100,use_description,,0,unknown,missing,zero_distinct_to_unknown,SANDAG/SanGIS parcels,https://geo.sandag.org/server/rest/services/hosted/Parcels/FeatureServer/0,2026-10-04T02:11:41+00:00
A0101:year_built,A0101,year_built,,0,unknown,address_not_aligned,reject_unaligned_address,NJOGIS Parcels & MOD-IV Composite,https://services2.arcgis.com/XVOqAjTOJ5P6ngMu/arcgis/rest/services/Parcels_Composite_NJ_WM/FeatureServer/0,2026-10-04T02:11:41+00:00
A0101:units,A0101,units,,0,unknown,address_not_aligned,reject_unaligned_address,NJOGIS Parcels & MOD-IV Composite,https://services2.arcgis.com/XVOqAjTOJ5P6ngMu/arcgis/rest/services/Parcels_Composite_NJ_WM/FeatureServer/0,2026-10-04T02:11:41+00:00
A0101:use_code,A0101,use_code,4C,1,unknown,address_not_aligned,reject_unaligned_address,NJOGIS Parcels & MOD-IV Composite,https://services2.arcgis.com/XVOqAjTOJ5P6ngMu/arcgis/rest/services/Parcels_Composite_NJ_WM/FeatureServer/0,2026-10-04T02:11:41+00:00
A0101:use_description,A0101,use_description,,0,unknown,address_not_aligned,reject_unaligned_address,NJOGIS Parcels & MOD-IV Composite,https://services2.arcgis.com/XVOqAjTOJ5P6ngMu/arcgis/rest/services/Parcels_Composite_NJ_WM/FeatureServer/0,2026-10-04T02:11:41+00:00
A0102:year_built,A0102,year_built,,0,unknown,missing,zero_distinct_to_unknown,NJOGIS Parcels & MOD-IV Composite,https://services2.arcgis.com/XVOqAjTOJ5P6ngMu/arcgis/rest/services/Parcels_Composite_NJ_WM/FeatureServer/0,2026-10-04T02:11:41+00:00
A0102:units,A0102,units,5,1,5,consistent,one_distinct_to_value,NJOGIS Parcels & MOD-IV Composite,https://services2.arcgis.com/XVOqAjTOJ5P6ngMu/arcgis/rest/services/Parcels_Composite_NJ_WM/FeatureServer/0,2026-10-04T02:11:41+00:00
A0102:use_code,A0102,use_code,4C,1,4C,consistent,one_distinct_to_value,NJOGIS Parcels & MOD-IV Composite,https://services2.arcgis.com/XVOqAjTOJ5P6ngMu/arcgis/rest/services/Parcels_Composite_NJ_WM/FeatureServer/0,2026-10-04T02:11:41+00:00
A0102:use_description,A0102,use_description,738,1,738,consistent,one_distinct_to_value,NJOGIS Parcels & MOD-IV Composite,https://services2.arcgis.com/XVOqAjTOJ5P6ngMu/arcgis/rest/services/Parcels_Composite_NJ_WM/FeatureServer/0,2026-10-04T02:11:41+00:00
A0103:year_built,A0103,year_built,2002,1,2002,consistent,one_distinct_to_value,Alameda County parcels,https://gis.cityofberkeley.info/arcgis3/rest/services/Public/GISPortal/MapServer/1,2026-10-04T02:11:41+00:00
A0103:units,A0103,units,60,1,60,consistent,one_distinct_to_value,Alameda County parcels,https://gis.cityofberkeley.info/arcgis3/rest/services/Public/GISPortal/MapServer/1,2026-10-04T02:11:41+00:00
A0103:use_code,A0103,use_code,7700,1,7700,consistent,one_distinct_to_value,Alameda County parcels,https://gis.cityofberkeley.info/arcgis3/rest/services/Public/GISPortal/MapServer/1,2026-10-04T02:11:41+00:00
A0103:use_description,A0103,use_description,,0,unknown,missing,zero_distinct_to_unknown,Alameda County parcels,https://gis.cityofberkeley.info/arcgis3/rest/services/Public/GISPortal/MapServer/1,2026-10-04T02:11:41+00:00
A0104:year_built,A0104,year_built,,0,unknown,candidate_set_incomplete,reject_incomplete_candidate_set,NJOGIS Parcels & MOD-IV Composite,https://services2.arcgis.com/XVOqAjTOJ5P6ngMu/arcgis/rest/services/Parcels_Composite_NJ_WM/FeatureServer/0,2026-10-04T02:11:41+00:00
A0104:units,A0104,units,1,1,unknown,candidate_set_incomplete,reject_incomplete_candidate_set,NJOGIS Parcels & MOD-IV Composite,https://services2.arcgis.com/XVOqAjTOJ5P6ngMu/arcgis/rest/services/Parcels_Composite_NJ_WM/FeatureServer/0,2026-10-04T02:11:41+00:00
A0104:use_code,A0104,use_code,4C,1,unknown,candidate_set_incomplete,reject_incomplete_candidate_set,NJOGIS Parcels & MOD-IV Composite,https://services2.arcgis.com/XVOqAjTOJ5P6ngMu/arcgis/rest/services/Parcels_Composite_NJ_WM/FeatureServer/0,2026-10-04T02:11:41+00:00
A0104:use_description,A0104,use_description,029,1,unknown,candidate_set_incomplete,reject_incomplete_candidate_set,NJOGIS Parcels & MOD-IV Composite,https://services2.arcgis.com/XVOqAjTOJ5P6ngMu/arcgis/rest/services/Parcels_Composite_NJ_WM/FeatureServer/0,2026-10-04T02:11:41+00:00
A0107:year_built,A0107,year_built,1978,1,1978,consistent,one_distinct_to_value,LA County eGIS parcels,https://cache.gis.lacounty.gov/cache/rest/services/LACounty_Cache/LACounty_Parcel/FeatureServer/0,2026-10-04T02:11:41+00:00
A0107:units,A0107,units,20,1,20,consistent,one_distinct_to_value,LA County eGIS parcels,https://cache.gis.lacounty.gov/cache/rest/services/LACounty_Cache/LACounty_Parcel/FeatureServer/0,2026-10-04T02:11:41+00:00
A0107:use_code,A0107,use_code,0500,1,0500,consistent,one_distinct_to_value,LA County eGIS parcels,https://cache.gis.lacounty.gov/cache/rest/services/LACounty_Cache/LACounty_Parcel/FeatureServer/0,2026-10-04T02:11:41+00:00
A0107:use_description,A0107,use_description,Five or more apartments,1,Five or more apartments,consistent,one_distinct_to_value,LA County eGIS parcels,https://cache.gis.lacounty.gov/cache/rest/services/LACounty_Cache/LACounty_Parcel/FeatureServer/0,2026-10-04T02:11:41+00:00
A0108:year_built,A0108,year_built,,0,unknown,missing,zero_distinct_to_unknown,NJOGIS Parcels & MOD-IV Composite,https://services2.arcgis.com/XVOqAjTOJ5P6ngMu/arcgis/rest/services/Parcels_Composite_NJ_WM/FeatureServer/0,2026-10-04T02:11:41+00:00
A0108:units,A0108,units,,0,unknown,missing,zero_distinct_to_unknown,NJOGIS Parcels & MOD-IV Composite,https://services2.arcgis.com/XVOqAjTOJ5P6ngMu/arcgis/rest/services/Parcels_Composite_NJ_WM/FeatureServer/0,2026-10-04T02:11:41+00:00
A0108:use_code,A0108,use_code,4C,1,4C,consistent,one_distinct_to_value,NJOGIS Parcels & MOD-IV Composite,https://services2.arcgis.com/XVOqAjTOJ5P6ngMu/arcgis/rest/services/Parcels_Composite_NJ_WM/FeatureServer/0,2026-10-04T02:11:41+00:00
A0108:use_description,A0108,use_description,,0,unknown,missing,zero_distinct_to_unknown,NJOGIS Parcels & MOD-IV Composite,https://services2.arcgis.com/XVOqAjTOJ5P6ngMu/arcgis/rest/services/Parcels_Composite_NJ_WM/FeatureServer/0,2026-10-04T02:11:41+00:00
A0109:year_built,A0109,year_built,1961,1,1961,consistent,one_distinct_to_value,Alameda County parcels,https://gis.cityofberkeley.info/arcgis3/rest/services/Public/GISPortal/MapServer/1,2026-10-04T02:11:41+00:00
A0109:units,A0109,units,5,1,5,consistent,one_distinct_to_value,Alameda County parcels,https://gis.cityofberkeley.info/arcgis3/rest/services/Public/GISPortal/MapServer/1,2026-10-04T02:11:41+00:00
A0109:use_code,A0109,use_code,7700,1,7700,consistent,one_distinct_to_value,Alameda County parcels,https://gis.cityofberkeley.info/arcgis3/rest/services/Public/GISPortal/MapServer/1,2026-10-04T02:11:41+00:00
A0109:use_description,A0109,use_description,,0,unknown,missing,zero_distinct_to_unknown,Alameda County parcels,https://gis.cityofberkeley.info/arcgis3/rest/services/Public/GISPortal/MapServer/1,2026-10-04T02:11:41+00:00
A0110:year_built,A0110,year_built,,0,unknown,missing,zero_distinct_to_unknown,NJOGIS Parcels & MOD-IV Composite,https://services2.arcgis.com/XVOqAjTOJ5P6ngMu/arcgis/rest/services/Parcels_Composite_NJ_WM/FeatureServer/0,2026-10-04T02:11:41+00:00
A0110:units,A0110,units,1,1,1,consistent,one_distinct_to_value,NJOGIS Parcels & MOD-IV Composite,https://services2.arcgis.com/XVOqAjTOJ5P6ngMu/arcgis/rest/services/Parcels_Composite_NJ_WM/FeatureServer/0,2026-10-04T02:11:41+00:00
A0110:use_code,A0110,use_code,4C,1,4C,consistent,one_distinct_to_value,NJOGIS Parcels & MOD-IV Composite,https://services2.arcgis.com/XVOqAjTOJ5P6ngMu/arcgis/rest/services/Parcels_Composite_NJ_WM/FeatureServer/0,2026-10-04T02:11:41+00:00
A0110:use_description,A0110,use_description,029,1,029,consistent,one_distinct_to_value,NJOGIS Parcels & MOD-IV Composite,https://services2.arcgis.com/XVOqAjTOJ5P6ngMu/arcgis/rest/services/Parcels_Composite_NJ_WM/FeatureServer/0,2026-10-04T02:11:41+00:00
A0111:year_built,A0111,year_built,1984,1,1984,consistent,one_distinct_to_value,LA County eGIS parcels,https://cache.gis.lacounty.gov/cache/rest/services/LACounty_Cache/LACounty_Parcel/FeatureServer/0,2026-10-04T02:11:41+00:00
A0111:units,A0111,units,40,1,40,consistent,one_distinct_to_value,LA County eGIS parcels,https://cache.gis.lacounty.gov/cache/rest/services/LACounty_Cache/LACounty_Parcel/FeatureServer/0,2026-10-04T02:11:41+00:00
A0111:use_code,A0111,use_code,0500,1,0500,consistent,one_distinct_to_value,LA County eGIS parcels,https://cache.gis.lacounty.gov/cache/rest/services/LACounty_Cache/LACounty_Parcel/FeatureServer/0,2026-10-04T02:11:41+00:00
A0111:use_description,A0111,use_description,Five or more apartments,1,Five or more apartments,consistent,one_distinct_to_value,LA County eGIS parcels,https://cache.gis.lacounty.gov/cache/rest/services/LACounty_Cache/LACounty_Parcel/FeatureServer/0,2026-10-04T02:11:41+00:00
A0113:year_built,A0113,year_built,1920,1,1920,consistent,one_distinct_to_value,Alameda County parcels,https://gis.cityofberkeley.info/arcgis3/rest/services/Public/GISPortal/MapServer/1,2026-10-04T02:11:41+00:00
A0113:units,A0113,units,5,1,5,consistent,one_distinct_to_value,Alameda County parcels,https://gis.cityofberkeley.info/arcgis3/rest/services/Public/GISPortal/MapServer/1,2026-10-04T02:11:41+00:00
A0113:use_code,A0113,use_code,7700,1,7700,consistent,one_distinct_to_value,Alameda County parcels,https://gis.cityofberkeley.info/arcgis3/rest/services/Public/GISPortal/MapServer/1,2026-10-04T02:11:41+00:00
A0113:use_description,A0113,use_description,,0,unknown,missing,zero_distinct_to_unknown,Alameda County parcels,https://gis.cityofberkeley.info/arcgis3/rest/services/Public/GISPortal/MapServer/1,2026-10-04T02:11:41+00:00
A0114:year_built,A0114,year_built,00,1,00,consistent,one_distinct_to_value,SANDAG/SanGIS parcels,https://geo.sandag.org/server/rest/services/hosted/Parcels/FeatureServer/0,2026-10-04T02:11:41+00:00
A0114:units,A0114,units,6,1,6,consistent,one_distinct_to_value,SANDAG/SanGIS parcels,https://geo.sandag.org/server/rest/services/hosted/Parcels/FeatureServer/0,2026-10-04T02:11:41+00:00
A0114:use_code,A0114,use_code,14,1,14,consistent,one_distinct_to_value,SANDAG/SanGIS parcels,https://geo.sandag.org/server/rest/services/hosted/Parcels/FeatureServer/0,2026-10-04T02:11:41+00:00
A0114:use_description,A0114,use_description,,0,unknown,missing,zero_distinct_to_unknown,SANDAG/SanGIS parcels,https://geo.sandag.org/server/rest/services/hosted/Parcels/FeatureServer/0,2026-10-04T02:11:41+00:00
A0116:year_built,A0116,year_built,1923,1,1923,consistent,one_distinct_to_value,NJOGIS Parcels & MOD-IV Composite,https://services2.arcgis.com/XVOqAjTOJ5P6ngMu/arcgis/rest/services/Parcels_Composite_NJ_WM/FeatureServer/0,2026-10-04T02:11:41+00:00
A0116:units,A0116,units,,0,unknown,missing,zero_distinct_to_unknown,NJOGIS Parcels & MOD-IV Composite,https://services2.arcgis.com/XVOqAjTOJ5P6ngMu/arcgis/rest/services/Parcels_Composite_NJ_WM/FeatureServer/0,2026-10-04T02:11:41+00:00
A0116:use_code,A0116,use_code,4C,1,4C,consistent,one_distinct_to_value,NJOGIS Parcels & MOD-IV Composite,https://services2.arcgis.com/XVOqAjTOJ5P6ngMu/arcgis/rest/services/Parcels_Composite_NJ_WM/FeatureServer/0,2026-10-04T02:11:41+00:00
A0116:use_description,A0116,use_description,,0,unknown,missing,zero_distinct_to_unknown,NJOGIS Parcels & MOD-IV Composite,https://services2.arcgis.com/XVOqAjTOJ5P6ngMu/arcgis/rest/services/Parcels_Composite_NJ_WM/FeatureServer/0,2026-10-04T02:11:41+00:00
A0117:year_built,A0117,year_built,1924,1,1924,consistent,one_distinct_to_value,LA County eGIS parcels,https://cache.gis.lacounty.gov/cache/rest/services/LACounty_Cache/LACounty_Parcel/FeatureServer/0,2026-10-04T02:11:41+00:00
A0117:units,A0117,units,40,1,40,consistent,one_distinct_to_value,LA County eGIS parcels,https://cache.gis.lacounty.gov/cache/rest/services/LACounty_Cache/LACounty_Parcel/FeatureServer/0,2026-10-04T02:11:41+00:00
A0117:use_code,A0117,use_code,0500,1,0500,consistent,one_distinct_to_value,LA County eGIS parcels,https://cache.gis.lacounty.gov/cache/rest/services/LACounty_Cache/LACounty_Parcel/FeatureServer/0,2026-10-04T02:11:41+00:00
A0117:use_description,A0117,use_description,Five or more apartments,1,Five or more apartments,consistent,one_distinct_to_value,LA County eGIS parcels,https://cache.gis.lacounty.gov/cache/rest/services/LACounty_Cache/LACounty_Parcel/FeatureServer/0,2026-10-04T02:11:41+00:00
A0118:year_built,A0118,year_built,2009,1,2009,consistent,one_distinct_to_value,Boston Property Assessment FY2026,https://data.boston.gov/dataset/e02c44d2-3c64-459c-8fe2-e1ce5f38a035/resource/ee73430d-96c0-423e-ad21-c4cfb54c8961/download/fy2026-property-assessment-data_rev.csv,2026-10-04T02:11:41+00:00
A0118:units,A0118,units,,0,unknown,missing,zero_distinct_to_unknown,Boston Property Assessment FY2026,https://data.boston.gov/dataset/e02c44d2-3c64-459c-8fe2-e1ce5f38a035/resource/ee73430d-96c0-423e-ad21-c4cfb54c8961/download/fy2026-property-assessment-data_rev.csv,2026-10-04T02:11:41+00:00
A0118:use_code,A0118,use_code,A,1,A,consistent,one_distinct_to_value,Boston Property Assessment FY2026,https://data.boston.gov/dataset/e02c44d2-3c64-459c-8fe2-e1ce5f38a035/resource/ee73430d-96c0-423e-ad21-c4cfb54c8961/download/fy2026-property-assessment-data_rev.csv,2026-10-04T02:11:41+00:00
A0118:use_description,A0118,use_description,SUBSD HOUSING S- 8,1,SUBSD HOUSING S- 8,consistent,one_distinct_to_value,Boston Property Assessment FY2026,https://data.boston.gov/dataset/e02c44d2-3c64-459c-8fe2-e1ce5f38a035/resource/ee73430d-96c0-423e-ad21-c4cfb54c8961/download/fy2026-property-assessment-data_rev.csv,2026-10-04T02:11:41+00:00
A0119:year_built,A0119,year_built,,0,unknown,missing,zero_distinct_to_unknown,NJOGIS Parcels & MOD-IV Composite,https://services2.arcgis.com/XVOqAjTOJ5P6ngMu/arcgis/rest/services/Parcels_Composite_NJ_WM/FeatureServer/0,2026-10-04T02:11:41+00:00
A0119:units,A0119,units,6,1,6,consistent,one_distinct_to_value,NJOGIS Parcels & MOD-IV Composite,https://services2.arcgis.com/XVOqAjTOJ5P6ngMu/arcgis/rest/services/Parcels_Composite_NJ_WM/FeatureServer/0,2026-10-04T02:11:41+00:00
A0119:use_code,A0119,use_code,4C,1,4C,consistent,one_distinct_to_value,NJOGIS Parcels & MOD-IV Composite,https://services2.arcgis.com/XVOqAjTOJ5P6ngMu/arcgis/rest/services/Parcels_Composite_NJ_WM/FeatureServer/0,2026-10-04T02:11:41+00:00
A0119:use_description,A0119,use_description,,0,unknown,missing,zero_distinct_to_unknown,NJOGIS Parcels & MOD-IV Composite,https://services2.arcgis.com/XVOqAjTOJ5P6ngMu/arcgis/rest/services/Parcels_Composite_NJ_WM/FeatureServer/0,2026-10-04T02:11:41+00:00
A0120:year_built,A0120,year_built,,0,unknown,missing,zero_distinct_to_unknown,NJOGIS Parcels & MOD-IV Composite,https://services2.arcgis.com/XVOqAjTOJ5P6ngMu/arcgis/rest/services/Parcels_Composite_NJ_WM/FeatureServer/0,2026-10-04T02:11:41+00:00
A0120:units,A0120,units,1,1,1,consistent,one_distinct_to_value,NJOGIS Parcels & MOD-IV Composite,https://services2.arcgis.com/XVOqAjTOJ5P6ngMu/arcgis/rest/services/Parcels_Composite_NJ_WM/FeatureServer/0,2026-10-04T02:11:41+00:00
A0120:use_code,A0120,use_code,4C,1,4C,consistent,one_distinct_to_value,NJOGIS Parcels & MOD-IV Composite,https://services2.arcgis.com/XVOqAjTOJ5P6ngMu/arcgis/rest/services/Parcels_Composite_NJ_WM/FeatureServer/0,2026-10-04T02:11:41+00:00
A0120:use_description,A0120,use_description,100,1,100,consistent,one_distinct_to_value,NJOGIS Parcels & MOD-IV Composite,https://services2.arcgis.com/XVOqAjTOJ5P6ngMu/arcgis/rest/services/Parcels_Composite_NJ_WM/FeatureServer/0,2026-10-04T02:11:41+00:00
A0121:year_built,A0121,year_built,87,1,87,consistent,one_distinct_to_value,SANDAG/SanGIS parcels,https://geo.sandag.org/server/rest/services/hosted/Parcels/FeatureServer/0,2026-10-04T02:11:41+00:00
A0121:units,A0121,units,22,1,22,consistent,one_distinct_to_value,SANDAG/SanGIS parcels,https://geo.sandag.org/server/rest/services/hosted/Parcels/FeatureServer/0,2026-10-04T02:11:41+00:00
A0121:use_code,A0121,use_code,15,1,15,consistent,one_distinct_to_value,SANDAG/SanGIS parcels,https://geo.sandag.org/server/rest/services/hosted/Parcels/FeatureServer/0,2026-10-04T02:11:41+00:00
A0121:use_description,A0121,use_description,,0,unknown,missing,zero_distinct_to_unknown,SANDAG/SanGIS parcels,https://geo.sandag.org/server/rest/services/hosted/Parcels/FeatureServer/0,2026-10-04T02:11:41+00:00
A0122:year_built,A0122,year_built,1909,1,unknown,address_not_aligned,reject_unaligned_address,LA County eGIS parcels,https://cache.gis.lacounty.gov/cache/rest/services/LACounty_Cache/LACounty_Parcel/FeatureServer/0,2026-10-04T02:11:41+00:00
A0122:units,A0122,units,8,1,unknown,address_not_aligned,reject_unaligned_address,LA County eGIS parcels,https://cache.gis.lacounty.gov/cache/rest/services/LACounty_Cache/LACounty_Parcel/FeatureServer/0,2026-10-04T02:11:41+00:00
A0122:use_code,A0122,use_code,0500,1,unknown,address_not_aligned,reject_unaligned_address,LA County eGIS parcels,https://cache.gis.lacounty.gov/cache/rest/services/LACounty_Cache/LACounty_Parcel/FeatureServer/0,2026-10-04T02:11:41+00:00
A0122:use_description,A0122,use_description,Five or more apartments,1,unknown,address_not_aligned,reject_unaligned_address,LA County eGIS parcels,https://cache.gis.lacounty.gov/cache/rest/services/LACounty_Cache/LACounty_Parcel/FeatureServer/0,2026-10-04T02:11:41+00:00
A0123:year_built,A0123,year_built,2013,1,2013,consistent,one_distinct_to_value,Boston Property Assessment FY2026,https://data.boston.gov/dataset/e02c44d2-3c64-459c-8fe2-e1ce5f38a035/resource/ee73430d-96c0-423e-ad21-c4cfb54c8961/download/fy2026-property-assessment-data_rev.csv,2026-10-04T02:11:41+00:00
A0123:units,A0123,units,,0,unknown,missing,zero_distinct_to_unknown,Boston Property Assessment FY2026,https://data.boston.gov/dataset/e02c44d2-3c64-459c-8fe2-e1ce5f38a035/resource/ee73430d-96c0-423e-ad21-c4cfb54c8961/download/fy2026-property-assessment-data_rev.csv,2026-10-04T02:11:41+00:00
A0123:use_code,A0123,use_code,A,1,A,consistent,one_distinct_to_value,Boston Property Assessment FY2026,https://data.boston.gov/dataset/e02c44d2-3c64-459c-8fe2-e1ce5f38a035/resource/ee73430d-96c0-423e-ad21-c4cfb54c8961/download/fy2026-property-assessment-data_rev.csv,2026-10-04T02:11:41+00:00
A0123:use_description,A0123,use_description,SUBSD HOUSING S- 8,1,SUBSD HOUSING S- 8,consistent,one_distinct_to_value,Boston Property Assessment FY2026,https://data.boston.gov/dataset/e02c44d2-3c64-459c-8fe2-e1ce5f38a035/resource/ee73430d-96c0-423e-ad21-c4cfb54c8961/download/fy2026-property-assessment-data_rev.csv,2026-10-04T02:11:41+00:00
A0124:year_built,A0124,year_built,1929,1,1929,consistent,one_distinct_to_value,Cambridge Property Database FY2026 (waa7-ibdu),https://data.cambridgema.gov/resource/waa7-ibdu.json,2026-10-04T02:11:41+00:00
A0124:units,A0124,units,16,1,16,consistent,one_distinct_to_value,Cambridge Property Database FY2026 (waa7-ibdu),https://data.cambridgema.gov/resource/waa7-ibdu.json,2026-10-04T02:11:41+00:00
A0124:use_code,A0124,use_code,112,1,112,consistent,one_distinct_to_value,Cambridge Property Database FY2026 (waa7-ibdu),https://data.cambridgema.gov/resource/waa7-ibdu.json,2026-10-04T02:11:41+00:00
A0124:use_description,A0124,use_description,>8-UNIT-APT,1,>8-UNIT-APT,consistent,one_distinct_to_value,Cambridge Property Database FY2026 (waa7-ibdu),https://data.cambridgema.gov/resource/waa7-ibdu.json,2026-10-04T02:11:41+00:00
A0125:year_built,A0125,year_built,,0,unknown,missing,zero_distinct_to_unknown,NJOGIS Parcels & MOD-IV Composite,https://services2.arcgis.com/XVOqAjTOJ5P6ngMu/arcgis/rest/services/Parcels_Composite_NJ_WM/FeatureServer/0,2026-10-04T02:11:41+00:00
A0125:units,A0125,units,5,1,5,consistent,one_distinct_to_value,NJOGIS Parcels & MOD-IV Composite,https://services2.arcgis.com/XVOqAjTOJ5P6ngMu/arcgis/rest/services/Parcels_Composite_NJ_WM/FeatureServer/0,2026-10-04T02:11:41+00:00
A0125:use_code,A0125,use_code,4C,1,4C,consistent,one_distinct_to_value,NJOGIS Parcels & MOD-IV Composite,https://services2.arcgis.com/XVOqAjTOJ5P6ngMu/arcgis/rest/services/Parcels_Composite_NJ_WM/FeatureServer/0,2026-10-04T02:11:41+00:00
A0125:use_description,A0125,use_description,635,1,635,consistent,one_distinct_to_value,NJOGIS Parcels & MOD-IV Composite,https://services2.arcgis.com/XVOqAjTOJ5P6ngMu/arcgis/rest/services/Parcels_Composite_NJ_WM/FeatureServer/0,2026-10-04T02:11:41+00:00
A0127:year_built,A0127,year_built,1964,1,1964,consistent,one_distinct_to_value,LA County eGIS parcels,https://cache.gis.lacounty.gov/cache/rest/services/LACounty_Cache/LACounty_Parcel/FeatureServer/0,2026-10-04T02:11:41+00:00
A0127:units,A0127,units,5,1,5,consistent,one_distinct_to_value,LA County eGIS parcels,https://cache.gis.lacounty.gov/cache/rest/services/LACounty_Cache/LACounty_Parcel/FeatureServer/0,2026-10-04T02:11:41+00:00
A0127:use_code,A0127,use_code,050C,1,050C,consistent,one_distinct_to_value,LA County eGIS parcels,https://cache.gis.lacounty.gov/cache/rest/services/LACounty_Cache/LACounty_Parcel/FeatureServer/0,2026-10-04T02:11:41+00:00
A0127:use_description,A0127,use_description,Five or more apartments,1,Five or more apartments,consistent,one_distinct_to_value,LA County eGIS parcels,https://cache.gis.lacounty.gov/cache/rest/services/LACounty_Cache/LACounty_Parcel/FeatureServer/0,2026-10-04T02:11:41+00:00
A0128:year_built,A0128,year_built,,0,unknown,address_not_aligned,reject_unaligned_address,Boston Property Assessment FY2026,https://data.boston.gov/dataset/e02c44d2-3c64-459c-8fe2-e1ce5f38a035/resource/ee73430d-96c0-423e-ad21-c4cfb54c8961/download/fy2026-property-assessment-data_rev.csv,2026-10-04T02:11:41+00:00
A0128:units,A0128,units,,0,unknown,address_not_aligned,reject_unaligned_address,Boston Property Assessment FY2026,https://data.boston.gov/dataset/e02c44d2-3c64-459c-8fe2-e1ce5f38a035/resource/ee73430d-96c0-423e-ad21-c4cfb54c8961/download/fy2026-property-assessment-data_rev.csv,2026-10-04T02:11:41+00:00
A0128:use_code,A0128,use_code,,0,unknown,address_not_aligned,reject_unaligned_address,Boston Property Assessment FY2026,https://data.boston.gov/dataset/e02c44d2-3c64-459c-8fe2-e1ce5f38a035/resource/ee73430d-96c0-423e-ad21-c4cfb54c8961/download/fy2026-property-assessment-data_rev.csv,2026-10-04T02:11:41+00:00
A0128:use_description,A0128,use_description,,0,unknown,address_not_aligned,reject_unaligned_address,Boston Property Assessment FY2026,https://data.boston.gov/dataset/e02c44d2-3c64-459c-8fe2-e1ce5f38a035/resource/ee73430d-96c0-423e-ad21-c4cfb54c8961/download/fy2026-property-assessment-data_rev.csv,2026-10-04T02:11:41+00:00
A0129:year_built,A0129,year_built,,0,unknown,missing,zero_distinct_to_unknown,NJOGIS Parcels & MOD-IV Composite,https://services2.arcgis.com/XVOqAjTOJ5P6ngMu/arcgis/rest/services/Parcels_Composite_NJ_WM/FeatureServer/0,2026-10-04T02:11:41+00:00
A0129:units,A0129,units,1,1,1,consistent,one_distinct_to_value,NJOGIS Parcels & MOD-IV Composite,https://services2.arcgis.com/XVOqAjTOJ5P6ngMu/arcgis/rest/services/Parcels_Composite_NJ_WM/FeatureServer/0,2026-10-04T02:11:41+00:00
A0129:use_code,A0129,use_code,4C,1,4C,consistent,one_distinct_to_value,NJOGIS Parcels & MOD-IV Composite,https://services2.arcgis.com/XVOqAjTOJ5P6ngMu/arcgis/rest/services/Parcels_Composite_NJ_WM/FeatureServer/0,2026-10-04T02:11:41+00:00
A0129:use_description,A0129,use_description,029,1,029,consistent,one_distinct_to_value,NJOGIS Parcels & MOD-IV Composite,https://services2.arcgis.com/XVOqAjTOJ5P6ngMu/arcgis/rest/services/Parcels_Composite_NJ_WM/FeatureServer/0,2026-10-04T02:11:41+00:00
A0130:year_built,A0130,year_built,,0,unknown,missing,zero_distinct_to_unknown,NJOGIS Parcels & MOD-IV Composite,https://services2.arcgis.com/XVOqAjTOJ5P6ngMu/arcgis/rest/services/Parcels_Composite_NJ_WM/FeatureServer/0,2026-10-04T02:11:41+00:00
A0130:units,A0130,units,1,1,1,consistent,one_distinct_to_value,NJOGIS Parcels & MOD-IV Composite,https://services2.arcgis.com/XVOqAjTOJ5P6ngMu/arcgis/rest/services/Parcels_Composite_NJ_WM/FeatureServer/0,2026-10-04T02:11:41+00:00
A0130:use_code,A0130,use_code,4C,1,4C,consistent,one_distinct_to_value,NJOGIS Parcels & MOD-IV Composite,https://services2.arcgis.com/XVOqAjTOJ5P6ngMu/arcgis/rest/services/Parcels_Composite_NJ_WM/FeatureServer/0,2026-10-04T02:11:41+00:00
A0130:use_description,A0130,use_description,029,1,029,consistent,one_distinct_to_value,NJOGIS Parcels & MOD-IV Composite,https://services2.arcgis.com/XVOqAjTOJ5P6ngMu/arcgis/rest/services/Parcels_Composite_NJ_WM/FeatureServer/0,2026-10-04T02:11:41+00:00
A0131:year_built,A0131,year_built,1900,1,1900,consistent,one_distinct_to_value,NJOGIS Parcels & MOD-IV Composite,https://services2.arcgis.com/XVOqAjTOJ5P6ngMu/arcgis/rest/services/Parcels_Composite_NJ_WM/FeatureServer/0,2026-10-04T02:11:41+00:00
A0131:units,A0131,units,,0,unknown,missing,zero_distinct_to_unknown,NJOGIS Parcels & MOD-IV Composite,https://services2.arcgis.com/XVOqAjTOJ5P6ngMu/arcgis/rest/services/Parcels_Composite_NJ_WM/FeatureServer/0,2026-10-04T02:11:41+00:00
A0131:use_code,A0131,use_code,4C,1,4C,consistent,one_distinct_to_value,NJOGIS Parcels & MOD-IV Composite,https://services2.arcgis.com/XVOqAjTOJ5P6ngMu/arcgis/rest/services/Parcels_Composite_NJ_WM/FeatureServer/0,2026-10-04T02:11:41+00:00
A0131:use_description,A0131,use_description,029,1,029,consistent,one_distinct_to_value,NJOGIS Parcels & MOD-IV Composite,https://services2.arcgis.com/XVOqAjTOJ5P6ngMu/arcgis/rest/services/Parcels_Composite_NJ_WM/FeatureServer/0,2026-10-04T02:11:41+00:00
A0132:year_built,A0132,year_built,,0,unknown,missing,zero_distinct_to_unknown,NJOGIS Parcels & MOD-IV Composite,https://services2.arcgis.com/XVOqAjTOJ5P6ngMu/arcgis/rest/services/Parcels_Composite_NJ_WM/FeatureServer/0,2026-10-04T02:11:41+00:00
A0132:units,A0132,units,1,1,1,consistent,one_distinct_to_value,NJOGIS Parcels & MOD-IV Composite,https://services2.arcgis.com/XVOqAjTOJ5P6ngMu/arcgis/rest/services/Parcels_Composite_NJ_WM/FeatureServer/0,2026-10-04T02:11:41+00:00
A0132:use_code,A0132,use_code,4C,1,4C,consistent,one_distinct_to_value,NJOGIS Parcels & MOD-IV Composite,https://services2.arcgis.com/XVOqAjTOJ5P6ngMu/arcgis/rest/services/Parcels_Composite_NJ_WM/FeatureServer/0,2026-10-04T02:11:41+00:00
A0132:use_description,A0132,use_description,100,1,100,consistent,one_distinct_to_value,NJOGIS Parcels & MOD-IV Composite,https://services2.arcgis.com/XVOqAjTOJ5P6ngMu/arcgis/rest/services/Parcels_Composite_NJ_WM/FeatureServer/0,2026-10-04T02:11:41+00:00
A0133:year_built,A0133,year_built,1956,1,1956,consistent,one_distinct_to_value,LA County eGIS parcels,https://cache.gis.lacounty.gov/cache/rest/services/LACounty_Cache/LACounty_Parcel/FeatureServer/0,2026-10-04T02:11:41+00:00
A0133:units,A0133,units,6,1,6,consistent,one_distinct_to_value,LA County eGIS parcels,https://cache.gis.lacounty.gov/cache/rest/services/LACounty_Cache/LACounty_Parcel/FeatureServer/0,2026-10-04T02:11:41+00:00
A0133:use_code,A0133,use_code,0500,1,0500,consistent,one_distinct_to_value,LA County eGIS parcels,https://cache.gis.lacounty.gov/cache/rest/services/LACounty_Cache/LACounty_Parcel/FeatureServer/0,2026-10-04T02:11:41+00:00
A0133:use_description,A0133,use_description,Five or more apartments,1,Five or more apartments,consistent,one_distinct_to_value,LA County eGIS parcels,https://cache.gis.lacounty.gov/cache/rest/services/LACounty_Cache/LACounty_Parcel/FeatureServer/0,2026-10-04T02:11:41+00:00
A0134:year_built,A0134,year_built,,0,unknown,address_not_aligned,reject_unaligned_address,Boston Property Assessment FY2026,https://data.boston.gov/dataset/e02c44d2-3c64-459c-8fe2-e1ce5f38a035/resource/ee73430d-96c0-423e-ad21-c4cfb54c8961/download/fy2026-property-assessment-data_rev.csv,2026-10-04T02:11:41+00:00
A0134:units,A0134,units,,0,unknown,address_not_aligned,reject_unaligned_address,Boston Property Assessment FY2026,https://data.boston.gov/dataset/e02c44d2-3c64-459c-8fe2-e1ce5f38a035/resource/ee73430d-96c0-423e-ad21-c4cfb54c8961/download/fy2026-property-assessment-data_rev.csv,2026-10-04T02:11:41+00:00
A0134:use_code,A0134,use_code,CL,1,unknown,address_not_aligned,reject_unaligned_address,Boston Property Assessment FY2026,https://data.boston.gov/dataset/e02c44d2-3c64-459c-8fe2-e1ce5f38a035/resource/ee73430d-96c0-423e-ad21-c4cfb54c8961/download/fy2026-property-assessment-data_rev.csv,2026-10-04T02:11:41+00:00
A0134:use_description,A0134,use_description,INDUSTRIAL LAND,1,unknown,address_not_aligned,reject_unaligned_address,Boston Property Assessment FY2026,https://data.boston.gov/dataset/e02c44d2-3c64-459c-8fe2-e1ce5f38a035/resource/ee73430d-96c0-423e-ad21-c4cfb54c8961/download/fy2026-property-assessment-data_rev.csv,2026-10-04T02:11:41+00:00
A0136:year_built,A0136,year_built,,0,unknown,missing,zero_distinct_to_unknown,NJOGIS Parcels & MOD-IV Composite,https://services2.arcgis.com/XVOqAjTOJ5P6ngMu/arcgis/rest/services/Parcels_Composite_NJ_WM/FeatureServer/0,2026-10-04T02:11:41+00:00
A0136:units,A0136,units,26,1,26,consistent,one_distinct_to_value,NJOGIS Parcels & MOD-IV Composite,https://services2.arcgis.com/XVOqAjTOJ5P6ngMu/arcgis/rest/services/Parcels_Composite_NJ_WM/FeatureServer/0,2026-10-04T02:11:41+00:00
A0136:use_code,A0136,use_code,4C,1,4C,consistent,one_distinct_to_value,NJOGIS Parcels & MOD-IV Composite,https://services2.arcgis.com/XVOqAjTOJ5P6ngMu/arcgis/rest/services/Parcels_Composite_NJ_WM/FeatureServer/0,2026-10-04T02:11:41+00:00
A0136:use_description,A0136,use_description,635,1,635,consistent,one_distinct_to_value,NJOGIS Parcels & MOD-IV Composite,https://services2.arcgis.com/XVOqAjTOJ5P6ngMu/arcgis/rest/services/Parcels_Composite_NJ_WM/FeatureServer/0,2026-10-04T02:11:41+00:00
A0137:year_built,A0137,year_built,,0,unknown,missing,zero_distinct_to_unknown,NJOGIS Parcels & MOD-IV Composite,https://services2.arcgis.com/XVOqAjTOJ5P6ngMu/arcgis/rest/services/Parcels_Composite_NJ_WM/FeatureServer/0,2026-10-04T02:11:41+00:00
A0137:units,A0137,units,1,1,1,consistent,one_distinct_to_value,NJOGIS Parcels & MOD-IV Composite,https://services2.arcgis.com/XVOqAjTOJ5P6ngMu/arcgis/rest/services/Parcels_Composite_NJ_WM/FeatureServer/0,2026-10-04T02:11:41+00:00
A0137:use_code,A0137,use_code,4C,1,4C,consistent,one_distinct_to_value,NJOGIS Parcels & MOD-IV Composite,https://services2.arcgis.com/XVOqAjTOJ5P6ngMu/arcgis/rest/services/Parcels_Composite_NJ_WM/FeatureServer/0,2026-10-04T02:11:41+00:00
A0137:use_description,A0137,use_description,029,1,029,consistent,one_distinct_to_value,NJOGIS Parcels & MOD-IV Composite,https://services2.arcgis.com/XVOqAjTOJ5P6ngMu/arcgis/rest/services/Parcels_Composite_NJ_WM/FeatureServer/0,2026-10-04T02:11:41+00:00
A0138:year_built,A0138,year_built,1959,1,1959,consistent,one_distinct_to_value,LA County eGIS parcels,https://cache.gis.lacounty.gov/cache/rest/services/LACounty_Cache/LACounty_Parcel/FeatureServer/0,2026-10-04T02:11:41+00:00
A0138:units,A0138,units,4,1,4,consistent,one_distinct_to_value,LA County eGIS parcels,https://cache.gis.lacounty.gov/cache/rest/services/LACounty_Cache/LACounty_Parcel/FeatureServer/0,2026-10-04T02:11:41+00:00
A0138:use_code,A0138,use_code,0500,1,0500,consistent,one_distinct_to_value,LA County eGIS parcels,https://cache.gis.lacounty.gov/cache/rest/services/LACounty_Cache/LACounty_Parcel/FeatureServer/0,2026-10-04T02:11:41+00:00
A0138:use_description,A0138,use_description,Five or more apartments,1,Five or more apartments,consistent,one_distinct_to_value,LA County eGIS parcels,https://cache.gis.lacounty.gov/cache/rest/services/LACounty_Cache/LACounty_Parcel/FeatureServer/0,2026-10-04T02:11:41+00:00
A0139:year_built,A0139,year_built,1910,1,1910,consistent,one_distinct_to_value,NJOGIS Parcels & MOD-IV Composite,https://services2.arcgis.com/XVOqAjTOJ5P6ngMu/arcgis/rest/services/Parcels_Composite_NJ_WM/FeatureServer/0,2026-10-04T02:11:41+00:00
A0139:units,A0139,units,5,1,5,consistent,one_distinct_to_value,NJOGIS Parcels & MOD-IV Composite,https://services2.arcgis.com/XVOqAjTOJ5P6ngMu/arcgis/rest/services/Parcels_Composite_NJ_WM/FeatureServer/0,2026-10-04T02:11:41+00:00
A0139:use_code,A0139,use_code,4C,1,4C,consistent,one_distinct_to_value,NJOGIS Parcels & MOD-IV Composite,https://services2.arcgis.com/XVOqAjTOJ5P6ngMu/arcgis/rest/services/Parcels_Composite_NJ_WM/FeatureServer/0,2026-10-04T02:11:41+00:00
A0139:use_description,A0139,use_description,,0,unknown,missing,zero_distinct_to_unknown,NJOGIS Parcels & MOD-IV Composite,https://services2.arcgis.com/XVOqAjTOJ5P6ngMu/arcgis/rest/services/Parcels_Composite_NJ_WM/FeatureServer/0,2026-10-04T02:11:41+00:00
A0140:year_built,A0140,year_built,1910,1,1910,consistent,one_distinct_to_value,Boston Property Assessment FY2026,https://data.boston.gov/dataset/e02c44d2-3c64-459c-8fe2-e1ce5f38a035/resource/ee73430d-96c0-423e-ad21-c4cfb54c8961/download/fy2026-property-assessment-data_rev.csv,2026-10-04T02:11:41+00:00
A0140:units,A0140,units,,0,unknown,missing,zero_distinct_to_unknown,Boston Property Assessment FY2026,https://data.boston.gov/dataset/e02c44d2-3c64-459c-8fe2-e1ce5f38a035/resource/ee73430d-96c0-423e-ad21-c4cfb54c8961/download/fy2026-property-assessment-data_rev.csv,2026-10-04T02:11:41+00:00
A0140:use_code,A0140,use_code,A,1,A,consistent,one_distinct_to_value,Boston Property Assessment FY2026,https://data.boston.gov/dataset/e02c44d2-3c64-459c-8fe2-e1ce5f38a035/resource/ee73430d-96c0-423e-ad21-c4cfb54c8961/download/fy2026-property-assessment-data_rev.csv,2026-10-04T02:11:41+00:00
A0140:use_description,A0140,use_description,APT 7-30 UNITS,1,APT 7-30 UNITS,consistent,one_distinct_to_value,Boston Property Assessment FY2026,https://data.boston.gov/dataset/e02c44d2-3c64-459c-8fe2-e1ce5f38a035/resource/ee73430d-96c0-423e-ad21-c4cfb54c8961/download/fy2026-property-assessment-data_rev.csv,2026-10-04T02:11:41+00:00
A0142:year_built,A0142,year_built,1957,1,1957,consistent,one_distinct_to_value,LA County eGIS parcels,https://cache.gis.lacounty.gov/cache/rest/services/LACounty_Cache/LACounty_Parcel/FeatureServer/0,2026-10-04T02:11:41+00:00
A0142:units,A0142,units,8,1,8,consistent,one_distinct_to_value,LA County eGIS parcels,https://cache.gis.lacounty.gov/cache/rest/services/LACounty_Cache/LACounty_Parcel/FeatureServer/0,2026-10-04T02:11:41+00:00
A0142:use_code,A0142,use_code,0500,1,0500,consistent,one_distinct_to_value,LA County eGIS parcels,https://cache.gis.lacounty.gov/cache/rest/services/LACounty_Cache/LACounty_Parcel/FeatureServer/0,2026-10-04T02:11:41+00:00
A0142:use_description,A0142,use_description,Five or more apartments,1,Five or more apartments,consistent,one_distinct_to_value,LA County eGIS parcels,https://cache.gis.lacounty.gov/cache/rest/services/LACounty_Cache/LACounty_Parcel/FeatureServer/0,2026-10-04T02:11:41+00:00
A0143:year_built,A0143,year_built,,0,unknown,missing,zero_distinct_to_unknown,Boston Property Assessment FY2026,https://data.boston.gov/dataset/e02c44d2-3c64-459c-8fe2-e1ce5f38a035/resource/ee73430d-96c0-423e-ad21-c4cfb54c8961/download/fy2026-property-assessment-data_rev.csv,2026-10-04T02:11:41+00:00
A0143:units,A0143,units,,0,unknown,missing,zero_distinct_to_unknown,Boston Property Assessment FY2026,https://data.boston.gov/dataset/e02c44d2-3c64-459c-8fe2-e1ce5f38a035/resource/ee73430d-96c0-423e-ad21-c4cfb54c8961/download/fy2026-property-assessment-data_rev.csv,2026-10-04T02:11:41+00:00
A0143:use_code,A0143,use_code,A,1,A,consistent,one_distinct_to_value,Boston Property Assessment FY2026,https://data.boston.gov/dataset/e02c44d2-3c64-459c-8fe2-e1ce5f38a035/resource/ee73430d-96c0-423e-ad21-c4cfb54c8961/download/fy2026-property-assessment-data_rev.csv,2026-10-04T02:11:41+00:00
A0143:use_description,A0143,use_description,SUBSD HOUSING S- 8,1,SUBSD HOUSING S- 8,consistent,one_distinct_to_value,Boston Property Assessment FY2026,https://data.boston.gov/dataset/e02c44d2-3c64-459c-8fe2-e1ce5f38a035/resource/ee73430d-96c0-423e-ad21-c4cfb54c8961/download/fy2026-property-assessment-data_rev.csv,2026-10-04T02:11:41+00:00
A0144:year_built,A0144,year_built,1910,1,1910,consistent,one_distinct_to_value,Boston Property Assessment FY2026,https://data.boston.gov/dataset/e02c44d2-3c64-459c-8fe2-e1ce5f38a035/resource/ee73430d-96c0-423e-ad21-c4cfb54c8961/download/fy2026-property-assessment-data_rev.csv,2026-10-04T02:11:41+00:00
A0144:units,A0144,units,,0,unknown,missing,zero_distinct_to_unknown,Boston Property Assessment FY2026,https://data.boston.gov/dataset/e02c44d2-3c64-459c-8fe2-e1ce5f38a035/resource/ee73430d-96c0-423e-ad21-c4cfb54c8961/download/fy2026-property-assessment-data_rev.csv,2026-10-04T02:11:41+00:00
A0144:use_code,A0144,use_code,A,1,A,consistent,one_distinct_to_value,Boston Property Assessment FY2026,https://data.boston.gov/dataset/e02c44d2-3c64-459c-8fe2-e1ce5f38a035/resource/ee73430d-96c0-423e-ad21-c4cfb54c8961/download/fy2026-property-assessment-data_rev.csv,2026-10-04T02:11:41+00:00
A0144:use_description,A0144,use_description,APT 7-30 UNITS,1,APT 7-30 UNITS,consistent,one_distinct_to_value,Boston Property Assessment FY2026,https://data.boston.gov/dataset/e02c44d2-3c64-459c-8fe2-e1ce5f38a035/resource/ee73430d-96c0-423e-ad21-c4cfb54c8961/download/fy2026-property-assessment-data_rev.csv,2026-10-04T02:11:41+00:00
A0145:year_built,A0145,year_built,63,1,63,consistent,one_distinct_to_value,SANDAG/SanGIS parcels,https://geo.sandag.org/server/rest/services/hosted/Parcels/FeatureServer/0,2026-10-04T02:11:41+00:00
A0145:units,A0145,units,8,1,8,consistent,one_distinct_to_value,SANDAG/SanGIS parcels,https://geo.sandag.org/server/rest/services/hosted/Parcels/FeatureServer/0,2026-10-04T02:11:41+00:00
A0145:use_code,A0145,use_code,14,1,14,consistent,one_distinct_to_value,SANDAG/SanGIS parcels,https://geo.sandag.org/server/rest/services/hosted/Parcels/FeatureServer/0,2026-10-04T02:11:41+00:00
A0145:use_description,A0145,use_description,,0,unknown,missing,zero_distinct_to_unknown,SANDAG/SanGIS parcels,https://geo.sandag.org/server/rest/services/hosted/Parcels/FeatureServer/0,2026-10-04T02:11:41+00:00
A0146:year_built,A0146,year_built,,0,unknown,missing,zero_distinct_to_unknown,NJOGIS Parcels & MOD-IV Composite,https://services2.arcgis.com/XVOqAjTOJ5P6ngMu/arcgis/rest/services/Parcels_Composite_NJ_WM/FeatureServer/0,2026-10-04T02:11:41+00:00
A0146:units,A0146,units,1,1,1,consistent,one_distinct_to_value,NJOGIS Parcels & MOD-IV Composite,https://services2.arcgis.com/XVOqAjTOJ5P6ngMu/arcgis/rest/services/Parcels_Composite_NJ_WM/FeatureServer/0,2026-10-04T02:11:41+00:00
A0146:use_code,A0146,use_code,4C,1,4C,consistent,one_distinct_to_value,NJOGIS Parcels & MOD-IV Composite,https://services2.arcgis.com/XVOqAjTOJ5P6ngMu/arcgis/rest/services/Parcels_Composite_NJ_WM/FeatureServer/0,2026-10-04T02:11:41+00:00
A0146:use_description,A0146,use_description,,0,unknown,missing,zero_distinct_to_unknown,NJOGIS Parcels & MOD-IV Composite,https://services2.arcgis.com/XVOqAjTOJ5P6ngMu/arcgis/rest/services/Parcels_Composite_NJ_WM/FeatureServer/0,2026-10-04T02:11:41+00:00
A0148:year_built,A0148,year_built,,0,unknown,address_not_aligned,reject_unaligned_address,NJOGIS Parcels & MOD-IV Composite,https://services2.arcgis.com/XVOqAjTOJ5P6ngMu/arcgis/rest/services/Parcels_Composite_NJ_WM/FeatureServer/0,2026-10-04T02:11:41+00:00
A0148:units,A0148,units,,0,unknown,address_not_aligned,reject_unaligned_address,NJOGIS Parcels & MOD-IV Composite,https://services2.arcgis.com/XVOqAjTOJ5P6ngMu/arcgis/rest/services/Parcels_Composite_NJ_WM/FeatureServer/0,2026-10-04T02:11:41+00:00
A0148:use_code,A0148,use_code,,0,unknown,address_not_aligned,reject_unaligned_address,NJOGIS Parcels & MOD-IV Composite,https://services2.arcgis.com/XVOqAjTOJ5P6ngMu/arcgis/rest/services/Parcels_Composite_NJ_WM/FeatureServer/0,2026-10-04T02:11:41+00:00
A0148:use_description,A0148,use_description,,0,unknown,address_not_aligned,reject_unaligned_address,NJOGIS Parcels & MOD-IV Composite,https://services2.arcgis.com/XVOqAjTOJ5P6ngMu/arcgis/rest/services/Parcels_Composite_NJ_WM/FeatureServer/0,2026-10-04T02:11:41+00:00
A0149:year_built,A0149,year_built,2023,1,unknown,candidate_set_incomplete,reject_incomplete_candidate_set,Boston Property Assessment FY2026,https://data.boston.gov/dataset/e02c44d2-3c64-459c-8fe2-e1ce5f38a035/resource/ee73430d-96c0-423e-ad21-c4cfb54c8961/download/fy2026-property-assessment-data_rev.csv,2026-10-04T02:11:41+00:00
A0149:units,A0149,units,,0,unknown,candidate_set_incomplete,reject_incomplete_candidate_set,Boston Property Assessment FY2026,https://data.boston.gov/dataset/e02c44d2-3c64-459c-8fe2-e1ce5f38a035/resource/ee73430d-96c0-423e-ad21-c4cfb54c8961/download/fy2026-property-assessment-data_rev.csv,2026-10-04T02:11:41+00:00
A0149:use_code,A0149,use_code,A,1,unknown,candidate_set_incomplete,reject_incomplete_candidate_set,Boston Property Assessment FY2026,https://data.boston.gov/dataset/e02c44d2-3c64-459c-8fe2-e1ce5f38a035/resource/ee73430d-96c0-423e-ad21-c4cfb54c8961/download/fy2026-property-assessment-data_rev.csv,2026-10-04T02:11:41+00:00
A0149:use_description,A0149,use_description,LUXURY APARTMENT,1,unknown,candidate_set_incomplete,reject_incomplete_candidate_set,Boston Property Assessment FY2026,https://data.boston.gov/dataset/e02c44d2-3c64-459c-8fe2-e1ce5f38a035/resource/ee73430d-96c0-423e-ad21-c4cfb54c8961/download/fy2026-property-assessment-data_rev.csv,2026-10-04T02:11:41+00:00
A0150:year_built,A0150,year_built,,0,unknown,address_not_aligned,reject_unaligned_address,SANDAG/SanGIS parcels,https://geo.sandag.org/server/rest/services/hosted/Parcels/FeatureServer/0,2026-10-04T02:11:41+00:00
A0150:units,A0150,units,,0,unknown,address_not_aligned,reject_unaligned_address,SANDAG/SanGIS parcels,https://geo.sandag.org/server/rest/services/hosted/Parcels/FeatureServer/0,2026-10-04T02:11:41+00:00
A0150:use_code,A0150,use_code,,0,unknown,address_not_aligned,reject_unaligned_address,SANDAG/SanGIS parcels,https://geo.sandag.org/server/rest/services/hosted/Parcels/FeatureServer/0,2026-10-04T02:11:41+00:00
A0150:use_description,A0150,use_description,,0,unknown,address_not_aligned,reject_unaligned_address,SANDAG/SanGIS parcels,https://geo.sandag.org/server/rest/services/hosted/Parcels/FeatureServer/0,2026-10-04T02:11:41+00:00
A0151:year_built,A0151,year_built,1899,1,1899,consistent,one_distinct_to_value,Boston Property Assessment FY2026,https://data.boston.gov/dataset/e02c44d2-3c64-459c-8fe2-e1ce5f38a035/resource/ee73430d-96c0-423e-ad21-c4cfb54c8961/download/fy2026-property-assessment-data_rev.csv,2026-10-04T02:11:41+00:00
A0151:units,A0151,units,,0,unknown,missing,zero_distinct_to_unknown,Boston Property Assessment FY2026,https://data.boston.gov/dataset/e02c44d2-3c64-459c-8fe2-e1ce5f38a035/resource/ee73430d-96c0-423e-ad21-c4cfb54c8961/download/fy2026-property-assessment-data_rev.csv,2026-10-04T02:11:41+00:00
A0151:use_code,A0151,use_code,A,1,A,consistent,one_distinct_to_value,Boston Property Assessment FY2026,https://data.boston.gov/dataset/e02c44d2-3c64-459c-8fe2-e1ce5f38a035/resource/ee73430d-96c0-423e-ad21-c4cfb54c8961/download/fy2026-property-assessment-data_rev.csv,2026-10-04T02:11:41+00:00
A0151:use_description,A0151,use_description,APT 7-30 UNITS,1,APT 7-30 UNITS,consistent,one_distinct_to_value,Boston Property Assessment FY2026,https://data.boston.gov/dataset/e02c44d2-3c64-459c-8fe2-e1ce5f38a035/resource/ee73430d-96c0-423e-ad21-c4cfb54c8961/download/fy2026-property-assessment-data_rev.csv,2026-10-04T02:11:41+00:00
A0152:year_built,A0152,year_built,41,1,41,consistent,one_distinct_to_value,SANDAG/SanGIS parcels,https://geo.sandag.org/server/rest/services/hosted/Parcels/FeatureServer/0,2026-10-04T02:11:41+00:00
A0152:units,A0152,units,12,1,12,consistent,one_distinct_to_value,SANDAG/SanGIS parcels,https://geo.sandag.org/server/rest/services/hosted/Parcels/FeatureServer/0,2026-10-04T02:11:41+00:00
A0152:use_code,A0152,use_code,14,1,14,consistent,one_distinct_to_value,SANDAG/SanGIS parcels,https://geo.sandag.org/server/rest/services/hosted/Parcels/FeatureServer/0,2026-10-04T02:11:41+00:00
A0152:use_description,A0152,use_description,,0,unknown,missing,zero_distinct_to_unknown,SANDAG/SanGIS parcels,https://geo.sandag.org/server/rest/services/hosted/Parcels/FeatureServer/0,2026-10-04T02:11:41+00:00
A0153:year_built,A0153,year_built,1924,1,1924,consistent,one_distinct_to_value,LA County eGIS parcels,https://cache.gis.lacounty.gov/cache/rest/services/LACounty_Cache/LACounty_Parcel/FeatureServer/0,2026-10-04T02:11:41+00:00
A0153:units,A0153,units,4,1,4,consistent,one_distinct_to_value,LA County eGIS parcels,https://cache.gis.lacounty.gov/cache/rest/services/LACounty_Cache/LACounty_Parcel/FeatureServer/0,2026-10-04T02:11:41+00:00
A0153:use_code,A0153,use_code,0500,1,0500,consistent,one_distinct_to_value,LA County eGIS parcels,https://cache.gis.lacounty.gov/cache/rest/services/LACounty_Cache/LACounty_Parcel/FeatureServer/0,2026-10-04T02:11:41+00:00
A0153:use_description,A0153,use_description,Five or more apartments,1,Five or more apartments,consistent,one_distinct_to_value,LA County eGIS parcels,https://cache.gis.lacounty.gov/cache/rest/services/LACounty_Cache/LACounty_Parcel/FeatureServer/0,2026-10-04T02:11:41+00:00
A0154:year_built,A0154,year_built,60,1,60,consistent,one_distinct_to_value,SANDAG/SanGIS parcels,https://geo.sandag.org/server/rest/services/hosted/Parcels/FeatureServer/0,2026-10-04T02:11:41+00:00
A0154:units,A0154,units,8,1,8,consistent,one_distinct_to_value,SANDAG/SanGIS parcels,https://geo.sandag.org/server/rest/services/hosted/Parcels/FeatureServer/0,2026-10-04T02:11:41+00:00
A0154:use_code,A0154,use_code,14,1,14,consistent,one_distinct_to_value,SANDAG/SanGIS parcels,https://geo.sandag.org/server/rest/services/hosted/Parcels/FeatureServer/0,2026-10-04T02:11:41+00:00
A0154:use_description,A0154,use_description,,0,unknown,missing,zero_distinct_to_unknown,SANDAG/SanGIS parcels,https://geo.sandag.org/server/rest/services/hosted/Parcels/FeatureServer/0,2026-10-04T02:11:41+00:00
A0155:year_built,A0155,year_built,,0,unknown,missing,zero_distinct_to_unknown,Boston Property Assessment FY2026,https://data.boston.gov/dataset/e02c44d2-3c64-459c-8fe2-e1ce5f38a035/resource/ee73430d-96c0-423e-ad21-c4cfb54c8961/download/fy2026-property-assessment-data_rev.csv,2026-10-04T02:11:41+00:00
A0155:units,A0155,units,,0,unknown,missing,zero_distinct_to_unknown,Boston Property Assessment FY2026,https://data.boston.gov/dataset/e02c44d2-3c64-459c-8fe2-e1ce5f38a035/resource/ee73430d-96c0-423e-ad21-c4cfb54c8961/download/fy2026-property-assessment-data_rev.csv,2026-10-04T02:11:41+00:00
A0155:use_code,A0155,use_code,A,1,A,consistent,one_distinct_to_value,Boston Property Assessment FY2026,https://data.boston.gov/dataset/e02c44d2-3c64-459c-8fe2-e1ce5f38a035/resource/ee73430d-96c0-423e-ad21-c4cfb54c8961/download/fy2026-property-assessment-data_rev.csv,2026-10-04T02:11:41+00:00
A0155:use_description,A0155,use_description,SUBSD HOUSING S- 8,1,SUBSD HOUSING S- 8,consistent,one_distinct_to_value,Boston Property Assessment FY2026,https://data.boston.gov/dataset/e02c44d2-3c64-459c-8fe2-e1ce5f38a035/resource/ee73430d-96c0-423e-ad21-c4cfb54c8961/download/fy2026-property-assessment-data_rev.csv,2026-10-04T02:11:41+00:00
A0157:year_built,A0157,year_built,,0,unknown,missing,zero_distinct_to_unknown,Alameda County parcels,https://gis.cityofberkeley.info/arcgis3/rest/services/Public/GISPortal/MapServer/1,2026-10-04T02:11:41+00:00
A0157:units,A0157,units,12,1,12,consistent,one_distinct_to_value,Alameda County parcels,https://gis.cityofberkeley.info/arcgis3/rest/services/Public/GISPortal/MapServer/1,2026-10-04T02:11:41+00:00
A0157:use_code,A0157,use_code,7700,1,7700,consistent,one_distinct_to_value,Alameda County parcels,https://gis.cityofberkeley.info/arcgis3/rest/services/Public/GISPortal/MapServer/1,2026-10-04T02:11:41+00:00
A0157:use_description,A0157,use_description,,0,unknown,missing,zero_distinct_to_unknown,Alameda County parcels,https://gis.cityofberkeley.info/arcgis3/rest/services/Public/GISPortal/MapServer/1,2026-10-04T02:11:41+00:00
A0158:year_built,A0158,year_built,,0,unknown,missing,zero_distinct_to_unknown,Alameda County parcels,https://gis.cityofberkeley.info/arcgis3/rest/services/Public/GISPortal/MapServer/1,2026-10-04T02:11:41+00:00
A0158:units,A0158,units,6,1,6,consistent,one_distinct_to_value,Alameda County parcels,https://gis.cityofberkeley.info/arcgis3/rest/services/Public/GISPortal/MapServer/1,2026-10-04T02:11:41+00:00
A0158:use_code,A0158,use_code,7700,1,7700,consistent,one_distinct_to_value,Alameda County parcels,https://gis.cityofberkeley.info/arcgis3/rest/services/Public/GISPortal/MapServer/1,2026-10-04T02:11:41+00:00
A0158:use_description,A0158,use_description,,0,unknown,missing,zero_distinct_to_unknown,Alameda County parcels,https://gis.cityofberkeley.info/arcgis3/rest/services/Public/GISPortal/MapServer/1,2026-10-04T02:11:41+00:00
A0159:year_built,A0159,year_built,,0,unknown,missing,zero_distinct_to_unknown,NJOGIS Parcels & MOD-IV Composite,https://services2.arcgis.com/XVOqAjTOJ5P6ngMu/arcgis/rest/services/Parcels_Composite_NJ_WM/FeatureServer/0,2026-10-04T02:11:41+00:00
A0159:units,A0159,units,1,1,1,consistent,one_distinct_to_value,NJOGIS Parcels & MOD-IV Composite,https://services2.arcgis.com/XVOqAjTOJ5P6ngMu/arcgis/rest/services/Parcels_Composite_NJ_WM/FeatureServer/0,2026-10-04T02:11:41+00:00
A0159:use_code,A0159,use_code,4C,1,4C,consistent,one_distinct_to_value,NJOGIS Parcels & MOD-IV Composite,https://services2.arcgis.com/XVOqAjTOJ5P6ngMu/arcgis/rest/services/Parcels_Composite_NJ_WM/FeatureServer/0,2026-10-04T02:11:41+00:00
A0159:use_description,A0159,use_description,999,1,999,consistent,one_distinct_to_value,NJOGIS Parcels & MOD-IV Composite,https://services2.arcgis.com/XVOqAjTOJ5P6ngMu/arcgis/rest/services/Parcels_Composite_NJ_WM/FeatureServer/0,2026-10-04T02:11:41+00:00
A0160:year_built,A0160,year_built,1918,1,1918,consistent,one_distinct_to_value,NJOGIS Parcels & MOD-IV Composite,https://services2.arcgis.com/XVOqAjTOJ5P6ngMu/arcgis/rest/services/Parcels_Composite_NJ_WM/FeatureServer/0,2026-10-04T02:11:41+00:00
A0160:units,A0160,units,,0,unknown,missing,zero_distinct_to_unknown,NJOGIS Parcels & MOD-IV Composite,https://services2.arcgis.com/XVOqAjTOJ5P6ngMu/arcgis/rest/services/Parcels_Composite_NJ_WM/FeatureServer/0,2026-10-04T02:11:41+00:00
A0160:use_code,A0160,use_code,4C,1,4C,consistent,one_distinct_to_value,NJOGIS Parcels & MOD-IV Composite,https://services2.arcgis.com/XVOqAjTOJ5P6ngMu/arcgis/rest/services/Parcels_Composite_NJ_WM/FeatureServer/0,2026-10-04T02:11:41+00:00
A0160:use_description,A0160,use_description,029,1,029,consistent,one_distinct_to_value,NJOGIS Parcels & MOD-IV Composite,https://services2.arcgis.com/XVOqAjTOJ5P6ngMu/arcgis/rest/services/Parcels_Composite_NJ_WM/FeatureServer/0,2026-10-04T02:11:41+00:00
A0161:year_built,A0161,year_built,1930,1,1930,consistent,one_distinct_to_value,NJOGIS Parcels & MOD-IV Composite,https://services2.arcgis.com/XVOqAjTOJ5P6ngMu/arcgis/rest/services/Parcels_Composite_NJ_WM/FeatureServer/0,2026-10-04T02:11:41+00:00
A0161:units,A0161,units,,0,unknown,missing,zero_distinct_to_unknown,NJOGIS Parcels & MOD-IV Composite,https://services2.arcgis.com/XVOqAjTOJ5P6ngMu/arcgis/rest/services/Parcels_Composite_NJ_WM/FeatureServer/0,2026-10-04T02:11:41+00:00
A0161:use_code,A0161,use_code,4C,1,4C,consistent,one_distinct_to_value,NJOGIS Parcels & MOD-IV Composite,https://services2.arcgis.com/XVOqAjTOJ5P6ngMu/arcgis/rest/services/Parcels_Composite_NJ_WM/FeatureServer/0,2026-10-04T02:11:41+00:00
A0161:use_description,A0161,use_description,,0,unknown,missing,zero_distinct_to_unknown,NJOGIS Parcels & MOD-IV Composite,https://services2.arcgis.com/XVOqAjTOJ5P6ngMu/arcgis/rest/services/Parcels_Composite_NJ_WM/FeatureServer/0,2026-10-04T02:11:41+00:00
A0162:year_built,A0162,year_built,1987,1,1987,consistent,one_distinct_to_value,LA County eGIS parcels,https://cache.gis.lacounty.gov/cache/rest/services/LACounty_Cache/LACounty_Parcel/FeatureServer/0,2026-10-04T02:11:41+00:00
A0162:units,A0162,units,24,1,24,consistent,one_distinct_to_value,LA County eGIS parcels,https://cache.gis.lacounty.gov/cache/rest/services/LACounty_Cache/LACounty_Parcel/FeatureServer/0,2026-10-04T02:11:41+00:00
A0162:use_code,A0162,use_code,0500,1,0500,consistent,one_distinct_to_value,LA County eGIS parcels,https://cache.gis.lacounty.gov/cache/rest/services/LACounty_Cache/LACounty_Parcel/FeatureServer/0,2026-10-04T02:11:41+00:00
A0162:use_description,A0162,use_description,Five or more apartments,1,Five or more apartments,consistent,one_distinct_to_value,LA County eGIS parcels,https://cache.gis.lacounty.gov/cache/rest/services/LACounty_Cache/LACounty_Parcel/FeatureServer/0,2026-10-04T02:11:41+00:00
A0163:year_built,A0163,year_built,1870,1,1870,consistent,one_distinct_to_value,NJOGIS Parcels & MOD-IV Composite,https://services2.arcgis.com/XVOqAjTOJ5P6ngMu/arcgis/rest/services/Parcels_Composite_NJ_WM/FeatureServer/0,2026-10-04T02:11:41+00:00
A0163:units,A0163,units,,0,unknown,missing,zero_distinct_to_unknown,NJOGIS Parcels & MOD-IV Composite,https://services2.arcgis.com/XVOqAjTOJ5P6ngMu/arcgis/rest/services/Parcels_Composite_NJ_WM/FeatureServer/0,2026-10-04T02:11:41+00:00
A0163:use_code,A0163,use_code,4C,1,4C,consistent,one_distinct_to_value,NJOGIS Parcels & MOD-IV Composite,https://services2.arcgis.com/XVOqAjTOJ5P6ngMu/arcgis/rest/services/Parcels_Composite_NJ_WM/FeatureServer/0,2026-10-04T02:11:41+00:00
A0163:use_description,A0163,use_description,,0,unknown,missing,zero_distinct_to_unknown,NJOGIS Parcels & MOD-IV Composite,https://services2.arcgis.com/XVOqAjTOJ5P6ngMu/arcgis/rest/services/Parcels_Composite_NJ_WM/FeatureServer/0,2026-10-04T02:11:41+00:00
A0165:year_built,A0165,year_built,58,1,58,consistent,one_distinct_to_value,SANDAG/SanGIS parcels,https://geo.sandag.org/server/rest/services/hosted/Parcels/FeatureServer/0,2026-10-04T02:11:41+00:00
A0165:units,A0165,units,8,1,8,consistent,one_distinct_to_value,SANDAG/SanGIS parcels,https://geo.sandag.org/server/rest/services/hosted/Parcels/FeatureServer/0,2026-10-04T02:11:41+00:00
A0165:use_code,A0165,use_code,14,1,14,consistent,one_distinct_to_value,SANDAG/SanGIS parcels,https://geo.sandag.org/server/rest/services/hosted/Parcels/FeatureServer/0,2026-10-04T02:11:41+00:00
A0165:use_description,A0165,use_description,,0,unknown,missing,zero_distinct_to_unknown,SANDAG/SanGIS parcels,https://geo.sandag.org/server/rest/services/hosted/Parcels/FeatureServer/0,2026-10-04T02:11:41+00:00
A0166:year_built,A0166,year_built,1900,1,unknown,address_not_aligned,reject_unaligned_address,Cambridge Property Database FY2026 (waa7-ibdu),https://data.cambridgema.gov/resource/waa7-ibdu.json,2026-10-04T02:11:41+00:00
A0166:units,A0166,units,5,1,unknown,address_not_aligned,reject_unaligned_address,Cambridge Property Database FY2026 (waa7-ibdu),https://data.cambridgema.gov/resource/waa7-ibdu.json,2026-10-04T02:11:41+00:00
A0166:use_code,A0166,use_code,111,1,unknown,address_not_aligned,reject_unaligned_address,Cambridge Property Database FY2026 (waa7-ibdu),https://data.cambridgema.gov/resource/waa7-ibdu.json,2026-10-04T02:11:41+00:00
A0166:use_description,A0166,use_description,4-8-UNIT-APT,1,unknown,address_not_aligned,reject_unaligned_address,Cambridge Property Database FY2026 (waa7-ibdu),https://data.cambridgema.gov/resource/waa7-ibdu.json,2026-10-04T02:11:41+00:00
A0167:year_built,A0167,year_built,54,1,54,consistent,one_distinct_to_value,SANDAG/SanGIS parcels,https://geo.sandag.org/server/rest/services/hosted/Parcels/FeatureServer/0,2026-10-04T02:11:41+00:00
A0167:units,A0167,units,20,1,20,consistent,one_distinct_to_value,SANDAG/SanGIS parcels,https://geo.sandag.org/server/rest/services/hosted/Parcels/FeatureServer/0,2026-10-04T02:11:41+00:00
A0167:use_code,A0167,use_code,15,1,15,consistent,one_distinct_to_value,SANDAG/SanGIS parcels,https://geo.sandag.org/server/rest/services/hosted/Parcels/FeatureServer/0,2026-10-04T02:11:41+00:00
A0167:use_description,A0167,use_description,,0,unknown,missing,zero_distinct_to_unknown,SANDAG/SanGIS parcels,https://geo.sandag.org/server/rest/services/hosted/Parcels/FeatureServer/0,2026-10-04T02:11:41+00:00
A0168:year_built,A0168,year_built,2007,1,unknown,address_not_aligned,reject_unaligned_address,NJOGIS Parcels & MOD-IV Composite,https://services2.arcgis.com/XVOqAjTOJ5P6ngMu/arcgis/rest/services/Parcels_Composite_NJ_WM/FeatureServer/0,2026-10-04T02:11:41+00:00
A0168:units,A0168,units,,0,unknown,address_not_aligned,reject_unaligned_address,NJOGIS Parcels & MOD-IV Composite,https://services2.arcgis.com/XVOqAjTOJ5P6ngMu/arcgis/rest/services/Parcels_Composite_NJ_WM/FeatureServer/0,2026-10-04T02:11:41+00:00
A0168:use_code,A0168,use_code,4C,1,unknown,address_not_aligned,reject_unaligned_address,NJOGIS Parcels & MOD-IV Composite,https://services2.arcgis.com/XVOqAjTOJ5P6ngMu/arcgis/rest/services/Parcels_Composite_NJ_WM/FeatureServer/0,2026-10-04T02:11:41+00:00
A0168:use_description,A0168,use_description,,0,unknown,address_not_aligned,reject_unaligned_address,NJOGIS Parcels & MOD-IV Composite,https://services2.arcgis.com/XVOqAjTOJ5P6ngMu/arcgis/rest/services/Parcels_Composite_NJ_WM/FeatureServer/0,2026-10-04T02:11:41+00:00
A0169:year_built,A0169,year_built,1920,1,1920,consistent,one_distinct_to_value,Boston Property Assessment FY2026,https://data.boston.gov/dataset/e02c44d2-3c64-459c-8fe2-e1ce5f38a035/resource/ee73430d-96c0-423e-ad21-c4cfb54c8961/download/fy2026-property-assessment-data_rev.csv,2026-10-04T02:11:41+00:00
A0169:units,A0169,units,,0,unknown,missing,zero_distinct_to_unknown,Boston Property Assessment FY2026,https://data.boston.gov/dataset/e02c44d2-3c64-459c-8fe2-e1ce5f38a035/resource/ee73430d-96c0-423e-ad21-c4cfb54c8961/download/fy2026-property-assessment-data_rev.csv,2026-10-04T02:11:41+00:00
A0169:use_code,A0169,use_code,A,1,A,consistent,one_distinct_to_value,Boston Property Assessment FY2026,https://data.boston.gov/dataset/e02c44d2-3c64-459c-8fe2-e1ce5f38a035/resource/ee73430d-96c0-423e-ad21-c4cfb54c8961/download/fy2026-property-assessment-data_rev.csv,2026-10-04T02:11:41+00:00
A0169:use_description,A0169,use_description,APT 7-30 UNITS,1,APT 7-30 UNITS,consistent,one_distinct_to_value,Boston Property Assessment FY2026,https://data.boston.gov/dataset/e02c44d2-3c64-459c-8fe2-e1ce5f38a035/resource/ee73430d-96c0-423e-ad21-c4cfb54c8961/download/fy2026-property-assessment-data_rev.csv,2026-10-04T02:11:41+00:00
A0170:year_built,A0170,year_built,1990,1,1990,consistent,one_distinct_to_value,LA County eGIS parcels,https://cache.gis.lacounty.gov/cache/rest/services/LACounty_Cache/LACounty_Parcel/FeatureServer/0,2026-10-04T02:11:41+00:00
A0170:units,A0170,units,32,1,32,consistent,one_distinct_to_value,LA County eGIS parcels,https://cache.gis.lacounty.gov/cache/rest/services/LACounty_Cache/LACounty_Parcel/FeatureServer/0,2026-10-04T02:11:41+00:00
A0170:use_code,A0170,use_code,0500,1,0500,consistent,one_distinct_to_value,LA County eGIS parcels,https://cache.gis.lacounty.gov/cache/rest/services/LACounty_Cache/LACounty_Parcel/FeatureServer/0,2026-10-04T02:11:41+00:00
A0170:use_description,A0170,use_description,Five or more apartments,1,Five or more apartments,consistent,one_distinct_to_value,LA County eGIS parcels,https://cache.gis.lacounty.gov/cache/rest/services/LACounty_Cache/LACounty_Parcel/FeatureServer/0,2026-10-04T02:11:41+00:00
A0171:year_built,A0171,year_built,1910,1,1910,consistent,one_distinct_to_value,NJOGIS Parcels & MOD-IV Composite,https://services2.arcgis.com/XVOqAjTOJ5P6ngMu/arcgis/rest/services/Parcels_Composite_NJ_WM/FeatureServer/0,2026-10-04T02:11:41+00:00
A0171:units,A0171,units,,0,unknown,missing,zero_distinct_to_unknown,NJOGIS Parcels & MOD-IV Composite,https://services2.arcgis.com/XVOqAjTOJ5P6ngMu/arcgis/rest/services/Parcels_Composite_NJ_WM/FeatureServer/0,2026-10-04T02:11:41+00:00
A0171:use_code,A0171,use_code,4C,1,4C,consistent,one_distinct_to_value,NJOGIS Parcels & MOD-IV Composite,https://services2.arcgis.com/XVOqAjTOJ5P6ngMu/arcgis/rest/services/Parcels_Composite_NJ_WM/FeatureServer/0,2026-10-04T02:11:41+00:00
A0171:use_description,A0171,use_description,,0,unknown,missing,zero_distinct_to_unknown,NJOGIS Parcels & MOD-IV Composite,https://services2.arcgis.com/XVOqAjTOJ5P6ngMu/arcgis/rest/services/Parcels_Composite_NJ_WM/FeatureServer/0,2026-10-04T02:11:41+00:00
A0172:year_built,A0172,year_built,1960,1,1960,consistent,one_distinct_to_value,LA County eGIS parcels,https://cache.gis.lacounty.gov/cache/rest/services/LACounty_Cache/LACounty_Parcel/FeatureServer/0,2026-10-04T02:11:41+00:00
A0172:units,A0172,units,33,1,33,consistent,one_distinct_to_value,LA County eGIS parcels,https://cache.gis.lacounty.gov/cache/rest/services/LACounty_Cache/LACounty_Parcel/FeatureServer/0,2026-10-04T02:11:41+00:00
A0172:use_code,A0172,use_code,0500,1,0500,consistent,one_distinct_to_value,LA County eGIS parcels,https://cache.gis.lacounty.gov/cache/rest/services/LACounty_Cache/LACounty_Parcel/FeatureServer/0,2026-10-04T02:11:41+00:00
A0172:use_description,A0172,use_description,Five or more apartments,1,Five or more apartments,consistent,one_distinct_to_value,LA County eGIS parcels,https://cache.gis.lacounty.gov/cache/rest/services/LACounty_Cache/LACounty_Parcel/FeatureServer/0,2026-10-04T02:11:41+00:00
A0173:year_built,A0173,year_built,1937,1,1937,consistent,one_distinct_to_value,LA County eGIS parcels,https://cache.gis.lacounty.gov/cache/rest/services/LACounty_Cache/LACounty_Parcel/FeatureServer/0,2026-10-04T02:11:41+00:00
A0173:units,A0173,units,9,1,9,consistent,one_distinct_to_value,LA County eGIS parcels,https://cache.gis.lacounty.gov/cache/rest/services/LACounty_Cache/LACounty_Parcel/FeatureServer/0,2026-10-04T02:11:41+00:00
A0173:use_code,A0173,use_code,0500,1,0500,consistent,one_distinct_to_value,LA County eGIS parcels,https://cache.gis.lacounty.gov/cache/rest/services/LACounty_Cache/LACounty_Parcel/FeatureServer/0,2026-10-04T02:11:41+00:00
A0173:use_description,A0173,use_description,Five or more apartments,1,Five or more apartments,consistent,one_distinct_to_value,LA County eGIS parcels,https://cache.gis.lacounty.gov/cache/rest/services/LACounty_Cache/LACounty_Parcel/FeatureServer/0,2026-10-04T02:11:41+00:00
A0174:year_built,A0174,year_built,1900,1,1900,consistent,one_distinct_to_value,Cambridge Property Database FY2026 (waa7-ibdu),https://data.cambridgema.gov/resource/waa7-ibdu.json,2026-10-04T02:11:41+00:00
A0174:units,A0174,units,19,1,19,consistent,one_distinct_to_value,Cambridge Property Database FY2026 (waa7-ibdu),https://data.cambridgema.gov/resource/waa7-ibdu.json,2026-10-04T02:11:41+00:00
A0174:use_code,A0174,use_code,112,1,112,consistent,one_distinct_to_value,Cambridge Property Database FY2026 (waa7-ibdu),https://data.cambridgema.gov/resource/waa7-ibdu.json,2026-10-04T02:11:41+00:00
A0174:use_description,A0174,use_description,>8-UNIT-APT,1,>8-UNIT-APT,consistent,one_distinct_to_value,Cambridge Property Database FY2026 (waa7-ibdu),https://data.cambridgema.gov/resource/waa7-ibdu.json,2026-10-04T02:11:41+00:00
A0175:year_built,A0175,year_built,1922,1,1922,consistent,one_distinct_to_value,Cambridge Property Database FY2026 (waa7-ibdu),https://data.cambridgema.gov/resource/waa7-ibdu.json,2026-10-04T02:11:41+00:00
A0175:units,A0175,units,6,1,6,consistent,one_distinct_to_value,Cambridge Property Database FY2026 (waa7-ibdu),https://data.cambridgema.gov/resource/waa7-ibdu.json,2026-10-04T02:11:41+00:00
A0175:use_code,A0175,use_code,111,1,111,consistent,one_distinct_to_value,Cambridge Property Database FY2026 (waa7-ibdu),https://data.cambridgema.gov/resource/waa7-ibdu.json,2026-10-04T02:11:41+00:00
A0175:use_description,A0175,use_description,4-8-UNIT-APT,1,4-8-UNIT-APT,consistent,one_distinct_to_value,Cambridge Property Database FY2026 (waa7-ibdu),https://data.cambridgema.gov/resource/waa7-ibdu.json,2026-10-04T02:11:41+00:00
A0176:year_built,A0176,year_built,1965,1,unknown,candidate_set_incomplete,reject_incomplete_candidate_set,Cambridge Property Database FY2026 (waa7-ibdu),https://data.cambridgema.gov/resource/waa7-ibdu.json,2026-10-04T02:11:41+00:00
A0176:units,A0176,units,29,1,unknown,candidate_set_incomplete,reject_incomplete_candidate_set,Cambridge Property Database FY2026 (waa7-ibdu),https://data.cambridgema.gov/resource/waa7-ibdu.json,2026-10-04T02:11:41+00:00
A0176:use_code,A0176,use_code,112,1,unknown,candidate_set_incomplete,reject_incomplete_candidate_set,Cambridge Property Database FY2026 (waa7-ibdu),https://data.cambridgema.gov/resource/waa7-ibdu.json,2026-10-04T02:11:41+00:00
A0176:use_description,A0176,use_description,>8-UNIT-APT,1,unknown,candidate_set_incomplete,reject_incomplete_candidate_set,Cambridge Property Database FY2026 (waa7-ibdu),https://data.cambridgema.gov/resource/waa7-ibdu.json,2026-10-04T02:11:41+00:00
A0177:year_built,A0177,year_built,1912,1,1912,consistent,one_distinct_to_value,NJOGIS Parcels & MOD-IV Composite,https://services2.arcgis.com/XVOqAjTOJ5P6ngMu/arcgis/rest/services/Parcels_Composite_NJ_WM/FeatureServer/0,2026-10-04T02:11:41+00:00
A0177:units,A0177,units,,0,unknown,missing,zero_distinct_to_unknown,NJOGIS Parcels & MOD-IV Composite,https://services2.arcgis.com/XVOqAjTOJ5P6ngMu/arcgis/rest/services/Parcels_Composite_NJ_WM/FeatureServer/0,2026-10-04T02:11:41+00:00
A0177:use_code,A0177,use_code,4C,1,4C,consistent,one_distinct_to_value,NJOGIS Parcels & MOD-IV Composite,https://services2.arcgis.com/XVOqAjTOJ5P6ngMu/arcgis/rest/services/Parcels_Composite_NJ_WM/FeatureServer/0,2026-10-04T02:11:41+00:00
A0177:use_description,A0177,use_description,029,1,029,consistent,one_distinct_to_value,NJOGIS Parcels & MOD-IV Composite,https://services2.arcgis.com/XVOqAjTOJ5P6ngMu/arcgis/rest/services/Parcels_Composite_NJ_WM/FeatureServer/0,2026-10-04T02:11:41+00:00
A0178:year_built,A0178,year_built,1961,1,1961,consistent,one_distinct_to_value,LA County eGIS parcels,https://cache.gis.lacounty.gov/cache/rest/services/LACounty_Cache/LACounty_Parcel/FeatureServer/0,2026-10-04T02:11:41+00:00
A0178:units,A0178,units,7,1,7,consistent,one_distinct_to_value,LA County eGIS parcels,https://cache.gis.lacounty.gov/cache/rest/services/LACounty_Cache/LACounty_Parcel/FeatureServer/0,2026-10-04T02:11:41+00:00
A0178:use_code,A0178,use_code,0500,1,0500,consistent,one_distinct_to_value,LA County eGIS parcels,https://cache.gis.lacounty.gov/cache/rest/services/LACounty_Cache/LACounty_Parcel/FeatureServer/0,2026-10-04T02:11:41+00:00
A0178:use_description,A0178,use_description,Five or more apartments,1,Five or more apartments,consistent,one_distinct_to_value,LA County eGIS parcels,https://cache.gis.lacounty.gov/cache/rest/services/LACounty_Cache/LACounty_Parcel/FeatureServer/0,2026-10-04T02:11:41+00:00
A0179:year_built,A0179,year_built,1958,1,1958,consistent,one_distinct_to_value,LA County eGIS parcels,https://cache.gis.lacounty.gov/cache/rest/services/LACounty_Cache/LACounty_Parcel/FeatureServer/0,2026-10-04T02:11:41+00:00
A0179:units,A0179,units,18,1,18,consistent,one_distinct_to_value,LA County eGIS parcels,https://cache.gis.lacounty.gov/cache/rest/services/LACounty_Cache/LACounty_Parcel/FeatureServer/0,2026-10-04T02:11:41+00:00
A0179:use_code,A0179,use_code,0500,1,0500,consistent,one_distinct_to_value,LA County eGIS parcels,https://cache.gis.lacounty.gov/cache/rest/services/LACounty_Cache/LACounty_Parcel/FeatureServer/0,2026-10-04T02:11:41+00:00
A0179:use_description,A0179,use_description,Five or more apartments,1,Five or more apartments,consistent,one_distinct_to_value,LA County eGIS parcels,https://cache.gis.lacounty.gov/cache/rest/services/LACounty_Cache/LACounty_Parcel/FeatureServer/0,2026-10-04T02:11:41+00:00
A0180:year_built,A0180,year_built,1990,1,1990,consistent,one_distinct_to_value,LA County eGIS parcels,https://cache.gis.lacounty.gov/cache/rest/services/LACounty_Cache/LACounty_Parcel/FeatureServer/0,2026-10-04T02:11:41+00:00
A0180:units,A0180,units,33,1,33,consistent,one_distinct_to_value,LA County eGIS parcels,https://cache.gis.lacounty.gov/cache/rest/services/LACounty_Cache/LACounty_Parcel/FeatureServer/0,2026-10-04T02:11:41+00:00
A0180:use_code,A0180,use_code,0500,1,0500,consistent,one_distinct_to_value,LA County eGIS parcels,https://cache.gis.lacounty.gov/cache/rest/services/LACounty_Cache/LACounty_Parcel/FeatureServer/0,2026-10-04T02:11:41+00:00
A0180:use_description,A0180,use_description,Five or more apartments,1,Five or more apartments,consistent,one_distinct_to_value,LA County eGIS parcels,https://cache.gis.lacounty.gov/cache/rest/services/LACounty_Cache/LACounty_Parcel/FeatureServer/0,2026-10-04T02:11:41+00:00
A0181:year_built,A0181,year_built,,0,unknown,missing,zero_distinct_to_unknown,NJOGIS Parcels & MOD-IV Composite,https://services2.arcgis.com/XVOqAjTOJ5P6ngMu/arcgis/rest/services/Parcels_Composite_NJ_WM/FeatureServer/0,2026-10-04T02:11:41+00:00
A0181:units,A0181,units,10,1,10,consistent,one_distinct_to_value,NJOGIS Parcels & MOD-IV Composite,https://services2.arcgis.com/XVOqAjTOJ5P6ngMu/arcgis/rest/services/Parcels_Composite_NJ_WM/FeatureServer/0,2026-10-04T02:11:41+00:00
A0181:use_code,A0181,use_code,4C,1,4C,consistent,one_distinct_to_value,NJOGIS Parcels & MOD-IV Composite,https://services2.arcgis.com/XVOqAjTOJ5P6ngMu/arcgis/rest/services/Parcels_Composite_NJ_WM/FeatureServer/0,2026-10-04T02:11:41+00:00
A0181:use_description,A0181,use_description,,0,unknown,missing,zero_distinct_to_unknown,NJOGIS Parcels & MOD-IV Composite,https://services2.arcgis.com/XVOqAjTOJ5P6ngMu/arcgis/rest/services/Parcels_Composite_NJ_WM/FeatureServer/0,2026-10-04T02:11:41+00:00
A0182:year_built,A0182,year_built,,0,unknown,missing,zero_distinct_to_unknown,NJOGIS Parcels & MOD-IV Composite,https://services2.arcgis.com/XVOqAjTOJ5P6ngMu/arcgis/rest/services/Parcels_Composite_NJ_WM/FeatureServer/0,2026-10-04T02:11:41+00:00
A0182:units,A0182,units,,0,unknown,missing,zero_distinct_to_unknown,NJOGIS Parcels & MOD-IV Composite,https://services2.arcgis.com/XVOqAjTOJ5P6ngMu/arcgis/rest/services/Parcels_Composite_NJ_WM/FeatureServer/0,2026-10-04T02:11:41+00:00
A0182:use_code,A0182,use_code,4C,1,4C,consistent,one_distinct_to_value,NJOGIS Parcels & MOD-IV Composite,https://services2.arcgis.com/XVOqAjTOJ5P6ngMu/arcgis/rest/services/Parcels_Composite_NJ_WM/FeatureServer/0,2026-10-04T02:11:41+00:00
A0182:use_description,A0182,use_description,,0,unknown,missing,zero_distinct_to_unknown,NJOGIS Parcels & MOD-IV Composite,https://services2.arcgis.com/XVOqAjTOJ5P6ngMu/arcgis/rest/services/Parcels_Composite_NJ_WM/FeatureServer/0,2026-10-04T02:11:41+00:00
A0183:year_built,A0183,year_built,1924,1,1924,consistent,one_distinct_to_value,Alameda County parcels,https://gis.cityofberkeley.info/arcgis3/rest/services/Public/GISPortal/MapServer/1,2026-10-04T02:11:41+00:00
A0183:units,A0183,units,15,1,15,consistent,one_distinct_to_value,Alameda County parcels,https://gis.cityofberkeley.info/arcgis3/rest/services/Public/GISPortal/MapServer/1,2026-10-04T02:11:41+00:00
A0183:use_code,A0183,use_code,7700,1,7700,consistent,one_distinct_to_value,Alameda County parcels,https://gis.cityofberkeley.info/arcgis3/rest/services/Public/GISPortal/MapServer/1,2026-10-04T02:11:41+00:00
A0183:use_description,A0183,use_description,,0,unknown,missing,zero_distinct_to_unknown,Alameda County parcels,https://gis.cityofberkeley.info/arcgis3/rest/services/Public/GISPortal/MapServer/1,2026-10-04T02:11:41+00:00
A0184:year_built,A0184,year_built,1907,1,1907,consistent,one_distinct_to_value,LA County eGIS parcels,https://cache.gis.lacounty.gov/cache/rest/services/LACounty_Cache/LACounty_Parcel/FeatureServer/0,2026-10-04T02:11:41+00:00
A0184:units,A0184,units,16,1,16,consistent,one_distinct_to_value,LA County eGIS parcels,https://cache.gis.lacounty.gov/cache/rest/services/LACounty_Cache/LACounty_Parcel/FeatureServer/0,2026-10-04T02:11:41+00:00
A0184:use_code,A0184,use_code,0500,1,0500,consistent,one_distinct_to_value,LA County eGIS parcels,https://cache.gis.lacounty.gov/cache/rest/services/LACounty_Cache/LACounty_Parcel/FeatureServer/0,2026-10-04T02:11:41+00:00
A0184:use_description,A0184,use_description,Five or more apartments,1,Five or more apartments,consistent,one_distinct_to_value,LA County eGIS parcels,https://cache.gis.lacounty.gov/cache/rest/services/LACounty_Cache/LACounty_Parcel/FeatureServer/0,2026-10-04T02:11:41+00:00
A0185:year_built,A0185,year_built,1922,1,1922,consistent,one_distinct_to_value,NJOGIS Parcels & MOD-IV Composite,https://services2.arcgis.com/XVOqAjTOJ5P6ngMu/arcgis/rest/services/Parcels_Composite_NJ_WM/FeatureServer/0,2026-10-04T02:11:41+00:00
A0185:units,A0185,units,,0,unknown,missing,zero_distinct_to_unknown,NJOGIS Parcels & MOD-IV Composite,https://services2.arcgis.com/XVOqAjTOJ5P6ngMu/arcgis/rest/services/Parcels_Composite_NJ_WM/FeatureServer/0,2026-10-04T02:11:41+00:00
A0185:use_code,A0185,use_code,4C,1,4C,consistent,one_distinct_to_value,NJOGIS Parcels & MOD-IV Composite,https://services2.arcgis.com/XVOqAjTOJ5P6ngMu/arcgis/rest/services/Parcels_Composite_NJ_WM/FeatureServer/0,2026-10-04T02:11:41+00:00
A0185:use_description,A0185,use_description,,0,unknown,missing,zero_distinct_to_unknown,NJOGIS Parcels & MOD-IV Composite,https://services2.arcgis.com/XVOqAjTOJ5P6ngMu/arcgis/rest/services/Parcels_Composite_NJ_WM/FeatureServer/0,2026-10-04T02:11:41+00:00
A0186:year_built,A0186,year_built,1,1,1,consistent,one_distinct_to_value,NJOGIS Parcels & MOD-IV Composite,https://services2.arcgis.com/XVOqAjTOJ5P6ngMu/arcgis/rest/services/Parcels_Composite_NJ_WM/FeatureServer/0,2026-10-04T02:11:41+00:00
A0186:units,A0186,units,5,1,5,consistent,one_distinct_to_value,NJOGIS Parcels & MOD-IV Composite,https://services2.arcgis.com/XVOqAjTOJ5P6ngMu/arcgis/rest/services/Parcels_Composite_NJ_WM/FeatureServer/0,2026-10-04T02:11:41+00:00
A0186:use_code,A0186,use_code,4C,1,4C,consistent,one_distinct_to_value,NJOGIS Parcels & MOD-IV Composite,https://services2.arcgis.com/XVOqAjTOJ5P6ngMu/arcgis/rest/services/Parcels_Composite_NJ_WM/FeatureServer/0,2026-10-04T02:11:41+00:00
A0186:use_description,A0186,use_description,029,1,029,consistent,one_distinct_to_value,NJOGIS Parcels & MOD-IV Composite,https://services2.arcgis.com/XVOqAjTOJ5P6ngMu/arcgis/rest/services/Parcels_Composite_NJ_WM/FeatureServer/0,2026-10-04T02:11:41+00:00
A0187:year_built,A0187,year_built,1925,1,1925,consistent,one_distinct_to_value,NJOGIS Parcels & MOD-IV Composite,https://services2.arcgis.com/XVOqAjTOJ5P6ngMu/arcgis/rest/services/Parcels_Composite_NJ_WM/FeatureServer/0,2026-10-04T02:11:41+00:00
A0187:units,A0187,units,,0,unknown,missing,zero_distinct_to_unknown,NJOGIS Parcels & MOD-IV Composite,https://services2.arcgis.com/XVOqAjTOJ5P6ngMu/arcgis/rest/services/Parcels_Composite_NJ_WM/FeatureServer/0,2026-10-04T02:11:41+00:00
A0187:use_code,A0187,use_code,4C,1,4C,consistent,one_distinct_to_value,NJOGIS Parcels & MOD-IV Composite,https://services2.arcgis.com/XVOqAjTOJ5P6ngMu/arcgis/rest/services/Parcels_Composite_NJ_WM/FeatureServer/0,2026-10-04T02:11:41+00:00
A0187:use_description,A0187,use_description,,0,unknown,missing,zero_distinct_to_unknown,NJOGIS Parcels & MOD-IV Composite,https://services2.arcgis.com/XVOqAjTOJ5P6ngMu/arcgis/rest/services/Parcels_Composite_NJ_WM/FeatureServer/0,2026-10-04T02:11:41+00:00
A0188:year_built,A0188,year_built,1960,1,1960,consistent,one_distinct_to_value,Alameda County parcels,https://gis.cityofberkeley.info/arcgis3/rest/services/Public/GISPortal/MapServer/1,2026-10-04T02:11:41+00:00
A0188:units,A0188,units,7,1,7,consistent,one_distinct_to_value,Alameda County parcels,https://gis.cityofberkeley.info/arcgis3/rest/services/Public/GISPortal/MapServer/1,2026-10-04T02:11:41+00:00
A0188:use_code,A0188,use_code,7700,1,7700,consistent,one_distinct_to_value,Alameda County parcels,https://gis.cityofberkeley.info/arcgis3/rest/services/Public/GISPortal/MapServer/1,2026-10-04T02:11:41+00:00
A0188:use_description,A0188,use_description,,0,unknown,missing,zero_distinct_to_unknown,Alameda County parcels,https://gis.cityofberkeley.info/arcgis3/rest/services/Public/GISPortal/MapServer/1,2026-10-04T02:11:41+00:00
A0189:year_built,A0189,year_built,,0,unknown,missing,zero_distinct_to_unknown,Alameda County parcels,https://gis.cityofberkeley.info/arcgis3/rest/services/Public/GISPortal/MapServer/1,2026-10-04T02:11:41+00:00
A0189:units,A0189,units,6,1,6,consistent,one_distinct_to_value,Alameda County parcels,https://gis.cityofberkeley.info/arcgis3/rest/services/Public/GISPortal/MapServer/1,2026-10-04T02:11:41+00:00
A0189:use_code,A0189,use_code,7200,1,7200,consistent,one_distinct_to_value,Alameda County parcels,https://gis.cityofberkeley.info/arcgis3/rest/services/Public/GISPortal/MapServer/1,2026-10-04T02:11:41+00:00
A0189:use_description,A0189,use_description,,0,unknown,missing,zero_distinct_to_unknown,Alameda County parcels,https://gis.cityofberkeley.info/arcgis3/rest/services/Public/GISPortal/MapServer/1,2026-10-04T02:11:41+00:00
A0190:year_built,A0190,year_built,,0,unknown,missing,zero_distinct_to_unknown,NJOGIS Parcels & MOD-IV Composite,https://services2.arcgis.com/XVOqAjTOJ5P6ngMu/arcgis/rest/services/Parcels_Composite_NJ_WM/FeatureServer/0,2026-10-04T02:11:41+00:00
A0190:units,A0190,units,1,1,1,consistent,one_distinct_to_value,NJOGIS Parcels & MOD-IV Composite,https://services2.arcgis.com/XVOqAjTOJ5P6ngMu/arcgis/rest/services/Parcels_Composite_NJ_WM/FeatureServer/0,2026-10-04T02:11:41+00:00
A0190:use_code,A0190,use_code,4C,1,4C,consistent,one_distinct_to_value,NJOGIS Parcels & MOD-IV Composite,https://services2.arcgis.com/XVOqAjTOJ5P6ngMu/arcgis/rest/services/Parcels_Composite_NJ_WM/FeatureServer/0,2026-10-04T02:11:41+00:00
A0190:use_description,A0190,use_description,029,1,029,consistent,one_distinct_to_value,NJOGIS Parcels & MOD-IV Composite,https://services2.arcgis.com/XVOqAjTOJ5P6ngMu/arcgis/rest/services/Parcels_Composite_NJ_WM/FeatureServer/0,2026-10-04T02:11:41+00:00
A0191:year_built,A0191,year_built,1891,1,1891,consistent,one_distinct_to_value,Cambridge Property Database FY2026 (waa7-ibdu),https://data.cambridgema.gov/resource/waa7-ibdu.json,2026-10-04T02:11:41+00:00
A0191:units,A0191,units,6,1,6,consistent,one_distinct_to_value,Cambridge Property Database FY2026 (waa7-ibdu),https://data.cambridgema.gov/resource/waa7-ibdu.json,2026-10-04T02:11:41+00:00
A0191:use_code,A0191,use_code,111,1,111,consistent,one_distinct_to_value,Cambridge Property Database FY2026 (waa7-ibdu),https://data.cambridgema.gov/resource/waa7-ibdu.json,2026-10-04T02:11:41+00:00
A0191:use_description,A0191,use_description,4-8-UNIT-APT,1,4-8-UNIT-APT,consistent,one_distinct_to_value,Cambridge Property Database FY2026 (waa7-ibdu),https://data.cambridgema.gov/resource/waa7-ibdu.json,2026-10-04T02:11:41+00:00
A0193:year_built,A0193,year_built,1961,1,1961,consistent,one_distinct_to_value,Alameda County parcels,https://gis.cityofberkeley.info/arcgis3/rest/services/Public/GISPortal/MapServer/1,2026-10-04T02:11:41+00:00
A0193:units,A0193,units,6,1,6,consistent,one_distinct_to_value,Alameda County parcels,https://gis.cityofberkeley.info/arcgis3/rest/services/Public/GISPortal/MapServer/1,2026-10-04T02:11:41+00:00
A0193:use_code,A0193,use_code,7700,1,7700,consistent,one_distinct_to_value,Alameda County parcels,https://gis.cityofberkeley.info/arcgis3/rest/services/Public/GISPortal/MapServer/1,2026-10-04T02:11:41+00:00
A0193:use_description,A0193,use_description,,0,unknown,missing,zero_distinct_to_unknown,Alameda County parcels,https://gis.cityofberkeley.info/arcgis3/rest/services/Public/GISPortal/MapServer/1,2026-10-04T02:11:41+00:00
A0194:year_built,A0194,year_built,2022,1,2022,consistent,one_distinct_to_value,Boston Property Assessment FY2026,https://data.boston.gov/dataset/e02c44d2-3c64-459c-8fe2-e1ce5f38a035/resource/ee73430d-96c0-423e-ad21-c4cfb54c8961/download/fy2026-property-assessment-data_rev.csv,2026-10-04T02:11:41+00:00
A0194:units,A0194,units,,0,unknown,missing,zero_distinct_to_unknown,Boston Property Assessment FY2026,https://data.boston.gov/dataset/e02c44d2-3c64-459c-8fe2-e1ce5f38a035/resource/ee73430d-96c0-423e-ad21-c4cfb54c8961/download/fy2026-property-assessment-data_rev.csv,2026-10-04T02:11:41+00:00
A0194:use_code,A0194,use_code,A,1,A,consistent,one_distinct_to_value,Boston Property Assessment FY2026,https://data.boston.gov/dataset/e02c44d2-3c64-459c-8fe2-e1ce5f38a035/resource/ee73430d-96c0-423e-ad21-c4cfb54c8961/download/fy2026-property-assessment-data_rev.csv,2026-10-04T02:11:41+00:00
A0194:use_description,A0194,use_description,SUBSD HOUSING S- 8,1,SUBSD HOUSING S- 8,consistent,one_distinct_to_value,Boston Property Assessment FY2026,https://data.boston.gov/dataset/e02c44d2-3c64-459c-8fe2-e1ce5f38a035/resource/ee73430d-96c0-423e-ad21-c4cfb54c8961/download/fy2026-property-assessment-data_rev.csv,2026-10-04T02:11:41+00:00
A0195:year_built,A0195,year_built,1910,1,unknown,address_not_aligned,reject_unaligned_address,Boston Property Assessment FY2026,https://data.boston.gov/dataset/e02c44d2-3c64-459c-8fe2-e1ce5f38a035/resource/ee73430d-96c0-423e-ad21-c4cfb54c8961/download/fy2026-property-assessment-data_rev.csv,2026-10-04T02:11:41+00:00
A0195:units,A0195,units,,0,unknown,address_not_aligned,reject_unaligned_address,Boston Property Assessment FY2026,https://data.boston.gov/dataset/e02c44d2-3c64-459c-8fe2-e1ce5f38a035/resource/ee73430d-96c0-423e-ad21-c4cfb54c8961/download/fy2026-property-assessment-data_rev.csv,2026-10-04T02:11:41+00:00
A0195:use_code,A0195,use_code,A,1,unknown,address_not_aligned,reject_unaligned_address,Boston Property Assessment FY2026,https://data.boston.gov/dataset/e02c44d2-3c64-459c-8fe2-e1ce5f38a035/resource/ee73430d-96c0-423e-ad21-c4cfb54c8961/download/fy2026-property-assessment-data_rev.csv,2026-10-04T02:11:41+00:00
A0195:use_description,A0195,use_description,APT 7-30 UNITS,1,unknown,address_not_aligned,reject_unaligned_address,Boston Property Assessment FY2026,https://data.boston.gov/dataset/e02c44d2-3c64-459c-8fe2-e1ce5f38a035/resource/ee73430d-96c0-423e-ad21-c4cfb54c8961/download/fy2026-property-assessment-data_rev.csv,2026-10-04T02:11:41+00:00
A0196:year_built,A0196,year_built,1962,1,1962,consistent,one_distinct_to_value,LA County eGIS parcels,https://cache.gis.lacounty.gov/cache/rest/services/LACounty_Cache/LACounty_Parcel/FeatureServer/0,2026-10-04T02:11:41+00:00
A0196:units,A0196,units,30,1,30,consistent,one_distinct_to_value,LA County eGIS parcels,https://cache.gis.lacounty.gov/cache/rest/services/LACounty_Cache/LACounty_Parcel/FeatureServer/0,2026-10-04T02:11:41+00:00
A0196:use_code,A0196,use_code,0501,1,0501,consistent,one_distinct_to_value,LA County eGIS parcels,https://cache.gis.lacounty.gov/cache/rest/services/LACounty_Cache/LACounty_Parcel/FeatureServer/0,2026-10-04T02:11:41+00:00
A0196:use_description,A0196,use_description,Five or more apartments,1,Five or more apartments,consistent,one_distinct_to_value,LA County eGIS parcels,https://cache.gis.lacounty.gov/cache/rest/services/LACounty_Cache/LACounty_Parcel/FeatureServer/0,2026-10-04T02:11:41+00:00
A0197:year_built,A0197,year_built,,0,unknown,missing,zero_distinct_to_unknown,Alameda County parcels,https://gis.cityofberkeley.info/arcgis3/rest/services/Public/GISPortal/MapServer/1,2026-10-04T02:11:41+00:00
A0197:units,A0197,units,7,1,7,consistent,one_distinct_to_value,Alameda County parcels,https://gis.cityofberkeley.info/arcgis3/rest/services/Public/GISPortal/MapServer/1,2026-10-04T02:11:41+00:00
A0197:use_code,A0197,use_code,7200,1,7200,consistent,one_distinct_to_value,Alameda County parcels,https://gis.cityofberkeley.info/arcgis3/rest/services/Public/GISPortal/MapServer/1,2026-10-04T02:11:41+00:00
A0197:use_description,A0197,use_description,,0,unknown,missing,zero_distinct_to_unknown,Alameda County parcels,https://gis.cityofberkeley.info/arcgis3/rest/services/Public/GISPortal/MapServer/1,2026-10-04T02:11:41+00:00
A0198:year_built,A0198,year_built,2019,1,2019,consistent,one_distinct_to_value,Boston Property Assessment FY2026,https://data.boston.gov/dataset/e02c44d2-3c64-459c-8fe2-e1ce5f38a035/resource/ee73430d-96c0-423e-ad21-c4cfb54c8961/download/fy2026-property-assessment-data_rev.csv,2026-10-04T02:11:41+00:00
A0198:units,A0198,units,,0,unknown,missing,zero_distinct_to_unknown,Boston Property Assessment FY2026,https://data.boston.gov/dataset/e02c44d2-3c64-459c-8fe2-e1ce5f38a035/resource/ee73430d-96c0-423e-ad21-c4cfb54c8961/download/fy2026-property-assessment-data_rev.csv,2026-10-04T02:11:41+00:00
A0198:use_code,A0198,use_code,A,1,A,consistent,one_distinct_to_value,Boston Property Assessment FY2026,https://data.boston.gov/dataset/e02c44d2-3c64-459c-8fe2-e1ce5f38a035/resource/ee73430d-96c0-423e-ad21-c4cfb54c8961/download/fy2026-property-assessment-data_rev.csv,2026-10-04T02:11:41+00:00
A0198:use_description,A0198,use_description,APT 7-30 UNITS,1,APT 7-30 UNITS,consistent,one_distinct_to_value,Boston Property Assessment FY2026,https://data.boston.gov/dataset/e02c44d2-3c64-459c-8fe2-e1ce5f38a035/resource/ee73430d-96c0-423e-ad21-c4cfb54c8961/download/fy2026-property-assessment-data_rev.csv,2026-10-04T02:11:41+00:00
A0199:year_built,A0199,year_built,2012,1,2012,consistent,one_distinct_to_value,Cambridge Property Database FY2026 (waa7-ibdu),https://data.cambridgema.gov/resource/waa7-ibdu.json,2026-10-04T02:11:41+00:00
A0199:units,A0199,units,5,1,5,consistent,one_distinct_to_value,Cambridge Property Database FY2026 (waa7-ibdu),https://data.cambridgema.gov/resource/waa7-ibdu.json,2026-10-04T02:11:41+00:00
A0199:use_code,A0199,use_code,111,1,111,consistent,one_distinct_to_value,Cambridge Property Database FY2026 (waa7-ibdu),https://data.cambridgema.gov/resource/waa7-ibdu.json,2026-10-04T02:11:41+00:00
A0199:use_description,A0199,use_description,4-8-UNIT-APT,1,4-8-UNIT-APT,consistent,one_distinct_to_value,Cambridge Property Database FY2026 (waa7-ibdu),https://data.cambridgema.gov/resource/waa7-ibdu.json,2026-10-04T02:11:41+00:00
A0200:year_built,A0200,year_built,0000,1,0000,consistent,one_distinct_to_value,LA County eGIS parcels,https://cache.gis.lacounty.gov/cache/rest/services/LACounty_Cache/LACounty_Parcel/FeatureServer/0,2026-10-04T02:11:41+00:00
A0200:units,A0200,units,1,1,1,consistent,one_distinct_to_value,LA County eGIS parcels,https://cache.gis.lacounty.gov/cache/rest/services/LACounty_Cache/LACounty_Parcel/FeatureServer/0,2026-10-04T02:11:41+00:00
A0200:use_code,A0200,use_code,0500,1,0500,consistent,one_distinct_to_value,LA County eGIS parcels,https://cache.gis.lacounty.gov/cache/rest/services/LACounty_Cache/LACounty_Parcel/FeatureServer/0,2026-10-04T02:11:41+00:00
A0200:use_description,A0200,use_description,Five or more apartments,1,Five or more apartments,consistent,one_distinct_to_value,LA County eGIS parcels,https://cache.gis.lacounty.gov/cache/rest/services/LACounty_Cache/LACounty_Parcel/FeatureServer/0,2026-10-04T02:11:41+00:00
A0201:year_built,A0201,year_built,1908,1,1908,consistent,one_distinct_to_value,Alameda County parcels,https://gis.cityofberkeley.info/arcgis3/rest/services/Public/GISPortal/MapServer/1,2026-10-04T02:11:41+00:00
A0201:units,A0201,units,9,1,9,consistent,one_distinct_to_value,Alameda County parcels,https://gis.cityofberkeley.info/arcgis3/rest/services/Public/GISPortal/MapServer/1,2026-10-04T02:11:41+00:00
A0201:use_code,A0201,use_code,7700,1,7700,consistent,one_distinct_to_value,Alameda County parcels,https://gis.cityofberkeley.info/arcgis3/rest/services/Public/GISPortal/MapServer/1,2026-10-04T02:11:41+00:00
A0201:use_description,A0201,use_description,,0,unknown,missing,zero_distinct_to_unknown,Alameda County parcels,https://gis.cityofberkeley.info/arcgis3/rest/services/Public/GISPortal/MapServer/1,2026-10-04T02:11:41+00:00
A0203:year_built,A0203,year_built,2002,1,unknown,address_not_aligned,reject_unaligned_address,Boston Property Assessment FY2026,https://data.boston.gov/dataset/e02c44d2-3c64-459c-8fe2-e1ce5f38a035/resource/ee73430d-96c0-423e-ad21-c4cfb54c8961/download/fy2026-property-assessment-data_rev.csv,2026-10-04T02:11:41+00:00
A0203:units,A0203,units,,0,unknown,address_not_aligned,reject_unaligned_address,Boston Property Assessment FY2026,https://data.boston.gov/dataset/e02c44d2-3c64-459c-8fe2-e1ce5f38a035/resource/ee73430d-96c0-423e-ad21-c4cfb54c8961/download/fy2026-property-assessment-data_rev.csv,2026-10-04T02:11:41+00:00
A0203:use_code,A0203,use_code,A,1,unknown,address_not_aligned,reject_unaligned_address,Boston Property Assessment FY2026,https://data.boston.gov/dataset/e02c44d2-3c64-459c-8fe2-e1ce5f38a035/resource/ee73430d-96c0-423e-ad21-c4cfb54c8961/download/fy2026-property-assessment-data_rev.csv,2026-10-04T02:11:41+00:00
A0203:use_description,A0203,use_description,SUBSD HOUSING S- 8,1,unknown,address_not_aligned,reject_unaligned_address,Boston Property Assessment FY2026,https://data.boston.gov/dataset/e02c44d2-3c64-459c-8fe2-e1ce5f38a035/resource/ee73430d-96c0-423e-ad21-c4cfb54c8961/download/fy2026-property-assessment-data_rev.csv,2026-10-04T02:11:41+00:00
A0204:year_built,A0204,year_built,,0,unknown,missing,zero_distinct_to_unknown,NJOGIS Parcels & MOD-IV Composite,https://services2.arcgis.com/XVOqAjTOJ5P6ngMu/arcgis/rest/services/Parcels_Composite_NJ_WM/FeatureServer/0,2026-10-04T02:11:41+00:00
A0204:units,A0204,units,1,1,1,consistent,one_distinct_to_value,NJOGIS Parcels & MOD-IV Composite,https://services2.arcgis.com/XVOqAjTOJ5P6ngMu/arcgis/rest/services/Parcels_Composite_NJ_WM/FeatureServer/0,2026-10-04T02:11:41+00:00
A0204:use_code,A0204,use_code,4C,1,4C,consistent,one_distinct_to_value,NJOGIS Parcels & MOD-IV Composite,https://services2.arcgis.com/XVOqAjTOJ5P6ngMu/arcgis/rest/services/Parcels_Composite_NJ_WM/FeatureServer/0,2026-10-04T02:11:41+00:00
A0204:use_description,A0204,use_description,029,1,029,consistent,one_distinct_to_value,NJOGIS Parcels & MOD-IV Composite,https://services2.arcgis.com/XVOqAjTOJ5P6ngMu/arcgis/rest/services/Parcels_Composite_NJ_WM/FeatureServer/0,2026-10-04T02:11:41+00:00
A0205:year_built,A0205,year_built,1962,1,1962,consistent,one_distinct_to_value,Alameda County parcels,https://gis.cityofberkeley.info/arcgis3/rest/services/Public/GISPortal/MapServer/1,2026-10-04T02:11:41+00:00
A0205:units,A0205,units,10,1,10,consistent,one_distinct_to_value,Alameda County parcels,https://gis.cityofberkeley.info/arcgis3/rest/services/Public/GISPortal/MapServer/1,2026-10-04T02:11:41+00:00
A0205:use_code,A0205,use_code,7700,1,7700,consistent,one_distinct_to_value,Alameda County parcels,https://gis.cityofberkeley.info/arcgis3/rest/services/Public/GISPortal/MapServer/1,2026-10-04T02:11:41+00:00
A0205:use_description,A0205,use_description,,0,unknown,missing,zero_distinct_to_unknown,Alameda County parcels,https://gis.cityofberkeley.info/arcgis3/rest/services/Public/GISPortal/MapServer/1,2026-10-04T02:11:41+00:00
A0207:year_built,A0207,year_built,1901,1,1901,consistent,one_distinct_to_value,LA County eGIS parcels,https://cache.gis.lacounty.gov/cache/rest/services/LACounty_Cache/LACounty_Parcel/FeatureServer/0,2026-10-04T02:11:41+00:00
A0207:units,A0207,units,10,1,10,consistent,one_distinct_to_value,LA County eGIS parcels,https://cache.gis.lacounty.gov/cache/rest/services/LACounty_Cache/LACounty_Parcel/FeatureServer/0,2026-10-04T02:11:41+00:00
A0207:use_code,A0207,use_code,0500,1,0500,consistent,one_distinct_to_value,LA County eGIS parcels,https://cache.gis.lacounty.gov/cache/rest/services/LACounty_Cache/LACounty_Parcel/FeatureServer/0,2026-10-04T02:11:41+00:00
A0207:use_description,A0207,use_description,Five or more apartments,1,Five or more apartments,consistent,one_distinct_to_value,LA County eGIS parcels,https://cache.gis.lacounty.gov/cache/rest/services/LACounty_Cache/LACounty_Parcel/FeatureServer/0,2026-10-04T02:11:41+00:00
A0208:year_built,A0208,year_built,,0,unknown,missing,zero_distinct_to_unknown,NJOGIS Parcels & MOD-IV Composite,https://services2.arcgis.com/XVOqAjTOJ5P6ngMu/arcgis/rest/services/Parcels_Composite_NJ_WM/FeatureServer/0,2026-10-04T02:11:41+00:00
A0208:units,A0208,units,8,1,8,consistent,one_distinct_to_value,NJOGIS Parcels & MOD-IV Composite,https://services2.arcgis.com/XVOqAjTOJ5P6ngMu/arcgis/rest/services/Parcels_Composite_NJ_WM/FeatureServer/0,2026-10-04T02:11:41+00:00
A0208:use_code,A0208,use_code,4C,1,4C,consistent,one_distinct_to_value,NJOGIS Parcels & MOD-IV Composite,https://services2.arcgis.com/XVOqAjTOJ5P6ngMu/arcgis/rest/services/Parcels_Composite_NJ_WM/FeatureServer/0,2026-10-04T02:11:41+00:00
A0208:use_description,A0208,use_description,,0,unknown,missing,zero_distinct_to_unknown,NJOGIS Parcels & MOD-IV Composite,https://services2.arcgis.com/XVOqAjTOJ5P6ngMu/arcgis/rest/services/Parcels_Composite_NJ_WM/FeatureServer/0,2026-10-04T02:11:41+00:00
A0209:year_built,A0209,year_built,1910,1,1910,consistent,one_distinct_to_value,Cambridge Property Database FY2026 (waa7-ibdu),https://data.cambridgema.gov/resource/waa7-ibdu.json,2026-10-04T02:11:41+00:00
A0209:units,A0209,units,6,1,6,consistent,one_distinct_to_value,Cambridge Property Database FY2026 (waa7-ibdu),https://data.cambridgema.gov/resource/waa7-ibdu.json,2026-10-04T02:11:41+00:00
A0209:use_code,A0209,use_code,111,1,111,consistent,one_distinct_to_value,Cambridge Property Database FY2026 (waa7-ibdu),https://data.cambridgema.gov/resource/waa7-ibdu.json,2026-10-04T02:11:41+00:00
A0209:use_description,A0209,use_description,4-8-UNIT-APT,1,4-8-UNIT-APT,consistent,one_distinct_to_value,Cambridge Property Database FY2026 (waa7-ibdu),https://data.cambridgema.gov/resource/waa7-ibdu.json,2026-10-04T02:11:41+00:00
A0210:year_built,A0210,year_built,2016,1,2016,consistent,one_distinct_to_value,LA County eGIS parcels,https://cache.gis.lacounty.gov/cache/rest/services/LACounty_Cache/LACounty_Parcel/FeatureServer/0,2026-10-04T02:11:41+00:00
A0210:units,A0210,units,9,1,9,consistent,one_distinct_to_value,LA County eGIS parcels,https://cache.gis.lacounty.gov/cache/rest/services/LACounty_Cache/LACounty_Parcel/FeatureServer/0,2026-10-04T02:11:41+00:00
A0210:use_code,A0210,use_code,0500,1,0500,consistent,one_distinct_to_value,LA County eGIS parcels,https://cache.gis.lacounty.gov/cache/rest/services/LACounty_Cache/LACounty_Parcel/FeatureServer/0,2026-10-04T02:11:41+00:00
A0210:use_description,A0210,use_description,Five or more apartments,1,Five or more apartments,consistent,one_distinct_to_value,LA County eGIS parcels,https://cache.gis.lacounty.gov/cache/rest/services/LACounty_Cache/LACounty_Parcel/FeatureServer/0,2026-10-04T02:11:41+00:00
A0211:year_built,A0211,year_built,1899,1,1899,consistent,one_distinct_to_value,Boston Property Assessment FY2026,https://data.boston.gov/dataset/e02c44d2-3c64-459c-8fe2-e1ce5f38a035/resource/ee73430d-96c0-423e-ad21-c4cfb54c8961/download/fy2026-property-assessment-data_rev.csv,2026-10-04T02:11:41+00:00
A0211:units,A0211,units,,0,unknown,missing,zero_distinct_to_unknown,Boston Property Assessment FY2026,https://data.boston.gov/dataset/e02c44d2-3c64-459c-8fe2-e1ce5f38a035/resource/ee73430d-96c0-423e-ad21-c4cfb54c8961/download/fy2026-property-assessment-data_rev.csv,2026-10-04T02:11:41+00:00
A0211:use_code,A0211,use_code,A,1,A,consistent,one_distinct_to_value,Boston Property Assessment FY2026,https://data.boston.gov/dataset/e02c44d2-3c64-459c-8fe2-e1ce5f38a035/resource/ee73430d-96c0-423e-ad21-c4cfb54c8961/download/fy2026-property-assessment-data_rev.csv,2026-10-04T02:11:41+00:00
A0211:use_description,A0211,use_description,APT 7-30 UNITS,1,APT 7-30 UNITS,consistent,one_distinct_to_value,Boston Property Assessment FY2026,https://data.boston.gov/dataset/e02c44d2-3c64-459c-8fe2-e1ce5f38a035/resource/ee73430d-96c0-423e-ad21-c4cfb54c8961/download/fy2026-property-assessment-data_rev.csv,2026-10-04T02:11:41+00:00
A0213:year_built,A0213,year_built,1986,1,1986,consistent,one_distinct_to_value,LA County eGIS parcels,https://cache.gis.lacounty.gov/cache/rest/services/LACounty_Cache/LACounty_Parcel/FeatureServer/0,2026-10-04T02:11:41+00:00
A0213:units,A0213,units,7,1,7,consistent,one_distinct_to_value,LA County eGIS parcels,https://cache.gis.lacounty.gov/cache/rest/services/LACounty_Cache/LACounty_Parcel/FeatureServer/0,2026-10-04T02:11:41+00:00
A0213:use_code,A0213,use_code,0500,1,0500,consistent,one_distinct_to_value,LA County eGIS parcels,https://cache.gis.lacounty.gov/cache/rest/services/LACounty_Cache/LACounty_Parcel/FeatureServer/0,2026-10-04T02:11:41+00:00
A0213:use_description,A0213,use_description,Five or more apartments,1,Five or more apartments,consistent,one_distinct_to_value,LA County eGIS parcels,https://cache.gis.lacounty.gov/cache/rest/services/LACounty_Cache/LACounty_Parcel/FeatureServer/0,2026-10-04T02:11:41+00:00
A0214:year_built,A0214,year_built,1900,1,1900,consistent,one_distinct_to_value,Cambridge Property Database FY2026 (waa7-ibdu),https://data.cambridgema.gov/resource/waa7-ibdu.json,2026-10-04T02:11:41+00:00
A0214:units,A0214,units,6,1,6,consistent,one_distinct_to_value,Cambridge Property Database FY2026 (waa7-ibdu),https://data.cambridgema.gov/resource/waa7-ibdu.json,2026-10-04T02:11:41+00:00
A0214:use_code,A0214,use_code,111,1,111,consistent,one_distinct_to_value,Cambridge Property Database FY2026 (waa7-ibdu),https://data.cambridgema.gov/resource/waa7-ibdu.json,2026-10-04T02:11:41+00:00
A0214:use_description,A0214,use_description,4-8-UNIT-APT,1,4-8-UNIT-APT,consistent,one_distinct_to_value,Cambridge Property Database FY2026 (waa7-ibdu),https://data.cambridgema.gov/resource/waa7-ibdu.json,2026-10-04T02:11:41+00:00
A0216:year_built,A0216,year_built,,0,unknown,missing,zero_distinct_to_unknown,Alameda County parcels,https://gis.cityofberkeley.info/arcgis3/rest/services/Public/GISPortal/MapServer/1,2026-10-04T02:11:41+00:00
A0216:units,A0216,units,8,1,8,consistent,one_distinct_to_value,Alameda County parcels,https://gis.cityofberkeley.info/arcgis3/rest/services/Public/GISPortal/MapServer/1,2026-10-04T02:11:41+00:00
A0216:use_code,A0216,use_code,7700,1,7700,consistent,one_distinct_to_value,Alameda County parcels,https://gis.cityofberkeley.info/arcgis3/rest/services/Public/GISPortal/MapServer/1,2026-10-04T02:11:41+00:00
A0216:use_description,A0216,use_description,,0,unknown,missing,zero_distinct_to_unknown,Alameda County parcels,https://gis.cityofberkeley.info/arcgis3/rest/services/Public/GISPortal/MapServer/1,2026-10-04T02:11:41+00:00
A0217:year_built,A0217,year_built,2011,1,2011,consistent,one_distinct_to_value,Boston Property Assessment FY2026,https://data.boston.gov/dataset/e02c44d2-3c64-459c-8fe2-e1ce5f38a035/resource/ee73430d-96c0-423e-ad21-c4cfb54c8961/download/fy2026-property-assessment-data_rev.csv,2026-10-04T02:11:41+00:00
A0217:units,A0217,units,,0,unknown,missing,zero_distinct_to_unknown,Boston Property Assessment FY2026,https://data.boston.gov/dataset/e02c44d2-3c64-459c-8fe2-e1ce5f38a035/resource/ee73430d-96c0-423e-ad21-c4cfb54c8961/download/fy2026-property-assessment-data_rev.csv,2026-10-04T02:11:41+00:00
A0217:use_code,A0217,use_code,A,1,A,consistent,one_distinct_to_value,Boston Property Assessment FY2026,https://data.boston.gov/dataset/e02c44d2-3c64-459c-8fe2-e1ce5f38a035/resource/ee73430d-96c0-423e-ad21-c4cfb54c8961/download/fy2026-property-assessment-data_rev.csv,2026-10-04T02:11:41+00:00
A0217:use_description,A0217,use_description,SUBSD HOUSING S- 8,1,SUBSD HOUSING S- 8,consistent,one_distinct_to_value,Boston Property Assessment FY2026,https://data.boston.gov/dataset/e02c44d2-3c64-459c-8fe2-e1ce5f38a035/resource/ee73430d-96c0-423e-ad21-c4cfb54c8961/download/fy2026-property-assessment-data_rev.csv,2026-10-04T02:11:41+00:00
A0218:year_built,A0218,year_built,1910,1,1910,consistent,one_distinct_to_value,Cambridge Property Database FY2026 (waa7-ibdu),https://data.cambridgema.gov/resource/waa7-ibdu.json,2026-10-04T02:11:41+00:00
A0218:units,A0218,units,46,1,46,consistent,one_distinct_to_value,Cambridge Property Database FY2026 (waa7-ibdu),https://data.cambridgema.gov/resource/waa7-ibdu.json,2026-10-04T02:11:41+00:00
A0218:use_code,A0218,use_code,112,1,112,consistent,one_distinct_to_value,Cambridge Property Database FY2026 (waa7-ibdu),https://data.cambridgema.gov/resource/waa7-ibdu.json,2026-10-04T02:11:41+00:00
A0218:use_description,A0218,use_description,>8-UNIT-APT,1,>8-UNIT-APT,consistent,one_distinct_to_value,Cambridge Property Database FY2026 (waa7-ibdu),https://data.cambridgema.gov/resource/waa7-ibdu.json,2026-10-04T02:11:41+00:00
A0219:year_built,A0219,year_built,71,1,71,consistent,one_distinct_to_value,SANDAG/SanGIS parcels,https://geo.sandag.org/server/rest/services/hosted/Parcels/FeatureServer/0,2026-10-04T02:11:41+00:00
A0219:units,A0219,units,8,1,8,consistent,one_distinct_to_value,SANDAG/SanGIS parcels,https://geo.sandag.org/server/rest/services/hosted/Parcels/FeatureServer/0,2026-10-04T02:11:41+00:00
A0219:use_code,A0219,use_code,14,1,14,consistent,one_distinct_to_value,SANDAG/SanGIS parcels,https://geo.sandag.org/server/rest/services/hosted/Parcels/FeatureServer/0,2026-10-04T02:11:41+00:00
A0219:use_description,A0219,use_description,,0,unknown,missing,zero_distinct_to_unknown,SANDAG/SanGIS parcels,https://geo.sandag.org/server/rest/services/hosted/Parcels/FeatureServer/0,2026-10-04T02:11:41+00:00
A0220:year_built,A0220,year_built,1900,1,1900,consistent,one_distinct_to_value,Boston Property Assessment FY2026,https://data.boston.gov/dataset/e02c44d2-3c64-459c-8fe2-e1ce5f38a035/resource/ee73430d-96c0-423e-ad21-c4cfb54c8961/download/fy2026-property-assessment-data_rev.csv,2026-10-04T02:11:41+00:00
A0220:units,A0220,units,,0,unknown,missing,zero_distinct_to_unknown,Boston Property Assessment FY2026,https://data.boston.gov/dataset/e02c44d2-3c64-459c-8fe2-e1ce5f38a035/resource/ee73430d-96c0-423e-ad21-c4cfb54c8961/download/fy2026-property-assessment-data_rev.csv,2026-10-04T02:11:41+00:00
A0220:use_code,A0220,use_code,A,1,A,consistent,one_distinct_to_value,Boston Property Assessment FY2026,https://data.boston.gov/dataset/e02c44d2-3c64-459c-8fe2-e1ce5f38a035/resource/ee73430d-96c0-423e-ad21-c4cfb54c8961/download/fy2026-property-assessment-data_rev.csv,2026-10-04T02:11:41+00:00
A0220:use_description,A0220,use_description,SUBSD HOUSING S- 8,1,SUBSD HOUSING S- 8,consistent,one_distinct_to_value,Boston Property Assessment FY2026,https://data.boston.gov/dataset/e02c44d2-3c64-459c-8fe2-e1ce5f38a035/resource/ee73430d-96c0-423e-ad21-c4cfb54c8961/download/fy2026-property-assessment-data_rev.csv,2026-10-04T02:11:41+00:00
A0221:year_built,A0221,year_built,1925,1,unknown,address_not_aligned,reject_unaligned_address,Boston Property Assessment FY2026,https://data.boston.gov/dataset/e02c44d2-3c64-459c-8fe2-e1ce5f38a035/resource/ee73430d-96c0-423e-ad21-c4cfb54c8961/download/fy2026-property-assessment-data_rev.csv,2026-10-04T02:11:41+00:00
A0221:units,A0221,units,,0,unknown,address_not_aligned,reject_unaligned_address,Boston Property Assessment FY2026,https://data.boston.gov/dataset/e02c44d2-3c64-459c-8fe2-e1ce5f38a035/resource/ee73430d-96c0-423e-ad21-c4cfb54c8961/download/fy2026-property-assessment-data_rev.csv,2026-10-04T02:11:41+00:00
A0221:use_code,A0221,use_code,R2,1,unknown,address_not_aligned,reject_unaligned_address,Boston Property Assessment FY2026,https://data.boston.gov/dataset/e02c44d2-3c64-459c-8fe2-e1ce5f38a035/resource/ee73430d-96c0-423e-ad21-c4cfb54c8961/download/fy2026-property-assessment-data_rev.csv,2026-10-04T02:11:41+00:00
A0221:use_description,A0221,use_description,TWO-FAM DWELLING,1,unknown,address_not_aligned,reject_unaligned_address,Boston Property Assessment FY2026,https://data.boston.gov/dataset/e02c44d2-3c64-459c-8fe2-e1ce5f38a035/resource/ee73430d-96c0-423e-ad21-c4cfb54c8961/download/fy2026-property-assessment-data_rev.csv,2026-10-04T02:11:41+00:00
A0223:year_built,A0223,year_built,,0,unknown,address_not_aligned,reject_unaligned_address,NJOGIS Parcels & MOD-IV Composite,https://services2.arcgis.com/XVOqAjTOJ5P6ngMu/arcgis/rest/services/Parcels_Composite_NJ_WM/FeatureServer/0,2026-10-04T02:11:41+00:00
A0223:units,A0223,units,3,1,unknown,address_not_aligned,reject_unaligned_address,NJOGIS Parcels & MOD-IV Composite,https://services2.arcgis.com/XVOqAjTOJ5P6ngMu/arcgis/rest/services/Parcels_Composite_NJ_WM/FeatureServer/0,2026-10-04T02:11:41+00:00
A0223:use_code,A0223,use_code,4A,1,unknown,address_not_aligned,reject_unaligned_address,NJOGIS Parcels & MOD-IV Composite,https://services2.arcgis.com/XVOqAjTOJ5P6ngMu/arcgis/rest/services/Parcels_Composite_NJ_WM/FeatureServer/0,2026-10-04T02:11:41+00:00
A0223:use_description,A0223,use_description,738,1,unknown,address_not_aligned,reject_unaligned_address,NJOGIS Parcels & MOD-IV Composite,https://services2.arcgis.com/XVOqAjTOJ5P6ngMu/arcgis/rest/services/Parcels_Composite_NJ_WM/FeatureServer/0,2026-10-04T02:11:41+00:00
A0224:year_built,A0224,year_built,1960,1,1960,consistent,one_distinct_to_value,LA County eGIS parcels,https://cache.gis.lacounty.gov/cache/rest/services/LACounty_Cache/LACounty_Parcel/FeatureServer/0,2026-10-04T02:11:41+00:00
A0224:units,A0224,units,13,1,13,consistent,one_distinct_to_value,LA County eGIS parcels,https://cache.gis.lacounty.gov/cache/rest/services/LACounty_Cache/LACounty_Parcel/FeatureServer/0,2026-10-04T02:11:41+00:00
A0224:use_code,A0224,use_code,0500,1,0500,consistent,one_distinct_to_value,LA County eGIS parcels,https://cache.gis.lacounty.gov/cache/rest/services/LACounty_Cache/LACounty_Parcel/FeatureServer/0,2026-10-04T02:11:41+00:00
A0224:use_description,A0224,use_description,Five or more apartments,1,Five or more apartments,consistent,one_distinct_to_value,LA County eGIS parcels,https://cache.gis.lacounty.gov/cache/rest/services/LACounty_Cache/LACounty_Parcel/FeatureServer/0,2026-10-04T02:11:41+00:00
A0226:year_built,A0226,year_built,1905,1,1905,consistent,one_distinct_to_value,Boston Property Assessment FY2026,https://data.boston.gov/dataset/e02c44d2-3c64-459c-8fe2-e1ce5f38a035/resource/ee73430d-96c0-423e-ad21-c4cfb54c8961/download/fy2026-property-assessment-data_rev.csv,2026-10-04T02:11:41+00:00
A0226:units,A0226,units,,0,unknown,missing,zero_distinct_to_unknown,Boston Property Assessment FY2026,https://data.boston.gov/dataset/e02c44d2-3c64-459c-8fe2-e1ce5f38a035/resource/ee73430d-96c0-423e-ad21-c4cfb54c8961/download/fy2026-property-assessment-data_rev.csv,2026-10-04T02:11:41+00:00
A0226:use_code,A0226,use_code,A,1,A,consistent,one_distinct_to_value,Boston Property Assessment FY2026,https://data.boston.gov/dataset/e02c44d2-3c64-459c-8fe2-e1ce5f38a035/resource/ee73430d-96c0-423e-ad21-c4cfb54c8961/download/fy2026-property-assessment-data_rev.csv,2026-10-04T02:11:41+00:00
A0226:use_description,A0226,use_description,SUBSD HOUSING S- 8,1,SUBSD HOUSING S- 8,consistent,one_distinct_to_value,Boston Property Assessment FY2026,https://data.boston.gov/dataset/e02c44d2-3c64-459c-8fe2-e1ce5f38a035/resource/ee73430d-96c0-423e-ad21-c4cfb54c8961/download/fy2026-property-assessment-data_rev.csv,2026-10-04T02:11:41+00:00
A0227:year_built,A0227,year_built,2010,1,2010,consistent,one_distinct_to_value,NJOGIS Parcels & MOD-IV Composite,https://services2.arcgis.com/XVOqAjTOJ5P6ngMu/arcgis/rest/services/Parcels_Composite_NJ_WM/FeatureServer/0,2026-10-04T02:11:41+00:00
A0227:units,A0227,units,93,1,93,consistent,one_distinct_to_value,NJOGIS Parcels & MOD-IV Composite,https://services2.arcgis.com/XVOqAjTOJ5P6ngMu/arcgis/rest/services/Parcels_Composite_NJ_WM/FeatureServer/0,2026-10-04T02:11:41+00:00
A0227:use_code,A0227,use_code,4C,1,4C,consistent,one_distinct_to_value,NJOGIS Parcels & MOD-IV Composite,https://services2.arcgis.com/XVOqAjTOJ5P6ngMu/arcgis/rest/services/Parcels_Composite_NJ_WM/FeatureServer/0,2026-10-04T02:11:41+00:00
A0227:use_description,A0227,use_description,,0,unknown,missing,zero_distinct_to_unknown,NJOGIS Parcels & MOD-IV Composite,https://services2.arcgis.com/XVOqAjTOJ5P6ngMu/arcgis/rest/services/Parcels_Composite_NJ_WM/FeatureServer/0,2026-10-04T02:11:41+00:00
A0230:year_built,A0230,year_built,1996,1,1996,consistent,one_distinct_to_value,Cambridge Property Database FY2026 (waa7-ibdu),https://data.cambridgema.gov/resource/waa7-ibdu.json,2026-10-04T02:11:41+00:00
A0230:units,A0230,units,18,1,18,consistent,one_distinct_to_value,Cambridge Property Database FY2026 (waa7-ibdu),https://data.cambridgema.gov/resource/waa7-ibdu.json,2026-10-04T02:11:41+00:00
A0230:use_code,A0230,use_code,112,1,112,consistent,one_distinct_to_value,Cambridge Property Database FY2026 (waa7-ibdu),https://data.cambridgema.gov/resource/waa7-ibdu.json,2026-10-04T02:11:41+00:00
A0230:use_description,A0230,use_description,>8-UNIT-APT,1,>8-UNIT-APT,consistent,one_distinct_to_value,Cambridge Property Database FY2026 (waa7-ibdu),https://data.cambridgema.gov/resource/waa7-ibdu.json,2026-10-04T02:11:41+00:00
A0232:year_built,A0232,year_built,1900,1,1900,consistent,one_distinct_to_value,Cambridge Property Database FY2026 (waa7-ibdu),https://data.cambridgema.gov/resource/waa7-ibdu.json,2026-10-04T02:11:41+00:00
A0232:units,A0232,units,6,1,6,consistent,one_distinct_to_value,Cambridge Property Database FY2026 (waa7-ibdu),https://data.cambridgema.gov/resource/waa7-ibdu.json,2026-10-04T02:11:41+00:00
A0232:use_code,A0232,use_code,111,1,111,consistent,one_distinct_to_value,Cambridge Property Database FY2026 (waa7-ibdu),https://data.cambridgema.gov/resource/waa7-ibdu.json,2026-10-04T02:11:41+00:00
A0232:use_description,A0232,use_description,4-8-UNIT-APT,1,4-8-UNIT-APT,consistent,one_distinct_to_value,Cambridge Property Database FY2026 (waa7-ibdu),https://data.cambridgema.gov/resource/waa7-ibdu.json,2026-10-04T02:11:41+00:00
A0233:year_built,A0233,year_built,1920,1,1920,consistent,one_distinct_to_value,Boston Property Assessment FY2026,https://data.boston.gov/dataset/e02c44d2-3c64-459c-8fe2-e1ce5f38a035/resource/ee73430d-96c0-423e-ad21-c4cfb54c8961/download/fy2026-property-assessment-data_rev.csv,2026-10-04T02:11:41+00:00
A0233:units,A0233,units,,0,unknown,missing,zero_distinct_to_unknown,Boston Property Assessment FY2026,https://data.boston.gov/dataset/e02c44d2-3c64-459c-8fe2-e1ce5f38a035/resource/ee73430d-96c0-423e-ad21-c4cfb54c8961/download/fy2026-property-assessment-data_rev.csv,2026-10-04T02:11:41+00:00
A0233:use_code,A0233,use_code,A,1,A,consistent,one_distinct_to_value,Boston Property Assessment FY2026,https://data.boston.gov/dataset/e02c44d2-3c64-459c-8fe2-e1ce5f38a035/resource/ee73430d-96c0-423e-ad21-c4cfb54c8961/download/fy2026-property-assessment-data_rev.csv,2026-10-04T02:11:41+00:00
A0233:use_description,A0233,use_description,APT 7-30 UNITS,1,APT 7-30 UNITS,consistent,one_distinct_to_value,Boston Property Assessment FY2026,https://data.boston.gov/dataset/e02c44d2-3c64-459c-8fe2-e1ce5f38a035/resource/ee73430d-96c0-423e-ad21-c4cfb54c8961/download/fy2026-property-assessment-data_rev.csv,2026-10-04T02:11:41+00:00
A0234:year_built,A0234,year_built,,0,unknown,missing,zero_distinct_to_unknown,Alameda County parcels,https://gis.cityofberkeley.info/arcgis3/rest/services/Public/GISPortal/MapServer/1,2026-10-04T02:11:41+00:00
A0234:units,A0234,units,13,1,13,consistent,one_distinct_to_value,Alameda County parcels,https://gis.cityofberkeley.info/arcgis3/rest/services/Public/GISPortal/MapServer/1,2026-10-04T02:11:41+00:00
A0234:use_code,A0234,use_code,7700,1,7700,consistent,one_distinct_to_value,Alameda County parcels,https://gis.cityofberkeley.info/arcgis3/rest/services/Public/GISPortal/MapServer/1,2026-10-04T02:11:41+00:00
A0234:use_description,A0234,use_description,,0,unknown,missing,zero_distinct_to_unknown,Alameda County parcels,https://gis.cityofberkeley.info/arcgis3/rest/services/Public/GISPortal/MapServer/1,2026-10-04T02:11:41+00:00
A0235:year_built,A0235,year_built,,0,unknown,missing,zero_distinct_to_unknown,LA County eGIS parcels,https://cache.gis.lacounty.gov/cache/rest/services/LACounty_Cache/LACounty_Parcel/FeatureServer/0,2026-10-04T02:11:41+00:00
A0235:units,A0235,units,,0,unknown,missing,zero_distinct_to_unknown,LA County eGIS parcels,https://cache.gis.lacounty.gov/cache/rest/services/LACounty_Cache/LACounty_Parcel/FeatureServer/0,2026-10-04T02:11:41+00:00
A0235:use_code,A0235,use_code,050V,1,050V,consistent,one_distinct_to_value,LA County eGIS parcels,https://cache.gis.lacounty.gov/cache/rest/services/LACounty_Cache/LACounty_Parcel/FeatureServer/0,2026-10-04T02:11:41+00:00
A0235:use_description,A0235,use_description,Five or more apartments,1,Five or more apartments,consistent,one_distinct_to_value,LA County eGIS parcels,https://cache.gis.lacounty.gov/cache/rest/services/LACounty_Cache/LACounty_Parcel/FeatureServer/0,2026-10-04T02:11:41+00:00
A0238:year_built,A0238,year_built,1957,1,1957,consistent,one_distinct_to_value,LA County eGIS parcels,https://cache.gis.lacounty.gov/cache/rest/services/LACounty_Cache/LACounty_Parcel/FeatureServer/0,2026-10-04T02:11:41+00:00
A0238:units,A0238,units,6,1,6,consistent,one_distinct_to_value,LA County eGIS parcels,https://cache.gis.lacounty.gov/cache/rest/services/LACounty_Cache/LACounty_Parcel/FeatureServer/0,2026-10-04T02:11:41+00:00
A0238:use_code,A0238,use_code,0500,1,0500,consistent,one_distinct_to_value,LA County eGIS parcels,https://cache.gis.lacounty.gov/cache/rest/services/LACounty_Cache/LACounty_Parcel/FeatureServer/0,2026-10-04T02:11:41+00:00
A0238:use_description,A0238,use_description,Five or more apartments,1,Five or more apartments,consistent,one_distinct_to_value,LA County eGIS parcels,https://cache.gis.lacounty.gov/cache/rest/services/LACounty_Cache/LACounty_Parcel/FeatureServer/0,2026-10-04T02:11:41+00:00
A0239:year_built,A0239,year_built,,0,unknown,missing,zero_distinct_to_unknown,Alameda County parcels,https://gis.cityofberkeley.info/arcgis3/rest/services/Public/GISPortal/MapServer/1,2026-10-04T02:11:41+00:00
A0239:units,A0239,units,18,1,18,consistent,one_distinct_to_value,Alameda County parcels,https://gis.cityofberkeley.info/arcgis3/rest/services/Public/GISPortal/MapServer/1,2026-10-04T02:11:41+00:00
A0239:use_code,A0239,use_code,7700,1,7700,consistent,one_distinct_to_value,Alameda County parcels,https://gis.cityofberkeley.info/arcgis3/rest/services/Public/GISPortal/MapServer/1,2026-10-04T02:11:41+00:00
A0239:use_description,A0239,use_description,,0,unknown,missing,zero_distinct_to_unknown,Alameda County parcels,https://gis.cityofberkeley.info/arcgis3/rest/services/Public/GISPortal/MapServer/1,2026-10-04T02:11:41+00:00
A0240:year_built,A0240,year_built,79,1,79,consistent,one_distinct_to_value,SANDAG/SanGIS parcels,https://geo.sandag.org/server/rest/services/hosted/Parcels/FeatureServer/0,2026-10-04T02:11:41+00:00
A0240:units,A0240,units,7,1,7,consistent,one_distinct_to_value,SANDAG/SanGIS parcels,https://geo.sandag.org/server/rest/services/hosted/Parcels/FeatureServer/0,2026-10-04T02:11:41+00:00
A0240:use_code,A0240,use_code,14,1,14,consistent,one_distinct_to_value,SANDAG/SanGIS parcels,https://geo.sandag.org/server/rest/services/hosted/Parcels/FeatureServer/0,2026-10-04T02:11:41+00:00
A0240:use_description,A0240,use_description,,0,unknown,missing,zero_distinct_to_unknown,SANDAG/SanGIS parcels,https://geo.sandag.org/server/rest/services/hosted/Parcels/FeatureServer/0,2026-10-04T02:11:41+00:00
A0241:year_built,A0241,year_built,,0,unknown,missing,zero_distinct_to_unknown,NJOGIS Parcels & MOD-IV Composite,https://services2.arcgis.com/XVOqAjTOJ5P6ngMu/arcgis/rest/services/Parcels_Composite_NJ_WM/FeatureServer/0,2026-10-04T02:11:41+00:00
A0241:units,A0241,units,14,1,14,consistent,one_distinct_to_value,NJOGIS Parcels & MOD-IV Composite,https://services2.arcgis.com/XVOqAjTOJ5P6ngMu/arcgis/rest/services/Parcels_Composite_NJ_WM/FeatureServer/0,2026-10-04T02:11:41+00:00
A0241:use_code,A0241,use_code,4C,1,4C,consistent,one_distinct_to_value,NJOGIS Parcels & MOD-IV Composite,https://services2.arcgis.com/XVOqAjTOJ5P6ngMu/arcgis/rest/services/Parcels_Composite_NJ_WM/FeatureServer/0,2026-10-04T02:11:41+00:00
A0241:use_description,A0241,use_description,,0,unknown,missing,zero_distinct_to_unknown,NJOGIS Parcels & MOD-IV Composite,https://services2.arcgis.com/XVOqAjTOJ5P6ngMu/arcgis/rest/services/Parcels_Composite_NJ_WM/FeatureServer/0,2026-10-04T02:11:41+00:00
A0242:year_built,A0242,year_built,1960,1,1960,consistent,one_distinct_to_value,Boston Property Assessment FY2026,https://data.boston.gov/dataset/e02c44d2-3c64-459c-8fe2-e1ce5f38a035/resource/ee73430d-96c0-423e-ad21-c4cfb54c8961/download/fy2026-property-assessment-data_rev.csv,2026-10-04T02:11:41+00:00
A0242:units,A0242,units,,0,unknown,missing,zero_distinct_to_unknown,Boston Property Assessment FY2026,https://data.boston.gov/dataset/e02c44d2-3c64-459c-8fe2-e1ce5f38a035/resource/ee73430d-96c0-423e-ad21-c4cfb54c8961/download/fy2026-property-assessment-data_rev.csv,2026-10-04T02:11:41+00:00
A0242:use_code,A0242,use_code,A,1,A,consistent,one_distinct_to_value,Boston Property Assessment FY2026,https://data.boston.gov/dataset/e02c44d2-3c64-459c-8fe2-e1ce5f38a035/resource/ee73430d-96c0-423e-ad21-c4cfb54c8961/download/fy2026-property-assessment-data_rev.csv,2026-10-04T02:11:41+00:00
A0242:use_description,A0242,use_description,APT 7-30 UNITS,1,APT 7-30 UNITS,consistent,one_distinct_to_value,Boston Property Assessment FY2026,https://data.boston.gov/dataset/e02c44d2-3c64-459c-8fe2-e1ce5f38a035/resource/ee73430d-96c0-423e-ad21-c4cfb54c8961/download/fy2026-property-assessment-data_rev.csv,2026-10-04T02:11:41+00:00
A0243:year_built,A0243,year_built,1910,1,1910,consistent,one_distinct_to_value,NJOGIS Parcels & MOD-IV Composite,https://services2.arcgis.com/XVOqAjTOJ5P6ngMu/arcgis/rest/services/Parcels_Composite_NJ_WM/FeatureServer/0,2026-10-04T02:11:41+00:00
A0243:units,A0243,units,4,1,4,consistent,one_distinct_to_value,NJOGIS Parcels & MOD-IV Composite,https://services2.arcgis.com/XVOqAjTOJ5P6ngMu/arcgis/rest/services/Parcels_Composite_NJ_WM/FeatureServer/0,2026-10-04T02:11:41+00:00
A0243:use_code,A0243,use_code,4C,1,4C,consistent,one_distinct_to_value,NJOGIS Parcels & MOD-IV Composite,https://services2.arcgis.com/XVOqAjTOJ5P6ngMu/arcgis/rest/services/Parcels_Composite_NJ_WM/FeatureServer/0,2026-10-04T02:11:41+00:00
A0243:use_description,A0243,use_description,,0,unknown,missing,zero_distinct_to_unknown,NJOGIS Parcels & MOD-IV Composite,https://services2.arcgis.com/XVOqAjTOJ5P6ngMu/arcgis/rest/services/Parcels_Composite_NJ_WM/FeatureServer/0,2026-10-04T02:11:41+00:00
A0244:year_built,A0244,year_built,,0,unknown,missing,zero_distinct_to_unknown,NJOGIS Parcels & MOD-IV Composite,https://services2.arcgis.com/XVOqAjTOJ5P6ngMu/arcgis/rest/services/Parcels_Composite_NJ_WM/FeatureServer/0,2026-10-04T02:11:41+00:00
A0244:units,A0244,units,12,1,12,consistent,one_distinct_to_value,NJOGIS Parcels & MOD-IV Composite,https://services2.arcgis.com/XVOqAjTOJ5P6ngMu/arcgis/rest/services/Parcels_Composite_NJ_WM/FeatureServer/0,2026-10-04T02:11:41+00:00
A0244:use_code,A0244,use_code,4C,1,4C,consistent,one_distinct_to_value,NJOGIS Parcels & MOD-IV Composite,https://services2.arcgis.com/XVOqAjTOJ5P6ngMu/arcgis/rest/services/Parcels_Composite_NJ_WM/FeatureServer/0,2026-10-04T02:11:41+00:00
A0244:use_description,A0244,use_description,,0,unknown,missing,zero_distinct_to_unknown,NJOGIS Parcels & MOD-IV Composite,https://services2.arcgis.com/XVOqAjTOJ5P6ngMu/arcgis/rest/services/Parcels_Composite_NJ_WM/FeatureServer/0,2026-10-04T02:11:41+00:00
A0245:year_built,A0245,year_built,2018,1,2018,consistent,one_distinct_to_value,Boston Property Assessment FY2026,https://data.boston.gov/dataset/e02c44d2-3c64-459c-8fe2-e1ce5f38a035/resource/ee73430d-96c0-423e-ad21-c4cfb54c8961/download/fy2026-property-assessment-data_rev.csv,2026-10-04T02:11:41+00:00
A0245:units,A0245,units,,0,unknown,missing,zero_distinct_to_unknown,Boston Property Assessment FY2026,https://data.boston.gov/dataset/e02c44d2-3c64-459c-8fe2-e1ce5f38a035/resource/ee73430d-96c0-423e-ad21-c4cfb54c8961/download/fy2026-property-assessment-data_rev.csv,2026-10-04T02:11:41+00:00
A0245:use_code,A0245,use_code,A,1,A,consistent,one_distinct_to_value,Boston Property Assessment FY2026,https://data.boston.gov/dataset/e02c44d2-3c64-459c-8fe2-e1ce5f38a035/resource/ee73430d-96c0-423e-ad21-c4cfb54c8961/download/fy2026-property-assessment-data_rev.csv,2026-10-04T02:11:41+00:00
A0245:use_description,A0245,use_description,LUXURY APARTMENT,1,LUXURY APARTMENT,consistent,one_distinct_to_value,Boston Property Assessment FY2026,https://data.boston.gov/dataset/e02c44d2-3c64-459c-8fe2-e1ce5f38a035/resource/ee73430d-96c0-423e-ad21-c4cfb54c8961/download/fy2026-property-assessment-data_rev.csv,2026-10-04T02:11:41+00:00
A0246:year_built,A0246,year_built,57,1,57,consistent,one_distinct_to_value,SANDAG/SanGIS parcels,https://geo.sandag.org/server/rest/services/hosted/Parcels/FeatureServer/0,2026-10-04T02:11:41+00:00
A0246:units,A0246,units,8,1,8,consistent,one_distinct_to_value,SANDAG/SanGIS parcels,https://geo.sandag.org/server/rest/services/hosted/Parcels/FeatureServer/0,2026-10-04T02:11:41+00:00
A0246:use_code,A0246,use_code,14,1,14,consistent,one_distinct_to_value,SANDAG/SanGIS parcels,https://geo.sandag.org/server/rest/services/hosted/Parcels/FeatureServer/0,2026-10-04T02:11:41+00:00
A0246:use_description,A0246,use_description,,0,unknown,missing,zero_distinct_to_unknown,SANDAG/SanGIS parcels,https://geo.sandag.org/server/rest/services/hosted/Parcels/FeatureServer/0,2026-10-04T02:11:41+00:00
A0247:year_built,A0247,year_built,72,1,72,consistent,one_distinct_to_value,SANDAG/SanGIS parcels,https://geo.sandag.org/server/rest/services/hosted/Parcels/FeatureServer/0,2026-10-04T02:11:41+00:00
A0247:units,A0247,units,10,1,10,consistent,one_distinct_to_value,SANDAG/SanGIS parcels,https://geo.sandag.org/server/rest/services/hosted/Parcels/FeatureServer/0,2026-10-04T02:11:41+00:00
A0247:use_code,A0247,use_code,14,1,14,consistent,one_distinct_to_value,SANDAG/SanGIS parcels,https://geo.sandag.org/server/rest/services/hosted/Parcels/FeatureServer/0,2026-10-04T02:11:41+00:00
A0247:use_description,A0247,use_description,,0,unknown,missing,zero_distinct_to_unknown,SANDAG/SanGIS parcels,https://geo.sandag.org/server/rest/services/hosted/Parcels/FeatureServer/0,2026-10-04T02:11:41+00:00
A0248:year_built,A0248,year_built,1923,1,1923,consistent,one_distinct_to_value,LA County eGIS parcels,https://cache.gis.lacounty.gov/cache/rest/services/LACounty_Cache/LACounty_Parcel/FeatureServer/0,2026-10-04T02:11:41+00:00
A0248:units,A0248,units,24,1,24,consistent,one_distinct_to_value,LA County eGIS parcels,https://cache.gis.lacounty.gov/cache/rest/services/LACounty_Cache/LACounty_Parcel/FeatureServer/0,2026-10-04T02:11:41+00:00
A0248:use_code,A0248,use_code,0500,1,0500,consistent,one_distinct_to_value,LA County eGIS parcels,https://cache.gis.lacounty.gov/cache/rest/services/LACounty_Cache/LACounty_Parcel/FeatureServer/0,2026-10-04T02:11:41+00:00
A0248:use_description,A0248,use_description,Five or more apartments,1,Five or more apartments,consistent,one_distinct_to_value,LA County eGIS parcels,https://cache.gis.lacounty.gov/cache/rest/services/LACounty_Cache/LACounty_Parcel/FeatureServer/0,2026-10-04T02:11:41+00:00
A0249:year_built,A0249,year_built,,0,unknown,missing,zero_distinct_to_unknown,NJOGIS Parcels & MOD-IV Composite,https://services2.arcgis.com/XVOqAjTOJ5P6ngMu/arcgis/rest/services/Parcels_Composite_NJ_WM/FeatureServer/0,2026-10-04T02:11:41+00:00
A0249:units,A0249,units,1,1,1,consistent,one_distinct_to_value,NJOGIS Parcels & MOD-IV Composite,https://services2.arcgis.com/XVOqAjTOJ5P6ngMu/arcgis/rest/services/Parcels_Composite_NJ_WM/FeatureServer/0,2026-10-04T02:11:41+00:00
A0249:use_code,A0249,use_code,4C,1,4C,consistent,one_distinct_to_value,NJOGIS Parcels & MOD-IV Composite,https://services2.arcgis.com/XVOqAjTOJ5P6ngMu/arcgis/rest/services/Parcels_Composite_NJ_WM/FeatureServer/0,2026-10-04T02:11:41+00:00
A0249:use_description,A0249,use_description,029,1,029,consistent,one_distinct_to_value,NJOGIS Parcels & MOD-IV Composite,https://services2.arcgis.com/XVOqAjTOJ5P6ngMu/arcgis/rest/services/Parcels_Composite_NJ_WM/FeatureServer/0,2026-10-04T02:11:41+00:00
A0250:year_built,A0250,year_built,,0,unknown,missing,zero_distinct_to_unknown,NJOGIS Parcels & MOD-IV Composite,https://services2.arcgis.com/XVOqAjTOJ5P6ngMu/arcgis/rest/services/Parcels_Composite_NJ_WM/FeatureServer/0,2026-10-04T02:11:41+00:00
A0250:units,A0250,units,,0,unknown,missing,zero_distinct_to_unknown,NJOGIS Parcels & MOD-IV Composite,https://services2.arcgis.com/XVOqAjTOJ5P6ngMu/arcgis/rest/services/Parcels_Composite_NJ_WM/FeatureServer/0,2026-10-04T02:11:41+00:00
A0250:use_code,A0250,use_code,4C,1,4C,consistent,one_distinct_to_value,NJOGIS Parcels & MOD-IV Composite,https://services2.arcgis.com/XVOqAjTOJ5P6ngMu/arcgis/rest/services/Parcels_Composite_NJ_WM/FeatureServer/0,2026-10-04T02:11:41+00:00
A0250:use_description,A0250,use_description,,0,unknown,missing,zero_distinct_to_unknown,NJOGIS Parcels & MOD-IV Composite,https://services2.arcgis.com/XVOqAjTOJ5P6ngMu/arcgis/rest/services/Parcels_Composite_NJ_WM/FeatureServer/0,2026-10-04T02:11:41+00:00
A0251:year_built,A0251,year_built,70,1,unknown,candidate_set_incomplete,reject_incomplete_candidate_set,SANDAG/SanGIS parcels,https://geo.sandag.org/server/rest/services/hosted/Parcels/FeatureServer/0,2026-10-04T02:11:41+00:00
A0251:units,A0251,units,8,1,unknown,candidate_set_incomplete,reject_incomplete_candidate_set,SANDAG/SanGIS parcels,https://geo.sandag.org/server/rest/services/hosted/Parcels/FeatureServer/0,2026-10-04T02:11:41+00:00
A0251:use_code,A0251,use_code,14,1,unknown,candidate_set_incomplete,reject_incomplete_candidate_set,SANDAG/SanGIS parcels,https://geo.sandag.org/server/rest/services/hosted/Parcels/FeatureServer/0,2026-10-04T02:11:41+00:00
A0251:use_description,A0251,use_description,,0,unknown,candidate_set_incomplete,reject_incomplete_candidate_set,SANDAG/SanGIS parcels,https://geo.sandag.org/server/rest/services/hosted/Parcels/FeatureServer/0,2026-10-04T02:11:41+00:00
A0252:year_built,A0252,year_built,1984,1,1984,consistent,one_distinct_to_value,LA County eGIS parcels,https://cache.gis.lacounty.gov/cache/rest/services/LACounty_Cache/LACounty_Parcel/FeatureServer/0,2026-10-04T02:11:41+00:00
A0252:units,A0252,units,6,1,6,consistent,one_distinct_to_value,LA County eGIS parcels,https://cache.gis.lacounty.gov/cache/rest/services/LACounty_Cache/LACounty_Parcel/FeatureServer/0,2026-10-04T02:11:41+00:00
A0252:use_code,A0252,use_code,0500,1,0500,consistent,one_distinct_to_value,LA County eGIS parcels,https://cache.gis.lacounty.gov/cache/rest/services/LACounty_Cache/LACounty_Parcel/FeatureServer/0,2026-10-04T02:11:41+00:00
A0252:use_description,A0252,use_description,Five or more apartments,1,Five or more apartments,consistent,one_distinct_to_value,LA County eGIS parcels,https://cache.gis.lacounty.gov/cache/rest/services/LACounty_Cache/LACounty_Parcel/FeatureServer/0,2026-10-04T02:11:41+00:00
A0254:year_built,A0254,year_built,,0,unknown,missing,zero_distinct_to_unknown,NJOGIS Parcels & MOD-IV Composite,https://services2.arcgis.com/XVOqAjTOJ5P6ngMu/arcgis/rest/services/Parcels_Composite_NJ_WM/FeatureServer/0,2026-10-04T02:11:41+00:00
A0254:units,A0254,units,9,1,9,consistent,one_distinct_to_value,NJOGIS Parcels & MOD-IV Composite,https://services2.arcgis.com/XVOqAjTOJ5P6ngMu/arcgis/rest/services/Parcels_Composite_NJ_WM/FeatureServer/0,2026-10-04T02:11:41+00:00
A0254:use_code,A0254,use_code,4C,1,4C,consistent,one_distinct_to_value,NJOGIS Parcels & MOD-IV Composite,https://services2.arcgis.com/XVOqAjTOJ5P6ngMu/arcgis/rest/services/Parcels_Composite_NJ_WM/FeatureServer/0,2026-10-04T02:11:41+00:00
A0254:use_description,A0254,use_description,,0,unknown,missing,zero_distinct_to_unknown,NJOGIS Parcels & MOD-IV Composite,https://services2.arcgis.com/XVOqAjTOJ5P6ngMu/arcgis/rest/services/Parcels_Composite_NJ_WM/FeatureServer/0,2026-10-04T02:11:41+00:00
A0255:year_built,A0255,year_built,1923,1,1923,consistent,one_distinct_to_value,LA County eGIS parcels,https://cache.gis.lacounty.gov/cache/rest/services/LACounty_Cache/LACounty_Parcel/FeatureServer/0,2026-10-04T02:11:41+00:00
A0255:units,A0255,units,2,1,2,consistent,one_distinct_to_value,LA County eGIS parcels,https://cache.gis.lacounty.gov/cache/rest/services/LACounty_Cache/LACounty_Parcel/FeatureServer/0,2026-10-04T02:11:41+00:00
A0255:use_code,A0255,use_code,0500,1,0500,consistent,one_distinct_to_value,LA County eGIS parcels,https://cache.gis.lacounty.gov/cache/rest/services/LACounty_Cache/LACounty_Parcel/FeatureServer/0,2026-10-04T02:11:41+00:00
A0255:use_description,A0255,use_description,Five or more apartments,1,Five or more apartments,consistent,one_distinct_to_value,LA County eGIS parcels,https://cache.gis.lacounty.gov/cache/rest/services/LACounty_Cache/LACounty_Parcel/FeatureServer/0,2026-10-04T02:11:41+00:00
A0256:year_built,A0256,year_built,,0,unknown,missing,zero_distinct_to_unknown,NJOGIS Parcels & MOD-IV Composite,https://services2.arcgis.com/XVOqAjTOJ5P6ngMu/arcgis/rest/services/Parcels_Composite_NJ_WM/FeatureServer/0,2026-10-04T02:11:41+00:00
A0256:units,A0256,units,20,1,20,consistent,one_distinct_to_value,NJOGIS Parcels & MOD-IV Composite,https://services2.arcgis.com/XVOqAjTOJ5P6ngMu/arcgis/rest/services/Parcels_Composite_NJ_WM/FeatureServer/0,2026-10-04T02:11:41+00:00
A0256:use_code,A0256,use_code,4C,1,4C,consistent,one_distinct_to_value,NJOGIS Parcels & MOD-IV Composite,https://services2.arcgis.com/XVOqAjTOJ5P6ngMu/arcgis/rest/services/Parcels_Composite_NJ_WM/FeatureServer/0,2026-10-04T02:11:41+00:00
A0256:use_description,A0256,use_description,738,1,738,consistent,one_distinct_to_value,NJOGIS Parcels & MOD-IV Composite,https://services2.arcgis.com/XVOqAjTOJ5P6ngMu/arcgis/rest/services/Parcels_Composite_NJ_WM/FeatureServer/0,2026-10-04T02:11:41+00:00
A0258:year_built,A0258,year_built,1930,1,1930,consistent,one_distinct_to_value,Boston Property Assessment FY2026,https://data.boston.gov/dataset/e02c44d2-3c64-459c-8fe2-e1ce5f38a035/resource/ee73430d-96c0-423e-ad21-c4cfb54c8961/download/fy2026-property-assessment-data_rev.csv,2026-10-04T02:11:41+00:00
A0258:units,A0258,units,,0,unknown,missing,zero_distinct_to_unknown,Boston Property Assessment FY2026,https://data.boston.gov/dataset/e02c44d2-3c64-459c-8fe2-e1ce5f38a035/resource/ee73430d-96c0-423e-ad21-c4cfb54c8961/download/fy2026-property-assessment-data_rev.csv,2026-10-04T02:11:41+00:00
A0258:use_code,A0258,use_code,A,1,A,consistent,one_distinct_to_value,Boston Property Assessment FY2026,https://data.boston.gov/dataset/e02c44d2-3c64-459c-8fe2-e1ce5f38a035/resource/ee73430d-96c0-423e-ad21-c4cfb54c8961/download/fy2026-property-assessment-data_rev.csv,2026-10-04T02:11:41+00:00
A0258:use_description,A0258,use_description,SUBSD HOUSING S- 8,1,SUBSD HOUSING S- 8,consistent,one_distinct_to_value,Boston Property Assessment FY2026,https://data.boston.gov/dataset/e02c44d2-3c64-459c-8fe2-e1ce5f38a035/resource/ee73430d-96c0-423e-ad21-c4cfb54c8961/download/fy2026-property-assessment-data_rev.csv,2026-10-04T02:11:41+00:00
A0260:year_built,A0260,year_built,,0,unknown,missing,zero_distinct_to_unknown,Alameda County parcels,https://gis.cityofberkeley.info/arcgis3/rest/services/Public/GISPortal/MapServer/1,2026-10-04T02:11:41+00:00
A0260:units,A0260,units,10,1,10,consistent,one_distinct_to_value,Alameda County parcels,https://gis.cityofberkeley.info/arcgis3/rest/services/Public/GISPortal/MapServer/1,2026-10-04T02:11:41+00:00
A0260:use_code,A0260,use_code,7700,1,7700,consistent,one_distinct_to_value,Alameda County parcels,https://gis.cityofberkeley.info/arcgis3/rest/services/Public/GISPortal/MapServer/1,2026-10-04T02:11:41+00:00
A0260:use_description,A0260,use_description,,0,unknown,missing,zero_distinct_to_unknown,Alameda County parcels,https://gis.cityofberkeley.info/arcgis3/rest/services/Public/GISPortal/MapServer/1,2026-10-04T02:11:41+00:00
A0261:year_built,A0261,year_built,,0,unknown,missing,zero_distinct_to_unknown,NJOGIS Parcels & MOD-IV Composite,https://services2.arcgis.com/XVOqAjTOJ5P6ngMu/arcgis/rest/services/Parcels_Composite_NJ_WM/FeatureServer/0,2026-10-04T02:11:41+00:00
A0261:units,A0261,units,10,1,10,consistent,one_distinct_to_value,NJOGIS Parcels & MOD-IV Composite,https://services2.arcgis.com/XVOqAjTOJ5P6ngMu/arcgis/rest/services/Parcels_Composite_NJ_WM/FeatureServer/0,2026-10-04T02:11:41+00:00
A0261:use_code,A0261,use_code,4C,1,4C,consistent,one_distinct_to_value,NJOGIS Parcels & MOD-IV Composite,https://services2.arcgis.com/XVOqAjTOJ5P6ngMu/arcgis/rest/services/Parcels_Composite_NJ_WM/FeatureServer/0,2026-10-04T02:11:41+00:00
A0261:use_description,A0261,use_description,,0,unknown,missing,zero_distinct_to_unknown,NJOGIS Parcels & MOD-IV Composite,https://services2.arcgis.com/XVOqAjTOJ5P6ngMu/arcgis/rest/services/Parcels_Composite_NJ_WM/FeatureServer/0,2026-10-04T02:11:41+00:00
A0262:year_built,A0262,year_built,,0,unknown,address_not_aligned,reject_unaligned_address,SANDAG/SanGIS parcels,https://geo.sandag.org/server/rest/services/hosted/Parcels/FeatureServer/0,2026-10-04T02:11:41+00:00
A0262:units,A0262,units,,0,unknown,address_not_aligned,reject_unaligned_address,SANDAG/SanGIS parcels,https://geo.sandag.org/server/rest/services/hosted/Parcels/FeatureServer/0,2026-10-04T02:11:41+00:00
A0262:use_code,A0262,use_code,,0,unknown,address_not_aligned,reject_unaligned_address,SANDAG/SanGIS parcels,https://geo.sandag.org/server/rest/services/hosted/Parcels/FeatureServer/0,2026-10-04T02:11:41+00:00
A0262:use_description,A0262,use_description,,0,unknown,address_not_aligned,reject_unaligned_address,SANDAG/SanGIS parcels,https://geo.sandag.org/server/rest/services/hosted/Parcels/FeatureServer/0,2026-10-04T02:11:41+00:00
A0263:year_built,A0263,year_built,,0,unknown,missing,zero_distinct_to_unknown,Alameda County parcels,https://gis.cityofberkeley.info/arcgis3/rest/services/Public/GISPortal/MapServer/1,2026-10-04T02:11:41+00:00
A0263:units,A0263,units,14,1,14,consistent,one_distinct_to_value,Alameda County parcels,https://gis.cityofberkeley.info/arcgis3/rest/services/Public/GISPortal/MapServer/1,2026-10-04T02:11:41+00:00
A0263:use_code,A0263,use_code,7700,1,7700,consistent,one_distinct_to_value,Alameda County parcels,https://gis.cityofberkeley.info/arcgis3/rest/services/Public/GISPortal/MapServer/1,2026-10-04T02:11:41+00:00
A0263:use_description,A0263,use_description,,0,unknown,missing,zero_distinct_to_unknown,Alameda County parcels,https://gis.cityofberkeley.info/arcgis3/rest/services/Public/GISPortal/MapServer/1,2026-10-04T02:11:41+00:00
A0264:year_built,A0264,year_built,,0,unknown,missing,zero_distinct_to_unknown,NJOGIS Parcels & MOD-IV Composite,https://services2.arcgis.com/XVOqAjTOJ5P6ngMu/arcgis/rest/services/Parcels_Composite_NJ_WM/FeatureServer/0,2026-10-04T02:11:41+00:00
A0264:units,A0264,units,1,1,1,consistent,one_distinct_to_value,NJOGIS Parcels & MOD-IV Composite,https://services2.arcgis.com/XVOqAjTOJ5P6ngMu/arcgis/rest/services/Parcels_Composite_NJ_WM/FeatureServer/0,2026-10-04T02:11:41+00:00
A0264:use_code,A0264,use_code,4C,1,4C,consistent,one_distinct_to_value,NJOGIS Parcels & MOD-IV Composite,https://services2.arcgis.com/XVOqAjTOJ5P6ngMu/arcgis/rest/services/Parcels_Composite_NJ_WM/FeatureServer/0,2026-10-04T02:11:41+00:00
A0264:use_description,A0264,use_description,021,1,021,consistent,one_distinct_to_value,NJOGIS Parcels & MOD-IV Composite,https://services2.arcgis.com/XVOqAjTOJ5P6ngMu/arcgis/rest/services/Parcels_Composite_NJ_WM/FeatureServer/0,2026-10-04T02:11:41+00:00
A0265:year_built,A0265,year_built,1912,1,1912,consistent,one_distinct_to_value,NJOGIS Parcels & MOD-IV Composite,https://services2.arcgis.com/XVOqAjTOJ5P6ngMu/arcgis/rest/services/Parcels_Composite_NJ_WM/FeatureServer/0,2026-10-04T02:11:41+00:00
A0265:units,A0265,units,,0,unknown,missing,zero_distinct_to_unknown,NJOGIS Parcels & MOD-IV Composite,https://services2.arcgis.com/XVOqAjTOJ5P6ngMu/arcgis/rest/services/Parcels_Composite_NJ_WM/FeatureServer/0,2026-10-04T02:11:41+00:00
A0265:use_code,A0265,use_code,4C,1,4C,consistent,one_distinct_to_value,NJOGIS Parcels & MOD-IV Composite,https://services2.arcgis.com/XVOqAjTOJ5P6ngMu/arcgis/rest/services/Parcels_Composite_NJ_WM/FeatureServer/0,2026-10-04T02:11:41+00:00
A0265:use_description,A0265,use_description,,0,unknown,missing,zero_distinct_to_unknown,NJOGIS Parcels & MOD-IV Composite,https://services2.arcgis.com/XVOqAjTOJ5P6ngMu/arcgis/rest/services/Parcels_Composite_NJ_WM/FeatureServer/0,2026-10-04T02:11:41+00:00
A0266:year_built,A0266,year_built,,0,unknown,missing,zero_distinct_to_unknown,NJOGIS Parcels & MOD-IV Composite,https://services2.arcgis.com/XVOqAjTOJ5P6ngMu/arcgis/rest/services/Parcels_Composite_NJ_WM/FeatureServer/0,2026-10-04T02:11:41+00:00
A0266:units,A0266,units,,0,unknown,missing,zero_distinct_to_unknown,NJOGIS Parcels & MOD-IV Composite,https://services2.arcgis.com/XVOqAjTOJ5P6ngMu/arcgis/rest/services/Parcels_Composite_NJ_WM/FeatureServer/0,2026-10-04T02:11:41+00:00
A0266:use_code,A0266,use_code,4C,1,4C,consistent,one_distinct_to_value,NJOGIS Parcels & MOD-IV Composite,https://services2.arcgis.com/XVOqAjTOJ5P6ngMu/arcgis/rest/services/Parcels_Composite_NJ_WM/FeatureServer/0,2026-10-04T02:11:41+00:00
A0266:use_description,A0266,use_description,,0,unknown,missing,zero_distinct_to_unknown,NJOGIS Parcels & MOD-IV Composite,https://services2.arcgis.com/XVOqAjTOJ5P6ngMu/arcgis/rest/services/Parcels_Composite_NJ_WM/FeatureServer/0,2026-10-04T02:11:41+00:00
A0267:year_built,A0267,year_built,,0,unknown,missing,zero_distinct_to_unknown,LA County eGIS parcels,https://cache.gis.lacounty.gov/cache/rest/services/LACounty_Cache/LACounty_Parcel/FeatureServer/0,2026-10-04T02:11:41+00:00
A0267:units,A0267,units,,0,unknown,missing,zero_distinct_to_unknown,LA County eGIS parcels,https://cache.gis.lacounty.gov/cache/rest/services/LACounty_Cache/LACounty_Parcel/FeatureServer/0,2026-10-04T02:11:41+00:00
A0267:use_code,A0267,use_code,050V,1,050V,consistent,one_distinct_to_value,LA County eGIS parcels,https://cache.gis.lacounty.gov/cache/rest/services/LACounty_Cache/LACounty_Parcel/FeatureServer/0,2026-10-04T02:11:41+00:00
A0267:use_description,A0267,use_description,Five or more apartments,1,Five or more apartments,consistent,one_distinct_to_value,LA County eGIS parcels,https://cache.gis.lacounty.gov/cache/rest/services/LACounty_Cache/LACounty_Parcel/FeatureServer/0,2026-10-04T02:11:41+00:00
A0269:year_built,A0269,year_built,,0,unknown,missing,zero_distinct_to_unknown,NJOGIS Parcels & MOD-IV Composite,https://services2.arcgis.com/XVOqAjTOJ5P6ngMu/arcgis/rest/services/Parcels_Composite_NJ_WM/FeatureServer/0,2026-10-04T02:11:41+00:00
A0269:units,A0269,units,14,1,14,consistent,one_distinct_to_value,NJOGIS Parcels & MOD-IV Composite,https://services2.arcgis.com/XVOqAjTOJ5P6ngMu/arcgis/rest/services/Parcels_Composite_NJ_WM/FeatureServer/0,2026-10-04T02:11:41+00:00
A0269:use_code,A0269,use_code,4C,1,4C,consistent,one_distinct_to_value,NJOGIS Parcels & MOD-IV Composite,https://services2.arcgis.com/XVOqAjTOJ5P6ngMu/arcgis/rest/services/Parcels_Composite_NJ_WM/FeatureServer/0,2026-10-04T02:11:41+00:00
A0269:use_description,A0269,use_description,,0,unknown,missing,zero_distinct_to_unknown,NJOGIS Parcels & MOD-IV Composite,https://services2.arcgis.com/XVOqAjTOJ5P6ngMu/arcgis/rest/services/Parcels_Composite_NJ_WM/FeatureServer/0,2026-10-04T02:11:41+00:00
A0270:year_built,A0270,year_built,1890,1,1890,consistent,one_distinct_to_value,NJOGIS Parcels & MOD-IV Composite,https://services2.arcgis.com/XVOqAjTOJ5P6ngMu/arcgis/rest/services/Parcels_Composite_NJ_WM/FeatureServer/0,2026-10-04T02:11:41+00:00
A0270:units,A0270,units,,0,unknown,missing,zero_distinct_to_unknown,NJOGIS Parcels & MOD-IV Composite,https://services2.arcgis.com/XVOqAjTOJ5P6ngMu/arcgis/rest/services/Parcels_Composite_NJ_WM/FeatureServer/0,2026-10-04T02:11:41+00:00
A0270:use_code,A0270,use_code,4C,1,4C,consistent,one_distinct_to_value,NJOGIS Parcels & MOD-IV Composite,https://services2.arcgis.com/XVOqAjTOJ5P6ngMu/arcgis/rest/services/Parcels_Composite_NJ_WM/FeatureServer/0,2026-10-04T02:11:41+00:00
A0270:use_description,A0270,use_description,,0,unknown,missing,zero_distinct_to_unknown,NJOGIS Parcels & MOD-IV Composite,https://services2.arcgis.com/XVOqAjTOJ5P6ngMu/arcgis/rest/services/Parcels_Composite_NJ_WM/FeatureServer/0,2026-10-04T02:11:41+00:00
A0272:year_built,A0272,year_built,1890,1,1890,consistent,one_distinct_to_value,Cambridge Property Database FY2026 (waa7-ibdu),https://data.cambridgema.gov/resource/waa7-ibdu.json,2026-10-04T02:11:41+00:00
A0272:units,A0272,units,6,1,6,consistent,one_distinct_to_value,Cambridge Property Database FY2026 (waa7-ibdu),https://data.cambridgema.gov/resource/waa7-ibdu.json,2026-10-04T02:11:41+00:00
A0272:use_code,A0272,use_code,111,1,111,consistent,one_distinct_to_value,Cambridge Property Database FY2026 (waa7-ibdu),https://data.cambridgema.gov/resource/waa7-ibdu.json,2026-10-04T02:11:41+00:00
A0272:use_description,A0272,use_description,4-8-UNIT-APT,1,4-8-UNIT-APT,consistent,one_distinct_to_value,Cambridge Property Database FY2026 (waa7-ibdu),https://data.cambridgema.gov/resource/waa7-ibdu.json,2026-10-04T02:11:41+00:00
A0273:year_built,A0273,year_built,10,1,10,consistent,one_distinct_to_value,SANDAG/SanGIS parcels,https://geo.sandag.org/server/rest/services/hosted/Parcels/FeatureServer/0,2026-10-04T02:11:41+00:00
A0273:units,A0273,units,10,1,10,consistent,one_distinct_to_value,SANDAG/SanGIS parcels,https://geo.sandag.org/server/rest/services/hosted/Parcels/FeatureServer/0,2026-10-04T02:11:41+00:00
A0273:use_code,A0273,use_code,14,1,14,consistent,one_distinct_to_value,SANDAG/SanGIS parcels,https://geo.sandag.org/server/rest/services/hosted/Parcels/FeatureServer/0,2026-10-04T02:11:41+00:00
A0273:use_description,A0273,use_description,,0,unknown,missing,zero_distinct_to_unknown,SANDAG/SanGIS parcels,https://geo.sandag.org/server/rest/services/hosted/Parcels/FeatureServer/0,2026-10-04T02:11:41+00:00
A0274:year_built,A0274,year_built,41,1,41,consistent,one_distinct_to_value,SANDAG/SanGIS parcels,https://geo.sandag.org/server/rest/services/hosted/Parcels/FeatureServer/0,2026-10-04T02:11:41+00:00
A0274:units,A0274,units,6,1,6,consistent,one_distinct_to_value,SANDAG/SanGIS parcels,https://geo.sandag.org/server/rest/services/hosted/Parcels/FeatureServer/0,2026-10-04T02:11:41+00:00
A0274:use_code,A0274,use_code,14,1,14,consistent,one_distinct_to_value,SANDAG/SanGIS parcels,https://geo.sandag.org/server/rest/services/hosted/Parcels/FeatureServer/0,2026-10-04T02:11:41+00:00
A0274:use_description,A0274,use_description,,0,unknown,missing,zero_distinct_to_unknown,SANDAG/SanGIS parcels,https://geo.sandag.org/server/rest/services/hosted/Parcels/FeatureServer/0,2026-10-04T02:11:41+00:00
A0275:year_built,A0275,year_built,70,1,70,consistent,one_distinct_to_value,SANDAG/SanGIS parcels,https://geo.sandag.org/server/rest/services/hosted/Parcels/FeatureServer/0,2026-10-04T02:11:41+00:00
A0275:units,A0275,units,7,1,7,consistent,one_distinct_to_value,SANDAG/SanGIS parcels,https://geo.sandag.org/server/rest/services/hosted/Parcels/FeatureServer/0,2026-10-04T02:11:41+00:00
A0275:use_code,A0275,use_code,14,1,14,consistent,one_distinct_to_value,SANDAG/SanGIS parcels,https://geo.sandag.org/server/rest/services/hosted/Parcels/FeatureServer/0,2026-10-04T02:11:41+00:00
A0275:use_description,A0275,use_description,,0,unknown,missing,zero_distinct_to_unknown,SANDAG/SanGIS parcels,https://geo.sandag.org/server/rest/services/hosted/Parcels/FeatureServer/0,2026-10-04T02:11:41+00:00
A0276:year_built,A0276,year_built,60,1,60,consistent,one_distinct_to_value,SANDAG/SanGIS parcels,https://geo.sandag.org/server/rest/services/hosted/Parcels/FeatureServer/0,2026-10-04T02:11:41+00:00
A0276:units,A0276,units,6,1,6,consistent,one_distinct_to_value,SANDAG/SanGIS parcels,https://geo.sandag.org/server/rest/services/hosted/Parcels/FeatureServer/0,2026-10-04T02:11:41+00:00
A0276:use_code,A0276,use_code,14,1,14,consistent,one_distinct_to_value,SANDAG/SanGIS parcels,https://geo.sandag.org/server/rest/services/hosted/Parcels/FeatureServer/0,2026-10-04T02:11:41+00:00
A0276:use_description,A0276,use_description,,0,unknown,missing,zero_distinct_to_unknown,SANDAG/SanGIS parcels,https://geo.sandag.org/server/rest/services/hosted/Parcels/FeatureServer/0,2026-10-04T02:11:41+00:00
A0277:year_built,A0277,year_built,,0,unknown,missing,zero_distinct_to_unknown,Alameda County parcels,https://gis.cityofberkeley.info/arcgis3/rest/services/Public/GISPortal/MapServer/1,2026-10-04T02:11:41+00:00
A0277:units,A0277,units,8,1,8,consistent,one_distinct_to_value,Alameda County parcels,https://gis.cityofberkeley.info/arcgis3/rest/services/Public/GISPortal/MapServer/1,2026-10-04T02:11:41+00:00
A0277:use_code,A0277,use_code,7700,1,7700,consistent,one_distinct_to_value,Alameda County parcels,https://gis.cityofberkeley.info/arcgis3/rest/services/Public/GISPortal/MapServer/1,2026-10-04T02:11:41+00:00
A0277:use_description,A0277,use_description,,0,unknown,missing,zero_distinct_to_unknown,Alameda County parcels,https://gis.cityofberkeley.info/arcgis3/rest/services/Public/GISPortal/MapServer/1,2026-10-04T02:11:41+00:00
A0279:year_built,A0279,year_built,1925,1,1925,consistent,one_distinct_to_value,NJOGIS Parcels & MOD-IV Composite,https://services2.arcgis.com/XVOqAjTOJ5P6ngMu/arcgis/rest/services/Parcels_Composite_NJ_WM/FeatureServer/0,2026-10-04T02:11:41+00:00
A0279:units,A0279,units,,0,unknown,missing,zero_distinct_to_unknown,NJOGIS Parcels & MOD-IV Composite,https://services2.arcgis.com/XVOqAjTOJ5P6ngMu/arcgis/rest/services/Parcels_Composite_NJ_WM/FeatureServer/0,2026-10-04T02:11:41+00:00
A0279:use_code,A0279,use_code,4C,1,4C,consistent,one_distinct_to_value,NJOGIS Parcels & MOD-IV Composite,https://services2.arcgis.com/XVOqAjTOJ5P6ngMu/arcgis/rest/services/Parcels_Composite_NJ_WM/FeatureServer/0,2026-10-04T02:11:41+00:00
A0279:use_description,A0279,use_description,,0,unknown,missing,zero_distinct_to_unknown,NJOGIS Parcels & MOD-IV Composite,https://services2.arcgis.com/XVOqAjTOJ5P6ngMu/arcgis/rest/services/Parcels_Composite_NJ_WM/FeatureServer/0,2026-10-04T02:11:41+00:00
A0281:year_built,A0281,year_built,1946,1,1946,consistent,one_distinct_to_value,LA County eGIS parcels,https://cache.gis.lacounty.gov/cache/rest/services/LACounty_Cache/LACounty_Parcel/FeatureServer/0,2026-10-04T02:11:41+00:00
A0281:units,A0281,units,20,1,20,consistent,one_distinct_to_value,LA County eGIS parcels,https://cache.gis.lacounty.gov/cache/rest/services/LACounty_Cache/LACounty_Parcel/FeatureServer/0,2026-10-04T02:11:41+00:00
A0281:use_code,A0281,use_code,0500,1,0500,consistent,one_distinct_to_value,LA County eGIS parcels,https://cache.gis.lacounty.gov/cache/rest/services/LACounty_Cache/LACounty_Parcel/FeatureServer/0,2026-10-04T02:11:41+00:00
A0281:use_description,A0281,use_description,Five or more apartments,1,Five or more apartments,consistent,one_distinct_to_value,LA County eGIS parcels,https://cache.gis.lacounty.gov/cache/rest/services/LACounty_Cache/LACounty_Parcel/FeatureServer/0,2026-10-04T02:11:41+00:00
A0282:year_built,A0282,year_built,1947,1,1947,consistent,one_distinct_to_value,Alameda County parcels,https://gis.cityofberkeley.info/arcgis3/rest/services/Public/GISPortal/MapServer/1,2026-10-04T02:11:41+00:00
A0282:units,A0282,units,9,1,9,consistent,one_distinct_to_value,Alameda County parcels,https://gis.cityofberkeley.info/arcgis3/rest/services/Public/GISPortal/MapServer/1,2026-10-04T02:11:41+00:00
A0282:use_code,A0282,use_code,7700,1,7700,consistent,one_distinct_to_value,Alameda County parcels,https://gis.cityofberkeley.info/arcgis3/rest/services/Public/GISPortal/MapServer/1,2026-10-04T02:11:41+00:00
A0282:use_description,A0282,use_description,,0,unknown,missing,zero_distinct_to_unknown,Alameda County parcels,https://gis.cityofberkeley.info/arcgis3/rest/services/Public/GISPortal/MapServer/1,2026-10-04T02:11:41+00:00
A0284:year_built,A0284,year_built,1920,1,1920,consistent,one_distinct_to_value,Cambridge Property Database FY2026 (waa7-ibdu),https://data.cambridgema.gov/resource/waa7-ibdu.json,2026-10-04T02:11:41+00:00
A0284:units,A0284,units,9,1,9,consistent,one_distinct_to_value,Cambridge Property Database FY2026 (waa7-ibdu),https://data.cambridgema.gov/resource/waa7-ibdu.json,2026-10-04T02:11:41+00:00
A0284:use_code,A0284,use_code,112,1,112,consistent,one_distinct_to_value,Cambridge Property Database FY2026 (waa7-ibdu),https://data.cambridgema.gov/resource/waa7-ibdu.json,2026-10-04T02:11:41+00:00
A0284:use_description,A0284,use_description,>8-UNIT-APT,1,>8-UNIT-APT,consistent,one_distinct_to_value,Cambridge Property Database FY2026 (waa7-ibdu),https://data.cambridgema.gov/resource/waa7-ibdu.json,2026-10-04T02:11:41+00:00
A0285:year_built,A0285,year_built,0000,1,0000,consistent,one_distinct_to_value,LA County eGIS parcels,https://cache.gis.lacounty.gov/cache/rest/services/LACounty_Cache/LACounty_Parcel/FeatureServer/0,2026-10-04T02:11:41+00:00
A0285:units,A0285,units,8,1,8,consistent,one_distinct_to_value,LA County eGIS parcels,https://cache.gis.lacounty.gov/cache/rest/services/LACounty_Cache/LACounty_Parcel/FeatureServer/0,2026-10-04T02:11:41+00:00
A0285:use_code,A0285,use_code,0500,1,0500,consistent,one_distinct_to_value,LA County eGIS parcels,https://cache.gis.lacounty.gov/cache/rest/services/LACounty_Cache/LACounty_Parcel/FeatureServer/0,2026-10-04T02:11:41+00:00
A0285:use_description,A0285,use_description,Five or more apartments,1,Five or more apartments,consistent,one_distinct_to_value,LA County eGIS parcels,https://cache.gis.lacounty.gov/cache/rest/services/LACounty_Cache/LACounty_Parcel/FeatureServer/0,2026-10-04T02:11:41+00:00
A0286:year_built,A0286,year_built,1925,1,1925,consistent,one_distinct_to_value,Cambridge Property Database FY2026 (waa7-ibdu),https://data.cambridgema.gov/resource/waa7-ibdu.json,2026-10-04T02:11:41+00:00
A0286:units,A0286,units,29,1,29,consistent,one_distinct_to_value,Cambridge Property Database FY2026 (waa7-ibdu),https://data.cambridgema.gov/resource/waa7-ibdu.json,2026-10-04T02:11:41+00:00
A0286:use_code,A0286,use_code,112,1,112,consistent,one_distinct_to_value,Cambridge Property Database FY2026 (waa7-ibdu),https://data.cambridgema.gov/resource/waa7-ibdu.json,2026-10-04T02:11:41+00:00
A0286:use_description,A0286,use_description,>8-UNIT-APT,1,>8-UNIT-APT,consistent,one_distinct_to_value,Cambridge Property Database FY2026 (waa7-ibdu),https://data.cambridgema.gov/resource/waa7-ibdu.json,2026-10-04T02:11:41+00:00
A0287:year_built,A0287,year_built,,0,unknown,missing,zero_distinct_to_unknown,NJOGIS Parcels & MOD-IV Composite,https://services2.arcgis.com/XVOqAjTOJ5P6ngMu/arcgis/rest/services/Parcels_Composite_NJ_WM/FeatureServer/0,2026-10-04T02:11:41+00:00
A0287:units,A0287,units,7,1,7,consistent,one_distinct_to_value,NJOGIS Parcels & MOD-IV Composite,https://services2.arcgis.com/XVOqAjTOJ5P6ngMu/arcgis/rest/services/Parcels_Composite_NJ_WM/FeatureServer/0,2026-10-04T02:11:41+00:00
A0287:use_code,A0287,use_code,4C,1,4C,consistent,one_distinct_to_value,NJOGIS Parcels & MOD-IV Composite,https://services2.arcgis.com/XVOqAjTOJ5P6ngMu/arcgis/rest/services/Parcels_Composite_NJ_WM/FeatureServer/0,2026-10-04T02:11:41+00:00
A0287:use_description,A0287,use_description,,0,unknown,missing,zero_distinct_to_unknown,NJOGIS Parcels & MOD-IV Composite,https://services2.arcgis.com/XVOqAjTOJ5P6ngMu/arcgis/rest/services/Parcels_Composite_NJ_WM/FeatureServer/0,2026-10-04T02:11:41+00:00
A0288:year_built,A0288,year_built,,0,unknown,missing,zero_distinct_to_unknown,NJOGIS Parcels & MOD-IV Composite,https://services2.arcgis.com/XVOqAjTOJ5P6ngMu/arcgis/rest/services/Parcels_Composite_NJ_WM/FeatureServer/0,2026-10-04T02:11:41+00:00
A0288:units,A0288,units,,0,unknown,missing,zero_distinct_to_unknown,NJOGIS Parcels & MOD-IV Composite,https://services2.arcgis.com/XVOqAjTOJ5P6ngMu/arcgis/rest/services/Parcels_Composite_NJ_WM/FeatureServer/0,2026-10-04T02:11:41+00:00
A0288:use_code,A0288,use_code,4C,1,4C,consistent,one_distinct_to_value,NJOGIS Parcels & MOD-IV Composite,https://services2.arcgis.com/XVOqAjTOJ5P6ngMu/arcgis/rest/services/Parcels_Composite_NJ_WM/FeatureServer/0,2026-10-04T02:11:41+00:00
A0288:use_description,A0288,use_description,029,1,029,consistent,one_distinct_to_value,NJOGIS Parcels & MOD-IV Composite,https://services2.arcgis.com/XVOqAjTOJ5P6ngMu/arcgis/rest/services/Parcels_Composite_NJ_WM/FeatureServer/0,2026-10-04T02:11:41+00:00
A0289:year_built,A0289,year_built,,0,unknown,missing,zero_distinct_to_unknown,Alameda County parcels,https://gis.cityofberkeley.info/arcgis3/rest/services/Public/GISPortal/MapServer/1,2026-10-04T02:11:41+00:00
A0289:units,A0289,units,14,1,14,consistent,one_distinct_to_value,Alameda County parcels,https://gis.cityofberkeley.info/arcgis3/rest/services/Public/GISPortal/MapServer/1,2026-10-04T02:11:41+00:00
A0289:use_code,A0289,use_code,7700,1,7700,consistent,one_distinct_to_value,Alameda County parcels,https://gis.cityofberkeley.info/arcgis3/rest/services/Public/GISPortal/MapServer/1,2026-10-04T02:11:41+00:00
A0289:use_description,A0289,use_description,,0,unknown,missing,zero_distinct_to_unknown,Alameda County parcels,https://gis.cityofberkeley.info/arcgis3/rest/services/Public/GISPortal/MapServer/1,2026-10-04T02:11:41+00:00
A0290:year_built,A0290,year_built,1880,1,1880,consistent,one_distinct_to_value,Cambridge Property Database FY2026 (waa7-ibdu),https://data.cambridgema.gov/resource/waa7-ibdu.json,2026-10-04T02:11:41+00:00
A0290:units,A0290,units,10,1,10,consistent,one_distinct_to_value,Cambridge Property Database FY2026 (waa7-ibdu),https://data.cambridgema.gov/resource/waa7-ibdu.json,2026-10-04T02:11:41+00:00
A0290:use_code,A0290,use_code,112,1,112,consistent,one_distinct_to_value,Cambridge Property Database FY2026 (waa7-ibdu),https://data.cambridgema.gov/resource/waa7-ibdu.json,2026-10-04T02:11:41+00:00
A0290:use_description,A0290,use_description,>8-UNIT-APT,1,>8-UNIT-APT,consistent,one_distinct_to_value,Cambridge Property Database FY2026 (waa7-ibdu),https://data.cambridgema.gov/resource/waa7-ibdu.json,2026-10-04T02:11:41+00:00
A0291:year_built,A0291,year_built,2014,1,2014,consistent,one_distinct_to_value,Cambridge Property Database FY2026 (waa7-ibdu),https://data.cambridgema.gov/resource/waa7-ibdu.json,2026-10-04T02:11:41+00:00
A0291:units,A0291,units,244,1,244,consistent,one_distinct_to_value,Cambridge Property Database FY2026 (waa7-ibdu),https://data.cambridgema.gov/resource/waa7-ibdu.json,2026-10-04T02:11:41+00:00
A0291:use_code,A0291,use_code,112,1,112,consistent,one_distinct_to_value,Cambridge Property Database FY2026 (waa7-ibdu),https://data.cambridgema.gov/resource/waa7-ibdu.json,2026-10-04T02:11:41+00:00
A0291:use_description,A0291,use_description,>8-UNIT-APT,1,>8-UNIT-APT,consistent,one_distinct_to_value,Cambridge Property Database FY2026 (waa7-ibdu),https://data.cambridgema.gov/resource/waa7-ibdu.json,2026-10-04T02:11:41+00:00
A0292:year_built,A0292,year_built,2019,1,2019,consistent,one_distinct_to_value,Cambridge Property Database FY2026 (waa7-ibdu),https://data.cambridgema.gov/resource/waa7-ibdu.json,2026-10-04T02:11:41+00:00
A0292:units,A0292,units,6,1,6,consistent,one_distinct_to_value,Cambridge Property Database FY2026 (waa7-ibdu),https://data.cambridgema.gov/resource/waa7-ibdu.json,2026-10-04T02:11:41+00:00
A0292:use_code,A0292,use_code,111,1,111,consistent,one_distinct_to_value,Cambridge Property Database FY2026 (waa7-ibdu),https://data.cambridgema.gov/resource/waa7-ibdu.json,2026-10-04T02:11:41+00:00
A0292:use_description,A0292,use_description,4-8-UNIT-APT,1,4-8-UNIT-APT,consistent,one_distinct_to_value,Cambridge Property Database FY2026 (waa7-ibdu),https://data.cambridgema.gov/resource/waa7-ibdu.json,2026-10-04T02:11:41+00:00
A0294:year_built,A0294,year_built,1920,1,1920,consistent,one_distinct_to_value,Cambridge Property Database FY2026 (waa7-ibdu),https://data.cambridgema.gov/resource/waa7-ibdu.json,2026-10-04T02:11:41+00:00
A0294:units,A0294,units,6,1,6,consistent,one_distinct_to_value,Cambridge Property Database FY2026 (waa7-ibdu),https://data.cambridgema.gov/resource/waa7-ibdu.json,2026-10-04T02:11:41+00:00
A0294:use_code,A0294,use_code,111,1,111,consistent,one_distinct_to_value,Cambridge Property Database FY2026 (waa7-ibdu),https://data.cambridgema.gov/resource/waa7-ibdu.json,2026-10-04T02:11:41+00:00
A0294:use_description,A0294,use_description,4-8-UNIT-APT,1,4-8-UNIT-APT,consistent,one_distinct_to_value,Cambridge Property Database FY2026 (waa7-ibdu),https://data.cambridgema.gov/resource/waa7-ibdu.json,2026-10-04T02:11:41+00:00
A0295:year_built,A0295,year_built,,0,unknown,address_not_aligned,reject_unaligned_address,Boston Property Assessment FY2026,https://data.boston.gov/dataset/e02c44d2-3c64-459c-8fe2-e1ce5f38a035/resource/ee73430d-96c0-423e-ad21-c4cfb54c8961/download/fy2026-property-assessment-data_rev.csv,2026-10-04T02:11:41+00:00
A0295:units,A0295,units,,0,unknown,address_not_aligned,reject_unaligned_address,Boston Property Assessment FY2026,https://data.boston.gov/dataset/e02c44d2-3c64-459c-8fe2-e1ce5f38a035/resource/ee73430d-96c0-423e-ad21-c4cfb54c8961/download/fy2026-property-assessment-data_rev.csv,2026-10-04T02:11:41+00:00
A0295:use_code,A0295,use_code,,0,unknown,address_not_aligned,reject_unaligned_address,Boston Property Assessment FY2026,https://data.boston.gov/dataset/e02c44d2-3c64-459c-8fe2-e1ce5f38a035/resource/ee73430d-96c0-423e-ad21-c4cfb54c8961/download/fy2026-property-assessment-data_rev.csv,2026-10-04T02:11:41+00:00
A0295:use_description,A0295,use_description,,0,unknown,address_not_aligned,reject_unaligned_address,Boston Property Assessment FY2026,https://data.boston.gov/dataset/e02c44d2-3c64-459c-8fe2-e1ce5f38a035/resource/ee73430d-96c0-423e-ad21-c4cfb54c8961/download/fy2026-property-assessment-data_rev.csv,2026-10-04T02:11:41+00:00
A0296:year_built,A0296,year_built,,0,unknown,missing,zero_distinct_to_unknown,NJOGIS Parcels & MOD-IV Composite,https://services2.arcgis.com/XVOqAjTOJ5P6ngMu/arcgis/rest/services/Parcels_Composite_NJ_WM/FeatureServer/0,2026-10-04T02:11:41+00:00
A0296:units,A0296,units,1,1,1,consistent,one_distinct_to_value,NJOGIS Parcels & MOD-IV Composite,https://services2.arcgis.com/XVOqAjTOJ5P6ngMu/arcgis/rest/services/Parcels_Composite_NJ_WM/FeatureServer/0,2026-10-04T02:11:41+00:00
A0296:use_code,A0296,use_code,4C,1,4C,consistent,one_distinct_to_value,NJOGIS Parcels & MOD-IV Composite,https://services2.arcgis.com/XVOqAjTOJ5P6ngMu/arcgis/rest/services/Parcels_Composite_NJ_WM/FeatureServer/0,2026-10-04T02:11:41+00:00
A0296:use_description,A0296,use_description,029,1,029,consistent,one_distinct_to_value,NJOGIS Parcels & MOD-IV Composite,https://services2.arcgis.com/XVOqAjTOJ5P6ngMu/arcgis/rest/services/Parcels_Composite_NJ_WM/FeatureServer/0,2026-10-04T02:11:41+00:00
A0297:year_built,A0297,year_built,,0,unknown,missing,zero_distinct_to_unknown,NJOGIS Parcels & MOD-IV Composite,https://services2.arcgis.com/XVOqAjTOJ5P6ngMu/arcgis/rest/services/Parcels_Composite_NJ_WM/FeatureServer/0,2026-10-04T02:11:41+00:00
A0297:units,A0297,units,1,1,1,consistent,one_distinct_to_value,NJOGIS Parcels & MOD-IV Composite,https://services2.arcgis.com/XVOqAjTOJ5P6ngMu/arcgis/rest/services/Parcels_Composite_NJ_WM/FeatureServer/0,2026-10-04T02:11:41+00:00
A0297:use_code,A0297,use_code,4C,1,4C,consistent,one_distinct_to_value,NJOGIS Parcels & MOD-IV Composite,https://services2.arcgis.com/XVOqAjTOJ5P6ngMu/arcgis/rest/services/Parcels_Composite_NJ_WM/FeatureServer/0,2026-10-04T02:11:41+00:00
A0297:use_description,A0297,use_description,021,1,021,consistent,one_distinct_to_value,NJOGIS Parcels & MOD-IV Composite,https://services2.arcgis.com/XVOqAjTOJ5P6ngMu/arcgis/rest/services/Parcels_Composite_NJ_WM/FeatureServer/0,2026-10-04T02:11:41+00:00
A0298:year_built,A0298,year_built,1900,1,1900,consistent,one_distinct_to_value,Cambridge Property Database FY2026 (waa7-ibdu),https://data.cambridgema.gov/resource/waa7-ibdu.json,2026-10-04T02:11:41+00:00
A0298:units,A0298,units,6,1,6,consistent,one_distinct_to_value,Cambridge Property Database FY2026 (waa7-ibdu),https://data.cambridgema.gov/resource/waa7-ibdu.json,2026-10-04T02:11:41+00:00
A0298:use_code,A0298,use_code,111,1,111,consistent,one_distinct_to_value,Cambridge Property Database FY2026 (waa7-ibdu),https://data.cambridgema.gov/resource/waa7-ibdu.json,2026-10-04T02:11:41+00:00
A0298:use_description,A0298,use_description,4-8-UNIT-APT,1,4-8-UNIT-APT,consistent,one_distinct_to_value,Cambridge Property Database FY2026 (waa7-ibdu),https://data.cambridgema.gov/resource/waa7-ibdu.json,2026-10-04T02:11:41+00:00
A0299:year_built,A0299,year_built,,0,unknown,missing,zero_distinct_to_unknown,NJOGIS Parcels & MOD-IV Composite,https://services2.arcgis.com/XVOqAjTOJ5P6ngMu/arcgis/rest/services/Parcels_Composite_NJ_WM/FeatureServer/0,2026-10-04T02:11:41+00:00
A0299:units,A0299,units,8,1,8,consistent,one_distinct_to_value,NJOGIS Parcels & MOD-IV Composite,https://services2.arcgis.com/XVOqAjTOJ5P6ngMu/arcgis/rest/services/Parcels_Composite_NJ_WM/FeatureServer/0,2026-10-04T02:11:41+00:00
A0299:use_code,A0299,use_code,4C,1,4C,consistent,one_distinct_to_value,NJOGIS Parcels & MOD-IV Composite,https://services2.arcgis.com/XVOqAjTOJ5P6ngMu/arcgis/rest/services/Parcels_Composite_NJ_WM/FeatureServer/0,2026-10-04T02:11:41+00:00
A0299:use_description,A0299,use_description,,0,unknown,missing,zero_distinct_to_unknown,NJOGIS Parcels & MOD-IV Composite,https://services2.arcgis.com/XVOqAjTOJ5P6ngMu/arcgis/rest/services/Parcels_Composite_NJ_WM/FeatureServer/0,2026-10-04T02:11:41+00:00
A0300:year_built,A0300,year_built,1920,1,1920,consistent,one_distinct_to_value,Cambridge Property Database FY2026 (waa7-ibdu),https://data.cambridgema.gov/resource/waa7-ibdu.json,2026-10-04T02:11:41+00:00
A0300:units,A0300,units,5,1,5,consistent,one_distinct_to_value,Cambridge Property Database FY2026 (waa7-ibdu),https://data.cambridgema.gov/resource/waa7-ibdu.json,2026-10-04T02:11:41+00:00
A0300:use_code,A0300,use_code,111,1,111,consistent,one_distinct_to_value,Cambridge Property Database FY2026 (waa7-ibdu),https://data.cambridgema.gov/resource/waa7-ibdu.json,2026-10-04T02:11:41+00:00
A0300:use_description,A0300,use_description,4-8-UNIT-APT,1,4-8-UNIT-APT,consistent,one_distinct_to_value,Cambridge Property Database FY2026 (waa7-ibdu),https://data.cambridgema.gov/resource/waa7-ibdu.json,2026-10-04T02:11:41+00:00
A0301:year_built,A0301,year_built,1905,1,1905,consistent,one_distinct_to_value,Cambridge Property Database FY2026 (waa7-ibdu),https://data.cambridgema.gov/resource/waa7-ibdu.json,2026-10-04T02:11:41+00:00
A0301:units,A0301,units,6,1,6,consistent,one_distinct_to_value,Cambridge Property Database FY2026 (waa7-ibdu),https://data.cambridgema.gov/resource/waa7-ibdu.json,2026-10-04T02:11:41+00:00
A0301:use_code,A0301,use_code,111,1,111,consistent,one_distinct_to_value,Cambridge Property Database FY2026 (waa7-ibdu),https://data.cambridgema.gov/resource/waa7-ibdu.json,2026-10-04T02:11:41+00:00
A0301:use_description,A0301,use_description,4-8-UNIT-APT,1,4-8-UNIT-APT,consistent,one_distinct_to_value,Cambridge Property Database FY2026 (waa7-ibdu),https://data.cambridgema.gov/resource/waa7-ibdu.json,2026-10-04T02:11:41+00:00
A0302:year_built,A0302,year_built,1900,1,1900,consistent,one_distinct_to_value,Cambridge Property Database FY2026 (waa7-ibdu),https://data.cambridgema.gov/resource/waa7-ibdu.json,2026-10-04T02:11:41+00:00
A0302:units,A0302,units,8,1,8,consistent,one_distinct_to_value,Cambridge Property Database FY2026 (waa7-ibdu),https://data.cambridgema.gov/resource/waa7-ibdu.json,2026-10-04T02:11:41+00:00
A0302:use_code,A0302,use_code,111,1,111,consistent,one_distinct_to_value,Cambridge Property Database FY2026 (waa7-ibdu),https://data.cambridgema.gov/resource/waa7-ibdu.json,2026-10-04T02:11:41+00:00
A0302:use_description,A0302,use_description,4-8-UNIT-APT,1,4-8-UNIT-APT,consistent,one_distinct_to_value,Cambridge Property Database FY2026 (waa7-ibdu),https://data.cambridgema.gov/resource/waa7-ibdu.json,2026-10-04T02:11:41+00:00
A0303:year_built,A0303,year_built,1909,1,1909,consistent,one_distinct_to_value,LA County eGIS parcels,https://cache.gis.lacounty.gov/cache/rest/services/LACounty_Cache/LACounty_Parcel/FeatureServer/0,2026-10-04T02:11:41+00:00
A0303:units,A0303,units,10,1,10,consistent,one_distinct_to_value,LA County eGIS parcels,https://cache.gis.lacounty.gov/cache/rest/services/LACounty_Cache/LACounty_Parcel/FeatureServer/0,2026-10-04T02:11:41+00:00
A0303:use_code,A0303,use_code,0500,1,0500,consistent,one_distinct_to_value,LA County eGIS parcels,https://cache.gis.lacounty.gov/cache/rest/services/LACounty_Cache/LACounty_Parcel/FeatureServer/0,2026-10-04T02:11:41+00:00
A0303:use_description,A0303,use_description,Five or more apartments,1,Five or more apartments,consistent,one_distinct_to_value,LA County eGIS parcels,https://cache.gis.lacounty.gov/cache/rest/services/LACounty_Cache/LACounty_Parcel/FeatureServer/0,2026-10-04T02:11:41+00:00
A0304:year_built,A0304,year_built,52,1,52,consistent,one_distinct_to_value,SANDAG/SanGIS parcels,https://geo.sandag.org/server/rest/services/hosted/Parcels/FeatureServer/0,2026-10-04T02:11:41+00:00
A0304:units,A0304,units,7,1,7,consistent,one_distinct_to_value,SANDAG/SanGIS parcels,https://geo.sandag.org/server/rest/services/hosted/Parcels/FeatureServer/0,2026-10-04T02:11:41+00:00
A0304:use_code,A0304,use_code,14,1,14,consistent,one_distinct_to_value,SANDAG/SanGIS parcels,https://geo.sandag.org/server/rest/services/hosted/Parcels/FeatureServer/0,2026-10-04T02:11:41+00:00
A0304:use_description,A0304,use_description,,0,unknown,missing,zero_distinct_to_unknown,SANDAG/SanGIS parcels,https://geo.sandag.org/server/rest/services/hosted/Parcels/FeatureServer/0,2026-10-04T02:11:41+00:00
A0306:year_built,A0306,year_built,,0,unknown,address_not_aligned,reject_unaligned_address,Cambridge Property Database FY2026 (waa7-ibdu),https://data.cambridgema.gov/resource/waa7-ibdu.json,2026-10-04T02:11:41+00:00
A0306:units,A0306,units,,0,unknown,address_not_aligned,reject_unaligned_address,Cambridge Property Database FY2026 (waa7-ibdu),https://data.cambridgema.gov/resource/waa7-ibdu.json,2026-10-04T02:11:41+00:00
A0306:use_code,A0306,use_code,,0,unknown,address_not_aligned,reject_unaligned_address,Cambridge Property Database FY2026 (waa7-ibdu),https://data.cambridgema.gov/resource/waa7-ibdu.json,2026-10-04T02:11:41+00:00
A0306:use_description,A0306,use_description,,0,unknown,address_not_aligned,reject_unaligned_address,Cambridge Property Database FY2026 (waa7-ibdu),https://data.cambridgema.gov/resource/waa7-ibdu.json,2026-10-04T02:11:41+00:00
A0307:year_built,A0307,year_built,,0,unknown,missing,zero_distinct_to_unknown,NJOGIS Parcels & MOD-IV Composite,https://services2.arcgis.com/XVOqAjTOJ5P6ngMu/arcgis/rest/services/Parcels_Composite_NJ_WM/FeatureServer/0,2026-10-04T02:11:41+00:00
A0307:units,A0307,units,1,1,1,consistent,one_distinct_to_value,NJOGIS Parcels & MOD-IV Composite,https://services2.arcgis.com/XVOqAjTOJ5P6ngMu/arcgis/rest/services/Parcels_Composite_NJ_WM/FeatureServer/0,2026-10-04T02:11:41+00:00
A0307:use_code,A0307,use_code,4C,1,4C,consistent,one_distinct_to_value,NJOGIS Parcels & MOD-IV Composite,https://services2.arcgis.com/XVOqAjTOJ5P6ngMu/arcgis/rest/services/Parcels_Composite_NJ_WM/FeatureServer/0,2026-10-04T02:11:41+00:00
A0307:use_description,A0307,use_description,029,1,029,consistent,one_distinct_to_value,NJOGIS Parcels & MOD-IV Composite,https://services2.arcgis.com/XVOqAjTOJ5P6ngMu/arcgis/rest/services/Parcels_Composite_NJ_WM/FeatureServer/0,2026-10-04T02:11:41+00:00
A0308:year_built,A0308,year_built,,0,unknown,missing,zero_distinct_to_unknown,NJOGIS Parcels & MOD-IV Composite,https://services2.arcgis.com/XVOqAjTOJ5P6ngMu/arcgis/rest/services/Parcels_Composite_NJ_WM/FeatureServer/0,2026-10-04T02:11:41+00:00
A0308:units,A0308,units,11,1,11,consistent,one_distinct_to_value,NJOGIS Parcels & MOD-IV Composite,https://services2.arcgis.com/XVOqAjTOJ5P6ngMu/arcgis/rest/services/Parcels_Composite_NJ_WM/FeatureServer/0,2026-10-04T02:11:41+00:00
A0308:use_code,A0308,use_code,4C,1,4C,consistent,one_distinct_to_value,NJOGIS Parcels & MOD-IV Composite,https://services2.arcgis.com/XVOqAjTOJ5P6ngMu/arcgis/rest/services/Parcels_Composite_NJ_WM/FeatureServer/0,2026-10-04T02:11:41+00:00
A0308:use_description,A0308,use_description,,0,unknown,missing,zero_distinct_to_unknown,NJOGIS Parcels & MOD-IV Composite,https://services2.arcgis.com/XVOqAjTOJ5P6ngMu/arcgis/rest/services/Parcels_Composite_NJ_WM/FeatureServer/0,2026-10-04T02:11:41+00:00
A0309:year_built,A0309,year_built,1951,1,1951,consistent,one_distinct_to_value,LA County eGIS parcels,https://cache.gis.lacounty.gov/cache/rest/services/LACounty_Cache/LACounty_Parcel/FeatureServer/0,2026-10-04T02:11:41+00:00
A0309:units,A0309,units,6,1,6,consistent,one_distinct_to_value,LA County eGIS parcels,https://cache.gis.lacounty.gov/cache/rest/services/LACounty_Cache/LACounty_Parcel/FeatureServer/0,2026-10-04T02:11:41+00:00
A0309:use_code,A0309,use_code,0500,1,0500,consistent,one_distinct_to_value,LA County eGIS parcels,https://cache.gis.lacounty.gov/cache/rest/services/LACounty_Cache/LACounty_Parcel/FeatureServer/0,2026-10-04T02:11:41+00:00
A0309:use_description,A0309,use_description,Five or more apartments,1,Five or more apartments,consistent,one_distinct_to_value,LA County eGIS parcels,https://cache.gis.lacounty.gov/cache/rest/services/LACounty_Cache/LACounty_Parcel/FeatureServer/0,2026-10-04T02:11:41+00:00
A0310:year_built,A0310,year_built,1900,1,1900,consistent,one_distinct_to_value,Boston Property Assessment FY2026,https://data.boston.gov/dataset/e02c44d2-3c64-459c-8fe2-e1ce5f38a035/resource/ee73430d-96c0-423e-ad21-c4cfb54c8961/download/fy2026-property-assessment-data_rev.csv,2026-10-04T02:11:41+00:00
A0310:units,A0310,units,,0,unknown,missing,zero_distinct_to_unknown,Boston Property Assessment FY2026,https://data.boston.gov/dataset/e02c44d2-3c64-459c-8fe2-e1ce5f38a035/resource/ee73430d-96c0-423e-ad21-c4cfb54c8961/download/fy2026-property-assessment-data_rev.csv,2026-10-04T02:11:41+00:00
A0310:use_code,A0310,use_code,A,1,A,consistent,one_distinct_to_value,Boston Property Assessment FY2026,https://data.boston.gov/dataset/e02c44d2-3c64-459c-8fe2-e1ce5f38a035/resource/ee73430d-96c0-423e-ad21-c4cfb54c8961/download/fy2026-property-assessment-data_rev.csv,2026-10-04T02:11:41+00:00
A0310:use_description,A0310,use_description,APT 7-30 UNITS,1,APT 7-30 UNITS,consistent,one_distinct_to_value,Boston Property Assessment FY2026,https://data.boston.gov/dataset/e02c44d2-3c64-459c-8fe2-e1ce5f38a035/resource/ee73430d-96c0-423e-ad21-c4cfb54c8961/download/fy2026-property-assessment-data_rev.csv,2026-10-04T02:11:41+00:00
A0311:year_built,A0311,year_built,,0,unknown,address_not_aligned,reject_unaligned_address,NJOGIS Parcels & MOD-IV Composite,https://services2.arcgis.com/XVOqAjTOJ5P6ngMu/arcgis/rest/services/Parcels_Composite_NJ_WM/FeatureServer/0,2026-10-04T02:11:41+00:00
A0311:units,A0311,units,,0,unknown,address_not_aligned,reject_unaligned_address,NJOGIS Parcels & MOD-IV Composite,https://services2.arcgis.com/XVOqAjTOJ5P6ngMu/arcgis/rest/services/Parcels_Composite_NJ_WM/FeatureServer/0,2026-10-04T02:11:41+00:00
A0311:use_code,A0311,use_code,,0,unknown,address_not_aligned,reject_unaligned_address,NJOGIS Parcels & MOD-IV Composite,https://services2.arcgis.com/XVOqAjTOJ5P6ngMu/arcgis/rest/services/Parcels_Composite_NJ_WM/FeatureServer/0,2026-10-04T02:11:41+00:00
A0311:use_description,A0311,use_description,,0,unknown,address_not_aligned,reject_unaligned_address,NJOGIS Parcels & MOD-IV Composite,https://services2.arcgis.com/XVOqAjTOJ5P6ngMu/arcgis/rest/services/Parcels_Composite_NJ_WM/FeatureServer/0,2026-10-04T02:11:41+00:00
A0312:year_built,A0312,year_built,1965,1,1965,consistent,one_distinct_to_value,Boston Property Assessment FY2026,https://data.boston.gov/dataset/e02c44d2-3c64-459c-8fe2-e1ce5f38a035/resource/ee73430d-96c0-423e-ad21-c4cfb54c8961/download/fy2026-property-assessment-data_rev.csv,2026-10-04T02:11:41+00:00
A0312:units,A0312,units,,0,unknown,missing,zero_distinct_to_unknown,Boston Property Assessment FY2026,https://data.boston.gov/dataset/e02c44d2-3c64-459c-8fe2-e1ce5f38a035/resource/ee73430d-96c0-423e-ad21-c4cfb54c8961/download/fy2026-property-assessment-data_rev.csv,2026-10-04T02:11:41+00:00
A0312:use_code,A0312,use_code,A,1,A,consistent,one_distinct_to_value,Boston Property Assessment FY2026,https://data.boston.gov/dataset/e02c44d2-3c64-459c-8fe2-e1ce5f38a035/resource/ee73430d-96c0-423e-ad21-c4cfb54c8961/download/fy2026-property-assessment-data_rev.csv,2026-10-04T02:11:41+00:00
A0312:use_description,A0312,use_description,SUBSD HOUSING S- 8,1,SUBSD HOUSING S- 8,consistent,one_distinct_to_value,Boston Property Assessment FY2026,https://data.boston.gov/dataset/e02c44d2-3c64-459c-8fe2-e1ce5f38a035/resource/ee73430d-96c0-423e-ad21-c4cfb54c8961/download/fy2026-property-assessment-data_rev.csv,2026-10-04T02:11:41+00:00
A0313:year_built,A0313,year_built,,0,unknown,missing,zero_distinct_to_unknown,NJOGIS Parcels & MOD-IV Composite,https://services2.arcgis.com/XVOqAjTOJ5P6ngMu/arcgis/rest/services/Parcels_Composite_NJ_WM/FeatureServer/0,2026-10-04T02:11:41+00:00
A0313:units,A0313,units,1,1,1,consistent,one_distinct_to_value,NJOGIS Parcels & MOD-IV Composite,https://services2.arcgis.com/XVOqAjTOJ5P6ngMu/arcgis/rest/services/Parcels_Composite_NJ_WM/FeatureServer/0,2026-10-04T02:11:41+00:00
A0313:use_code,A0313,use_code,4C,1,4C,consistent,one_distinct_to_value,NJOGIS Parcels & MOD-IV Composite,https://services2.arcgis.com/XVOqAjTOJ5P6ngMu/arcgis/rest/services/Parcels_Composite_NJ_WM/FeatureServer/0,2026-10-04T02:11:41+00:00
A0313:use_description,A0313,use_description,999,1,999,consistent,one_distinct_to_value,NJOGIS Parcels & MOD-IV Composite,https://services2.arcgis.com/XVOqAjTOJ5P6ngMu/arcgis/rest/services/Parcels_Composite_NJ_WM/FeatureServer/0,2026-10-04T02:11:41+00:00
A0314:year_built,A0314,year_built,1919,1,1919,consistent,one_distinct_to_value,LA County eGIS parcels,https://cache.gis.lacounty.gov/cache/rest/services/LACounty_Cache/LACounty_Parcel/FeatureServer/0,2026-10-04T02:11:41+00:00
A0314:units,A0314,units,7,1,7,consistent,one_distinct_to_value,LA County eGIS parcels,https://cache.gis.lacounty.gov/cache/rest/services/LACounty_Cache/LACounty_Parcel/FeatureServer/0,2026-10-04T02:11:41+00:00
A0314:use_code,A0314,use_code,0500,1,0500,consistent,one_distinct_to_value,LA County eGIS parcels,https://cache.gis.lacounty.gov/cache/rest/services/LACounty_Cache/LACounty_Parcel/FeatureServer/0,2026-10-04T02:11:41+00:00
A0314:use_description,A0314,use_description,Five or more apartments,1,Five or more apartments,consistent,one_distinct_to_value,LA County eGIS parcels,https://cache.gis.lacounty.gov/cache/rest/services/LACounty_Cache/LACounty_Parcel/FeatureServer/0,2026-10-04T02:11:41+00:00
A0315:year_built,A0315,year_built,1990,1,1990,consistent,one_distinct_to_value,LA County eGIS parcels,https://cache.gis.lacounty.gov/cache/rest/services/LACounty_Cache/LACounty_Parcel/FeatureServer/0,2026-10-04T02:11:41+00:00
A0315:units,A0315,units,8,1,8,consistent,one_distinct_to_value,LA County eGIS parcels,https://cache.gis.lacounty.gov/cache/rest/services/LACounty_Cache/LACounty_Parcel/FeatureServer/0,2026-10-04T02:11:41+00:00
A0315:use_code,A0315,use_code,0500,1,0500,consistent,one_distinct_to_value,LA County eGIS parcels,https://cache.gis.lacounty.gov/cache/rest/services/LACounty_Cache/LACounty_Parcel/FeatureServer/0,2026-10-04T02:11:41+00:00
A0315:use_description,A0315,use_description,Five or more apartments,1,Five or more apartments,consistent,one_distinct_to_value,LA County eGIS parcels,https://cache.gis.lacounty.gov/cache/rest/services/LACounty_Cache/LACounty_Parcel/FeatureServer/0,2026-10-04T02:11:41+00:00
A0316:year_built,A0316,year_built,31,1,31,consistent,one_distinct_to_value,SANDAG/SanGIS parcels,https://geo.sandag.org/server/rest/services/hosted/Parcels/FeatureServer/0,2026-10-04T02:11:41+00:00
A0316:units,A0316,units,8,1,8,consistent,one_distinct_to_value,SANDAG/SanGIS parcels,https://geo.sandag.org/server/rest/services/hosted/Parcels/FeatureServer/0,2026-10-04T02:11:41+00:00
A0316:use_code,A0316,use_code,14,1,14,consistent,one_distinct_to_value,SANDAG/SanGIS parcels,https://geo.sandag.org/server/rest/services/hosted/Parcels/FeatureServer/0,2026-10-04T02:11:41+00:00
A0316:use_description,A0316,use_description,,0,unknown,missing,zero_distinct_to_unknown,SANDAG/SanGIS parcels,https://geo.sandag.org/server/rest/services/hosted/Parcels/FeatureServer/0,2026-10-04T02:11:41+00:00
A0317:year_built,A0317,year_built,1958,1,1958,consistent,one_distinct_to_value,Alameda County parcels,https://gis.cityofberkeley.info/arcgis3/rest/services/Public/GISPortal/MapServer/1,2026-10-04T02:11:41+00:00
A0317:units,A0317,units,13,1,13,consistent,one_distinct_to_value,Alameda County parcels,https://gis.cityofberkeley.info/arcgis3/rest/services/Public/GISPortal/MapServer/1,2026-10-04T02:11:41+00:00
A0317:use_code,A0317,use_code,7700,1,7700,consistent,one_distinct_to_value,Alameda County parcels,https://gis.cityofberkeley.info/arcgis3/rest/services/Public/GISPortal/MapServer/1,2026-10-04T02:11:41+00:00
A0317:use_description,A0317,use_description,,0,unknown,missing,zero_distinct_to_unknown,Alameda County parcels,https://gis.cityofberkeley.info/arcgis3/rest/services/Public/GISPortal/MapServer/1,2026-10-04T02:11:41+00:00
A0318:year_built,A0318,year_built,,0,unknown,missing,zero_distinct_to_unknown,Alameda County parcels,https://gis.cityofberkeley.info/arcgis3/rest/services/Public/GISPortal/MapServer/1,2026-10-04T02:11:41+00:00
A0318:units,A0318,units,21,1,21,consistent,one_distinct_to_value,Alameda County parcels,https://gis.cityofberkeley.info/arcgis3/rest/services/Public/GISPortal/MapServer/1,2026-10-04T02:11:41+00:00
A0318:use_code,A0318,use_code,7700,1,7700,consistent,one_distinct_to_value,Alameda County parcels,https://gis.cityofberkeley.info/arcgis3/rest/services/Public/GISPortal/MapServer/1,2026-10-04T02:11:41+00:00
A0318:use_description,A0318,use_description,,0,unknown,missing,zero_distinct_to_unknown,Alameda County parcels,https://gis.cityofberkeley.info/arcgis3/rest/services/Public/GISPortal/MapServer/1,2026-10-04T02:11:41+00:00
A0319:year_built,A0319,year_built,,0,unknown,missing,zero_distinct_to_unknown,Alameda County parcels,https://gis.cityofberkeley.info/arcgis3/rest/services/Public/GISPortal/MapServer/1,2026-10-04T02:11:41+00:00
A0319:units,A0319,units,8,1,8,consistent,one_distinct_to_value,Alameda County parcels,https://gis.cityofberkeley.info/arcgis3/rest/services/Public/GISPortal/MapServer/1,2026-10-04T02:11:41+00:00
A0319:use_code,A0319,use_code,7700,1,7700,consistent,one_distinct_to_value,Alameda County parcels,https://gis.cityofberkeley.info/arcgis3/rest/services/Public/GISPortal/MapServer/1,2026-10-04T02:11:41+00:00
A0319:use_description,A0319,use_description,,0,unknown,missing,zero_distinct_to_unknown,Alameda County parcels,https://gis.cityofberkeley.info/arcgis3/rest/services/Public/GISPortal/MapServer/1,2026-10-04T02:11:41+00:00
A0320:year_built,A0320,year_built,,0,unknown,missing,zero_distinct_to_unknown,NJOGIS Parcels & MOD-IV Composite,https://services2.arcgis.com/XVOqAjTOJ5P6ngMu/arcgis/rest/services/Parcels_Composite_NJ_WM/FeatureServer/0,2026-10-04T02:11:41+00:00
A0320:units,A0320,units,6,1,6,consistent,one_distinct_to_value,NJOGIS Parcels & MOD-IV Composite,https://services2.arcgis.com/XVOqAjTOJ5P6ngMu/arcgis/rest/services/Parcels_Composite_NJ_WM/FeatureServer/0,2026-10-04T02:11:41+00:00
A0320:use_code,A0320,use_code,4C,1,4C,consistent,one_distinct_to_value,NJOGIS Parcels & MOD-IV Composite,https://services2.arcgis.com/XVOqAjTOJ5P6ngMu/arcgis/rest/services/Parcels_Composite_NJ_WM/FeatureServer/0,2026-10-04T02:11:41+00:00
A0320:use_description,A0320,use_description,,0,unknown,missing,zero_distinct_to_unknown,NJOGIS Parcels & MOD-IV Composite,https://services2.arcgis.com/XVOqAjTOJ5P6ngMu/arcgis/rest/services/Parcels_Composite_NJ_WM/FeatureServer/0,2026-10-04T02:11:41+00:00
A0321:year_built,A0321,year_built,1,1,1,consistent,one_distinct_to_value,NJOGIS Parcels & MOD-IV Composite,https://services2.arcgis.com/XVOqAjTOJ5P6ngMu/arcgis/rest/services/Parcels_Composite_NJ_WM/FeatureServer/0,2026-10-04T02:11:41+00:00
A0321:units,A0321,units,,0,unknown,missing,zero_distinct_to_unknown,NJOGIS Parcels & MOD-IV Composite,https://services2.arcgis.com/XVOqAjTOJ5P6ngMu/arcgis/rest/services/Parcels_Composite_NJ_WM/FeatureServer/0,2026-10-04T02:11:41+00:00
A0321:use_code,A0321,use_code,4C,1,4C,consistent,one_distinct_to_value,NJOGIS Parcels & MOD-IV Composite,https://services2.arcgis.com/XVOqAjTOJ5P6ngMu/arcgis/rest/services/Parcels_Composite_NJ_WM/FeatureServer/0,2026-10-04T02:11:41+00:00
A0321:use_description,A0321,use_description,,0,unknown,missing,zero_distinct_to_unknown,NJOGIS Parcels & MOD-IV Composite,https://services2.arcgis.com/XVOqAjTOJ5P6ngMu/arcgis/rest/services/Parcels_Composite_NJ_WM/FeatureServer/0,2026-10-04T02:11:41+00:00
A0322:year_built,A0322,year_built,79,1,79,consistent,one_distinct_to_value,SANDAG/SanGIS parcels,https://geo.sandag.org/server/rest/services/hosted/Parcels/FeatureServer/0,2026-10-04T02:11:41+00:00
A0322:units,A0322,units,31,1,31,consistent,one_distinct_to_value,SANDAG/SanGIS parcels,https://geo.sandag.org/server/rest/services/hosted/Parcels/FeatureServer/0,2026-10-04T02:11:41+00:00
A0322:use_code,A0322,use_code,15,1,15,consistent,one_distinct_to_value,SANDAG/SanGIS parcels,https://geo.sandag.org/server/rest/services/hosted/Parcels/FeatureServer/0,2026-10-04T02:11:41+00:00
A0322:use_description,A0322,use_description,,0,unknown,missing,zero_distinct_to_unknown,SANDAG/SanGIS parcels,https://geo.sandag.org/server/rest/services/hosted/Parcels/FeatureServer/0,2026-10-04T02:11:41+00:00
A0323:year_built,A0323,year_built,1907,1,1907,consistent,one_distinct_to_value,LA County eGIS parcels,https://cache.gis.lacounty.gov/cache/rest/services/LACounty_Cache/LACounty_Parcel/FeatureServer/0,2026-10-04T02:11:41+00:00
A0323:units,A0323,units,2,1,2,consistent,one_distinct_to_value,LA County eGIS parcels,https://cache.gis.lacounty.gov/cache/rest/services/LACounty_Cache/LACounty_Parcel/FeatureServer/0,2026-10-04T02:11:41+00:00
A0323:use_code,A0323,use_code,0500,1,0500,consistent,one_distinct_to_value,LA County eGIS parcels,https://cache.gis.lacounty.gov/cache/rest/services/LACounty_Cache/LACounty_Parcel/FeatureServer/0,2026-10-04T02:11:41+00:00
A0323:use_description,A0323,use_description,Five or more apartments,1,Five or more apartments,consistent,one_distinct_to_value,LA County eGIS parcels,https://cache.gis.lacounty.gov/cache/rest/services/LACounty_Cache/LACounty_Parcel/FeatureServer/0,2026-10-04T02:11:41+00:00
A0325:year_built,A0325,year_built,,0,unknown,address_not_aligned,reject_unaligned_address,NJOGIS Parcels & MOD-IV Composite,https://services2.arcgis.com/XVOqAjTOJ5P6ngMu/arcgis/rest/services/Parcels_Composite_NJ_WM/FeatureServer/0,2026-10-04T02:11:41+00:00
A0325:units,A0325,units,,0,unknown,address_not_aligned,reject_unaligned_address,NJOGIS Parcels & MOD-IV Composite,https://services2.arcgis.com/XVOqAjTOJ5P6ngMu/arcgis/rest/services/Parcels_Composite_NJ_WM/FeatureServer/0,2026-10-04T02:11:41+00:00
A0325:use_code,A0325,use_code,,0,unknown,address_not_aligned,reject_unaligned_address,NJOGIS Parcels & MOD-IV Composite,https://services2.arcgis.com/XVOqAjTOJ5P6ngMu/arcgis/rest/services/Parcels_Composite_NJ_WM/FeatureServer/0,2026-10-04T02:11:41+00:00
A0325:use_description,A0325,use_description,,0,unknown,address_not_aligned,reject_unaligned_address,NJOGIS Parcels & MOD-IV Composite,https://services2.arcgis.com/XVOqAjTOJ5P6ngMu/arcgis/rest/services/Parcels_Composite_NJ_WM/FeatureServer/0,2026-10-04T02:11:41+00:00
A0326:year_built,A0326,year_built,,0,unknown,missing,zero_distinct_to_unknown,NJOGIS Parcels & MOD-IV Composite,https://services2.arcgis.com/XVOqAjTOJ5P6ngMu/arcgis/rest/services/Parcels_Composite_NJ_WM/FeatureServer/0,2026-10-04T02:11:41+00:00
A0326:units,A0326,units,1,1,1,consistent,one_distinct_to_value,NJOGIS Parcels & MOD-IV Composite,https://services2.arcgis.com/XVOqAjTOJ5P6ngMu/arcgis/rest/services/Parcels_Composite_NJ_WM/FeatureServer/0,2026-10-04T02:11:41+00:00
A0326:use_code,A0326,use_code,4C,1,4C,consistent,one_distinct_to_value,NJOGIS Parcels & MOD-IV Composite,https://services2.arcgis.com/XVOqAjTOJ5P6ngMu/arcgis/rest/services/Parcels_Composite_NJ_WM/FeatureServer/0,2026-10-04T02:11:41+00:00
A0326:use_description,A0326,use_description,101,1,101,consistent,one_distinct_to_value,NJOGIS Parcels & MOD-IV Composite,https://services2.arcgis.com/XVOqAjTOJ5P6ngMu/arcgis/rest/services/Parcels_Composite_NJ_WM/FeatureServer/0,2026-10-04T02:11:41+00:00
A0327:year_built,A0327,year_built,1954,1,1954,consistent,one_distinct_to_value,LA County eGIS parcels,https://cache.gis.lacounty.gov/cache/rest/services/LACounty_Cache/LACounty_Parcel/FeatureServer/0,2026-10-04T02:11:41+00:00
A0327:units,A0327,units,36,1,36,consistent,one_distinct_to_value,LA County eGIS parcels,https://cache.gis.lacounty.gov/cache/rest/services/LACounty_Cache/LACounty_Parcel/FeatureServer/0,2026-10-04T02:11:41+00:00
A0327:use_code,A0327,use_code,0501,1,0501,consistent,one_distinct_to_value,LA County eGIS parcels,https://cache.gis.lacounty.gov/cache/rest/services/LACounty_Cache/LACounty_Parcel/FeatureServer/0,2026-10-04T02:11:41+00:00
A0327:use_description,A0327,use_description,Five or more apartments,1,Five or more apartments,consistent,one_distinct_to_value,LA County eGIS parcels,https://cache.gis.lacounty.gov/cache/rest/services/LACounty_Cache/LACounty_Parcel/FeatureServer/0,2026-10-04T02:11:41+00:00
A0329:year_built,A0329,year_built,,0,unknown,missing,zero_distinct_to_unknown,NJOGIS Parcels & MOD-IV Composite,https://services2.arcgis.com/XVOqAjTOJ5P6ngMu/arcgis/rest/services/Parcels_Composite_NJ_WM/FeatureServer/0,2026-10-04T02:11:41+00:00
A0329:units,A0329,units,1,1,1,consistent,one_distinct_to_value,NJOGIS Parcels & MOD-IV Composite,https://services2.arcgis.com/XVOqAjTOJ5P6ngMu/arcgis/rest/services/Parcels_Composite_NJ_WM/FeatureServer/0,2026-10-04T02:11:41+00:00
A0329:use_code,A0329,use_code,4C,1,4C,consistent,one_distinct_to_value,NJOGIS Parcels & MOD-IV Composite,https://services2.arcgis.com/XVOqAjTOJ5P6ngMu/arcgis/rest/services/Parcels_Composite_NJ_WM/FeatureServer/0,2026-10-04T02:11:41+00:00
A0329:use_description,A0329,use_description,,0,unknown,missing,zero_distinct_to_unknown,NJOGIS Parcels & MOD-IV Composite,https://services2.arcgis.com/XVOqAjTOJ5P6ngMu/arcgis/rest/services/Parcels_Composite_NJ_WM/FeatureServer/0,2026-10-04T02:11:41+00:00
A0330:year_built,A0330,year_built,2018,1,2018,consistent,one_distinct_to_value,LA County eGIS parcels,https://cache.gis.lacounty.gov/cache/rest/services/LACounty_Cache/LACounty_Parcel/FeatureServer/0,2026-10-04T02:11:41+00:00
A0330:units,A0330,units,24,1,24,consistent,one_distinct_to_value,LA County eGIS parcels,https://cache.gis.lacounty.gov/cache/rest/services/LACounty_Cache/LACounty_Parcel/FeatureServer/0,2026-10-04T02:11:41+00:00
A0330:use_code,A0330,use_code,0500,1,0500,consistent,one_distinct_to_value,LA County eGIS parcels,https://cache.gis.lacounty.gov/cache/rest/services/LACounty_Cache/LACounty_Parcel/FeatureServer/0,2026-10-04T02:11:41+00:00
A0330:use_description,A0330,use_description,Five or more apartments,1,Five or more apartments,consistent,one_distinct_to_value,LA County eGIS parcels,https://cache.gis.lacounty.gov/cache/rest/services/LACounty_Cache/LACounty_Parcel/FeatureServer/0,2026-10-04T02:11:41+00:00
A0331:year_built,A0331,year_built,1910,1,unknown,address_not_aligned,reject_unaligned_address,NJOGIS Parcels & MOD-IV Composite,https://services2.arcgis.com/XVOqAjTOJ5P6ngMu/arcgis/rest/services/Parcels_Composite_NJ_WM/FeatureServer/0,2026-10-04T02:11:41+00:00
A0331:units,A0331,units,1,1,unknown,address_not_aligned,reject_unaligned_address,NJOGIS Parcels & MOD-IV Composite,https://services2.arcgis.com/XVOqAjTOJ5P6ngMu/arcgis/rest/services/Parcels_Composite_NJ_WM/FeatureServer/0,2026-10-04T02:11:41+00:00
A0331:use_code,A0331,use_code,4C,1,unknown,address_not_aligned,reject_unaligned_address,NJOGIS Parcels & MOD-IV Composite,https://services2.arcgis.com/XVOqAjTOJ5P6ngMu/arcgis/rest/services/Parcels_Composite_NJ_WM/FeatureServer/0,2026-10-04T02:11:41+00:00
A0331:use_description,A0331,use_description,999,1,unknown,address_not_aligned,reject_unaligned_address,NJOGIS Parcels & MOD-IV Composite,https://services2.arcgis.com/XVOqAjTOJ5P6ngMu/arcgis/rest/services/Parcels_Composite_NJ_WM/FeatureServer/0,2026-10-04T02:11:41+00:00
A0332:year_built,A0332,year_built,,0,unknown,missing,zero_distinct_to_unknown,Boston Property Assessment FY2026,https://data.boston.gov/dataset/e02c44d2-3c64-459c-8fe2-e1ce5f38a035/resource/ee73430d-96c0-423e-ad21-c4cfb54c8961/download/fy2026-property-assessment-data_rev.csv,2026-10-04T02:11:41+00:00
A0332:units,A0332,units,,0,unknown,missing,zero_distinct_to_unknown,Boston Property Assessment FY2026,https://data.boston.gov/dataset/e02c44d2-3c64-459c-8fe2-e1ce5f38a035/resource/ee73430d-96c0-423e-ad21-c4cfb54c8961/download/fy2026-property-assessment-data_rev.csv,2026-10-04T02:11:41+00:00
A0332:use_code,A0332,use_code,A,1,A,consistent,one_distinct_to_value,Boston Property Assessment FY2026,https://data.boston.gov/dataset/e02c44d2-3c64-459c-8fe2-e1ce5f38a035/resource/ee73430d-96c0-423e-ad21-c4cfb54c8961/download/fy2026-property-assessment-data_rev.csv,2026-10-04T02:11:41+00:00
A0332:use_description,A0332,use_description,SUBSD HOUSING S- 8,1,SUBSD HOUSING S- 8,consistent,one_distinct_to_value,Boston Property Assessment FY2026,https://data.boston.gov/dataset/e02c44d2-3c64-459c-8fe2-e1ce5f38a035/resource/ee73430d-96c0-423e-ad21-c4cfb54c8961/download/fy2026-property-assessment-data_rev.csv,2026-10-04T02:11:41+00:00
A0333:year_built,A0333,year_built,88,1,unknown,candidate_set_incomplete,reject_incomplete_candidate_set,SANDAG/SanGIS parcels,https://geo.sandag.org/server/rest/services/hosted/Parcels/FeatureServer/0,2026-10-04T02:11:41+00:00
A0333:units,A0333,units,8,1,unknown,candidate_set_incomplete,reject_incomplete_candidate_set,SANDAG/SanGIS parcels,https://geo.sandag.org/server/rest/services/hosted/Parcels/FeatureServer/0,2026-10-04T02:11:41+00:00
A0333:use_code,A0333,use_code,14,1,unknown,candidate_set_incomplete,reject_incomplete_candidate_set,SANDAG/SanGIS parcels,https://geo.sandag.org/server/rest/services/hosted/Parcels/FeatureServer/0,2026-10-04T02:11:41+00:00
A0333:use_description,A0333,use_description,,0,unknown,candidate_set_incomplete,reject_incomplete_candidate_set,SANDAG/SanGIS parcels,https://geo.sandag.org/server/rest/services/hosted/Parcels/FeatureServer/0,2026-10-04T02:11:41+00:00
A0334:year_built,A0334,year_built,,0,unknown,missing,zero_distinct_to_unknown,Alameda County parcels,https://gis.cityofberkeley.info/arcgis3/rest/services/Public/GISPortal/MapServer/1,2026-10-04T02:11:41+00:00
A0334:units,A0334,units,9,1,9,consistent,one_distinct_to_value,Alameda County parcels,https://gis.cityofberkeley.info/arcgis3/rest/services/Public/GISPortal/MapServer/1,2026-10-04T02:11:41+00:00
A0334:use_code,A0334,use_code,7700,1,7700,consistent,one_distinct_to_value,Alameda County parcels,https://gis.cityofberkeley.info/arcgis3/rest/services/Public/GISPortal/MapServer/1,2026-10-04T02:11:41+00:00
A0334:use_description,A0334,use_description,,0,unknown,missing,zero_distinct_to_unknown,Alameda County parcels,https://gis.cityofberkeley.info/arcgis3/rest/services/Public/GISPortal/MapServer/1,2026-10-04T02:11:41+00:00
A0336:year_built,A0336,year_built,2020,1,unknown,candidate_set_incomplete,reject_incomplete_candidate_set,Cambridge Property Database FY2026 (waa7-ibdu),https://data.cambridgema.gov/resource/waa7-ibdu.json,2026-10-04T02:11:41+00:00
A0336:units,A0336,units,468,1,unknown,candidate_set_incomplete,reject_incomplete_candidate_set,Cambridge Property Database FY2026 (waa7-ibdu),https://data.cambridgema.gov/resource/waa7-ibdu.json,2026-10-04T02:11:41+00:00
A0336:use_code,A0336,use_code,112,1,unknown,candidate_set_incomplete,reject_incomplete_candidate_set,Cambridge Property Database FY2026 (waa7-ibdu),https://data.cambridgema.gov/resource/waa7-ibdu.json,2026-10-04T02:11:41+00:00
A0336:use_description,A0336,use_description,MXD >8-UNIT-APT,1,unknown,candidate_set_incomplete,reject_incomplete_candidate_set,Cambridge Property Database FY2026 (waa7-ibdu),https://data.cambridgema.gov/resource/waa7-ibdu.json,2026-10-04T02:11:41+00:00
A0337:year_built,A0337,year_built,,0,unknown,missing,zero_distinct_to_unknown,NJOGIS Parcels & MOD-IV Composite,https://services2.arcgis.com/XVOqAjTOJ5P6ngMu/arcgis/rest/services/Parcels_Composite_NJ_WM/FeatureServer/0,2026-10-04T02:11:41+00:00
A0337:units,A0337,units,1,1,1,consistent,one_distinct_to_value,NJOGIS Parcels & MOD-IV Composite,https://services2.arcgis.com/XVOqAjTOJ5P6ngMu/arcgis/rest/services/Parcels_Composite_NJ_WM/FeatureServer/0,2026-10-04T02:11:41+00:00
A0337:use_code,A0337,use_code,4C,1,4C,consistent,one_distinct_to_value,NJOGIS Parcels & MOD-IV Composite,https://services2.arcgis.com/XVOqAjTOJ5P6ngMu/arcgis/rest/services/Parcels_Composite_NJ_WM/FeatureServer/0,2026-10-04T02:11:41+00:00
A0337:use_description,A0337,use_description,100,1,100,consistent,one_distinct_to_value,NJOGIS Parcels & MOD-IV Composite,https://services2.arcgis.com/XVOqAjTOJ5P6ngMu/arcgis/rest/services/Parcels_Composite_NJ_WM/FeatureServer/0,2026-10-04T02:11:41+00:00
A0338:year_built,A0338,year_built,1911,1,unknown,address_not_aligned,reject_unaligned_address,NJOGIS Parcels & MOD-IV Composite,https://services2.arcgis.com/XVOqAjTOJ5P6ngMu/arcgis/rest/services/Parcels_Composite_NJ_WM/FeatureServer/0,2026-10-04T02:11:41+00:00
A0338:units,A0338,units,3,1,unknown,address_not_aligned,reject_unaligned_address,NJOGIS Parcels & MOD-IV Composite,https://services2.arcgis.com/XVOqAjTOJ5P6ngMu/arcgis/rest/services/Parcels_Composite_NJ_WM/FeatureServer/0,2026-10-04T02:11:41+00:00
A0338:use_code,A0338,use_code,2,1,unknown,address_not_aligned,reject_unaligned_address,NJOGIS Parcels & MOD-IV Composite,https://services2.arcgis.com/XVOqAjTOJ5P6ngMu/arcgis/rest/services/Parcels_Composite_NJ_WM/FeatureServer/0,2026-10-04T02:11:41+00:00
A0338:use_description,A0338,use_description,,0,unknown,address_not_aligned,reject_unaligned_address,NJOGIS Parcels & MOD-IV Composite,https://services2.arcgis.com/XVOqAjTOJ5P6ngMu/arcgis/rest/services/Parcels_Composite_NJ_WM/FeatureServer/0,2026-10-04T02:11:41+00:00
A0339:year_built,A0339,year_built,1920,1,1920,consistent,one_distinct_to_value,Cambridge Property Database FY2026 (waa7-ibdu),https://data.cambridgema.gov/resource/waa7-ibdu.json,2026-10-04T02:11:41+00:00
A0339:units,A0339,units,8,1,8,consistent,one_distinct_to_value,Cambridge Property Database FY2026 (waa7-ibdu),https://data.cambridgema.gov/resource/waa7-ibdu.json,2026-10-04T02:11:41+00:00
A0339:use_code,A0339,use_code,111,1,111,consistent,one_distinct_to_value,Cambridge Property Database FY2026 (waa7-ibdu),https://data.cambridgema.gov/resource/waa7-ibdu.json,2026-10-04T02:11:41+00:00
A0339:use_description,A0339,use_description,4-8-UNIT-APT,1,4-8-UNIT-APT,consistent,one_distinct_to_value,Cambridge Property Database FY2026 (waa7-ibdu),https://data.cambridgema.gov/resource/waa7-ibdu.json,2026-10-04T02:11:41+00:00
A0340:year_built,A0340,year_built,1959,1,1959,consistent,one_distinct_to_value,LA County eGIS parcels,https://cache.gis.lacounty.gov/cache/rest/services/LACounty_Cache/LACounty_Parcel/FeatureServer/0,2026-10-04T02:11:41+00:00
A0340:units,A0340,units,50,1,50,consistent,one_distinct_to_value,LA County eGIS parcels,https://cache.gis.lacounty.gov/cache/rest/services/LACounty_Cache/LACounty_Parcel/FeatureServer/0,2026-10-04T02:11:41+00:00
A0340:use_code,A0340,use_code,0500,1,0500,consistent,one_distinct_to_value,LA County eGIS parcels,https://cache.gis.lacounty.gov/cache/rest/services/LACounty_Cache/LACounty_Parcel/FeatureServer/0,2026-10-04T02:11:41+00:00
A0340:use_description,A0340,use_description,Five or more apartments,1,Five or more apartments,consistent,one_distinct_to_value,LA County eGIS parcels,https://cache.gis.lacounty.gov/cache/rest/services/LACounty_Cache/LACounty_Parcel/FeatureServer/0,2026-10-04T02:11:41+00:00
A0341:year_built,A0341,year_built,40,1,40,consistent,one_distinct_to_value,SANDAG/SanGIS parcels,https://geo.sandag.org/server/rest/services/hosted/Parcels/FeatureServer/0,2026-10-04T02:11:41+00:00
A0341:units,A0341,units,6,1,6,consistent,one_distinct_to_value,SANDAG/SanGIS parcels,https://geo.sandag.org/server/rest/services/hosted/Parcels/FeatureServer/0,2026-10-04T02:11:41+00:00
A0341:use_code,A0341,use_code,14,1,14,consistent,one_distinct_to_value,SANDAG/SanGIS parcels,https://geo.sandag.org/server/rest/services/hosted/Parcels/FeatureServer/0,2026-10-04T02:11:41+00:00
A0341:use_description,A0341,use_description,,0,unknown,missing,zero_distinct_to_unknown,SANDAG/SanGIS parcels,https://geo.sandag.org/server/rest/services/hosted/Parcels/FeatureServer/0,2026-10-04T02:11:41+00:00
A0342:year_built,A0342,year_built,1910,1,1910,consistent,one_distinct_to_value,Cambridge Property Database FY2026 (waa7-ibdu),https://data.cambridgema.gov/resource/waa7-ibdu.json,2026-10-04T02:11:41+00:00
A0342:units,A0342,units,6,1,6,consistent,one_distinct_to_value,Cambridge Property Database FY2026 (waa7-ibdu),https://data.cambridgema.gov/resource/waa7-ibdu.json,2026-10-04T02:11:41+00:00
A0342:use_code,A0342,use_code,111,1,111,consistent,one_distinct_to_value,Cambridge Property Database FY2026 (waa7-ibdu),https://data.cambridgema.gov/resource/waa7-ibdu.json,2026-10-04T02:11:41+00:00
A0342:use_description,A0342,use_description,4-8-UNIT-APT,1,4-8-UNIT-APT,consistent,one_distinct_to_value,Cambridge Property Database FY2026 (waa7-ibdu),https://data.cambridgema.gov/resource/waa7-ibdu.json,2026-10-04T02:11:41+00:00
A0343:year_built,A0343,year_built,1930,1,unknown,address_not_aligned,reject_unaligned_address,NJOGIS Parcels & MOD-IV Composite,https://services2.arcgis.com/XVOqAjTOJ5P6ngMu/arcgis/rest/services/Parcels_Composite_NJ_WM/FeatureServer/0,2026-10-04T02:11:41+00:00
A0343:units,A0343,units,2,1,unknown,address_not_aligned,reject_unaligned_address,NJOGIS Parcels & MOD-IV Composite,https://services2.arcgis.com/XVOqAjTOJ5P6ngMu/arcgis/rest/services/Parcels_Composite_NJ_WM/FeatureServer/0,2026-10-04T02:11:41+00:00
A0343:use_code,A0343,use_code,2,1,unknown,address_not_aligned,reject_unaligned_address,NJOGIS Parcels & MOD-IV Composite,https://services2.arcgis.com/XVOqAjTOJ5P6ngMu/arcgis/rest/services/Parcels_Composite_NJ_WM/FeatureServer/0,2026-10-04T02:11:41+00:00
A0343:use_description,A0343,use_description,,0,unknown,address_not_aligned,reject_unaligned_address,NJOGIS Parcels & MOD-IV Composite,https://services2.arcgis.com/XVOqAjTOJ5P6ngMu/arcgis/rest/services/Parcels_Composite_NJ_WM/FeatureServer/0,2026-10-04T02:11:41+00:00
A0344:year_built,A0344,year_built,1928,1,1928,consistent,one_distinct_to_value,NJOGIS Parcels & MOD-IV Composite,https://services2.arcgis.com/XVOqAjTOJ5P6ngMu/arcgis/rest/services/Parcels_Composite_NJ_WM/FeatureServer/0,2026-10-04T02:11:41+00:00
A0344:units,A0344,units,,0,unknown,missing,zero_distinct_to_unknown,NJOGIS Parcels & MOD-IV Composite,https://services2.arcgis.com/XVOqAjTOJ5P6ngMu/arcgis/rest/services/Parcels_Composite_NJ_WM/FeatureServer/0,2026-10-04T02:11:41+00:00
A0344:use_code,A0344,use_code,4C,1,4C,consistent,one_distinct_to_value,NJOGIS Parcels & MOD-IV Composite,https://services2.arcgis.com/XVOqAjTOJ5P6ngMu/arcgis/rest/services/Parcels_Composite_NJ_WM/FeatureServer/0,2026-10-04T02:11:41+00:00
A0344:use_description,A0344,use_description,029,1,029,consistent,one_distinct_to_value,NJOGIS Parcels & MOD-IV Composite,https://services2.arcgis.com/XVOqAjTOJ5P6ngMu/arcgis/rest/services/Parcels_Composite_NJ_WM/FeatureServer/0,2026-10-04T02:11:41+00:00
A0345:year_built,A0345,year_built,1921,1,1921,consistent,one_distinct_to_value,LA County eGIS parcels,https://cache.gis.lacounty.gov/cache/rest/services/LACounty_Cache/LACounty_Parcel/FeatureServer/0,2026-10-04T02:11:41+00:00
A0345:units,A0345,units,5,1,5,consistent,one_distinct_to_value,LA County eGIS parcels,https://cache.gis.lacounty.gov/cache/rest/services/LACounty_Cache/LACounty_Parcel/FeatureServer/0,2026-10-04T02:11:41+00:00
A0345:use_code,A0345,use_code,0500,1,0500,consistent,one_distinct_to_value,LA County eGIS parcels,https://cache.gis.lacounty.gov/cache/rest/services/LACounty_Cache/LACounty_Parcel/FeatureServer/0,2026-10-04T02:11:41+00:00
A0345:use_description,A0345,use_description,Five or more apartments,1,Five or more apartments,consistent,one_distinct_to_value,LA County eGIS parcels,https://cache.gis.lacounty.gov/cache/rest/services/LACounty_Cache/LACounty_Parcel/FeatureServer/0,2026-10-04T02:11:41+00:00
A0346:year_built,A0346,year_built,,0,unknown,address_not_aligned,reject_unaligned_address,SANDAG/SanGIS parcels,https://geo.sandag.org/server/rest/services/hosted/Parcels/FeatureServer/0,2026-10-04T02:11:41+00:00
A0346:units,A0346,units,8,1,unknown,address_not_aligned,reject_unaligned_address,SANDAG/SanGIS parcels,https://geo.sandag.org/server/rest/services/hosted/Parcels/FeatureServer/0,2026-10-04T02:11:41+00:00
A0346:use_code,A0346,use_code,14,1,unknown,address_not_aligned,reject_unaligned_address,SANDAG/SanGIS parcels,https://geo.sandag.org/server/rest/services/hosted/Parcels/FeatureServer/0,2026-10-04T02:11:41+00:00
A0346:use_description,A0346,use_description,,0,unknown,address_not_aligned,reject_unaligned_address,SANDAG/SanGIS parcels,https://geo.sandag.org/server/rest/services/hosted/Parcels/FeatureServer/0,2026-10-04T02:11:41+00:00
A0347:year_built,A0347,year_built,25,1,25,consistent,one_distinct_to_value,SANDAG/SanGIS parcels,https://geo.sandag.org/server/rest/services/hosted/Parcels/FeatureServer/0,2026-10-04T02:11:41+00:00
A0347:units,A0347,units,9,1,9,consistent,one_distinct_to_value,SANDAG/SanGIS parcels,https://geo.sandag.org/server/rest/services/hosted/Parcels/FeatureServer/0,2026-10-04T02:11:41+00:00
A0347:use_code,A0347,use_code,14,1,14,consistent,one_distinct_to_value,SANDAG/SanGIS parcels,https://geo.sandag.org/server/rest/services/hosted/Parcels/FeatureServer/0,2026-10-04T02:11:41+00:00
A0347:use_description,A0347,use_description,,0,unknown,missing,zero_distinct_to_unknown,SANDAG/SanGIS parcels,https://geo.sandag.org/server/rest/services/hosted/Parcels/FeatureServer/0,2026-10-04T02:11:41+00:00
A0348:year_built,A0348,year_built,,0,unknown,missing,zero_distinct_to_unknown,NJOGIS Parcels & MOD-IV Composite,https://services2.arcgis.com/XVOqAjTOJ5P6ngMu/arcgis/rest/services/Parcels_Composite_NJ_WM/FeatureServer/0,2026-10-04T02:11:41+00:00
A0348:units,A0348,units,7,1,7,consistent,one_distinct_to_value,NJOGIS Parcels & MOD-IV Composite,https://services2.arcgis.com/XVOqAjTOJ5P6ngMu/arcgis/rest/services/Parcels_Composite_NJ_WM/FeatureServer/0,2026-10-04T02:11:41+00:00
A0348:use_code,A0348,use_code,4C,1,4C,consistent,one_distinct_to_value,NJOGIS Parcels & MOD-IV Composite,https://services2.arcgis.com/XVOqAjTOJ5P6ngMu/arcgis/rest/services/Parcels_Composite_NJ_WM/FeatureServer/0,2026-10-04T02:11:41+00:00
A0348:use_description,A0348,use_description,,0,unknown,missing,zero_distinct_to_unknown,NJOGIS Parcels & MOD-IV Composite,https://services2.arcgis.com/XVOqAjTOJ5P6ngMu/arcgis/rest/services/Parcels_Composite_NJ_WM/FeatureServer/0,2026-10-04T02:11:41+00:00
A0349:year_built,A0349,year_built,,0,unknown,missing,zero_distinct_to_unknown,Alameda County parcels,https://gis.cityofberkeley.info/arcgis3/rest/services/Public/GISPortal/MapServer/1,2026-10-04T02:11:41+00:00
A0349:units,A0349,units,6,1,6,consistent,one_distinct_to_value,Alameda County parcels,https://gis.cityofberkeley.info/arcgis3/rest/services/Public/GISPortal/MapServer/1,2026-10-04T02:11:41+00:00
A0349:use_code,A0349,use_code,7700,1,7700,consistent,one_distinct_to_value,Alameda County parcels,https://gis.cityofberkeley.info/arcgis3/rest/services/Public/GISPortal/MapServer/1,2026-10-04T02:11:41+00:00
A0349:use_description,A0349,use_description,,0,unknown,missing,zero_distinct_to_unknown,Alameda County parcels,https://gis.cityofberkeley.info/arcgis3/rest/services/Public/GISPortal/MapServer/1,2026-10-04T02:11:41+00:00
A0350:year_built,A0350,year_built,1900,1,1900,consistent,one_distinct_to_value,NJOGIS Parcels & MOD-IV Composite,https://services2.arcgis.com/XVOqAjTOJ5P6ngMu/arcgis/rest/services/Parcels_Composite_NJ_WM/FeatureServer/0,2026-10-04T02:11:41+00:00
A0350:units,A0350,units,,0,unknown,missing,zero_distinct_to_unknown,NJOGIS Parcels & MOD-IV Composite,https://services2.arcgis.com/XVOqAjTOJ5P6ngMu/arcgis/rest/services/Parcels_Composite_NJ_WM/FeatureServer/0,2026-10-04T02:11:41+00:00
A0350:use_code,A0350,use_code,4C,1,4C,consistent,one_distinct_to_value,NJOGIS Parcels & MOD-IV Composite,https://services2.arcgis.com/XVOqAjTOJ5P6ngMu/arcgis/rest/services/Parcels_Composite_NJ_WM/FeatureServer/0,2026-10-04T02:11:41+00:00
A0350:use_description,A0350,use_description,,0,unknown,missing,zero_distinct_to_unknown,NJOGIS Parcels & MOD-IV Composite,https://services2.arcgis.com/XVOqAjTOJ5P6ngMu/arcgis/rest/services/Parcels_Composite_NJ_WM/FeatureServer/0,2026-10-04T02:11:41+00:00
A0352:year_built,A0352,year_built,1900,1,1900,consistent,one_distinct_to_value,NJOGIS Parcels & MOD-IV Composite,https://services2.arcgis.com/XVOqAjTOJ5P6ngMu/arcgis/rest/services/Parcels_Composite_NJ_WM/FeatureServer/0,2026-10-04T02:11:41+00:00
A0352:units,A0352,units,1,1,1,consistent,one_distinct_to_value,NJOGIS Parcels & MOD-IV Composite,https://services2.arcgis.com/XVOqAjTOJ5P6ngMu/arcgis/rest/services/Parcels_Composite_NJ_WM/FeatureServer/0,2026-10-04T02:11:41+00:00
A0352:use_code,A0352,use_code,4C,1,4C,consistent,one_distinct_to_value,NJOGIS Parcels & MOD-IV Composite,https://services2.arcgis.com/XVOqAjTOJ5P6ngMu/arcgis/rest/services/Parcels_Composite_NJ_WM/FeatureServer/0,2026-10-04T02:11:41+00:00
A0352:use_description,A0352,use_description,029,1,029,consistent,one_distinct_to_value,NJOGIS Parcels & MOD-IV Composite,https://services2.arcgis.com/XVOqAjTOJ5P6ngMu/arcgis/rest/services/Parcels_Composite_NJ_WM/FeatureServer/0,2026-10-04T02:11:41+00:00
A0353:year_built,A0353,year_built,,0,unknown,candidate_set_incomplete,reject_incomplete_candidate_set,LA County eGIS parcels,https://cache.gis.lacounty.gov/cache/rest/services/LACounty_Cache/LACounty_Parcel/FeatureServer/0,2026-10-04T02:11:41+00:00
A0353:units,A0353,units,,0,unknown,candidate_set_incomplete,reject_incomplete_candidate_set,LA County eGIS parcels,https://cache.gis.lacounty.gov/cache/rest/services/LACounty_Cache/LACounty_Parcel/FeatureServer/0,2026-10-04T02:11:41+00:00
A0353:use_code,A0353,use_code,1214,1,unknown,candidate_set_incomplete,reject_incomplete_candidate_set,LA County eGIS parcels,https://cache.gis.lacounty.gov/cache/rest/services/LACounty_Cache/LACounty_Parcel/FeatureServer/0,2026-10-04T02:11:41+00:00
A0353:use_description,A0353,use_description,Store Combination,1,unknown,candidate_set_incomplete,reject_incomplete_candidate_set,LA County eGIS parcels,https://cache.gis.lacounty.gov/cache/rest/services/LACounty_Cache/LACounty_Parcel/FeatureServer/0,2026-10-04T02:11:41+00:00
A0354:year_built,A0354,year_built,1899,1,1899,consistent,one_distinct_to_value,Boston Property Assessment FY2026,https://data.boston.gov/dataset/e02c44d2-3c64-459c-8fe2-e1ce5f38a035/resource/ee73430d-96c0-423e-ad21-c4cfb54c8961/download/fy2026-property-assessment-data_rev.csv,2026-10-04T02:11:41+00:00
A0354:units,A0354,units,,0,unknown,missing,zero_distinct_to_unknown,Boston Property Assessment FY2026,https://data.boston.gov/dataset/e02c44d2-3c64-459c-8fe2-e1ce5f38a035/resource/ee73430d-96c0-423e-ad21-c4cfb54c8961/download/fy2026-property-assessment-data_rev.csv,2026-10-04T02:11:41+00:00
A0354:use_code,A0354,use_code,A,1,A,consistent,one_distinct_to_value,Boston Property Assessment FY2026,https://data.boston.gov/dataset/e02c44d2-3c64-459c-8fe2-e1ce5f38a035/resource/ee73430d-96c0-423e-ad21-c4cfb54c8961/download/fy2026-property-assessment-data_rev.csv,2026-10-04T02:11:41+00:00
A0354:use_description,A0354,use_description,APT 7-30 UNITS,1,APT 7-30 UNITS,consistent,one_distinct_to_value,Boston Property Assessment FY2026,https://data.boston.gov/dataset/e02c44d2-3c64-459c-8fe2-e1ce5f38a035/resource/ee73430d-96c0-423e-ad21-c4cfb54c8961/download/fy2026-property-assessment-data_rev.csv,2026-10-04T02:11:41+00:00
A0355:year_built,A0355,year_built,1986,1,1986,consistent,one_distinct_to_value,LA County eGIS parcels,https://cache.gis.lacounty.gov/cache/rest/services/LACounty_Cache/LACounty_Parcel/FeatureServer/0,2026-10-04T02:11:41+00:00
A0355:units,A0355,units,7,1,7,consistent,one_distinct_to_value,LA County eGIS parcels,https://cache.gis.lacounty.gov/cache/rest/services/LACounty_Cache/LACounty_Parcel/FeatureServer/0,2026-10-04T02:11:41+00:00
A0355:use_code,A0355,use_code,0500,1,0500,consistent,one_distinct_to_value,LA County eGIS parcels,https://cache.gis.lacounty.gov/cache/rest/services/LACounty_Cache/LACounty_Parcel/FeatureServer/0,2026-10-04T02:11:41+00:00
A0355:use_description,A0355,use_description,Five or more apartments,1,Five or more apartments,consistent,one_distinct_to_value,LA County eGIS parcels,https://cache.gis.lacounty.gov/cache/rest/services/LACounty_Cache/LACounty_Parcel/FeatureServer/0,2026-10-04T02:11:41+00:00
A0356:year_built,A0356,year_built,1930,1,1930,consistent,one_distinct_to_value,Boston Property Assessment FY2026,https://data.boston.gov/dataset/e02c44d2-3c64-459c-8fe2-e1ce5f38a035/resource/ee73430d-96c0-423e-ad21-c4cfb54c8961/download/fy2026-property-assessment-data_rev.csv,2026-10-04T02:11:41+00:00
A0356:units,A0356,units,,0,unknown,missing,zero_distinct_to_unknown,Boston Property Assessment FY2026,https://data.boston.gov/dataset/e02c44d2-3c64-459c-8fe2-e1ce5f38a035/resource/ee73430d-96c0-423e-ad21-c4cfb54c8961/download/fy2026-property-assessment-data_rev.csv,2026-10-04T02:11:41+00:00
A0356:use_code,A0356,use_code,A,1,A,consistent,one_distinct_to_value,Boston Property Assessment FY2026,https://data.boston.gov/dataset/e02c44d2-3c64-459c-8fe2-e1ce5f38a035/resource/ee73430d-96c0-423e-ad21-c4cfb54c8961/download/fy2026-property-assessment-data_rev.csv,2026-10-04T02:11:41+00:00
A0356:use_description,A0356,use_description,APT 7-30 UNITS,1,APT 7-30 UNITS,consistent,one_distinct_to_value,Boston Property Assessment FY2026,https://data.boston.gov/dataset/e02c44d2-3c64-459c-8fe2-e1ce5f38a035/resource/ee73430d-96c0-423e-ad21-c4cfb54c8961/download/fy2026-property-assessment-data_rev.csv,2026-10-04T02:11:41+00:00
A0358:year_built,A0358,year_built,,0,unknown,candidate_set_incomplete,reject_incomplete_candidate_set,NJOGIS Parcels & MOD-IV Composite,https://services2.arcgis.com/XVOqAjTOJ5P6ngMu/arcgis/rest/services/Parcels_Composite_NJ_WM/FeatureServer/0,2026-10-04T02:11:41+00:00
A0358:units,A0358,units,1,1,unknown,candidate_set_incomplete,reject_incomplete_candidate_set,NJOGIS Parcels & MOD-IV Composite,https://services2.arcgis.com/XVOqAjTOJ5P6ngMu/arcgis/rest/services/Parcels_Composite_NJ_WM/FeatureServer/0,2026-10-04T02:11:41+00:00
A0358:use_code,A0358,use_code,4C,1,unknown,candidate_set_incomplete,reject_incomplete_candidate_set,NJOGIS Parcels & MOD-IV Composite,https://services2.arcgis.com/XVOqAjTOJ5P6ngMu/arcgis/rest/services/Parcels_Composite_NJ_WM/FeatureServer/0,2026-10-04T02:11:41+00:00
A0358:use_description,A0358,use_description,,0,unknown,candidate_set_incomplete,reject_incomplete_candidate_set,NJOGIS Parcels & MOD-IV Composite,https://services2.arcgis.com/XVOqAjTOJ5P6ngMu/arcgis/rest/services/Parcels_Composite_NJ_WM/FeatureServer/0,2026-10-04T02:11:41+00:00
A0359:year_built,A0359,year_built,,0,unknown,missing,zero_distinct_to_unknown,NJOGIS Parcels & MOD-IV Composite,https://services2.arcgis.com/XVOqAjTOJ5P6ngMu/arcgis/rest/services/Parcels_Composite_NJ_WM/FeatureServer/0,2026-10-04T02:11:41+00:00
A0359:units,A0359,units,10,1,10,consistent,one_distinct_to_value,NJOGIS Parcels & MOD-IV Composite,https://services2.arcgis.com/XVOqAjTOJ5P6ngMu/arcgis/rest/services/Parcels_Composite_NJ_WM/FeatureServer/0,2026-10-04T02:11:41+00:00
A0359:use_code,A0359,use_code,4C,1,4C,consistent,one_distinct_to_value,NJOGIS Parcels & MOD-IV Composite,https://services2.arcgis.com/XVOqAjTOJ5P6ngMu/arcgis/rest/services/Parcels_Composite_NJ_WM/FeatureServer/0,2026-10-04T02:11:41+00:00
A0359:use_description,A0359,use_description,,0,unknown,missing,zero_distinct_to_unknown,NJOGIS Parcels & MOD-IV Composite,https://services2.arcgis.com/XVOqAjTOJ5P6ngMu/arcgis/rest/services/Parcels_Composite_NJ_WM/FeatureServer/0,2026-10-04T02:11:41+00:00
A0360:year_built,A0360,year_built,1924,1,1924,consistent,one_distinct_to_value,NJOGIS Parcels & MOD-IV Composite,https://services2.arcgis.com/XVOqAjTOJ5P6ngMu/arcgis/rest/services/Parcels_Composite_NJ_WM/FeatureServer/0,2026-10-04T02:11:41+00:00
A0360:units,A0360,units,,0,unknown,missing,zero_distinct_to_unknown,NJOGIS Parcels & MOD-IV Composite,https://services2.arcgis.com/XVOqAjTOJ5P6ngMu/arcgis/rest/services/Parcels_Composite_NJ_WM/FeatureServer/0,2026-10-04T02:11:41+00:00
A0360:use_code,A0360,use_code,4C,1,4C,consistent,one_distinct_to_value,NJOGIS Parcels & MOD-IV Composite,https://services2.arcgis.com/XVOqAjTOJ5P6ngMu/arcgis/rest/services/Parcels_Composite_NJ_WM/FeatureServer/0,2026-10-04T02:11:41+00:00
A0360:use_description,A0360,use_description,021,1,021,consistent,one_distinct_to_value,NJOGIS Parcels & MOD-IV Composite,https://services2.arcgis.com/XVOqAjTOJ5P6ngMu/arcgis/rest/services/Parcels_Composite_NJ_WM/FeatureServer/0,2026-10-04T02:11:41+00:00
A0361:year_built,A0361,year_built,1915,1,1915,consistent,one_distinct_to_value,Cambridge Property Database FY2026 (waa7-ibdu),https://data.cambridgema.gov/resource/waa7-ibdu.json,2026-10-04T02:11:41+00:00
A0361:units,A0361,units,6,1,6,consistent,one_distinct_to_value,Cambridge Property Database FY2026 (waa7-ibdu),https://data.cambridgema.gov/resource/waa7-ibdu.json,2026-10-04T02:11:41+00:00
A0361:use_code,A0361,use_code,111,1,111,consistent,one_distinct_to_value,Cambridge Property Database FY2026 (waa7-ibdu),https://data.cambridgema.gov/resource/waa7-ibdu.json,2026-10-04T02:11:41+00:00
A0361:use_description,A0361,use_description,4-8-UNIT-APT,1,4-8-UNIT-APT,consistent,one_distinct_to_value,Cambridge Property Database FY2026 (waa7-ibdu),https://data.cambridgema.gov/resource/waa7-ibdu.json,2026-10-04T02:11:41+00:00
A0362:year_built,A0362,year_built,1920,1,1920,consistent,one_distinct_to_value,Boston Property Assessment FY2026,https://data.boston.gov/dataset/e02c44d2-3c64-459c-8fe2-e1ce5f38a035/resource/ee73430d-96c0-423e-ad21-c4cfb54c8961/download/fy2026-property-assessment-data_rev.csv,2026-10-04T02:11:41+00:00
A0362:units,A0362,units,,0,unknown,missing,zero_distinct_to_unknown,Boston Property Assessment FY2026,https://data.boston.gov/dataset/e02c44d2-3c64-459c-8fe2-e1ce5f38a035/resource/ee73430d-96c0-423e-ad21-c4cfb54c8961/download/fy2026-property-assessment-data_rev.csv,2026-10-04T02:11:41+00:00
A0362:use_code,A0362,use_code,A,1,A,consistent,one_distinct_to_value,Boston Property Assessment FY2026,https://data.boston.gov/dataset/e02c44d2-3c64-459c-8fe2-e1ce5f38a035/resource/ee73430d-96c0-423e-ad21-c4cfb54c8961/download/fy2026-property-assessment-data_rev.csv,2026-10-04T02:11:41+00:00
A0362:use_description,A0362,use_description,APT 7-30 UNITS,1,APT 7-30 UNITS,consistent,one_distinct_to_value,Boston Property Assessment FY2026,https://data.boston.gov/dataset/e02c44d2-3c64-459c-8fe2-e1ce5f38a035/resource/ee73430d-96c0-423e-ad21-c4cfb54c8961/download/fy2026-property-assessment-data_rev.csv,2026-10-04T02:11:41+00:00
A0363:year_built,A0363,year_built,2004,1,2004,consistent,one_distinct_to_value,Alameda County parcels,https://gis.cityofberkeley.info/arcgis3/rest/services/Public/GISPortal/MapServer/1,2026-10-04T02:11:41+00:00
A0363:units,A0363,units,100,1,100,consistent,one_distinct_to_value,Alameda County parcels,https://gis.cityofberkeley.info/arcgis3/rest/services/Public/GISPortal/MapServer/1,2026-10-04T02:11:41+00:00
A0363:use_code,A0363,use_code,7700,1,7700,consistent,one_distinct_to_value,Alameda County parcels,https://gis.cityofberkeley.info/arcgis3/rest/services/Public/GISPortal/MapServer/1,2026-10-04T02:11:41+00:00
A0363:use_description,A0363,use_description,,0,unknown,missing,zero_distinct_to_unknown,Alameda County parcels,https://gis.cityofberkeley.info/arcgis3/rest/services/Public/GISPortal/MapServer/1,2026-10-04T02:11:41+00:00
A0365:year_built,A0365,year_built,61,1,61,consistent,one_distinct_to_value,SANDAG/SanGIS parcels,https://geo.sandag.org/server/rest/services/hosted/Parcels/FeatureServer/0,2026-10-04T02:11:41+00:00
A0365:units,A0365,units,12,1,12,consistent,one_distinct_to_value,SANDAG/SanGIS parcels,https://geo.sandag.org/server/rest/services/hosted/Parcels/FeatureServer/0,2026-10-04T02:11:41+00:00
A0365:use_code,A0365,use_code,14,1,14,consistent,one_distinct_to_value,SANDAG/SanGIS parcels,https://geo.sandag.org/server/rest/services/hosted/Parcels/FeatureServer/0,2026-10-04T02:11:41+00:00
A0365:use_description,A0365,use_description,,0,unknown,missing,zero_distinct_to_unknown,SANDAG/SanGIS parcels,https://geo.sandag.org/server/rest/services/hosted/Parcels/FeatureServer/0,2026-10-04T02:11:41+00:00
A0366:year_built,A0366,year_built,2024,1,2024,consistent,one_distinct_to_value,Boston Property Assessment FY2026,https://data.boston.gov/dataset/e02c44d2-3c64-459c-8fe2-e1ce5f38a035/resource/ee73430d-96c0-423e-ad21-c4cfb54c8961/download/fy2026-property-assessment-data_rev.csv,2026-10-04T02:11:41+00:00
A0366:units,A0366,units,,0,unknown,missing,zero_distinct_to_unknown,Boston Property Assessment FY2026,https://data.boston.gov/dataset/e02c44d2-3c64-459c-8fe2-e1ce5f38a035/resource/ee73430d-96c0-423e-ad21-c4cfb54c8961/download/fy2026-property-assessment-data_rev.csv,2026-10-04T02:11:41+00:00
A0366:use_code,A0366,use_code,A,1,A,consistent,one_distinct_to_value,Boston Property Assessment FY2026,https://data.boston.gov/dataset/e02c44d2-3c64-459c-8fe2-e1ce5f38a035/resource/ee73430d-96c0-423e-ad21-c4cfb54c8961/download/fy2026-property-assessment-data_rev.csv,2026-10-04T02:11:41+00:00
A0366:use_description,A0366,use_description,LUXURY APARTMENT,1,LUXURY APARTMENT,consistent,one_distinct_to_value,Boston Property Assessment FY2026,https://data.boston.gov/dataset/e02c44d2-3c64-459c-8fe2-e1ce5f38a035/resource/ee73430d-96c0-423e-ad21-c4cfb54c8961/download/fy2026-property-assessment-data_rev.csv,2026-10-04T02:11:41+00:00
A0367:year_built,A0367,year_built,,0,unknown,address_not_aligned,reject_unaligned_address,SANDAG/SanGIS parcels,https://geo.sandag.org/server/rest/services/hosted/Parcels/FeatureServer/0,2026-10-04T02:11:41+00:00
A0367:units,A0367,units,,0,unknown,address_not_aligned,reject_unaligned_address,SANDAG/SanGIS parcels,https://geo.sandag.org/server/rest/services/hosted/Parcels/FeatureServer/0,2026-10-04T02:11:41+00:00
A0367:use_code,A0367,use_code,,0,unknown,address_not_aligned,reject_unaligned_address,SANDAG/SanGIS parcels,https://geo.sandag.org/server/rest/services/hosted/Parcels/FeatureServer/0,2026-10-04T02:11:41+00:00
A0367:use_description,A0367,use_description,,0,unknown,address_not_aligned,reject_unaligned_address,SANDAG/SanGIS parcels,https://geo.sandag.org/server/rest/services/hosted/Parcels/FeatureServer/0,2026-10-04T02:11:41+00:00
A0369:year_built,A0369,year_built,,0,unknown,missing,zero_distinct_to_unknown,Alameda County parcels,https://gis.cityofberkeley.info/arcgis3/rest/services/Public/GISPortal/MapServer/1,2026-10-04T02:11:41+00:00
A0369:units,A0369,units,5,1,5,consistent,one_distinct_to_value,Alameda County parcels,https://gis.cityofberkeley.info/arcgis3/rest/services/Public/GISPortal/MapServer/1,2026-10-04T02:11:41+00:00
A0369:use_code,A0369,use_code,7700,1,7700,consistent,one_distinct_to_value,Alameda County parcels,https://gis.cityofberkeley.info/arcgis3/rest/services/Public/GISPortal/MapServer/1,2026-10-04T02:11:41+00:00
A0369:use_description,A0369,use_description,,0,unknown,missing,zero_distinct_to_unknown,Alameda County parcels,https://gis.cityofberkeley.info/arcgis3/rest/services/Public/GISPortal/MapServer/1,2026-10-04T02:11:41+00:00
A0370:year_built,A0370,year_built,1924,1,1924,consistent,one_distinct_to_value,LA County eGIS parcels,https://cache.gis.lacounty.gov/cache/rest/services/LACounty_Cache/LACounty_Parcel/FeatureServer/0,2026-10-04T02:11:41+00:00
A0370:units,A0370,units,2,1,2,consistent,one_distinct_to_value,LA County eGIS parcels,https://cache.gis.lacounty.gov/cache/rest/services/LACounty_Cache/LACounty_Parcel/FeatureServer/0,2026-10-04T02:11:41+00:00
A0370:use_code,A0370,use_code,0500,1,0500,consistent,one_distinct_to_value,LA County eGIS parcels,https://cache.gis.lacounty.gov/cache/rest/services/LACounty_Cache/LACounty_Parcel/FeatureServer/0,2026-10-04T02:11:41+00:00
A0370:use_description,A0370,use_description,Five or more apartments,1,Five or more apartments,consistent,one_distinct_to_value,LA County eGIS parcels,https://cache.gis.lacounty.gov/cache/rest/services/LACounty_Cache/LACounty_Parcel/FeatureServer/0,2026-10-04T02:11:41+00:00
A0371:year_built,A0371,year_built,,0,unknown,missing,zero_distinct_to_unknown,NJOGIS Parcels & MOD-IV Composite,https://services2.arcgis.com/XVOqAjTOJ5P6ngMu/arcgis/rest/services/Parcels_Composite_NJ_WM/FeatureServer/0,2026-10-04T02:11:41+00:00
A0371:units,A0371,units,1,1,1,consistent,one_distinct_to_value,NJOGIS Parcels & MOD-IV Composite,https://services2.arcgis.com/XVOqAjTOJ5P6ngMu/arcgis/rest/services/Parcels_Composite_NJ_WM/FeatureServer/0,2026-10-04T02:11:41+00:00
A0371:use_code,A0371,use_code,4C,1,4C,consistent,one_distinct_to_value,NJOGIS Parcels & MOD-IV Composite,https://services2.arcgis.com/XVOqAjTOJ5P6ngMu/arcgis/rest/services/Parcels_Composite_NJ_WM/FeatureServer/0,2026-10-04T02:11:41+00:00
A0371:use_description,A0371,use_description,029,1,029,consistent,one_distinct_to_value,NJOGIS Parcels & MOD-IV Composite,https://services2.arcgis.com/XVOqAjTOJ5P6ngMu/arcgis/rest/services/Parcels_Composite_NJ_WM/FeatureServer/0,2026-10-04T02:11:41+00:00
A0372:year_built,A0372,year_built,,0,unknown,missing,zero_distinct_to_unknown,NJOGIS Parcels & MOD-IV Composite,https://services2.arcgis.com/XVOqAjTOJ5P6ngMu/arcgis/rest/services/Parcels_Composite_NJ_WM/FeatureServer/0,2026-10-04T02:11:41+00:00
A0372:units,A0372,units,,0,unknown,missing,zero_distinct_to_unknown,NJOGIS Parcels & MOD-IV Composite,https://services2.arcgis.com/XVOqAjTOJ5P6ngMu/arcgis/rest/services/Parcels_Composite_NJ_WM/FeatureServer/0,2026-10-04T02:11:41+00:00
A0372:use_code,A0372,use_code,4C,1,4C,consistent,one_distinct_to_value,NJOGIS Parcels & MOD-IV Composite,https://services2.arcgis.com/XVOqAjTOJ5P6ngMu/arcgis/rest/services/Parcels_Composite_NJ_WM/FeatureServer/0,2026-10-04T02:11:41+00:00
A0372:use_description,A0372,use_description,,0,unknown,missing,zero_distinct_to_unknown,NJOGIS Parcels & MOD-IV Composite,https://services2.arcgis.com/XVOqAjTOJ5P6ngMu/arcgis/rest/services/Parcels_Composite_NJ_WM/FeatureServer/0,2026-10-04T02:11:41+00:00
A0373:year_built,A0373,year_built,,0,unknown,missing,zero_distinct_to_unknown,Alameda County parcels,https://gis.cityofberkeley.info/arcgis3/rest/services/Public/GISPortal/MapServer/1,2026-10-04T02:11:41+00:00
A0373:units,A0373,units,6,1,6,consistent,one_distinct_to_value,Alameda County parcels,https://gis.cityofberkeley.info/arcgis3/rest/services/Public/GISPortal/MapServer/1,2026-10-04T02:11:41+00:00
A0373:use_code,A0373,use_code,7200,1,7200,consistent,one_distinct_to_value,Alameda County parcels,https://gis.cityofberkeley.info/arcgis3/rest/services/Public/GISPortal/MapServer/1,2026-10-04T02:11:41+00:00
A0373:use_description,A0373,use_description,,0,unknown,missing,zero_distinct_to_unknown,Alameda County parcels,https://gis.cityofberkeley.info/arcgis3/rest/services/Public/GISPortal/MapServer/1,2026-10-04T02:11:41+00:00
A0374:year_built,A0374,year_built,1990,1,1990,consistent,one_distinct_to_value,LA County eGIS parcels,https://cache.gis.lacounty.gov/cache/rest/services/LACounty_Cache/LACounty_Parcel/FeatureServer/0,2026-10-04T02:11:41+00:00
A0374:units,A0374,units,15,1,15,consistent,one_distinct_to_value,LA County eGIS parcels,https://cache.gis.lacounty.gov/cache/rest/services/LACounty_Cache/LACounty_Parcel/FeatureServer/0,2026-10-04T02:11:41+00:00
A0374:use_code,A0374,use_code,0500,1,0500,consistent,one_distinct_to_value,LA County eGIS parcels,https://cache.gis.lacounty.gov/cache/rest/services/LACounty_Cache/LACounty_Parcel/FeatureServer/0,2026-10-04T02:11:41+00:00
A0374:use_description,A0374,use_description,Five or more apartments,1,Five or more apartments,consistent,one_distinct_to_value,LA County eGIS parcels,https://cache.gis.lacounty.gov/cache/rest/services/LACounty_Cache/LACounty_Parcel/FeatureServer/0,2026-10-04T02:11:41+00:00
A0376:year_built,A0376,year_built,,0,unknown,address_not_aligned,reject_unaligned_address,Boston Property Assessment FY2026,https://data.boston.gov/dataset/e02c44d2-3c64-459c-8fe2-e1ce5f38a035/resource/ee73430d-96c0-423e-ad21-c4cfb54c8961/download/fy2026-property-assessment-data_rev.csv,2026-10-04T02:11:41+00:00
A0376:units,A0376,units,,0,unknown,address_not_aligned,reject_unaligned_address,Boston Property Assessment FY2026,https://data.boston.gov/dataset/e02c44d2-3c64-459c-8fe2-e1ce5f38a035/resource/ee73430d-96c0-423e-ad21-c4cfb54c8961/download/fy2026-property-assessment-data_rev.csv,2026-10-04T02:11:41+00:00
A0376:use_code,A0376,use_code,,0,unknown,address_not_aligned,reject_unaligned_address,Boston Property Assessment FY2026,https://data.boston.gov/dataset/e02c44d2-3c64-459c-8fe2-e1ce5f38a035/resource/ee73430d-96c0-423e-ad21-c4cfb54c8961/download/fy2026-property-assessment-data_rev.csv,2026-10-04T02:11:41+00:00
A0376:use_description,A0376,use_description,,0,unknown,address_not_aligned,reject_unaligned_address,Boston Property Assessment FY2026,https://data.boston.gov/dataset/e02c44d2-3c64-459c-8fe2-e1ce5f38a035/resource/ee73430d-96c0-423e-ad21-c4cfb54c8961/download/fy2026-property-assessment-data_rev.csv,2026-10-04T02:11:41+00:00
A0377:year_built,A0377,year_built,,0,unknown,missing,zero_distinct_to_unknown,NJOGIS Parcels & MOD-IV Composite,https://services2.arcgis.com/XVOqAjTOJ5P6ngMu/arcgis/rest/services/Parcels_Composite_NJ_WM/FeatureServer/0,2026-10-04T02:11:41+00:00
A0377:units,A0377,units,14,1,14,consistent,one_distinct_to_value,NJOGIS Parcels & MOD-IV Composite,https://services2.arcgis.com/XVOqAjTOJ5P6ngMu/arcgis/rest/services/Parcels_Composite_NJ_WM/FeatureServer/0,2026-10-04T02:11:41+00:00
A0377:use_code,A0377,use_code,4C,1,4C,consistent,one_distinct_to_value,NJOGIS Parcels & MOD-IV Composite,https://services2.arcgis.com/XVOqAjTOJ5P6ngMu/arcgis/rest/services/Parcels_Composite_NJ_WM/FeatureServer/0,2026-10-04T02:11:41+00:00
A0377:use_description,A0377,use_description,,0,unknown,missing,zero_distinct_to_unknown,NJOGIS Parcels & MOD-IV Composite,https://services2.arcgis.com/XVOqAjTOJ5P6ngMu/arcgis/rest/services/Parcels_Composite_NJ_WM/FeatureServer/0,2026-10-04T02:11:41+00:00
A0378:year_built,A0378,year_built,68,1,68,consistent,one_distinct_to_value,SANDAG/SanGIS parcels,https://geo.sandag.org/server/rest/services/hosted/Parcels/FeatureServer/0,2026-10-04T02:11:41+00:00
A0378:units,A0378,units,9,1,9,consistent,one_distinct_to_value,SANDAG/SanGIS parcels,https://geo.sandag.org/server/rest/services/hosted/Parcels/FeatureServer/0,2026-10-04T02:11:41+00:00
A0378:use_code,A0378,use_code,14,1,14,consistent,one_distinct_to_value,SANDAG/SanGIS parcels,https://geo.sandag.org/server/rest/services/hosted/Parcels/FeatureServer/0,2026-10-04T02:11:41+00:00
A0378:use_description,A0378,use_description,,0,unknown,missing,zero_distinct_to_unknown,SANDAG/SanGIS parcels,https://geo.sandag.org/server/rest/services/hosted/Parcels/FeatureServer/0,2026-10-04T02:11:41+00:00
A0379:year_built,A0379,year_built,95,1,95,consistent,one_distinct_to_value,SANDAG/SanGIS parcels,https://geo.sandag.org/server/rest/services/hosted/Parcels/FeatureServer/0,2026-10-04T02:11:41+00:00
A0379:units,A0379,units,12,1,12,consistent,one_distinct_to_value,SANDAG/SanGIS parcels,https://geo.sandag.org/server/rest/services/hosted/Parcels/FeatureServer/0,2026-10-04T02:11:41+00:00
A0379:use_code,A0379,use_code,14,1,14,consistent,one_distinct_to_value,SANDAG/SanGIS parcels,https://geo.sandag.org/server/rest/services/hosted/Parcels/FeatureServer/0,2026-10-04T02:11:41+00:00
A0379:use_description,A0379,use_description,,0,unknown,missing,zero_distinct_to_unknown,SANDAG/SanGIS parcels,https://geo.sandag.org/server/rest/services/hosted/Parcels/FeatureServer/0,2026-10-04T02:11:41+00:00
A0380:year_built,A0380,year_built,,0,unknown,address_not_aligned,reject_unaligned_address,Boston Property Assessment FY2026,https://data.boston.gov/dataset/e02c44d2-3c64-459c-8fe2-e1ce5f38a035/resource/ee73430d-96c0-423e-ad21-c4cfb54c8961/download/fy2026-property-assessment-data_rev.csv,2026-10-04T02:11:41+00:00
A0380:units,A0380,units,,0,unknown,address_not_aligned,reject_unaligned_address,Boston Property Assessment FY2026,https://data.boston.gov/dataset/e02c44d2-3c64-459c-8fe2-e1ce5f38a035/resource/ee73430d-96c0-423e-ad21-c4cfb54c8961/download/fy2026-property-assessment-data_rev.csv,2026-10-04T02:11:41+00:00
A0380:use_code,A0380,use_code,,0,unknown,address_not_aligned,reject_unaligned_address,Boston Property Assessment FY2026,https://data.boston.gov/dataset/e02c44d2-3c64-459c-8fe2-e1ce5f38a035/resource/ee73430d-96c0-423e-ad21-c4cfb54c8961/download/fy2026-property-assessment-data_rev.csv,2026-10-04T02:11:41+00:00
A0380:use_description,A0380,use_description,,0,unknown,address_not_aligned,reject_unaligned_address,Boston Property Assessment FY2026,https://data.boston.gov/dataset/e02c44d2-3c64-459c-8fe2-e1ce5f38a035/resource/ee73430d-96c0-423e-ad21-c4cfb54c8961/download/fy2026-property-assessment-data_rev.csv,2026-10-04T02:11:41+00:00
A0381:year_built,A0381,year_built,,0,unknown,missing,zero_distinct_to_unknown,NJOGIS Parcels & MOD-IV Composite,https://services2.arcgis.com/XVOqAjTOJ5P6ngMu/arcgis/rest/services/Parcels_Composite_NJ_WM/FeatureServer/0,2026-10-04T02:11:41+00:00
A0381:units,A0381,units,1,1,1,consistent,one_distinct_to_value,NJOGIS Parcels & MOD-IV Composite,https://services2.arcgis.com/XVOqAjTOJ5P6ngMu/arcgis/rest/services/Parcels_Composite_NJ_WM/FeatureServer/0,2026-10-04T02:11:41+00:00
A0381:use_code,A0381,use_code,4C,1,4C,consistent,one_distinct_to_value,NJOGIS Parcels & MOD-IV Composite,https://services2.arcgis.com/XVOqAjTOJ5P6ngMu/arcgis/rest/services/Parcels_Composite_NJ_WM/FeatureServer/0,2026-10-04T02:11:41+00:00
A0381:use_description,A0381,use_description,,0,unknown,missing,zero_distinct_to_unknown,NJOGIS Parcels & MOD-IV Composite,https://services2.arcgis.com/XVOqAjTOJ5P6ngMu/arcgis/rest/services/Parcels_Composite_NJ_WM/FeatureServer/0,2026-10-04T02:11:41+00:00
A0383:year_built,A0383,year_built,,0,unknown,missing,zero_distinct_to_unknown,Alameda County parcels,https://gis.cityofberkeley.info/arcgis3/rest/services/Public/GISPortal/MapServer/1,2026-10-04T02:11:41+00:00
A0383:units,A0383,units,11,1,11,consistent,one_distinct_to_value,Alameda County parcels,https://gis.cityofberkeley.info/arcgis3/rest/services/Public/GISPortal/MapServer/1,2026-10-04T02:11:41+00:00
A0383:use_code,A0383,use_code,7700,1,7700,consistent,one_distinct_to_value,Alameda County parcels,https://gis.cityofberkeley.info/arcgis3/rest/services/Public/GISPortal/MapServer/1,2026-10-04T02:11:41+00:00
A0383:use_description,A0383,use_description,,0,unknown,missing,zero_distinct_to_unknown,Alameda County parcels,https://gis.cityofberkeley.info/arcgis3/rest/services/Public/GISPortal/MapServer/1,2026-10-04T02:11:41+00:00
A0386:year_built,A0386,year_built,87,1,87,consistent,one_distinct_to_value,SANDAG/SanGIS parcels,https://geo.sandag.org/server/rest/services/hosted/Parcels/FeatureServer/0,2026-10-04T02:11:41+00:00
A0386:units,A0386,units,7,1,7,consistent,one_distinct_to_value,SANDAG/SanGIS parcels,https://geo.sandag.org/server/rest/services/hosted/Parcels/FeatureServer/0,2026-10-04T02:11:41+00:00
A0386:use_code,A0386,use_code,14,1,14,consistent,one_distinct_to_value,SANDAG/SanGIS parcels,https://geo.sandag.org/server/rest/services/hosted/Parcels/FeatureServer/0,2026-10-04T02:11:41+00:00
A0386:use_description,A0386,use_description,,0,unknown,missing,zero_distinct_to_unknown,SANDAG/SanGIS parcels,https://geo.sandag.org/server/rest/services/hosted/Parcels/FeatureServer/0,2026-10-04T02:11:41+00:00
A0387:year_built,A0387,year_built,87,1,unknown,address_not_aligned,reject_unaligned_address,SANDAG/SanGIS parcels,https://geo.sandag.org/server/rest/services/hosted/Parcels/FeatureServer/0,2026-10-04T02:11:41+00:00
A0387:units,A0387,units,152,1,unknown,address_not_aligned,reject_unaligned_address,SANDAG/SanGIS parcels,https://geo.sandag.org/server/rest/services/hosted/Parcels/FeatureServer/0,2026-10-04T02:11:41+00:00
A0387:use_code,A0387,use_code,16,1,unknown,address_not_aligned,reject_unaligned_address,SANDAG/SanGIS parcels,https://geo.sandag.org/server/rest/services/hosted/Parcels/FeatureServer/0,2026-10-04T02:11:41+00:00
A0387:use_description,A0387,use_description,,0,unknown,address_not_aligned,reject_unaligned_address,SANDAG/SanGIS parcels,https://geo.sandag.org/server/rest/services/hosted/Parcels/FeatureServer/0,2026-10-04T02:11:41+00:00
A0388:year_built,A0388,year_built,,0,unknown,address_not_aligned,reject_unaligned_address,NJOGIS Parcels & MOD-IV Composite,https://services2.arcgis.com/XVOqAjTOJ5P6ngMu/arcgis/rest/services/Parcels_Composite_NJ_WM/FeatureServer/0,2026-10-04T02:11:41+00:00
A0388:units,A0388,units,,0,unknown,address_not_aligned,reject_unaligned_address,NJOGIS Parcels & MOD-IV Composite,https://services2.arcgis.com/XVOqAjTOJ5P6ngMu/arcgis/rest/services/Parcels_Composite_NJ_WM/FeatureServer/0,2026-10-04T02:11:41+00:00
A0388:use_code,A0388,use_code,4C,1,unknown,address_not_aligned,reject_unaligned_address,NJOGIS Parcels & MOD-IV Composite,https://services2.arcgis.com/XVOqAjTOJ5P6ngMu/arcgis/rest/services/Parcels_Composite_NJ_WM/FeatureServer/0,2026-10-04T02:11:41+00:00
A0388:use_description,A0388,use_description,,0,unknown,address_not_aligned,reject_unaligned_address,NJOGIS Parcels & MOD-IV Composite,https://services2.arcgis.com/XVOqAjTOJ5P6ngMu/arcgis/rest/services/Parcels_Composite_NJ_WM/FeatureServer/0,2026-10-04T02:11:41+00:00
A0389:year_built,A0389,year_built,,0,unknown,missing,zero_distinct_to_unknown,NJOGIS Parcels & MOD-IV Composite,https://services2.arcgis.com/XVOqAjTOJ5P6ngMu/arcgis/rest/services/Parcels_Composite_NJ_WM/FeatureServer/0,2026-10-04T02:11:41+00:00
A0389:units,A0389,units,10,1,10,consistent,one_distinct_to_value,NJOGIS Parcels & MOD-IV Composite,https://services2.arcgis.com/XVOqAjTOJ5P6ngMu/arcgis/rest/services/Parcels_Composite_NJ_WM/FeatureServer/0,2026-10-04T02:11:41+00:00
A0389:use_code,A0389,use_code,4C,1,4C,consistent,one_distinct_to_value,NJOGIS Parcels & MOD-IV Composite,https://services2.arcgis.com/XVOqAjTOJ5P6ngMu/arcgis/rest/services/Parcels_Composite_NJ_WM/FeatureServer/0,2026-10-04T02:11:41+00:00
A0389:use_description,A0389,use_description,,0,unknown,missing,zero_distinct_to_unknown,NJOGIS Parcels & MOD-IV Composite,https://services2.arcgis.com/XVOqAjTOJ5P6ngMu/arcgis/rest/services/Parcels_Composite_NJ_WM/FeatureServer/0,2026-10-04T02:11:41+00:00
A0390:year_built,A0390,year_built,,0,unknown,missing,zero_distinct_to_unknown,NJOGIS Parcels & MOD-IV Composite,https://services2.arcgis.com/XVOqAjTOJ5P6ngMu/arcgis/rest/services/Parcels_Composite_NJ_WM/FeatureServer/0,2026-10-04T02:11:41+00:00
A0390:units,A0390,units,1,1,1,consistent,one_distinct_to_value,NJOGIS Parcels & MOD-IV Composite,https://services2.arcgis.com/XVOqAjTOJ5P6ngMu/arcgis/rest/services/Parcels_Composite_NJ_WM/FeatureServer/0,2026-10-04T02:11:41+00:00
A0390:use_code,A0390,use_code,4C,1,4C,consistent,one_distinct_to_value,NJOGIS Parcels & MOD-IV Composite,https://services2.arcgis.com/XVOqAjTOJ5P6ngMu/arcgis/rest/services/Parcels_Composite_NJ_WM/FeatureServer/0,2026-10-04T02:11:41+00:00
A0390:use_description,A0390,use_description,029,1,029,consistent,one_distinct_to_value,NJOGIS Parcels & MOD-IV Composite,https://services2.arcgis.com/XVOqAjTOJ5P6ngMu/arcgis/rest/services/Parcels_Composite_NJ_WM/FeatureServer/0,2026-10-04T02:11:41+00:00
A0391:year_built,A0391,year_built,06,1,06,consistent,one_distinct_to_value,SANDAG/SanGIS parcels,https://geo.sandag.org/server/rest/services/hosted/Parcels/FeatureServer/0,2026-10-04T02:11:41+00:00
A0391:units,A0391,units,9,1,9,consistent,one_distinct_to_value,SANDAG/SanGIS parcels,https://geo.sandag.org/server/rest/services/hosted/Parcels/FeatureServer/0,2026-10-04T02:11:41+00:00
A0391:use_code,A0391,use_code,14,1,14,consistent,one_distinct_to_value,SANDAG/SanGIS parcels,https://geo.sandag.org/server/rest/services/hosted/Parcels/FeatureServer/0,2026-10-04T02:11:41+00:00
A0391:use_description,A0391,use_description,,0,unknown,missing,zero_distinct_to_unknown,SANDAG/SanGIS parcels,https://geo.sandag.org/server/rest/services/hosted/Parcels/FeatureServer/0,2026-10-04T02:11:41+00:00
A0392:year_built,A0392,year_built,,0,unknown,address_not_aligned,reject_unaligned_address,SANDAG/SanGIS parcels,https://geo.sandag.org/server/rest/services/hosted/Parcels/FeatureServer/0,2026-10-04T02:11:41+00:00
A0392:units,A0392,units,,0,unknown,address_not_aligned,reject_unaligned_address,SANDAG/SanGIS parcels,https://geo.sandag.org/server/rest/services/hosted/Parcels/FeatureServer/0,2026-10-04T02:11:41+00:00
A0392:use_code,A0392,use_code,,0,unknown,address_not_aligned,reject_unaligned_address,SANDAG/SanGIS parcels,https://geo.sandag.org/server/rest/services/hosted/Parcels/FeatureServer/0,2026-10-04T02:11:41+00:00
A0392:use_description,A0392,use_description,,0,unknown,address_not_aligned,reject_unaligned_address,SANDAG/SanGIS parcels,https://geo.sandag.org/server/rest/services/hosted/Parcels/FeatureServer/0,2026-10-04T02:11:41+00:00
A0393:year_built,A0393,year_built,,0,unknown,missing,zero_distinct_to_unknown,NJOGIS Parcels & MOD-IV Composite,https://services2.arcgis.com/XVOqAjTOJ5P6ngMu/arcgis/rest/services/Parcels_Composite_NJ_WM/FeatureServer/0,2026-10-04T02:11:41+00:00
A0393:units,A0393,units,,0,unknown,missing,zero_distinct_to_unknown,NJOGIS Parcels & MOD-IV Composite,https://services2.arcgis.com/XVOqAjTOJ5P6ngMu/arcgis/rest/services/Parcels_Composite_NJ_WM/FeatureServer/0,2026-10-04T02:11:41+00:00
A0393:use_code,A0393,use_code,4C,1,4C,consistent,one_distinct_to_value,NJOGIS Parcels & MOD-IV Composite,https://services2.arcgis.com/XVOqAjTOJ5P6ngMu/arcgis/rest/services/Parcels_Composite_NJ_WM/FeatureServer/0,2026-10-04T02:11:41+00:00
A0393:use_description,A0393,use_description,029,1,029,consistent,one_distinct_to_value,NJOGIS Parcels & MOD-IV Composite,https://services2.arcgis.com/XVOqAjTOJ5P6ngMu/arcgis/rest/services/Parcels_Composite_NJ_WM/FeatureServer/0,2026-10-04T02:11:41+00:00
A0394:year_built,A0394,year_built,1912,1,1912,consistent,one_distinct_to_value,NJOGIS Parcels & MOD-IV Composite,https://services2.arcgis.com/XVOqAjTOJ5P6ngMu/arcgis/rest/services/Parcels_Composite_NJ_WM/FeatureServer/0,2026-10-04T02:11:41+00:00
A0394:units,A0394,units,,0,unknown,missing,zero_distinct_to_unknown,NJOGIS Parcels & MOD-IV Composite,https://services2.arcgis.com/XVOqAjTOJ5P6ngMu/arcgis/rest/services/Parcels_Composite_NJ_WM/FeatureServer/0,2026-10-04T02:11:41+00:00
A0394:use_code,A0394,use_code,4C,1,4C,consistent,one_distinct_to_value,NJOGIS Parcels & MOD-IV Composite,https://services2.arcgis.com/XVOqAjTOJ5P6ngMu/arcgis/rest/services/Parcels_Composite_NJ_WM/FeatureServer/0,2026-10-04T02:11:41+00:00
A0394:use_description,A0394,use_description,,0,unknown,missing,zero_distinct_to_unknown,NJOGIS Parcels & MOD-IV Composite,https://services2.arcgis.com/XVOqAjTOJ5P6ngMu/arcgis/rest/services/Parcels_Composite_NJ_WM/FeatureServer/0,2026-10-04T02:11:41+00:00
A0395:year_built,A0395,year_built,1962,1,1962,consistent,one_distinct_to_value,Alameda County parcels,https://gis.cityofberkeley.info/arcgis3/rest/services/Public/GISPortal/MapServer/1,2026-10-04T02:11:41+00:00
A0395:units,A0395,units,5,1,5,consistent,one_distinct_to_value,Alameda County parcels,https://gis.cityofberkeley.info/arcgis3/rest/services/Public/GISPortal/MapServer/1,2026-10-04T02:11:41+00:00
A0395:use_code,A0395,use_code,7700,1,7700,consistent,one_distinct_to_value,Alameda County parcels,https://gis.cityofberkeley.info/arcgis3/rest/services/Public/GISPortal/MapServer/1,2026-10-04T02:11:41+00:00
A0395:use_description,A0395,use_description,,0,unknown,missing,zero_distinct_to_unknown,Alameda County parcels,https://gis.cityofberkeley.info/arcgis3/rest/services/Public/GISPortal/MapServer/1,2026-10-04T02:11:41+00:00
A0396:year_built,A0396,year_built,25,1,25,consistent,one_distinct_to_value,SANDAG/SanGIS parcels,https://geo.sandag.org/server/rest/services/hosted/Parcels/FeatureServer/0,2026-10-04T02:11:41+00:00
A0396:units,A0396,units,6,1,6,consistent,one_distinct_to_value,SANDAG/SanGIS parcels,https://geo.sandag.org/server/rest/services/hosted/Parcels/FeatureServer/0,2026-10-04T02:11:41+00:00
A0396:use_code,A0396,use_code,14,1,14,consistent,one_distinct_to_value,SANDAG/SanGIS parcels,https://geo.sandag.org/server/rest/services/hosted/Parcels/FeatureServer/0,2026-10-04T02:11:41+00:00
A0396:use_description,A0396,use_description,,0,unknown,missing,zero_distinct_to_unknown,SANDAG/SanGIS parcels,https://geo.sandag.org/server/rest/services/hosted/Parcels/FeatureServer/0,2026-10-04T02:11:41+00:00
A0399:year_built,A0399,year_built,,0,unknown,missing,zero_distinct_to_unknown,NJOGIS Parcels & MOD-IV Composite,https://services2.arcgis.com/XVOqAjTOJ5P6ngMu/arcgis/rest/services/Parcels_Composite_NJ_WM/FeatureServer/0,2026-10-04T02:11:41+00:00
A0399:units,A0399,units,9,1,9,consistent,one_distinct_to_value,NJOGIS Parcels & MOD-IV Composite,https://services2.arcgis.com/XVOqAjTOJ5P6ngMu/arcgis/rest/services/Parcels_Composite_NJ_WM/FeatureServer/0,2026-10-04T02:11:41+00:00
A0399:use_code,A0399,use_code,4C,1,4C,consistent,one_distinct_to_value,NJOGIS Parcels & MOD-IV Composite,https://services2.arcgis.com/XVOqAjTOJ5P6ngMu/arcgis/rest/services/Parcels_Composite_NJ_WM/FeatureServer/0,2026-10-04T02:11:41+00:00
A0399:use_description,A0399,use_description,,0,unknown,missing,zero_distinct_to_unknown,NJOGIS Parcels & MOD-IV Composite,https://services2.arcgis.com/XVOqAjTOJ5P6ngMu/arcgis/rest/services/Parcels_Composite_NJ_WM/FeatureServer/0,2026-10-04T02:11:41+00:00
A0400:year_built,A0400,year_built,,0,unknown,missing,zero_distinct_to_unknown,NJOGIS Parcels & MOD-IV Composite,https://services2.arcgis.com/XVOqAjTOJ5P6ngMu/arcgis/rest/services/Parcels_Composite_NJ_WM/FeatureServer/0,2026-10-04T02:11:41+00:00
A0400:units,A0400,units,1,1,1,consistent,one_distinct_to_value,NJOGIS Parcels & MOD-IV Composite,https://services2.arcgis.com/XVOqAjTOJ5P6ngMu/arcgis/rest/services/Parcels_Composite_NJ_WM/FeatureServer/0,2026-10-04T02:11:41+00:00
A0400:use_code,A0400,use_code,4C,1,4C,consistent,one_distinct_to_value,NJOGIS Parcels & MOD-IV Composite,https://services2.arcgis.com/XVOqAjTOJ5P6ngMu/arcgis/rest/services/Parcels_Composite_NJ_WM/FeatureServer/0,2026-10-04T02:11:41+00:00
A0400:use_description,A0400,use_description,029,1,029,consistent,one_distinct_to_value,NJOGIS Parcels & MOD-IV Composite,https://services2.arcgis.com/XVOqAjTOJ5P6ngMu/arcgis/rest/services/Parcels_Composite_NJ_WM/FeatureServer/0,2026-10-04T02:11:41+00:00
A0403:year_built,A0403,year_built,1899,1,1899,consistent,one_distinct_to_value,Boston Property Assessment FY2026,https://data.boston.gov/dataset/e02c44d2-3c64-459c-8fe2-e1ce5f38a035/resource/ee73430d-96c0-423e-ad21-c4cfb54c8961/download/fy2026-property-assessment-data_rev.csv,2026-10-04T02:11:41+00:00
A0403:units,A0403,units,,0,unknown,missing,zero_distinct_to_unknown,Boston Property Assessment FY2026,https://data.boston.gov/dataset/e02c44d2-3c64-459c-8fe2-e1ce5f38a035/resource/ee73430d-96c0-423e-ad21-c4cfb54c8961/download/fy2026-property-assessment-data_rev.csv,2026-10-04T02:11:41+00:00
A0403:use_code,A0403,use_code,A,1,A,consistent,one_distinct_to_value,Boston Property Assessment FY2026,https://data.boston.gov/dataset/e02c44d2-3c64-459c-8fe2-e1ce5f38a035/resource/ee73430d-96c0-423e-ad21-c4cfb54c8961/download/fy2026-property-assessment-data_rev.csv,2026-10-04T02:11:41+00:00
A0403:use_description,A0403,use_description,SUBSD HOUSING S- 8,1,SUBSD HOUSING S- 8,consistent,one_distinct_to_value,Boston Property Assessment FY2026,https://data.boston.gov/dataset/e02c44d2-3c64-459c-8fe2-e1ce5f38a035/resource/ee73430d-96c0-423e-ad21-c4cfb54c8961/download/fy2026-property-assessment-data_rev.csv,2026-10-04T02:11:41+00:00
A0404:year_built,A0404,year_built,1900,1,1900,consistent,one_distinct_to_value,NJOGIS Parcels & MOD-IV Composite,https://services2.arcgis.com/XVOqAjTOJ5P6ngMu/arcgis/rest/services/Parcels_Composite_NJ_WM/FeatureServer/0,2026-10-04T02:11:41+00:00
A0404:units,A0404,units,,0,unknown,missing,zero_distinct_to_unknown,NJOGIS Parcels & MOD-IV Composite,https://services2.arcgis.com/XVOqAjTOJ5P6ngMu/arcgis/rest/services/Parcels_Composite_NJ_WM/FeatureServer/0,2026-10-04T02:11:41+00:00
A0404:use_code,A0404,use_code,4C,1,4C,consistent,one_distinct_to_value,NJOGIS Parcels & MOD-IV Composite,https://services2.arcgis.com/XVOqAjTOJ5P6ngMu/arcgis/rest/services/Parcels_Composite_NJ_WM/FeatureServer/0,2026-10-04T02:11:41+00:00
A0404:use_description,A0404,use_description,,0,unknown,missing,zero_distinct_to_unknown,NJOGIS Parcels & MOD-IV Composite,https://services2.arcgis.com/XVOqAjTOJ5P6ngMu/arcgis/rest/services/Parcels_Composite_NJ_WM/FeatureServer/0,2026-10-04T02:11:41+00:00
A0405:year_built,A0405,year_built,2008,1,2008,consistent,one_distinct_to_value,LA County eGIS parcels,https://cache.gis.lacounty.gov/cache/rest/services/LACounty_Cache/LACounty_Parcel/FeatureServer/0,2026-10-04T02:11:41+00:00
A0405:units,A0405,units,6,1,6,consistent,one_distinct_to_value,LA County eGIS parcels,https://cache.gis.lacounty.gov/cache/rest/services/LACounty_Cache/LACounty_Parcel/FeatureServer/0,2026-10-04T02:11:41+00:00
A0405:use_code,A0405,use_code,0500,1,0500,consistent,one_distinct_to_value,LA County eGIS parcels,https://cache.gis.lacounty.gov/cache/rest/services/LACounty_Cache/LACounty_Parcel/FeatureServer/0,2026-10-04T02:11:41+00:00
A0405:use_description,A0405,use_description,Five or more apartments,1,Five or more apartments,consistent,one_distinct_to_value,LA County eGIS parcels,https://cache.gis.lacounty.gov/cache/rest/services/LACounty_Cache/LACounty_Parcel/FeatureServer/0,2026-10-04T02:11:41+00:00
A0406:year_built,A0406,year_built,1899,1,1899,consistent,one_distinct_to_value,Boston Property Assessment FY2026,https://data.boston.gov/dataset/e02c44d2-3c64-459c-8fe2-e1ce5f38a035/resource/ee73430d-96c0-423e-ad21-c4cfb54c8961/download/fy2026-property-assessment-data_rev.csv,2026-10-04T02:11:41+00:00
A0406:units,A0406,units,,0,unknown,missing,zero_distinct_to_unknown,Boston Property Assessment FY2026,https://data.boston.gov/dataset/e02c44d2-3c64-459c-8fe2-e1ce5f38a035/resource/ee73430d-96c0-423e-ad21-c4cfb54c8961/download/fy2026-property-assessment-data_rev.csv,2026-10-04T02:11:41+00:00
A0406:use_code,A0406,use_code,A,1,A,consistent,one_distinct_to_value,Boston Property Assessment FY2026,https://data.boston.gov/dataset/e02c44d2-3c64-459c-8fe2-e1ce5f38a035/resource/ee73430d-96c0-423e-ad21-c4cfb54c8961/download/fy2026-property-assessment-data_rev.csv,2026-10-04T02:11:41+00:00
A0406:use_description,A0406,use_description,SUBSD HOUSING S- 8,1,SUBSD HOUSING S- 8,consistent,one_distinct_to_value,Boston Property Assessment FY2026,https://data.boston.gov/dataset/e02c44d2-3c64-459c-8fe2-e1ce5f38a035/resource/ee73430d-96c0-423e-ad21-c4cfb54c8961/download/fy2026-property-assessment-data_rev.csv,2026-10-04T02:11:41+00:00
A0407:year_built,A0407,year_built,1964,1,1964,consistent,one_distinct_to_value,LA County eGIS parcels,https://cache.gis.lacounty.gov/cache/rest/services/LACounty_Cache/LACounty_Parcel/FeatureServer/0,2026-10-04T02:11:41+00:00
A0407:units,A0407,units,10,1,10,consistent,one_distinct_to_value,LA County eGIS parcels,https://cache.gis.lacounty.gov/cache/rest/services/LACounty_Cache/LACounty_Parcel/FeatureServer/0,2026-10-04T02:11:41+00:00
A0407:use_code,A0407,use_code,0500,1,0500,consistent,one_distinct_to_value,LA County eGIS parcels,https://cache.gis.lacounty.gov/cache/rest/services/LACounty_Cache/LACounty_Parcel/FeatureServer/0,2026-10-04T02:11:41+00:00
A0407:use_description,A0407,use_description,Five or more apartments,1,Five or more apartments,consistent,one_distinct_to_value,LA County eGIS parcels,https://cache.gis.lacounty.gov/cache/rest/services/LACounty_Cache/LACounty_Parcel/FeatureServer/0,2026-10-04T02:11:41+00:00
A0408:year_built,A0408,year_built,1964,1,1964,consistent,one_distinct_to_value,LA County eGIS parcels,https://cache.gis.lacounty.gov/cache/rest/services/LACounty_Cache/LACounty_Parcel/FeatureServer/0,2026-10-04T02:11:41+00:00
A0408:units,A0408,units,23,1,23,consistent,one_distinct_to_value,LA County eGIS parcels,https://cache.gis.lacounty.gov/cache/rest/services/LACounty_Cache/LACounty_Parcel/FeatureServer/0,2026-10-04T02:11:41+00:00
A0408:use_code,A0408,use_code,0500,1,0500,consistent,one_distinct_to_value,LA County eGIS parcels,https://cache.gis.lacounty.gov/cache/rest/services/LACounty_Cache/LACounty_Parcel/FeatureServer/0,2026-10-04T02:11:41+00:00
A0408:use_description,A0408,use_description,Five or more apartments,1,Five or more apartments,consistent,one_distinct_to_value,LA County eGIS parcels,https://cache.gis.lacounty.gov/cache/rest/services/LACounty_Cache/LACounty_Parcel/FeatureServer/0,2026-10-04T02:11:41+00:00
A0409:year_built,A0409,year_built,42,1,42,consistent,one_distinct_to_value,SANDAG/SanGIS parcels,https://geo.sandag.org/server/rest/services/hosted/Parcels/FeatureServer/0,2026-10-04T02:11:41+00:00
A0409:units,A0409,units,5,1,5,consistent,one_distinct_to_value,SANDAG/SanGIS parcels,https://geo.sandag.org/server/rest/services/hosted/Parcels/FeatureServer/0,2026-10-04T02:11:41+00:00
A0409:use_code,A0409,use_code,14,1,14,consistent,one_distinct_to_value,SANDAG/SanGIS parcels,https://geo.sandag.org/server/rest/services/hosted/Parcels/FeatureServer/0,2026-10-04T02:11:41+00:00
A0409:use_description,A0409,use_description,,0,unknown,missing,zero_distinct_to_unknown,SANDAG/SanGIS parcels,https://geo.sandag.org/server/rest/services/hosted/Parcels/FeatureServer/0,2026-10-04T02:11:41+00:00
A0410:year_built,A0410,year_built,1920,1,1920,consistent,one_distinct_to_value,NJOGIS Parcels & MOD-IV Composite,https://services2.arcgis.com/XVOqAjTOJ5P6ngMu/arcgis/rest/services/Parcels_Composite_NJ_WM/FeatureServer/0,2026-10-04T02:11:41+00:00
A0410:units,A0410,units,,0,unknown,missing,zero_distinct_to_unknown,NJOGIS Parcels & MOD-IV Composite,https://services2.arcgis.com/XVOqAjTOJ5P6ngMu/arcgis/rest/services/Parcels_Composite_NJ_WM/FeatureServer/0,2026-10-04T02:11:41+00:00
A0410:use_code,A0410,use_code,4C,1,4C,consistent,one_distinct_to_value,NJOGIS Parcels & MOD-IV Composite,https://services2.arcgis.com/XVOqAjTOJ5P6ngMu/arcgis/rest/services/Parcels_Composite_NJ_WM/FeatureServer/0,2026-10-04T02:11:41+00:00
A0410:use_description,A0410,use_description,,0,unknown,missing,zero_distinct_to_unknown,NJOGIS Parcels & MOD-IV Composite,https://services2.arcgis.com/XVOqAjTOJ5P6ngMu/arcgis/rest/services/Parcels_Composite_NJ_WM/FeatureServer/0,2026-10-04T02:11:41+00:00
A0411:year_built,A0411,year_built,,0,unknown,missing,zero_distinct_to_unknown,Alameda County parcels,https://gis.cityofberkeley.info/arcgis3/rest/services/Public/GISPortal/MapServer/1,2026-10-04T02:11:41+00:00
A0411:units,A0411,units,5,1,5,consistent,one_distinct_to_value,Alameda County parcels,https://gis.cityofberkeley.info/arcgis3/rest/services/Public/GISPortal/MapServer/1,2026-10-04T02:11:41+00:00
A0411:use_code,A0411,use_code,7200,1,7200,consistent,one_distinct_to_value,Alameda County parcels,https://gis.cityofberkeley.info/arcgis3/rest/services/Public/GISPortal/MapServer/1,2026-10-04T02:11:41+00:00
A0411:use_description,A0411,use_description,,0,unknown,missing,zero_distinct_to_unknown,Alameda County parcels,https://gis.cityofberkeley.info/arcgis3/rest/services/Public/GISPortal/MapServer/1,2026-10-04T02:11:41+00:00
A0412:year_built,A0412,year_built,,0,unknown,missing,zero_distinct_to_unknown,NJOGIS Parcels & MOD-IV Composite,https://services2.arcgis.com/XVOqAjTOJ5P6ngMu/arcgis/rest/services/Parcels_Composite_NJ_WM/FeatureServer/0,2026-10-04T02:11:41+00:00
A0412:units,A0412,units,1,1,1,consistent,one_distinct_to_value,NJOGIS Parcels & MOD-IV Composite,https://services2.arcgis.com/XVOqAjTOJ5P6ngMu/arcgis/rest/services/Parcels_Composite_NJ_WM/FeatureServer/0,2026-10-04T02:11:41+00:00
A0412:use_code,A0412,use_code,4C,1,4C,consistent,one_distinct_to_value,NJOGIS Parcels & MOD-IV Composite,https://services2.arcgis.com/XVOqAjTOJ5P6ngMu/arcgis/rest/services/Parcels_Composite_NJ_WM/FeatureServer/0,2026-10-04T02:11:41+00:00
A0412:use_description,A0412,use_description,029,1,029,consistent,one_distinct_to_value,NJOGIS Parcels & MOD-IV Composite,https://services2.arcgis.com/XVOqAjTOJ5P6ngMu/arcgis/rest/services/Parcels_Composite_NJ_WM/FeatureServer/0,2026-10-04T02:11:41+00:00
A0413:year_built,A0413,year_built,70,1,70,consistent,one_distinct_to_value,SANDAG/SanGIS parcels,https://geo.sandag.org/server/rest/services/hosted/Parcels/FeatureServer/0,2026-10-04T02:11:41+00:00
A0413:units,A0413,units,8,1,8,consistent,one_distinct_to_value,SANDAG/SanGIS parcels,https://geo.sandag.org/server/rest/services/hosted/Parcels/FeatureServer/0,2026-10-04T02:11:41+00:00
A0413:use_code,A0413,use_code,14,1,14,consistent,one_distinct_to_value,SANDAG/SanGIS parcels,https://geo.sandag.org/server/rest/services/hosted/Parcels/FeatureServer/0,2026-10-04T02:11:41+00:00
A0413:use_description,A0413,use_description,,0,unknown,missing,zero_distinct_to_unknown,SANDAG/SanGIS parcels,https://geo.sandag.org/server/rest/services/hosted/Parcels/FeatureServer/0,2026-10-04T02:11:41+00:00
A0415:year_built,A0415,year_built,1,1,1,consistent,one_distinct_to_value,NJOGIS Parcels & MOD-IV Composite,https://services2.arcgis.com/XVOqAjTOJ5P6ngMu/arcgis/rest/services/Parcels_Composite_NJ_WM/FeatureServer/0,2026-10-04T02:11:41+00:00
A0415:units,A0415,units,,0,unknown,missing,zero_distinct_to_unknown,NJOGIS Parcels & MOD-IV Composite,https://services2.arcgis.com/XVOqAjTOJ5P6ngMu/arcgis/rest/services/Parcels_Composite_NJ_WM/FeatureServer/0,2026-10-04T02:11:41+00:00
A0415:use_code,A0415,use_code,4C,1,4C,consistent,one_distinct_to_value,NJOGIS Parcels & MOD-IV Composite,https://services2.arcgis.com/XVOqAjTOJ5P6ngMu/arcgis/rest/services/Parcels_Composite_NJ_WM/FeatureServer/0,2026-10-04T02:11:41+00:00
A0415:use_description,A0415,use_description,,0,unknown,missing,zero_distinct_to_unknown,NJOGIS Parcels & MOD-IV Composite,https://services2.arcgis.com/XVOqAjTOJ5P6ngMu/arcgis/rest/services/Parcels_Composite_NJ_WM/FeatureServer/0,2026-10-04T02:11:41+00:00
A0416:year_built,A0416,year_built,,0,unknown,missing,zero_distinct_to_unknown,NJOGIS Parcels & MOD-IV Composite,https://services2.arcgis.com/XVOqAjTOJ5P6ngMu/arcgis/rest/services/Parcels_Composite_NJ_WM/FeatureServer/0,2026-10-04T02:11:41+00:00
A0416:units,A0416,units,,0,unknown,missing,zero_distinct_to_unknown,NJOGIS Parcels & MOD-IV Composite,https://services2.arcgis.com/XVOqAjTOJ5P6ngMu/arcgis/rest/services/Parcels_Composite_NJ_WM/FeatureServer/0,2026-10-04T02:11:41+00:00
A0416:use_code,A0416,use_code,4C,1,4C,consistent,one_distinct_to_value,NJOGIS Parcels & MOD-IV Composite,https://services2.arcgis.com/XVOqAjTOJ5P6ngMu/arcgis/rest/services/Parcels_Composite_NJ_WM/FeatureServer/0,2026-10-04T02:11:41+00:00
A0416:use_description,A0416,use_description,,0,unknown,missing,zero_distinct_to_unknown,NJOGIS Parcels & MOD-IV Composite,https://services2.arcgis.com/XVOqAjTOJ5P6ngMu/arcgis/rest/services/Parcels_Composite_NJ_WM/FeatureServer/0,2026-10-04T02:11:41+00:00
A0417:year_built,A0417,year_built,0000,1,0000,consistent,one_distinct_to_value,LA County eGIS parcels,https://cache.gis.lacounty.gov/cache/rest/services/LACounty_Cache/LACounty_Parcel/FeatureServer/0,2026-10-04T02:11:41+00:00
A0417:units,A0417,units,5,1,5,consistent,one_distinct_to_value,LA County eGIS parcels,https://cache.gis.lacounty.gov/cache/rest/services/LACounty_Cache/LACounty_Parcel/FeatureServer/0,2026-10-04T02:11:41+00:00
A0417:use_code,A0417,use_code,0500,1,0500,consistent,one_distinct_to_value,LA County eGIS parcels,https://cache.gis.lacounty.gov/cache/rest/services/LACounty_Cache/LACounty_Parcel/FeatureServer/0,2026-10-04T02:11:41+00:00
A0417:use_description,A0417,use_description,Five or more apartments,1,Five or more apartments,consistent,one_distinct_to_value,LA County eGIS parcels,https://cache.gis.lacounty.gov/cache/rest/services/LACounty_Cache/LACounty_Parcel/FeatureServer/0,2026-10-04T02:11:41+00:00
A0418:year_built,A0418,year_built,,0,unknown,missing,zero_distinct_to_unknown,NJOGIS Parcels & MOD-IV Composite,https://services2.arcgis.com/XVOqAjTOJ5P6ngMu/arcgis/rest/services/Parcels_Composite_NJ_WM/FeatureServer/0,2026-10-04T02:11:41+00:00
A0418:units,A0418,units,,0,unknown,missing,zero_distinct_to_unknown,NJOGIS Parcels & MOD-IV Composite,https://services2.arcgis.com/XVOqAjTOJ5P6ngMu/arcgis/rest/services/Parcels_Composite_NJ_WM/FeatureServer/0,2026-10-04T02:11:41+00:00
A0418:use_code,A0418,use_code,4C,1,4C,consistent,one_distinct_to_value,NJOGIS Parcels & MOD-IV Composite,https://services2.arcgis.com/XVOqAjTOJ5P6ngMu/arcgis/rest/services/Parcels_Composite_NJ_WM/FeatureServer/0,2026-10-04T02:11:41+00:00
A0418:use_description,A0418,use_description,,0,unknown,missing,zero_distinct_to_unknown,NJOGIS Parcels & MOD-IV Composite,https://services2.arcgis.com/XVOqAjTOJ5P6ngMu/arcgis/rest/services/Parcels_Composite_NJ_WM/FeatureServer/0,2026-10-04T02:11:41+00:00
A0419:year_built,A0419,year_built,,0,unknown,missing,zero_distinct_to_unknown,Alameda County parcels,https://gis.cityofberkeley.info/arcgis3/rest/services/Public/GISPortal/MapServer/1,2026-10-04T02:11:41+00:00
A0419:units,A0419,units,6,1,6,consistent,one_distinct_to_value,Alameda County parcels,https://gis.cityofberkeley.info/arcgis3/rest/services/Public/GISPortal/MapServer/1,2026-10-04T02:11:41+00:00
A0419:use_code,A0419,use_code,7700,1,7700,consistent,one_distinct_to_value,Alameda County parcels,https://gis.cityofberkeley.info/arcgis3/rest/services/Public/GISPortal/MapServer/1,2026-10-04T02:11:41+00:00
A0419:use_description,A0419,use_description,,0,unknown,missing,zero_distinct_to_unknown,Alameda County parcels,https://gis.cityofberkeley.info/arcgis3/rest/services/Public/GISPortal/MapServer/1,2026-10-04T02:11:41+00:00
A0420:year_built,A0420,year_built,72,1,72,consistent,one_distinct_to_value,SANDAG/SanGIS parcels,https://geo.sandag.org/server/rest/services/hosted/Parcels/FeatureServer/0,2026-10-04T02:11:41+00:00
A0420:units,A0420,units,10,1,10,consistent,one_distinct_to_value,SANDAG/SanGIS parcels,https://geo.sandag.org/server/rest/services/hosted/Parcels/FeatureServer/0,2026-10-04T02:11:41+00:00
A0420:use_code,A0420,use_code,14,1,14,consistent,one_distinct_to_value,SANDAG/SanGIS parcels,https://geo.sandag.org/server/rest/services/hosted/Parcels/FeatureServer/0,2026-10-04T02:11:41+00:00
A0420:use_description,A0420,use_description,,0,unknown,missing,zero_distinct_to_unknown,SANDAG/SanGIS parcels,https://geo.sandag.org/server/rest/services/hosted/Parcels/FeatureServer/0,2026-10-04T02:11:41+00:00
A0421:year_built,A0421,year_built,1964,1,1964,consistent,one_distinct_to_value,LA County eGIS parcels,https://cache.gis.lacounty.gov/cache/rest/services/LACounty_Cache/LACounty_Parcel/FeatureServer/0,2026-10-04T02:11:41+00:00
A0421:units,A0421,units,6,1,6,consistent,one_distinct_to_value,LA County eGIS parcels,https://cache.gis.lacounty.gov/cache/rest/services/LACounty_Cache/LACounty_Parcel/FeatureServer/0,2026-10-04T02:11:41+00:00
A0421:use_code,A0421,use_code,0500,1,0500,consistent,one_distinct_to_value,LA County eGIS parcels,https://cache.gis.lacounty.gov/cache/rest/services/LACounty_Cache/LACounty_Parcel/FeatureServer/0,2026-10-04T02:11:41+00:00
A0421:use_description,A0421,use_description,Five or more apartments,1,Five or more apartments,consistent,one_distinct_to_value,LA County eGIS parcels,https://cache.gis.lacounty.gov/cache/rest/services/LACounty_Cache/LACounty_Parcel/FeatureServer/0,2026-10-04T02:11:41+00:00
A0422:year_built,A0422,year_built,1900,1,1900,consistent,one_distinct_to_value,Cambridge Property Database FY2026 (waa7-ibdu),https://data.cambridgema.gov/resource/waa7-ibdu.json,2026-10-04T02:11:41+00:00
A0422:units,A0422,units,6,1,6,consistent,one_distinct_to_value,Cambridge Property Database FY2026 (waa7-ibdu),https://data.cambridgema.gov/resource/waa7-ibdu.json,2026-10-04T02:11:41+00:00
A0422:use_code,A0422,use_code,111,1,111,consistent,one_distinct_to_value,Cambridge Property Database FY2026 (waa7-ibdu),https://data.cambridgema.gov/resource/waa7-ibdu.json,2026-10-04T02:11:41+00:00
A0422:use_description,A0422,use_description,4-8-UNIT-APT,1,4-8-UNIT-APT,consistent,one_distinct_to_value,Cambridge Property Database FY2026 (waa7-ibdu),https://data.cambridgema.gov/resource/waa7-ibdu.json,2026-10-04T02:11:41+00:00
A0423:year_built,A0423,year_built,1965,1,1965,consistent,one_distinct_to_value,Boston Property Assessment FY2026,https://data.boston.gov/dataset/e02c44d2-3c64-459c-8fe2-e1ce5f38a035/resource/ee73430d-96c0-423e-ad21-c4cfb54c8961/download/fy2026-property-assessment-data_rev.csv,2026-10-04T02:11:41+00:00
A0423:units,A0423,units,,0,unknown,missing,zero_distinct_to_unknown,Boston Property Assessment FY2026,https://data.boston.gov/dataset/e02c44d2-3c64-459c-8fe2-e1ce5f38a035/resource/ee73430d-96c0-423e-ad21-c4cfb54c8961/download/fy2026-property-assessment-data_rev.csv,2026-10-04T02:11:41+00:00
A0423:use_code,A0423,use_code,A,1,A,consistent,one_distinct_to_value,Boston Property Assessment FY2026,https://data.boston.gov/dataset/e02c44d2-3c64-459c-8fe2-e1ce5f38a035/resource/ee73430d-96c0-423e-ad21-c4cfb54c8961/download/fy2026-property-assessment-data_rev.csv,2026-10-04T02:11:41+00:00
A0423:use_description,A0423,use_description,APT 7-30 UNITS,1,APT 7-30 UNITS,consistent,one_distinct_to_value,Boston Property Assessment FY2026,https://data.boston.gov/dataset/e02c44d2-3c64-459c-8fe2-e1ce5f38a035/resource/ee73430d-96c0-423e-ad21-c4cfb54c8961/download/fy2026-property-assessment-data_rev.csv,2026-10-04T02:11:41+00:00
A0424:year_built,A0424,year_built,,0,unknown,missing,zero_distinct_to_unknown,NJOGIS Parcels & MOD-IV Composite,https://services2.arcgis.com/XVOqAjTOJ5P6ngMu/arcgis/rest/services/Parcels_Composite_NJ_WM/FeatureServer/0,2026-10-04T02:11:41+00:00
A0424:units,A0424,units,8,1,8,consistent,one_distinct_to_value,NJOGIS Parcels & MOD-IV Composite,https://services2.arcgis.com/XVOqAjTOJ5P6ngMu/arcgis/rest/services/Parcels_Composite_NJ_WM/FeatureServer/0,2026-10-04T02:11:41+00:00
A0424:use_code,A0424,use_code,4C,1,4C,consistent,one_distinct_to_value,NJOGIS Parcels & MOD-IV Composite,https://services2.arcgis.com/XVOqAjTOJ5P6ngMu/arcgis/rest/services/Parcels_Composite_NJ_WM/FeatureServer/0,2026-10-04T02:11:41+00:00
A0424:use_description,A0424,use_description,,0,unknown,missing,zero_distinct_to_unknown,NJOGIS Parcels & MOD-IV Composite,https://services2.arcgis.com/XVOqAjTOJ5P6ngMu/arcgis/rest/services/Parcels_Composite_NJ_WM/FeatureServer/0,2026-10-04T02:11:41+00:00
A0426:year_built,A0426,year_built,74,1,74,consistent,one_distinct_to_value,SANDAG/SanGIS parcels,https://geo.sandag.org/server/rest/services/hosted/Parcels/FeatureServer/0,2026-10-04T02:11:41+00:00
A0426:units,A0426,units,12,1,12,consistent,one_distinct_to_value,SANDAG/SanGIS parcels,https://geo.sandag.org/server/rest/services/hosted/Parcels/FeatureServer/0,2026-10-04T02:11:41+00:00
A0426:use_code,A0426,use_code,14,1,14,consistent,one_distinct_to_value,SANDAG/SanGIS parcels,https://geo.sandag.org/server/rest/services/hosted/Parcels/FeatureServer/0,2026-10-04T02:11:41+00:00
A0426:use_description,A0426,use_description,,0,unknown,missing,zero_distinct_to_unknown,SANDAG/SanGIS parcels,https://geo.sandag.org/server/rest/services/hosted/Parcels/FeatureServer/0,2026-10-04T02:11:41+00:00
A0427:year_built,A0427,year_built,1986,1,1986,consistent,one_distinct_to_value,LA County eGIS parcels,https://cache.gis.lacounty.gov/cache/rest/services/LACounty_Cache/LACounty_Parcel/FeatureServer/0,2026-10-04T02:11:41+00:00
A0427:units,A0427,units,15,1,15,consistent,one_distinct_to_value,LA County eGIS parcels,https://cache.gis.lacounty.gov/cache/rest/services/LACounty_Cache/LACounty_Parcel/FeatureServer/0,2026-10-04T02:11:41+00:00
A0427:use_code,A0427,use_code,0500,1,0500,consistent,one_distinct_to_value,LA County eGIS parcels,https://cache.gis.lacounty.gov/cache/rest/services/LACounty_Cache/LACounty_Parcel/FeatureServer/0,2026-10-04T02:11:41+00:00
A0427:use_description,A0427,use_description,Five or more apartments,1,Five or more apartments,consistent,one_distinct_to_value,LA County eGIS parcels,https://cache.gis.lacounty.gov/cache/rest/services/LACounty_Cache/LACounty_Parcel/FeatureServer/0,2026-10-04T02:11:41+00:00
A0428:year_built,A0428,year_built,,0,unknown,missing,zero_distinct_to_unknown,NJOGIS Parcels & MOD-IV Composite,https://services2.arcgis.com/XVOqAjTOJ5P6ngMu/arcgis/rest/services/Parcels_Composite_NJ_WM/FeatureServer/0,2026-10-04T02:11:41+00:00
A0428:units,A0428,units,1,1,1,consistent,one_distinct_to_value,NJOGIS Parcels & MOD-IV Composite,https://services2.arcgis.com/XVOqAjTOJ5P6ngMu/arcgis/rest/services/Parcels_Composite_NJ_WM/FeatureServer/0,2026-10-04T02:11:41+00:00
A0428:use_code,A0428,use_code,4C,1,4C,consistent,one_distinct_to_value,NJOGIS Parcels & MOD-IV Composite,https://services2.arcgis.com/XVOqAjTOJ5P6ngMu/arcgis/rest/services/Parcels_Composite_NJ_WM/FeatureServer/0,2026-10-04T02:11:41+00:00
A0428:use_description,A0428,use_description,029,1,029,consistent,one_distinct_to_value,NJOGIS Parcels & MOD-IV Composite,https://services2.arcgis.com/XVOqAjTOJ5P6ngMu/arcgis/rest/services/Parcels_Composite_NJ_WM/FeatureServer/0,2026-10-04T02:11:41+00:00
A0429:year_built,A0429,year_built,1899,1,1899,consistent,one_distinct_to_value,Boston Property Assessment FY2026,https://data.boston.gov/dataset/e02c44d2-3c64-459c-8fe2-e1ce5f38a035/resource/ee73430d-96c0-423e-ad21-c4cfb54c8961/download/fy2026-property-assessment-data_rev.csv,2026-10-04T02:11:41+00:00
A0429:units,A0429,units,,0,unknown,missing,zero_distinct_to_unknown,Boston Property Assessment FY2026,https://data.boston.gov/dataset/e02c44d2-3c64-459c-8fe2-e1ce5f38a035/resource/ee73430d-96c0-423e-ad21-c4cfb54c8961/download/fy2026-property-assessment-data_rev.csv,2026-10-04T02:11:41+00:00
A0429:use_code,A0429,use_code,A,1,A,consistent,one_distinct_to_value,Boston Property Assessment FY2026,https://data.boston.gov/dataset/e02c44d2-3c64-459c-8fe2-e1ce5f38a035/resource/ee73430d-96c0-423e-ad21-c4cfb54c8961/download/fy2026-property-assessment-data_rev.csv,2026-10-04T02:11:41+00:00
A0429:use_description,A0429,use_description,APT 7-30 UNITS,1,APT 7-30 UNITS,consistent,one_distinct_to_value,Boston Property Assessment FY2026,https://data.boston.gov/dataset/e02c44d2-3c64-459c-8fe2-e1ce5f38a035/resource/ee73430d-96c0-423e-ad21-c4cfb54c8961/download/fy2026-property-assessment-data_rev.csv,2026-10-04T02:11:41+00:00
A0430:year_built,A0430,year_built,2020,1,2020,consistent,one_distinct_to_value,Alameda County parcels,https://gis.cityofberkeley.info/arcgis3/rest/services/Public/GISPortal/MapServer/1,2026-10-04T02:11:41+00:00
A0430:units,A0430,units,107,1,107,consistent,one_distinct_to_value,Alameda County parcels,https://gis.cityofberkeley.info/arcgis3/rest/services/Public/GISPortal/MapServer/1,2026-10-04T02:11:41+00:00
A0430:use_code,A0430,use_code,7800,1,7800,consistent,one_distinct_to_value,Alameda County parcels,https://gis.cityofberkeley.info/arcgis3/rest/services/Public/GISPortal/MapServer/1,2026-10-04T02:11:41+00:00
A0430:use_description,A0430,use_description,,0,unknown,missing,zero_distinct_to_unknown,Alameda County parcels,https://gis.cityofberkeley.info/arcgis3/rest/services/Public/GISPortal/MapServer/1,2026-10-04T02:11:41+00:00
A0431:year_built,A0431,year_built,80,1,80,consistent,one_distinct_to_value,SANDAG/SanGIS parcels,https://geo.sandag.org/server/rest/services/hosted/Parcels/FeatureServer/0,2026-10-04T02:11:41+00:00
A0431:units,A0431,units,5,1,5,consistent,one_distinct_to_value,SANDAG/SanGIS parcels,https://geo.sandag.org/server/rest/services/hosted/Parcels/FeatureServer/0,2026-10-04T02:11:41+00:00
A0431:use_code,A0431,use_code,14,1,14,consistent,one_distinct_to_value,SANDAG/SanGIS parcels,https://geo.sandag.org/server/rest/services/hosted/Parcels/FeatureServer/0,2026-10-04T02:11:41+00:00
A0431:use_description,A0431,use_description,,0,unknown,missing,zero_distinct_to_unknown,SANDAG/SanGIS parcels,https://geo.sandag.org/server/rest/services/hosted/Parcels/FeatureServer/0,2026-10-04T02:11:41+00:00
A0432:year_built,A0432,year_built,1978,1,1978,consistent,one_distinct_to_value,LA County eGIS parcels,https://cache.gis.lacounty.gov/cache/rest/services/LACounty_Cache/LACounty_Parcel/FeatureServer/0,2026-10-04T02:11:41+00:00
A0432:units,A0432,units,23,1,23,consistent,one_distinct_to_value,LA County eGIS parcels,https://cache.gis.lacounty.gov/cache/rest/services/LACounty_Cache/LACounty_Parcel/FeatureServer/0,2026-10-04T02:11:41+00:00
A0432:use_code,A0432,use_code,0500,1,0500,consistent,one_distinct_to_value,LA County eGIS parcels,https://cache.gis.lacounty.gov/cache/rest/services/LACounty_Cache/LACounty_Parcel/FeatureServer/0,2026-10-04T02:11:41+00:00
A0432:use_description,A0432,use_description,Five or more apartments,1,Five or more apartments,consistent,one_distinct_to_value,LA County eGIS parcels,https://cache.gis.lacounty.gov/cache/rest/services/LACounty_Cache/LACounty_Parcel/FeatureServer/0,2026-10-04T02:11:41+00:00
A0433:year_built,A0433,year_built,1964,1,1964,consistent,one_distinct_to_value,LA County eGIS parcels,https://cache.gis.lacounty.gov/cache/rest/services/LACounty_Cache/LACounty_Parcel/FeatureServer/0,2026-10-04T02:11:41+00:00
A0433:units,A0433,units,58,1,58,consistent,one_distinct_to_value,LA County eGIS parcels,https://cache.gis.lacounty.gov/cache/rest/services/LACounty_Cache/LACounty_Parcel/FeatureServer/0,2026-10-04T02:11:41+00:00
A0433:use_code,A0433,use_code,0501,1,0501,consistent,one_distinct_to_value,LA County eGIS parcels,https://cache.gis.lacounty.gov/cache/rest/services/LACounty_Cache/LACounty_Parcel/FeatureServer/0,2026-10-04T02:11:41+00:00
A0433:use_description,A0433,use_description,Five or more apartments,1,Five or more apartments,consistent,one_distinct_to_value,LA County eGIS parcels,https://cache.gis.lacounty.gov/cache/rest/services/LACounty_Cache/LACounty_Parcel/FeatureServer/0,2026-10-04T02:11:41+00:00
A0435:year_built,A0435,year_built,,0,unknown,missing,zero_distinct_to_unknown,NJOGIS Parcels & MOD-IV Composite,https://services2.arcgis.com/XVOqAjTOJ5P6ngMu/arcgis/rest/services/Parcels_Composite_NJ_WM/FeatureServer/0,2026-10-04T02:11:41+00:00
A0435:units,A0435,units,8,1,8,consistent,one_distinct_to_value,NJOGIS Parcels & MOD-IV Composite,https://services2.arcgis.com/XVOqAjTOJ5P6ngMu/arcgis/rest/services/Parcels_Composite_NJ_WM/FeatureServer/0,2026-10-04T02:11:41+00:00
A0435:use_code,A0435,use_code,4C,1,4C,consistent,one_distinct_to_value,NJOGIS Parcels & MOD-IV Composite,https://services2.arcgis.com/XVOqAjTOJ5P6ngMu/arcgis/rest/services/Parcels_Composite_NJ_WM/FeatureServer/0,2026-10-04T02:11:41+00:00
A0435:use_description,A0435,use_description,029,1,029,consistent,one_distinct_to_value,NJOGIS Parcels & MOD-IV Composite,https://services2.arcgis.com/XVOqAjTOJ5P6ngMu/arcgis/rest/services/Parcels_Composite_NJ_WM/FeatureServer/0,2026-10-04T02:11:41+00:00
A0436:year_built,A0436,year_built,,0,unknown,missing,zero_distinct_to_unknown,NJOGIS Parcels & MOD-IV Composite,https://services2.arcgis.com/XVOqAjTOJ5P6ngMu/arcgis/rest/services/Parcels_Composite_NJ_WM/FeatureServer/0,2026-10-04T02:11:41+00:00
A0436:units,A0436,units,,0,unknown,missing,zero_distinct_to_unknown,NJOGIS Parcels & MOD-IV Composite,https://services2.arcgis.com/XVOqAjTOJ5P6ngMu/arcgis/rest/services/Parcels_Composite_NJ_WM/FeatureServer/0,2026-10-04T02:11:41+00:00
A0436:use_code,A0436,use_code,4C,1,4C,consistent,one_distinct_to_value,NJOGIS Parcels & MOD-IV Composite,https://services2.arcgis.com/XVOqAjTOJ5P6ngMu/arcgis/rest/services/Parcels_Composite_NJ_WM/FeatureServer/0,2026-10-04T02:11:41+00:00
A0436:use_description,A0436,use_description,,0,unknown,missing,zero_distinct_to_unknown,NJOGIS Parcels & MOD-IV Composite,https://services2.arcgis.com/XVOqAjTOJ5P6ngMu/arcgis/rest/services/Parcels_Composite_NJ_WM/FeatureServer/0,2026-10-04T02:11:41+00:00
A0437:year_built,A0437,year_built,2004,1,2004,consistent,one_distinct_to_value,LA County eGIS parcels,https://cache.gis.lacounty.gov/cache/rest/services/LACounty_Cache/LACounty_Parcel/FeatureServer/0,2026-10-04T02:11:41+00:00
A0437:units,A0437,units,20,1,20,consistent,one_distinct_to_value,LA County eGIS parcels,https://cache.gis.lacounty.gov/cache/rest/services/LACounty_Cache/LACounty_Parcel/FeatureServer/0,2026-10-04T02:11:41+00:00
A0437:use_code,A0437,use_code,0500,1,0500,consistent,one_distinct_to_value,LA County eGIS parcels,https://cache.gis.lacounty.gov/cache/rest/services/LACounty_Cache/LACounty_Parcel/FeatureServer/0,2026-10-04T02:11:41+00:00
A0437:use_description,A0437,use_description,Five or more apartments,1,Five or more apartments,consistent,one_distinct_to_value,LA County eGIS parcels,https://cache.gis.lacounty.gov/cache/rest/services/LACounty_Cache/LACounty_Parcel/FeatureServer/0,2026-10-04T02:11:41+00:00
A0438:year_built,A0438,year_built,2024,1,unknown,address_not_aligned,reject_unaligned_address,NJOGIS Parcels & MOD-IV Composite,https://services2.arcgis.com/XVOqAjTOJ5P6ngMu/arcgis/rest/services/Parcels_Composite_NJ_WM/FeatureServer/0,2026-10-04T02:11:41+00:00
A0438:units,A0438,units,1,1,unknown,address_not_aligned,reject_unaligned_address,NJOGIS Parcels & MOD-IV Composite,https://services2.arcgis.com/XVOqAjTOJ5P6ngMu/arcgis/rest/services/Parcels_Composite_NJ_WM/FeatureServer/0,2026-10-04T02:11:41+00:00
A0438:use_code,A0438,use_code,2,1,unknown,address_not_aligned,reject_unaligned_address,NJOGIS Parcels & MOD-IV Composite,https://services2.arcgis.com/XVOqAjTOJ5P6ngMu/arcgis/rest/services/Parcels_Composite_NJ_WM/FeatureServer/0,2026-10-04T02:11:41+00:00
A0438:use_description,A0438,use_description,,0,unknown,address_not_aligned,reject_unaligned_address,NJOGIS Parcels & MOD-IV Composite,https://services2.arcgis.com/XVOqAjTOJ5P6ngMu/arcgis/rest/services/Parcels_Composite_NJ_WM/FeatureServer/0,2026-10-04T02:11:41+00:00
A0441:year_built,A0441,year_built,30,1,30,consistent,one_distinct_to_value,SANDAG/SanGIS parcels,https://geo.sandag.org/server/rest/services/hosted/Parcels/FeatureServer/0,2026-10-04T02:11:41+00:00
A0441:units,A0441,units,6,1,6,consistent,one_distinct_to_value,SANDAG/SanGIS parcels,https://geo.sandag.org/server/rest/services/hosted/Parcels/FeatureServer/0,2026-10-04T02:11:41+00:00
A0441:use_code,A0441,use_code,14,1,14,consistent,one_distinct_to_value,SANDAG/SanGIS parcels,https://geo.sandag.org/server/rest/services/hosted/Parcels/FeatureServer/0,2026-10-04T02:11:41+00:00
A0441:use_description,A0441,use_description,,0,unknown,missing,zero_distinct_to_unknown,SANDAG/SanGIS parcels,https://geo.sandag.org/server/rest/services/hosted/Parcels/FeatureServer/0,2026-10-04T02:11:41+00:00
A0442:year_built,A0442,year_built,1986,1,1986,consistent,one_distinct_to_value,LA County eGIS parcels,https://cache.gis.lacounty.gov/cache/rest/services/LACounty_Cache/LACounty_Parcel/FeatureServer/0,2026-10-04T02:11:41+00:00
A0442:units,A0442,units,18,1,18,consistent,one_distinct_to_value,LA County eGIS parcels,https://cache.gis.lacounty.gov/cache/rest/services/LACounty_Cache/LACounty_Parcel/FeatureServer/0,2026-10-04T02:11:41+00:00
A0442:use_code,A0442,use_code,0500,1,0500,consistent,one_distinct_to_value,LA County eGIS parcels,https://cache.gis.lacounty.gov/cache/rest/services/LACounty_Cache/LACounty_Parcel/FeatureServer/0,2026-10-04T02:11:41+00:00
A0442:use_description,A0442,use_description,Five or more apartments,1,Five or more apartments,consistent,one_distinct_to_value,LA County eGIS parcels,https://cache.gis.lacounty.gov/cache/rest/services/LACounty_Cache/LACounty_Parcel/FeatureServer/0,2026-10-04T02:11:41+00:00
A0443:year_built,A0443,year_built,85,1,85,consistent,one_distinct_to_value,SANDAG/SanGIS parcels,https://geo.sandag.org/server/rest/services/hosted/Parcels/FeatureServer/0,2026-10-04T02:11:41+00:00
A0443:units,A0443,units,16,1,16,consistent,one_distinct_to_value,SANDAG/SanGIS parcels,https://geo.sandag.org/server/rest/services/hosted/Parcels/FeatureServer/0,2026-10-04T02:11:41+00:00
A0443:use_code,A0443,use_code,15,1,15,consistent,one_distinct_to_value,SANDAG/SanGIS parcels,https://geo.sandag.org/server/rest/services/hosted/Parcels/FeatureServer/0,2026-10-04T02:11:41+00:00
A0443:use_description,A0443,use_description,,0,unknown,missing,zero_distinct_to_unknown,SANDAG/SanGIS parcels,https://geo.sandag.org/server/rest/services/hosted/Parcels/FeatureServer/0,2026-10-04T02:11:41+00:00
A0444:year_built,A0444,year_built,1899,1,1899,consistent,one_distinct_to_value,Boston Property Assessment FY2026,https://data.boston.gov/dataset/e02c44d2-3c64-459c-8fe2-e1ce5f38a035/resource/ee73430d-96c0-423e-ad21-c4cfb54c8961/download/fy2026-property-assessment-data_rev.csv,2026-10-04T02:11:41+00:00
A0444:units,A0444,units,,0,unknown,missing,zero_distinct_to_unknown,Boston Property Assessment FY2026,https://data.boston.gov/dataset/e02c44d2-3c64-459c-8fe2-e1ce5f38a035/resource/ee73430d-96c0-423e-ad21-c4cfb54c8961/download/fy2026-property-assessment-data_rev.csv,2026-10-04T02:11:41+00:00
A0444:use_code,A0444,use_code,A,1,A,consistent,one_distinct_to_value,Boston Property Assessment FY2026,https://data.boston.gov/dataset/e02c44d2-3c64-459c-8fe2-e1ce5f38a035/resource/ee73430d-96c0-423e-ad21-c4cfb54c8961/download/fy2026-property-assessment-data_rev.csv,2026-10-04T02:11:41+00:00
A0444:use_description,A0444,use_description,APT 7-30 UNITS,1,APT 7-30 UNITS,consistent,one_distinct_to_value,Boston Property Assessment FY2026,https://data.boston.gov/dataset/e02c44d2-3c64-459c-8fe2-e1ce5f38a035/resource/ee73430d-96c0-423e-ad21-c4cfb54c8961/download/fy2026-property-assessment-data_rev.csv,2026-10-04T02:11:41+00:00
A0445:year_built,A0445,year_built,1977,1,1977,consistent,one_distinct_to_value,LA County eGIS parcels,https://cache.gis.lacounty.gov/cache/rest/services/LACounty_Cache/LACounty_Parcel/FeatureServer/0,2026-10-04T02:11:41+00:00
A0445:units,A0445,units,25,1,25,consistent,one_distinct_to_value,LA County eGIS parcels,https://cache.gis.lacounty.gov/cache/rest/services/LACounty_Cache/LACounty_Parcel/FeatureServer/0,2026-10-04T02:11:41+00:00
A0445:use_code,A0445,use_code,0500,1,0500,consistent,one_distinct_to_value,LA County eGIS parcels,https://cache.gis.lacounty.gov/cache/rest/services/LACounty_Cache/LACounty_Parcel/FeatureServer/0,2026-10-04T02:11:41+00:00
A0445:use_description,A0445,use_description,Five or more apartments,1,Five or more apartments,consistent,one_distinct_to_value,LA County eGIS parcels,https://cache.gis.lacounty.gov/cache/rest/services/LACounty_Cache/LACounty_Parcel/FeatureServer/0,2026-10-04T02:11:41+00:00
A0446:year_built,A0446,year_built,1899,1,1899,consistent,one_distinct_to_value,Boston Property Assessment FY2026,https://data.boston.gov/dataset/e02c44d2-3c64-459c-8fe2-e1ce5f38a035/resource/ee73430d-96c0-423e-ad21-c4cfb54c8961/download/fy2026-property-assessment-data_rev.csv,2026-10-04T02:11:41+00:00
A0446:units,A0446,units,,0,unknown,missing,zero_distinct_to_unknown,Boston Property Assessment FY2026,https://data.boston.gov/dataset/e02c44d2-3c64-459c-8fe2-e1ce5f38a035/resource/ee73430d-96c0-423e-ad21-c4cfb54c8961/download/fy2026-property-assessment-data_rev.csv,2026-10-04T02:11:41+00:00
A0446:use_code,A0446,use_code,A,1,A,consistent,one_distinct_to_value,Boston Property Assessment FY2026,https://data.boston.gov/dataset/e02c44d2-3c64-459c-8fe2-e1ce5f38a035/resource/ee73430d-96c0-423e-ad21-c4cfb54c8961/download/fy2026-property-assessment-data_rev.csv,2026-10-04T02:11:41+00:00
A0446:use_description,A0446,use_description,APT 7-30 UNITS,1,APT 7-30 UNITS,consistent,one_distinct_to_value,Boston Property Assessment FY2026,https://data.boston.gov/dataset/e02c44d2-3c64-459c-8fe2-e1ce5f38a035/resource/ee73430d-96c0-423e-ad21-c4cfb54c8961/download/fy2026-property-assessment-data_rev.csv,2026-10-04T02:11:41+00:00
A0447:year_built,A0447,year_built,,0,unknown,missing,zero_distinct_to_unknown,NJOGIS Parcels & MOD-IV Composite,https://services2.arcgis.com/XVOqAjTOJ5P6ngMu/arcgis/rest/services/Parcels_Composite_NJ_WM/FeatureServer/0,2026-10-04T02:11:41+00:00
A0447:units,A0447,units,35,1,35,consistent,one_distinct_to_value,NJOGIS Parcels & MOD-IV Composite,https://services2.arcgis.com/XVOqAjTOJ5P6ngMu/arcgis/rest/services/Parcels_Composite_NJ_WM/FeatureServer/0,2026-10-04T02:11:41+00:00
A0447:use_code,A0447,use_code,4C,1,4C,consistent,one_distinct_to_value,NJOGIS Parcels & MOD-IV Composite,https://services2.arcgis.com/XVOqAjTOJ5P6ngMu/arcgis/rest/services/Parcels_Composite_NJ_WM/FeatureServer/0,2026-10-04T02:11:41+00:00
A0447:use_description,A0447,use_description,,0,unknown,missing,zero_distinct_to_unknown,NJOGIS Parcels & MOD-IV Composite,https://services2.arcgis.com/XVOqAjTOJ5P6ngMu/arcgis/rest/services/Parcels_Composite_NJ_WM/FeatureServer/0,2026-10-04T02:11:41+00:00
A0448:year_built,A0448,year_built,,0,unknown,missing,zero_distinct_to_unknown,NJOGIS Parcels & MOD-IV Composite,https://services2.arcgis.com/XVOqAjTOJ5P6ngMu/arcgis/rest/services/Parcels_Composite_NJ_WM/FeatureServer/0,2026-10-04T02:11:41+00:00
A0448:units,A0448,units,1,1,1,consistent,one_distinct_to_value,NJOGIS Parcels & MOD-IV Composite,https://services2.arcgis.com/XVOqAjTOJ5P6ngMu/arcgis/rest/services/Parcels_Composite_NJ_WM/FeatureServer/0,2026-10-04T02:11:41+00:00
A0448:use_code,A0448,use_code,4C,1,4C,consistent,one_distinct_to_value,NJOGIS Parcels & MOD-IV Composite,https://services2.arcgis.com/XVOqAjTOJ5P6ngMu/arcgis/rest/services/Parcels_Composite_NJ_WM/FeatureServer/0,2026-10-04T02:11:41+00:00
A0448:use_description,A0448,use_description,100,1,100,consistent,one_distinct_to_value,NJOGIS Parcels & MOD-IV Composite,https://services2.arcgis.com/XVOqAjTOJ5P6ngMu/arcgis/rest/services/Parcels_Composite_NJ_WM/FeatureServer/0,2026-10-04T02:11:41+00:00
A0449:year_built,A0449,year_built,,0,unknown,missing,zero_distinct_to_unknown,NJOGIS Parcels & MOD-IV Composite,https://services2.arcgis.com/XVOqAjTOJ5P6ngMu/arcgis/rest/services/Parcels_Composite_NJ_WM/FeatureServer/0,2026-10-04T02:11:41+00:00
A0449:units,A0449,units,1,1,1,consistent,one_distinct_to_value,NJOGIS Parcels & MOD-IV Composite,https://services2.arcgis.com/XVOqAjTOJ5P6ngMu/arcgis/rest/services/Parcels_Composite_NJ_WM/FeatureServer/0,2026-10-04T02:11:41+00:00
A0449:use_code,A0449,use_code,4C,1,4C,consistent,one_distinct_to_value,NJOGIS Parcels & MOD-IV Composite,https://services2.arcgis.com/XVOqAjTOJ5P6ngMu/arcgis/rest/services/Parcels_Composite_NJ_WM/FeatureServer/0,2026-10-04T02:11:41+00:00
A0449:use_description,A0449,use_description,029,1,029,consistent,one_distinct_to_value,NJOGIS Parcels & MOD-IV Composite,https://services2.arcgis.com/XVOqAjTOJ5P6ngMu/arcgis/rest/services/Parcels_Composite_NJ_WM/FeatureServer/0,2026-10-04T02:11:41+00:00
A0450:year_built,A0450,year_built,,0,unknown,missing,zero_distinct_to_unknown,NJOGIS Parcels & MOD-IV Composite,https://services2.arcgis.com/XVOqAjTOJ5P6ngMu/arcgis/rest/services/Parcels_Composite_NJ_WM/FeatureServer/0,2026-10-04T02:11:41+00:00
A0450:units,A0450,units,,0,unknown,missing,zero_distinct_to_unknown,NJOGIS Parcels & MOD-IV Composite,https://services2.arcgis.com/XVOqAjTOJ5P6ngMu/arcgis/rest/services/Parcels_Composite_NJ_WM/FeatureServer/0,2026-10-04T02:11:41+00:00
A0450:use_code,A0450,use_code,4C,1,4C,consistent,one_distinct_to_value,NJOGIS Parcels & MOD-IV Composite,https://services2.arcgis.com/XVOqAjTOJ5P6ngMu/arcgis/rest/services/Parcels_Composite_NJ_WM/FeatureServer/0,2026-10-04T02:11:41+00:00
A0450:use_description,A0450,use_description,029,1,029,consistent,one_distinct_to_value,NJOGIS Parcels & MOD-IV Composite,https://services2.arcgis.com/XVOqAjTOJ5P6ngMu/arcgis/rest/services/Parcels_Composite_NJ_WM/FeatureServer/0,2026-10-04T02:11:41+00:00
A0451:year_built,A0451,year_built,1989,1,1989,consistent,one_distinct_to_value,LA County eGIS parcels,https://cache.gis.lacounty.gov/cache/rest/services/LACounty_Cache/LACounty_Parcel/FeatureServer/0,2026-10-04T02:11:41+00:00
A0451:units,A0451,units,8,1,8,consistent,one_distinct_to_value,LA County eGIS parcels,https://cache.gis.lacounty.gov/cache/rest/services/LACounty_Cache/LACounty_Parcel/FeatureServer/0,2026-10-04T02:11:41+00:00
A0451:use_code,A0451,use_code,0500,1,0500,consistent,one_distinct_to_value,LA County eGIS parcels,https://cache.gis.lacounty.gov/cache/rest/services/LACounty_Cache/LACounty_Parcel/FeatureServer/0,2026-10-04T02:11:41+00:00
A0451:use_description,A0451,use_description,Five or more apartments,1,Five or more apartments,consistent,one_distinct_to_value,LA County eGIS parcels,https://cache.gis.lacounty.gov/cache/rest/services/LACounty_Cache/LACounty_Parcel/FeatureServer/0,2026-10-04T02:11:41+00:00
A0452:year_built,A0452,year_built,1952,1,1952,consistent,one_distinct_to_value,LA County eGIS parcels,https://cache.gis.lacounty.gov/cache/rest/services/LACounty_Cache/LACounty_Parcel/FeatureServer/0,2026-10-04T02:11:41+00:00
A0452:units,A0452,units,8,1,8,consistent,one_distinct_to_value,LA County eGIS parcels,https://cache.gis.lacounty.gov/cache/rest/services/LACounty_Cache/LACounty_Parcel/FeatureServer/0,2026-10-04T02:11:41+00:00
A0452:use_code,A0452,use_code,0500,1,0500,consistent,one_distinct_to_value,LA County eGIS parcels,https://cache.gis.lacounty.gov/cache/rest/services/LACounty_Cache/LACounty_Parcel/FeatureServer/0,2026-10-04T02:11:41+00:00
A0452:use_description,A0452,use_description,Five or more apartments,1,Five or more apartments,consistent,one_distinct_to_value,LA County eGIS parcels,https://cache.gis.lacounty.gov/cache/rest/services/LACounty_Cache/LACounty_Parcel/FeatureServer/0,2026-10-04T02:11:41+00:00
A0453:year_built,A0453,year_built,1910,1,1910,consistent,one_distinct_to_value,Cambridge Property Database FY2026 (waa7-ibdu),https://data.cambridgema.gov/resource/waa7-ibdu.json,2026-10-04T02:11:41+00:00
A0453:units,A0453,units,6,1,6,consistent,one_distinct_to_value,Cambridge Property Database FY2026 (waa7-ibdu),https://data.cambridgema.gov/resource/waa7-ibdu.json,2026-10-04T02:11:41+00:00
A0453:use_code,A0453,use_code,111,1,111,consistent,one_distinct_to_value,Cambridge Property Database FY2026 (waa7-ibdu),https://data.cambridgema.gov/resource/waa7-ibdu.json,2026-10-04T02:11:41+00:00
A0453:use_description,A0453,use_description,4-8-UNIT-APT,1,4-8-UNIT-APT,consistent,one_distinct_to_value,Cambridge Property Database FY2026 (waa7-ibdu),https://data.cambridgema.gov/resource/waa7-ibdu.json,2026-10-04T02:11:41+00:00
A0454:year_built,A0454,year_built,1959,1,1959,consistent,one_distinct_to_value,LA County eGIS parcels,https://cache.gis.lacounty.gov/cache/rest/services/LACounty_Cache/LACounty_Parcel/FeatureServer/0,2026-10-04T02:11:41+00:00
A0454:units,A0454,units,6,1,6,consistent,one_distinct_to_value,LA County eGIS parcels,https://cache.gis.lacounty.gov/cache/rest/services/LACounty_Cache/LACounty_Parcel/FeatureServer/0,2026-10-04T02:11:41+00:00
A0454:use_code,A0454,use_code,0500,1,0500,consistent,one_distinct_to_value,LA County eGIS parcels,https://cache.gis.lacounty.gov/cache/rest/services/LACounty_Cache/LACounty_Parcel/FeatureServer/0,2026-10-04T02:11:41+00:00
A0454:use_description,A0454,use_description,Five or more apartments,1,Five or more apartments,consistent,one_distinct_to_value,LA County eGIS parcels,https://cache.gis.lacounty.gov/cache/rest/services/LACounty_Cache/LACounty_Parcel/FeatureServer/0,2026-10-04T02:11:41+00:00
A0455:year_built,A0455,year_built,,0,unknown,missing,zero_distinct_to_unknown,NJOGIS Parcels & MOD-IV Composite,https://services2.arcgis.com/XVOqAjTOJ5P6ngMu/arcgis/rest/services/Parcels_Composite_NJ_WM/FeatureServer/0,2026-10-04T02:11:41+00:00
A0455:units,A0455,units,,0,unknown,missing,zero_distinct_to_unknown,NJOGIS Parcels & MOD-IV Composite,https://services2.arcgis.com/XVOqAjTOJ5P6ngMu/arcgis/rest/services/Parcels_Composite_NJ_WM/FeatureServer/0,2026-10-04T02:11:41+00:00
A0455:use_code,A0455,use_code,4C,1,4C,consistent,one_distinct_to_value,NJOGIS Parcels & MOD-IV Composite,https://services2.arcgis.com/XVOqAjTOJ5P6ngMu/arcgis/rest/services/Parcels_Composite_NJ_WM/FeatureServer/0,2026-10-04T02:11:41+00:00
A0455:use_description,A0455,use_description,,0,unknown,missing,zero_distinct_to_unknown,NJOGIS Parcels & MOD-IV Composite,https://services2.arcgis.com/XVOqAjTOJ5P6ngMu/arcgis/rest/services/Parcels_Composite_NJ_WM/FeatureServer/0,2026-10-04T02:11:41+00:00
A0456:year_built,A0456,year_built,48,1,48,consistent,one_distinct_to_value,SANDAG/SanGIS parcels,https://geo.sandag.org/server/rest/services/hosted/Parcels/FeatureServer/0,2026-10-04T02:11:41+00:00
A0456:units,A0456,units,17,1,17,consistent,one_distinct_to_value,SANDAG/SanGIS parcels,https://geo.sandag.org/server/rest/services/hosted/Parcels/FeatureServer/0,2026-10-04T02:11:41+00:00
A0456:use_code,A0456,use_code,15,1,15,consistent,one_distinct_to_value,SANDAG/SanGIS parcels,https://geo.sandag.org/server/rest/services/hosted/Parcels/FeatureServer/0,2026-10-04T02:11:41+00:00
A0456:use_description,A0456,use_description,,0,unknown,missing,zero_distinct_to_unknown,SANDAG/SanGIS parcels,https://geo.sandag.org/server/rest/services/hosted/Parcels/FeatureServer/0,2026-10-04T02:11:41+00:00
A0458:year_built,A0458,year_built,1963,1,1963,consistent,one_distinct_to_value,LA County eGIS parcels,https://cache.gis.lacounty.gov/cache/rest/services/LACounty_Cache/LACounty_Parcel/FeatureServer/0,2026-10-04T02:11:41+00:00
A0458:units,A0458,units,6,1,6,consistent,one_distinct_to_value,LA County eGIS parcels,https://cache.gis.lacounty.gov/cache/rest/services/LACounty_Cache/LACounty_Parcel/FeatureServer/0,2026-10-04T02:11:41+00:00
A0458:use_code,A0458,use_code,0500,1,0500,consistent,one_distinct_to_value,LA County eGIS parcels,https://cache.gis.lacounty.gov/cache/rest/services/LACounty_Cache/LACounty_Parcel/FeatureServer/0,2026-10-04T02:11:41+00:00
A0458:use_description,A0458,use_description,Five or more apartments,1,Five or more apartments,consistent,one_distinct_to_value,LA County eGIS parcels,https://cache.gis.lacounty.gov/cache/rest/services/LACounty_Cache/LACounty_Parcel/FeatureServer/0,2026-10-04T02:11:41+00:00
A0459:year_built,A0459,year_built,1915,1,1915,consistent,one_distinct_to_value,NJOGIS Parcels & MOD-IV Composite,https://services2.arcgis.com/XVOqAjTOJ5P6ngMu/arcgis/rest/services/Parcels_Composite_NJ_WM/FeatureServer/0,2026-10-04T02:11:41+00:00
A0459:units,A0459,units,,0,unknown,missing,zero_distinct_to_unknown,NJOGIS Parcels & MOD-IV Composite,https://services2.arcgis.com/XVOqAjTOJ5P6ngMu/arcgis/rest/services/Parcels_Composite_NJ_WM/FeatureServer/0,2026-10-04T02:11:41+00:00
A0459:use_code,A0459,use_code,4C,1,4C,consistent,one_distinct_to_value,NJOGIS Parcels & MOD-IV Composite,https://services2.arcgis.com/XVOqAjTOJ5P6ngMu/arcgis/rest/services/Parcels_Composite_NJ_WM/FeatureServer/0,2026-10-04T02:11:41+00:00
A0459:use_description,A0459,use_description,029,1,029,consistent,one_distinct_to_value,NJOGIS Parcels & MOD-IV Composite,https://services2.arcgis.com/XVOqAjTOJ5P6ngMu/arcgis/rest/services/Parcels_Composite_NJ_WM/FeatureServer/0,2026-10-04T02:11:41+00:00
A0460:year_built,A0460,year_built,,0,unknown,missing,zero_distinct_to_unknown,NJOGIS Parcels & MOD-IV Composite,https://services2.arcgis.com/XVOqAjTOJ5P6ngMu/arcgis/rest/services/Parcels_Composite_NJ_WM/FeatureServer/0,2026-10-04T02:11:41+00:00
A0460:units,A0460,units,1,1,1,consistent,one_distinct_to_value,NJOGIS Parcels & MOD-IV Composite,https://services2.arcgis.com/XVOqAjTOJ5P6ngMu/arcgis/rest/services/Parcels_Composite_NJ_WM/FeatureServer/0,2026-10-04T02:11:41+00:00
A0460:use_code,A0460,use_code,4C,1,4C,consistent,one_distinct_to_value,NJOGIS Parcels & MOD-IV Composite,https://services2.arcgis.com/XVOqAjTOJ5P6ngMu/arcgis/rest/services/Parcels_Composite_NJ_WM/FeatureServer/0,2026-10-04T02:11:41+00:00
A0460:use_description,A0460,use_description,029,1,029,consistent,one_distinct_to_value,NJOGIS Parcels & MOD-IV Composite,https://services2.arcgis.com/XVOqAjTOJ5P6ngMu/arcgis/rest/services/Parcels_Composite_NJ_WM/FeatureServer/0,2026-10-04T02:11:41+00:00
A0462:year_built,A0462,year_built,1890,1,1890,consistent,one_distinct_to_value,NJOGIS Parcels & MOD-IV Composite,https://services2.arcgis.com/XVOqAjTOJ5P6ngMu/arcgis/rest/services/Parcels_Composite_NJ_WM/FeatureServer/0,2026-10-04T02:11:41+00:00
A0462:units,A0462,units,,0,unknown,missing,zero_distinct_to_unknown,NJOGIS Parcels & MOD-IV Composite,https://services2.arcgis.com/XVOqAjTOJ5P6ngMu/arcgis/rest/services/Parcels_Composite_NJ_WM/FeatureServer/0,2026-10-04T02:11:41+00:00
A0462:use_code,A0462,use_code,4C,1,4C,consistent,one_distinct_to_value,NJOGIS Parcels & MOD-IV Composite,https://services2.arcgis.com/XVOqAjTOJ5P6ngMu/arcgis/rest/services/Parcels_Composite_NJ_WM/FeatureServer/0,2026-10-04T02:11:41+00:00
A0462:use_description,A0462,use_description,029,1,029,consistent,one_distinct_to_value,NJOGIS Parcels & MOD-IV Composite,https://services2.arcgis.com/XVOqAjTOJ5P6ngMu/arcgis/rest/services/Parcels_Composite_NJ_WM/FeatureServer/0,2026-10-04T02:11:41+00:00
A0463:year_built,A0463,year_built,2007,1,2007,consistent,one_distinct_to_value,Boston Property Assessment FY2026,https://data.boston.gov/dataset/e02c44d2-3c64-459c-8fe2-e1ce5f38a035/resource/ee73430d-96c0-423e-ad21-c4cfb54c8961/download/fy2026-property-assessment-data_rev.csv,2026-10-04T02:11:41+00:00
A0463:units,A0463,units,,0,unknown,missing,zero_distinct_to_unknown,Boston Property Assessment FY2026,https://data.boston.gov/dataset/e02c44d2-3c64-459c-8fe2-e1ce5f38a035/resource/ee73430d-96c0-423e-ad21-c4cfb54c8961/download/fy2026-property-assessment-data_rev.csv,2026-10-04T02:11:41+00:00
A0463:use_code,A0463,use_code,A,1,A,consistent,one_distinct_to_value,Boston Property Assessment FY2026,https://data.boston.gov/dataset/e02c44d2-3c64-459c-8fe2-e1ce5f38a035/resource/ee73430d-96c0-423e-ad21-c4cfb54c8961/download/fy2026-property-assessment-data_rev.csv,2026-10-04T02:11:41+00:00
A0463:use_description,A0463,use_description,SUBSD HOUSING S- 8,1,SUBSD HOUSING S- 8,consistent,one_distinct_to_value,Boston Property Assessment FY2026,https://data.boston.gov/dataset/e02c44d2-3c64-459c-8fe2-e1ce5f38a035/resource/ee73430d-96c0-423e-ad21-c4cfb54c8961/download/fy2026-property-assessment-data_rev.csv,2026-10-04T02:11:41+00:00
A0464:year_built,A0464,year_built,1966,1,1966,consistent,one_distinct_to_value,Boston Property Assessment FY2026,https://data.boston.gov/dataset/e02c44d2-3c64-459c-8fe2-e1ce5f38a035/resource/ee73430d-96c0-423e-ad21-c4cfb54c8961/download/fy2026-property-assessment-data_rev.csv,2026-10-04T02:11:41+00:00
A0464:units,A0464,units,,0,unknown,missing,zero_distinct_to_unknown,Boston Property Assessment FY2026,https://data.boston.gov/dataset/e02c44d2-3c64-459c-8fe2-e1ce5f38a035/resource/ee73430d-96c0-423e-ad21-c4cfb54c8961/download/fy2026-property-assessment-data_rev.csv,2026-10-04T02:11:41+00:00
A0464:use_code,A0464,use_code,A,1,A,consistent,one_distinct_to_value,Boston Property Assessment FY2026,https://data.boston.gov/dataset/e02c44d2-3c64-459c-8fe2-e1ce5f38a035/resource/ee73430d-96c0-423e-ad21-c4cfb54c8961/download/fy2026-property-assessment-data_rev.csv,2026-10-04T02:11:41+00:00
A0464:use_description,A0464,use_description,SUBSD HOUSING S- 8,1,SUBSD HOUSING S- 8,consistent,one_distinct_to_value,Boston Property Assessment FY2026,https://data.boston.gov/dataset/e02c44d2-3c64-459c-8fe2-e1ce5f38a035/resource/ee73430d-96c0-423e-ad21-c4cfb54c8961/download/fy2026-property-assessment-data_rev.csv,2026-10-04T02:11:41+00:00
A0465:year_built,A0465,year_built,1915,1,1915,consistent,one_distinct_to_value,Cambridge Property Database FY2026 (waa7-ibdu),https://data.cambridgema.gov/resource/waa7-ibdu.json,2026-10-04T02:11:41+00:00
A0465:units,A0465,units,8,1,8,consistent,one_distinct_to_value,Cambridge Property Database FY2026 (waa7-ibdu),https://data.cambridgema.gov/resource/waa7-ibdu.json,2026-10-04T02:11:41+00:00
A0465:use_code,A0465,use_code,111,1,111,consistent,one_distinct_to_value,Cambridge Property Database FY2026 (waa7-ibdu),https://data.cambridgema.gov/resource/waa7-ibdu.json,2026-10-04T02:11:41+00:00
A0465:use_description,A0465,use_description,4-8-UNIT-APT,1,4-8-UNIT-APT,consistent,one_distinct_to_value,Cambridge Property Database FY2026 (waa7-ibdu),https://data.cambridgema.gov/resource/waa7-ibdu.json,2026-10-04T02:11:41+00:00
A0466:year_built,A0466,year_built,1920,1,1920,consistent,one_distinct_to_value,Boston Property Assessment FY2026,https://data.boston.gov/dataset/e02c44d2-3c64-459c-8fe2-e1ce5f38a035/resource/ee73430d-96c0-423e-ad21-c4cfb54c8961/download/fy2026-property-assessment-data_rev.csv,2026-10-04T02:11:41+00:00
A0466:units,A0466,units,,0,unknown,missing,zero_distinct_to_unknown,Boston Property Assessment FY2026,https://data.boston.gov/dataset/e02c44d2-3c64-459c-8fe2-e1ce5f38a035/resource/ee73430d-96c0-423e-ad21-c4cfb54c8961/download/fy2026-property-assessment-data_rev.csv,2026-10-04T02:11:41+00:00
A0466:use_code,A0466,use_code,A,1,A,consistent,one_distinct_to_value,Boston Property Assessment FY2026,https://data.boston.gov/dataset/e02c44d2-3c64-459c-8fe2-e1ce5f38a035/resource/ee73430d-96c0-423e-ad21-c4cfb54c8961/download/fy2026-property-assessment-data_rev.csv,2026-10-04T02:11:41+00:00
A0466:use_description,A0466,use_description,APT 7-30 UNITS,1,APT 7-30 UNITS,consistent,one_distinct_to_value,Boston Property Assessment FY2026,https://data.boston.gov/dataset/e02c44d2-3c64-459c-8fe2-e1ce5f38a035/resource/ee73430d-96c0-423e-ad21-c4cfb54c8961/download/fy2026-property-assessment-data_rev.csv,2026-10-04T02:11:41+00:00
A0467:year_built,A0467,year_built,1923,1,1923,consistent,one_distinct_to_value,Boston Property Assessment FY2026,https://data.boston.gov/dataset/e02c44d2-3c64-459c-8fe2-e1ce5f38a035/resource/ee73430d-96c0-423e-ad21-c4cfb54c8961/download/fy2026-property-assessment-data_rev.csv,2026-10-04T02:11:41+00:00
A0467:units,A0467,units,,0,unknown,missing,zero_distinct_to_unknown,Boston Property Assessment FY2026,https://data.boston.gov/dataset/e02c44d2-3c64-459c-8fe2-e1ce5f38a035/resource/ee73430d-96c0-423e-ad21-c4cfb54c8961/download/fy2026-property-assessment-data_rev.csv,2026-10-04T02:11:41+00:00
A0467:use_code,A0467,use_code,A,1,A,consistent,one_distinct_to_value,Boston Property Assessment FY2026,https://data.boston.gov/dataset/e02c44d2-3c64-459c-8fe2-e1ce5f38a035/resource/ee73430d-96c0-423e-ad21-c4cfb54c8961/download/fy2026-property-assessment-data_rev.csv,2026-10-04T02:11:41+00:00
A0467:use_description,A0467,use_description,SUBSD HOUSING S- 8,1,SUBSD HOUSING S- 8,consistent,one_distinct_to_value,Boston Property Assessment FY2026,https://data.boston.gov/dataset/e02c44d2-3c64-459c-8fe2-e1ce5f38a035/resource/ee73430d-96c0-423e-ad21-c4cfb54c8961/download/fy2026-property-assessment-data_rev.csv,2026-10-04T02:11:41+00:00
A0468:year_built,A0468,year_built,1910,1,1910,consistent,one_distinct_to_value,Cambridge Property Database FY2026 (waa7-ibdu),https://data.cambridgema.gov/resource/waa7-ibdu.json,2026-10-04T02:11:41+00:00
A0468:units,A0468,units,6,1,6,consistent,one_distinct_to_value,Cambridge Property Database FY2026 (waa7-ibdu),https://data.cambridgema.gov/resource/waa7-ibdu.json,2026-10-04T02:11:41+00:00
A0468:use_code,A0468,use_code,111,1,111,consistent,one_distinct_to_value,Cambridge Property Database FY2026 (waa7-ibdu),https://data.cambridgema.gov/resource/waa7-ibdu.json,2026-10-04T02:11:41+00:00
A0468:use_description,A0468,use_description,4-8-UNIT-APT,1,4-8-UNIT-APT,consistent,one_distinct_to_value,Cambridge Property Database FY2026 (waa7-ibdu),https://data.cambridgema.gov/resource/waa7-ibdu.json,2026-10-04T02:11:41+00:00
A0469:year_built,A0469,year_built,2024,1,2024,consistent,one_distinct_to_value,Alameda County parcels,https://gis.cityofberkeley.info/arcgis3/rest/services/Public/GISPortal/MapServer/1,2026-10-04T02:11:41+00:00
A0469:units,A0469,units,57,1,57,consistent,one_distinct_to_value,Alameda County parcels,https://gis.cityofberkeley.info/arcgis3/rest/services/Public/GISPortal/MapServer/1,2026-10-04T02:11:41+00:00
A0469:use_code,A0469,use_code,7700,1,7700,consistent,one_distinct_to_value,Alameda County parcels,https://gis.cityofberkeley.info/arcgis3/rest/services/Public/GISPortal/MapServer/1,2026-10-04T02:11:41+00:00
A0469:use_description,A0469,use_description,,0,unknown,missing,zero_distinct_to_unknown,Alameda County parcels,https://gis.cityofberkeley.info/arcgis3/rest/services/Public/GISPortal/MapServer/1,2026-10-04T02:11:41+00:00
A0470:year_built,A0470,year_built,1949,1,1949,consistent,one_distinct_to_value,Alameda County parcels,https://gis.cityofberkeley.info/arcgis3/rest/services/Public/GISPortal/MapServer/1,2026-10-04T02:11:41+00:00
A0470:units,A0470,units,10,1,10,consistent,one_distinct_to_value,Alameda County parcels,https://gis.cityofberkeley.info/arcgis3/rest/services/Public/GISPortal/MapServer/1,2026-10-04T02:11:41+00:00
A0470:use_code,A0470,use_code,7700,1,7700,consistent,one_distinct_to_value,Alameda County parcels,https://gis.cityofberkeley.info/arcgis3/rest/services/Public/GISPortal/MapServer/1,2026-10-04T02:11:41+00:00
A0470:use_description,A0470,use_description,,0,unknown,missing,zero_distinct_to_unknown,Alameda County parcels,https://gis.cityofberkeley.info/arcgis3/rest/services/Public/GISPortal/MapServer/1,2026-10-04T02:11:41+00:00
A0471:year_built,A0471,year_built,,0,unknown,missing,zero_distinct_to_unknown,NJOGIS Parcels & MOD-IV Composite,https://services2.arcgis.com/XVOqAjTOJ5P6ngMu/arcgis/rest/services/Parcels_Composite_NJ_WM/FeatureServer/0,2026-10-04T02:11:41+00:00
A0471:units,A0471,units,10,1,10,consistent,one_distinct_to_value,NJOGIS Parcels & MOD-IV Composite,https://services2.arcgis.com/XVOqAjTOJ5P6ngMu/arcgis/rest/services/Parcels_Composite_NJ_WM/FeatureServer/0,2026-10-04T02:11:41+00:00
A0471:use_code,A0471,use_code,4C,1,4C,consistent,one_distinct_to_value,NJOGIS Parcels & MOD-IV Composite,https://services2.arcgis.com/XVOqAjTOJ5P6ngMu/arcgis/rest/services/Parcels_Composite_NJ_WM/FeatureServer/0,2026-10-04T02:11:41+00:00
A0471:use_description,A0471,use_description,,0,unknown,missing,zero_distinct_to_unknown,NJOGIS Parcels & MOD-IV Composite,https://services2.arcgis.com/XVOqAjTOJ5P6ngMu/arcgis/rest/services/Parcels_Composite_NJ_WM/FeatureServer/0,2026-10-04T02:11:41+00:00
A0472:year_built,A0472,year_built,,0,unknown,missing,zero_distinct_to_unknown,NJOGIS Parcels & MOD-IV Composite,https://services2.arcgis.com/XVOqAjTOJ5P6ngMu/arcgis/rest/services/Parcels_Composite_NJ_WM/FeatureServer/0,2026-10-04T02:11:41+00:00
A0472:units,A0472,units,12,1,12,consistent,one_distinct_to_value,NJOGIS Parcels & MOD-IV Composite,https://services2.arcgis.com/XVOqAjTOJ5P6ngMu/arcgis/rest/services/Parcels_Composite_NJ_WM/FeatureServer/0,2026-10-04T02:11:41+00:00
A0472:use_code,A0472,use_code,4C,1,4C,consistent,one_distinct_to_value,NJOGIS Parcels & MOD-IV Composite,https://services2.arcgis.com/XVOqAjTOJ5P6ngMu/arcgis/rest/services/Parcels_Composite_NJ_WM/FeatureServer/0,2026-10-04T02:11:41+00:00
A0472:use_description,A0472,use_description,,0,unknown,missing,zero_distinct_to_unknown,NJOGIS Parcels & MOD-IV Composite,https://services2.arcgis.com/XVOqAjTOJ5P6ngMu/arcgis/rest/services/Parcels_Composite_NJ_WM/FeatureServer/0,2026-10-04T02:11:41+00:00
A0473:year_built,A0473,year_built,1899,1,1899,consistent,one_distinct_to_value,Boston Property Assessment FY2026,https://data.boston.gov/dataset/e02c44d2-3c64-459c-8fe2-e1ce5f38a035/resource/ee73430d-96c0-423e-ad21-c4cfb54c8961/download/fy2026-property-assessment-data_rev.csv,2026-10-04T02:11:41+00:00
A0473:units,A0473,units,,0,unknown,missing,zero_distinct_to_unknown,Boston Property Assessment FY2026,https://data.boston.gov/dataset/e02c44d2-3c64-459c-8fe2-e1ce5f38a035/resource/ee73430d-96c0-423e-ad21-c4cfb54c8961/download/fy2026-property-assessment-data_rev.csv,2026-10-04T02:11:41+00:00
A0473:use_code,A0473,use_code,A,1,A,consistent,one_distinct_to_value,Boston Property Assessment FY2026,https://data.boston.gov/dataset/e02c44d2-3c64-459c-8fe2-e1ce5f38a035/resource/ee73430d-96c0-423e-ad21-c4cfb54c8961/download/fy2026-property-assessment-data_rev.csv,2026-10-04T02:11:41+00:00
A0473:use_description,A0473,use_description,APT 7-30 UNITS,1,APT 7-30 UNITS,consistent,one_distinct_to_value,Boston Property Assessment FY2026,https://data.boston.gov/dataset/e02c44d2-3c64-459c-8fe2-e1ce5f38a035/resource/ee73430d-96c0-423e-ad21-c4cfb54c8961/download/fy2026-property-assessment-data_rev.csv,2026-10-04T02:11:41+00:00
A0474:year_built,A0474,year_built,1928,1,1928,consistent,one_distinct_to_value,LA County eGIS parcels,https://cache.gis.lacounty.gov/cache/rest/services/LACounty_Cache/LACounty_Parcel/FeatureServer/0,2026-10-04T02:11:41+00:00
A0474:units,A0474,units,8,1,8,consistent,one_distinct_to_value,LA County eGIS parcels,https://cache.gis.lacounty.gov/cache/rest/services/LACounty_Cache/LACounty_Parcel/FeatureServer/0,2026-10-04T02:11:41+00:00
A0474:use_code,A0474,use_code,0500,1,0500,consistent,one_distinct_to_value,LA County eGIS parcels,https://cache.gis.lacounty.gov/cache/rest/services/LACounty_Cache/LACounty_Parcel/FeatureServer/0,2026-10-04T02:11:41+00:00
A0474:use_description,A0474,use_description,Five or more apartments,1,Five or more apartments,consistent,one_distinct_to_value,LA County eGIS parcels,https://cache.gis.lacounty.gov/cache/rest/services/LACounty_Cache/LACounty_Parcel/FeatureServer/0,2026-10-04T02:11:41+00:00
A0475:year_built,A0475,year_built,,0,unknown,missing,zero_distinct_to_unknown,NJOGIS Parcels & MOD-IV Composite,https://services2.arcgis.com/XVOqAjTOJ5P6ngMu/arcgis/rest/services/Parcels_Composite_NJ_WM/FeatureServer/0,2026-10-04T02:11:41+00:00
A0475:units,A0475,units,7,1,7,consistent,one_distinct_to_value,NJOGIS Parcels & MOD-IV Composite,https://services2.arcgis.com/XVOqAjTOJ5P6ngMu/arcgis/rest/services/Parcels_Composite_NJ_WM/FeatureServer/0,2026-10-04T02:11:41+00:00
A0475:use_code,A0475,use_code,4C,1,4C,consistent,one_distinct_to_value,NJOGIS Parcels & MOD-IV Composite,https://services2.arcgis.com/XVOqAjTOJ5P6ngMu/arcgis/rest/services/Parcels_Composite_NJ_WM/FeatureServer/0,2026-10-04T02:11:41+00:00
A0475:use_description,A0475,use_description,,0,unknown,missing,zero_distinct_to_unknown,NJOGIS Parcels & MOD-IV Composite,https://services2.arcgis.com/XVOqAjTOJ5P6ngMu/arcgis/rest/services/Parcels_Composite_NJ_WM/FeatureServer/0,2026-10-04T02:11:41+00:00
A0476:year_built,A0476,year_built,,0,unknown,missing,zero_distinct_to_unknown,NJOGIS Parcels & MOD-IV Composite,https://services2.arcgis.com/XVOqAjTOJ5P6ngMu/arcgis/rest/services/Parcels_Composite_NJ_WM/FeatureServer/0,2026-10-04T02:11:41+00:00
A0476:units,A0476,units,1,1,1,consistent,one_distinct_to_value,NJOGIS Parcels & MOD-IV Composite,https://services2.arcgis.com/XVOqAjTOJ5P6ngMu/arcgis/rest/services/Parcels_Composite_NJ_WM/FeatureServer/0,2026-10-04T02:11:41+00:00
A0476:use_code,A0476,use_code,4C,1,4C,consistent,one_distinct_to_value,NJOGIS Parcels & MOD-IV Composite,https://services2.arcgis.com/XVOqAjTOJ5P6ngMu/arcgis/rest/services/Parcels_Composite_NJ_WM/FeatureServer/0,2026-10-04T02:11:41+00:00
A0476:use_description,A0476,use_description,029,1,029,consistent,one_distinct_to_value,NJOGIS Parcels & MOD-IV Composite,https://services2.arcgis.com/XVOqAjTOJ5P6ngMu/arcgis/rest/services/Parcels_Composite_NJ_WM/FeatureServer/0,2026-10-04T02:11:41+00:00
A0478:year_built,A0478,year_built,64,1,64,consistent,one_distinct_to_value,SANDAG/SanGIS parcels,https://geo.sandag.org/server/rest/services/hosted/Parcels/FeatureServer/0,2026-10-04T02:11:41+00:00
A0478:units,A0478,units,9,1,9,consistent,one_distinct_to_value,SANDAG/SanGIS parcels,https://geo.sandag.org/server/rest/services/hosted/Parcels/FeatureServer/0,2026-10-04T02:11:41+00:00
A0478:use_code,A0478,use_code,14,1,14,consistent,one_distinct_to_value,SANDAG/SanGIS parcels,https://geo.sandag.org/server/rest/services/hosted/Parcels/FeatureServer/0,2026-10-04T02:11:41+00:00
A0478:use_description,A0478,use_description,,0,unknown,missing,zero_distinct_to_unknown,SANDAG/SanGIS parcels,https://geo.sandag.org/server/rest/services/hosted/Parcels/FeatureServer/0,2026-10-04T02:11:41+00:00
A0479:year_built,A0479,year_built,1990,1,1990,consistent,one_distinct_to_value,LA County eGIS parcels,https://cache.gis.lacounty.gov/cache/rest/services/LACounty_Cache/LACounty_Parcel/FeatureServer/0,2026-10-04T02:11:41+00:00
A0479:units,A0479,units,8,1,8,consistent,one_distinct_to_value,LA County eGIS parcels,https://cache.gis.lacounty.gov/cache/rest/services/LACounty_Cache/LACounty_Parcel/FeatureServer/0,2026-10-04T02:11:41+00:00
A0479:use_code,A0479,use_code,0500,1,0500,consistent,one_distinct_to_value,LA County eGIS parcels,https://cache.gis.lacounty.gov/cache/rest/services/LACounty_Cache/LACounty_Parcel/FeatureServer/0,2026-10-04T02:11:41+00:00
A0479:use_description,A0479,use_description,Five or more apartments,1,Five or more apartments,consistent,one_distinct_to_value,LA County eGIS parcels,https://cache.gis.lacounty.gov/cache/rest/services/LACounty_Cache/LACounty_Parcel/FeatureServer/0,2026-10-04T02:11:41+00:00
A0480:year_built,A0480,year_built,,0,unknown,address_not_aligned,reject_unaligned_address,SANDAG/SanGIS parcels,https://geo.sandag.org/server/rest/services/hosted/Parcels/FeatureServer/0,2026-10-04T02:11:41+00:00
A0480:units,A0480,units,,0,unknown,address_not_aligned,reject_unaligned_address,SANDAG/SanGIS parcels,https://geo.sandag.org/server/rest/services/hosted/Parcels/FeatureServer/0,2026-10-04T02:11:41+00:00
A0480:use_code,A0480,use_code,,0,unknown,address_not_aligned,reject_unaligned_address,SANDAG/SanGIS parcels,https://geo.sandag.org/server/rest/services/hosted/Parcels/FeatureServer/0,2026-10-04T02:11:41+00:00
A0480:use_description,A0480,use_description,,0,unknown,address_not_aligned,reject_unaligned_address,SANDAG/SanGIS parcels,https://geo.sandag.org/server/rest/services/hosted/Parcels/FeatureServer/0,2026-10-04T02:11:41+00:00
A0482:year_built,A0482,year_built,3,1,3,consistent,one_distinct_to_value,NJOGIS Parcels & MOD-IV Composite,https://services2.arcgis.com/XVOqAjTOJ5P6ngMu/arcgis/rest/services/Parcels_Composite_NJ_WM/FeatureServer/0,2026-10-04T02:11:41+00:00
A0482:units,A0482,units,,0,unknown,missing,zero_distinct_to_unknown,NJOGIS Parcels & MOD-IV Composite,https://services2.arcgis.com/XVOqAjTOJ5P6ngMu/arcgis/rest/services/Parcels_Composite_NJ_WM/FeatureServer/0,2026-10-04T02:11:41+00:00
A0482:use_code,A0482,use_code,4C,1,4C,consistent,one_distinct_to_value,NJOGIS Parcels & MOD-IV Composite,https://services2.arcgis.com/XVOqAjTOJ5P6ngMu/arcgis/rest/services/Parcels_Composite_NJ_WM/FeatureServer/0,2026-10-04T02:11:41+00:00
A0482:use_description,A0482,use_description,,0,unknown,missing,zero_distinct_to_unknown,NJOGIS Parcels & MOD-IV Composite,https://services2.arcgis.com/XVOqAjTOJ5P6ngMu/arcgis/rest/services/Parcels_Composite_NJ_WM/FeatureServer/0,2026-10-04T02:11:41+00:00
A0485:year_built,A0485,year_built,1920,1,1920,consistent,one_distinct_to_value,Cambridge Property Database FY2026 (waa7-ibdu),https://data.cambridgema.gov/resource/waa7-ibdu.json,2026-10-04T02:11:41+00:00
A0485:units,A0485,units,6,1,6,consistent,one_distinct_to_value,Cambridge Property Database FY2026 (waa7-ibdu),https://data.cambridgema.gov/resource/waa7-ibdu.json,2026-10-04T02:11:41+00:00
A0485:use_code,A0485,use_code,111,1,111,consistent,one_distinct_to_value,Cambridge Property Database FY2026 (waa7-ibdu),https://data.cambridgema.gov/resource/waa7-ibdu.json,2026-10-04T02:11:41+00:00
A0485:use_description,A0485,use_description,4-8-UNIT-APT,1,4-8-UNIT-APT,consistent,one_distinct_to_value,Cambridge Property Database FY2026 (waa7-ibdu),https://data.cambridgema.gov/resource/waa7-ibdu.json,2026-10-04T02:11:41+00:00
A0488:year_built,A0488,year_built,1900,1,1900,consistent,one_distinct_to_value,Boston Property Assessment FY2026,https://data.boston.gov/dataset/e02c44d2-3c64-459c-8fe2-e1ce5f38a035/resource/ee73430d-96c0-423e-ad21-c4cfb54c8961/download/fy2026-property-assessment-data_rev.csv,2026-10-04T02:11:41+00:00
A0488:units,A0488,units,,0,unknown,missing,zero_distinct_to_unknown,Boston Property Assessment FY2026,https://data.boston.gov/dataset/e02c44d2-3c64-459c-8fe2-e1ce5f38a035/resource/ee73430d-96c0-423e-ad21-c4cfb54c8961/download/fy2026-property-assessment-data_rev.csv,2026-10-04T02:11:41+00:00
A0488:use_code,A0488,use_code,A,1,A,consistent,one_distinct_to_value,Boston Property Assessment FY2026,https://data.boston.gov/dataset/e02c44d2-3c64-459c-8fe2-e1ce5f38a035/resource/ee73430d-96c0-423e-ad21-c4cfb54c8961/download/fy2026-property-assessment-data_rev.csv,2026-10-04T02:11:41+00:00
A0488:use_description,A0488,use_description,APT 7-30 UNITS,1,APT 7-30 UNITS,consistent,one_distinct_to_value,Boston Property Assessment FY2026,https://data.boston.gov/dataset/e02c44d2-3c64-459c-8fe2-e1ce5f38a035/resource/ee73430d-96c0-423e-ad21-c4cfb54c8961/download/fy2026-property-assessment-data_rev.csv,2026-10-04T02:11:41+00:00
A0489:year_built,A0489,year_built,2000,1,2000,consistent,one_distinct_to_value,NJOGIS Parcels & MOD-IV Composite,https://services2.arcgis.com/XVOqAjTOJ5P6ngMu/arcgis/rest/services/Parcels_Composite_NJ_WM/FeatureServer/0,2026-10-04T02:11:41+00:00
A0489:units,A0489,units,30,1,30,consistent,one_distinct_to_value,NJOGIS Parcels & MOD-IV Composite,https://services2.arcgis.com/XVOqAjTOJ5P6ngMu/arcgis/rest/services/Parcels_Composite_NJ_WM/FeatureServer/0,2026-10-04T02:11:41+00:00
A0489:use_code,A0489,use_code,4C,1,4C,consistent,one_distinct_to_value,NJOGIS Parcels & MOD-IV Composite,https://services2.arcgis.com/XVOqAjTOJ5P6ngMu/arcgis/rest/services/Parcels_Composite_NJ_WM/FeatureServer/0,2026-10-04T02:11:41+00:00
A0489:use_description,A0489,use_description,,0,unknown,missing,zero_distinct_to_unknown,NJOGIS Parcels & MOD-IV Composite,https://services2.arcgis.com/XVOqAjTOJ5P6ngMu/arcgis/rest/services/Parcels_Composite_NJ_WM/FeatureServer/0,2026-10-04T02:11:41+00:00
A0490:year_built,A0490,year_built,,0,unknown,missing,zero_distinct_to_unknown,NJOGIS Parcels & MOD-IV Composite,https://services2.arcgis.com/XVOqAjTOJ5P6ngMu/arcgis/rest/services/Parcels_Composite_NJ_WM/FeatureServer/0,2026-10-04T02:11:41+00:00
A0490:units,A0490,units,,0,unknown,missing,zero_distinct_to_unknown,NJOGIS Parcels & MOD-IV Composite,https://services2.arcgis.com/XVOqAjTOJ5P6ngMu/arcgis/rest/services/Parcels_Composite_NJ_WM/FeatureServer/0,2026-10-04T02:11:41+00:00
A0490:use_code,A0490,use_code,4C,1,4C,consistent,one_distinct_to_value,NJOGIS Parcels & MOD-IV Composite,https://services2.arcgis.com/XVOqAjTOJ5P6ngMu/arcgis/rest/services/Parcels_Composite_NJ_WM/FeatureServer/0,2026-10-04T02:11:41+00:00
A0490:use_description,A0490,use_description,738,1,738,consistent,one_distinct_to_value,NJOGIS Parcels & MOD-IV Composite,https://services2.arcgis.com/XVOqAjTOJ5P6ngMu/arcgis/rest/services/Parcels_Composite_NJ_WM/FeatureServer/0,2026-10-04T02:11:41+00:00
A0491:year_built,A0491,year_built,,0,unknown,missing,zero_distinct_to_unknown,NJOGIS Parcels & MOD-IV Composite,https://services2.arcgis.com/XVOqAjTOJ5P6ngMu/arcgis/rest/services/Parcels_Composite_NJ_WM/FeatureServer/0,2026-10-04T02:11:41+00:00
A0491:units,A0491,units,1,1,1,consistent,one_distinct_to_value,NJOGIS Parcels & MOD-IV Composite,https://services2.arcgis.com/XVOqAjTOJ5P6ngMu/arcgis/rest/services/Parcels_Composite_NJ_WM/FeatureServer/0,2026-10-04T02:11:41+00:00
A0491:use_code,A0491,use_code,4C,1,4C,consistent,one_distinct_to_value,NJOGIS Parcels & MOD-IV Composite,https://services2.arcgis.com/XVOqAjTOJ5P6ngMu/arcgis/rest/services/Parcels_Composite_NJ_WM/FeatureServer/0,2026-10-04T02:11:41+00:00
A0491:use_description,A0491,use_description,,0,unknown,missing,zero_distinct_to_unknown,NJOGIS Parcels & MOD-IV Composite,https://services2.arcgis.com/XVOqAjTOJ5P6ngMu/arcgis/rest/services/Parcels_Composite_NJ_WM/FeatureServer/0,2026-10-04T02:11:41+00:00
A0492:year_built,A0492,year_built,2019,1,2019,consistent,one_distinct_to_value,LA County eGIS parcels,https://cache.gis.lacounty.gov/cache/rest/services/LACounty_Cache/LACounty_Parcel/FeatureServer/0,2026-10-04T02:11:41+00:00
A0492:units,A0492,units,131,1,131,consistent,one_distinct_to_value,LA County eGIS parcels,https://cache.gis.lacounty.gov/cache/rest/services/LACounty_Cache/LACounty_Parcel/FeatureServer/0,2026-10-04T02:11:41+00:00
A0492:use_code,A0492,use_code,0551,1,0551,consistent,one_distinct_to_value,LA County eGIS parcels,https://cache.gis.lacounty.gov/cache/rest/services/LACounty_Cache/LACounty_Parcel/FeatureServer/0,2026-10-04T02:11:41+00:00
A0492:use_description,A0492,use_description,Five or more apartments,1,Five or more apartments,consistent,one_distinct_to_value,LA County eGIS parcels,https://cache.gis.lacounty.gov/cache/rest/services/LACounty_Cache/LACounty_Parcel/FeatureServer/0,2026-10-04T02:11:41+00:00
A0495:year_built,A0495,year_built,1895,1,1895,consistent,one_distinct_to_value,NJOGIS Parcels & MOD-IV Composite,https://services2.arcgis.com/XVOqAjTOJ5P6ngMu/arcgis/rest/services/Parcels_Composite_NJ_WM/FeatureServer/0,2026-10-04T02:11:41+00:00
A0495:units,A0495,units,,0,unknown,missing,zero_distinct_to_unknown,NJOGIS Parcels & MOD-IV Composite,https://services2.arcgis.com/XVOqAjTOJ5P6ngMu/arcgis/rest/services/Parcels_Composite_NJ_WM/FeatureServer/0,2026-10-04T02:11:41+00:00
A0495:use_code,A0495,use_code,4C,1,4C,consistent,one_distinct_to_value,NJOGIS Parcels & MOD-IV Composite,https://services2.arcgis.com/XVOqAjTOJ5P6ngMu/arcgis/rest/services/Parcels_Composite_NJ_WM/FeatureServer/0,2026-10-04T02:11:41+00:00
A0495:use_description,A0495,use_description,,0,unknown,missing,zero_distinct_to_unknown,NJOGIS Parcels & MOD-IV Composite,https://services2.arcgis.com/XVOqAjTOJ5P6ngMu/arcgis/rest/services/Parcels_Composite_NJ_WM/FeatureServer/0,2026-10-04T02:11:41+00:00
A0496:year_built,A0496,year_built,40,1,40,consistent,one_distinct_to_value,SANDAG/SanGIS parcels,https://geo.sandag.org/server/rest/services/hosted/Parcels/FeatureServer/0,2026-10-04T02:11:41+00:00
A0496:units,A0496,units,8,1,8,consistent,one_distinct_to_value,SANDAG/SanGIS parcels,https://geo.sandag.org/server/rest/services/hosted/Parcels/FeatureServer/0,2026-10-04T02:11:41+00:00
A0496:use_code,A0496,use_code,14,1,14,consistent,one_distinct_to_value,SANDAG/SanGIS parcels,https://geo.sandag.org/server/rest/services/hosted/Parcels/FeatureServer/0,2026-10-04T02:11:41+00:00
A0496:use_description,A0496,use_description,,0,unknown,missing,zero_distinct_to_unknown,SANDAG/SanGIS parcels,https://geo.sandag.org/server/rest/services/hosted/Parcels/FeatureServer/0,2026-10-04T02:11:41+00:00
A0497:year_built,A0497,year_built,28,1,unknown,candidate_set_incomplete,reject_incomplete_candidate_set,SANDAG/SanGIS parcels,https://geo.sandag.org/server/rest/services/hosted/Parcels/FeatureServer/0,2026-10-04T02:11:41+00:00
A0497:units,A0497,units,5,1,unknown,candidate_set_incomplete,reject_incomplete_candidate_set,SANDAG/SanGIS parcels,https://geo.sandag.org/server/rest/services/hosted/Parcels/FeatureServer/0,2026-10-04T02:11:41+00:00
A0497:use_code,A0497,use_code,14,1,unknown,candidate_set_incomplete,reject_incomplete_candidate_set,SANDAG/SanGIS parcels,https://geo.sandag.org/server/rest/services/hosted/Parcels/FeatureServer/0,2026-10-04T02:11:41+00:00
A0497:use_description,A0497,use_description,,0,unknown,candidate_set_incomplete,reject_incomplete_candidate_set,SANDAG/SanGIS parcels,https://geo.sandag.org/server/rest/services/hosted/Parcels/FeatureServer/0,2026-10-04T02:11:41+00:00
A0498:year_built,A0498,year_built,,0,unknown,missing,zero_distinct_to_unknown,NJOGIS Parcels & MOD-IV Composite,https://services2.arcgis.com/XVOqAjTOJ5P6ngMu/arcgis/rest/services/Parcels_Composite_NJ_WM/FeatureServer/0,2026-10-04T02:11:41+00:00
A0498:units,A0498,units,1,1,1,consistent,one_distinct_to_value,NJOGIS Parcels & MOD-IV Composite,https://services2.arcgis.com/XVOqAjTOJ5P6ngMu/arcgis/rest/services/Parcels_Composite_NJ_WM/FeatureServer/0,2026-10-04T02:11:41+00:00
A0498:use_code,A0498,use_code,4C,1,4C,consistent,one_distinct_to_value,NJOGIS Parcels & MOD-IV Composite,https://services2.arcgis.com/XVOqAjTOJ5P6ngMu/arcgis/rest/services/Parcels_Composite_NJ_WM/FeatureServer/0,2026-10-04T02:11:41+00:00
A0498:use_description,A0498,use_description,029,1,029,consistent,one_distinct_to_value,NJOGIS Parcels & MOD-IV Composite,https://services2.arcgis.com/XVOqAjTOJ5P6ngMu/arcgis/rest/services/Parcels_Composite_NJ_WM/FeatureServer/0,2026-10-04T02:11:41+00:00
A0499:year_built,A0499,year_built,1962,1,1962,consistent,one_distinct_to_value,LA County eGIS parcels,https://cache.gis.lacounty.gov/cache/rest/services/LACounty_Cache/LACounty_Parcel/FeatureServer/0,2026-10-04T02:11:41+00:00
A0499:units,A0499,units,33,1,33,consistent,one_distinct_to_value,LA County eGIS parcels,https://cache.gis.lacounty.gov/cache/rest/services/LACounty_Cache/LACounty_Parcel/FeatureServer/0,2026-10-04T02:11:41+00:00
A0499:use_code,A0499,use_code,0501,1,0501,consistent,one_distinct_to_value,LA County eGIS parcels,https://cache.gis.lacounty.gov/cache/rest/services/LACounty_Cache/LACounty_Parcel/FeatureServer/0,2026-10-04T02:11:41+00:00
A0499:use_description,A0499,use_description,Five or more apartments,1,Five or more apartments,consistent,one_distinct_to_value,LA County eGIS parcels,https://cache.gis.lacounty.gov/cache/rest/services/LACounty_Cache/LACounty_Parcel/FeatureServer/0,2026-10-04T02:11:41+00:00
A0500:year_built,A0500,year_built,1954,1,1954,consistent,one_distinct_to_value,LA County eGIS parcels,https://cache.gis.lacounty.gov/cache/rest/services/LACounty_Cache/LACounty_Parcel/FeatureServer/0,2026-10-04T02:11:41+00:00
A0500:units,A0500,units,36,1,36,consistent,one_distinct_to_value,LA County eGIS parcels,https://cache.gis.lacounty.gov/cache/rest/services/LACounty_Cache/LACounty_Parcel/FeatureServer/0,2026-10-04T02:11:41+00:00
A0500:use_code,A0500,use_code,0500,1,0500,consistent,one_distinct_to_value,LA County eGIS parcels,https://cache.gis.lacounty.gov/cache/rest/services/LACounty_Cache/LACounty_Parcel/FeatureServer/0,2026-10-04T02:11:41+00:00
A0500:use_description,A0500,use_description,Five or more apartments,1,Five or more apartments,consistent,one_distinct_to_value,LA County eGIS parcels,https://cache.gis.lacounty.gov/cache/rest/services/LACounty_Cache/LACounty_Parcel/FeatureServer/0,2026-10-04T02:11:41+00:00
A0016:year_built,A0016,year_built,1926,1,1926,consistent,one_distinct_to_value,DataSF wv5m-vpq2 (2025 roll),https://data.sfgov.org/resource/wv5m-vpq2.json,2026-10-04T02:11:41+00:00
A0016:units,A0016,units,21.0,1,21.0,consistent,one_distinct_to_value,DataSF wv5m-vpq2 (2025 roll),https://data.sfgov.org/resource/wv5m-vpq2.json,2026-10-04T02:11:41+00:00
A0016:use_code,A0016,use_code,MRES,1,MRES,consistent,one_distinct_to_value,DataSF wv5m-vpq2 (2025 roll),https://data.sfgov.org/resource/wv5m-vpq2.json,2026-10-04T02:11:41+00:00
A0016:use_description,A0016,use_description,Multi-Family Residential,1,Multi-Family Residential,consistent,one_distinct_to_value,DataSF wv5m-vpq2 (2025 roll),https://data.sfgov.org/resource/wv5m-vpq2.json,2026-10-04T02:11:41+00:00
A0021:year_built,A0021,year_built,1963,1,unknown,candidate_set_incomplete,reject_incomplete_candidate_set,DataSF wv5m-vpq2 (2025 roll),https://data.sfgov.org/resource/wv5m-vpq2.json,2026-10-04T02:11:41+00:00
A0021:units,A0021,units,6.0,1,unknown,candidate_set_incomplete,reject_incomplete_candidate_set,DataSF wv5m-vpq2 (2025 roll),https://data.sfgov.org/resource/wv5m-vpq2.json,2026-10-04T02:11:41+00:00
A0021:use_code,A0021,use_code,MRES,1,unknown,candidate_set_incomplete,reject_incomplete_candidate_set,DataSF wv5m-vpq2 (2025 roll),https://data.sfgov.org/resource/wv5m-vpq2.json,2026-10-04T02:11:41+00:00
A0021:use_description,A0021,use_description,Multi-Family Residential,1,unknown,candidate_set_incomplete,reject_incomplete_candidate_set,DataSF wv5m-vpq2 (2025 roll),https://data.sfgov.org/resource/wv5m-vpq2.json,2026-10-04T02:11:41+00:00
A0027:year_built,A0027,year_built,1923,1,1923,consistent,one_distinct_to_value,DataSF wv5m-vpq2 (2025 roll),https://data.sfgov.org/resource/wv5m-vpq2.json,2026-10-04T02:11:41+00:00
A0027:units,A0027,units,14.0|6.0,2,unknown,conflicting_facts,multiple_distinct_to_unknown,DataSF wv5m-vpq2 (2025 roll),https://data.sfgov.org/resource/wv5m-vpq2.json,2026-10-04T02:11:41+00:00
A0027:use_code,A0027,use_code,MRES,1,MRES,consistent,one_distinct_to_value,DataSF wv5m-vpq2 (2025 roll),https://data.sfgov.org/resource/wv5m-vpq2.json,2026-10-04T02:11:41+00:00
A0027:use_description,A0027,use_description,Multi-Family Residential,1,Multi-Family Residential,consistent,one_distinct_to_value,DataSF wv5m-vpq2 (2025 roll),https://data.sfgov.org/resource/wv5m-vpq2.json,2026-10-04T02:11:41+00:00
A0030:year_built,A0030,year_built,1908,1,1908,consistent,one_distinct_to_value,DataSF wv5m-vpq2 (2025 roll),https://data.sfgov.org/resource/wv5m-vpq2.json,2026-10-04T02:11:41+00:00
A0030:units,A0030,units,5.0,1,5.0,consistent,one_distinct_to_value,DataSF wv5m-vpq2 (2025 roll),https://data.sfgov.org/resource/wv5m-vpq2.json,2026-10-04T02:11:41+00:00
A0030:use_code,A0030,use_code,MRES,1,MRES,consistent,one_distinct_to_value,DataSF wv5m-vpq2 (2025 roll),https://data.sfgov.org/resource/wv5m-vpq2.json,2026-10-04T02:11:41+00:00
A0030:use_description,A0030,use_description,Multi-Family Residential,1,Multi-Family Residential,consistent,one_distinct_to_value,DataSF wv5m-vpq2 (2025 roll),https://data.sfgov.org/resource/wv5m-vpq2.json,2026-10-04T02:11:41+00:00
A0033:year_built,A0033,year_built,1910,1,1910,consistent,one_distinct_to_value,DataSF wv5m-vpq2 (2025 roll),https://data.sfgov.org/resource/wv5m-vpq2.json,2026-10-04T02:11:41+00:00
A0033:units,A0033,units,5.0,1,5.0,consistent,one_distinct_to_value,DataSF wv5m-vpq2 (2025 roll),https://data.sfgov.org/resource/wv5m-vpq2.json,2026-10-04T02:11:41+00:00
A0033:use_code,A0033,use_code,MRES,1,MRES,consistent,one_distinct_to_value,DataSF wv5m-vpq2 (2025 roll),https://data.sfgov.org/resource/wv5m-vpq2.json,2026-10-04T02:11:41+00:00
A0033:use_description,A0033,use_description,Multi-Family Residential,1,Multi-Family Residential,consistent,one_distinct_to_value,DataSF wv5m-vpq2 (2025 roll),https://data.sfgov.org/resource/wv5m-vpq2.json,2026-10-04T02:11:41+00:00
A0038:year_built,A0038,year_built,1908,1,1908,consistent,one_distinct_to_value,DataSF wv5m-vpq2 (2025 roll),https://data.sfgov.org/resource/wv5m-vpq2.json,2026-10-04T02:11:41+00:00
A0038:units,A0038,units,5.0,1,5.0,consistent,one_distinct_to_value,DataSF wv5m-vpq2 (2025 roll),https://data.sfgov.org/resource/wv5m-vpq2.json,2026-10-04T02:11:41+00:00
A0038:use_code,A0038,use_code,MRES,1,MRES,consistent,one_distinct_to_value,DataSF wv5m-vpq2 (2025 roll),https://data.sfgov.org/resource/wv5m-vpq2.json,2026-10-04T02:11:41+00:00
A0038:use_description,A0038,use_description,Multi-Family Residential,1,Multi-Family Residential,consistent,one_distinct_to_value,DataSF wv5m-vpq2 (2025 roll),https://data.sfgov.org/resource/wv5m-vpq2.json,2026-10-04T02:11:41+00:00
A0041:year_built,A0041,year_built,1900,1,1900,consistent,one_distinct_to_value,DataSF wv5m-vpq2 (2025 roll),https://data.sfgov.org/resource/wv5m-vpq2.json,2026-10-04T02:11:41+00:00
A0041:units,A0041,units,12.0|15.0,2,unknown,conflicting_facts,multiple_distinct_to_unknown,DataSF wv5m-vpq2 (2025 roll),https://data.sfgov.org/resource/wv5m-vpq2.json,2026-10-04T02:11:41+00:00
A0041:use_code,A0041,use_code,MRES,1,MRES,consistent,one_distinct_to_value,DataSF wv5m-vpq2 (2025 roll),https://data.sfgov.org/resource/wv5m-vpq2.json,2026-10-04T02:11:41+00:00
A0041:use_description,A0041,use_description,Multi-Family Residential,1,Multi-Family Residential,consistent,one_distinct_to_value,DataSF wv5m-vpq2 (2025 roll),https://data.sfgov.org/resource/wv5m-vpq2.json,2026-10-04T02:11:41+00:00
A0050:year_built,A0050,year_built,1986,1,unknown,candidate_set_incomplete,reject_incomplete_candidate_set,DataSF wv5m-vpq2 (2025 roll),https://data.sfgov.org/resource/wv5m-vpq2.json,2026-10-04T02:11:41+00:00
A0050:units,A0050,units,49.0,1,unknown,candidate_set_incomplete,reject_incomplete_candidate_set,DataSF wv5m-vpq2 (2025 roll),https://data.sfgov.org/resource/wv5m-vpq2.json,2026-10-04T02:11:41+00:00
A0050:use_code,A0050,use_code,MRES,1,unknown,candidate_set_incomplete,reject_incomplete_candidate_set,DataSF wv5m-vpq2 (2025 roll),https://data.sfgov.org/resource/wv5m-vpq2.json,2026-10-04T02:11:41+00:00
A0050:use_description,A0050,use_description,Multi-Family Residential,1,unknown,candidate_set_incomplete,reject_incomplete_candidate_set,DataSF wv5m-vpq2 (2025 roll),https://data.sfgov.org/resource/wv5m-vpq2.json,2026-10-04T02:11:41+00:00
A0055:year_built,A0055,year_built,1963,1,1963,consistent,one_distinct_to_value,DataSF wv5m-vpq2 (2025 roll),https://data.sfgov.org/resource/wv5m-vpq2.json,2026-10-04T02:11:41+00:00
A0055:units,A0055,units,6.0,1,6.0,consistent,one_distinct_to_value,DataSF wv5m-vpq2 (2025 roll),https://data.sfgov.org/resource/wv5m-vpq2.json,2026-10-04T02:11:41+00:00
A0055:use_code,A0055,use_code,MRES,1,MRES,consistent,one_distinct_to_value,DataSF wv5m-vpq2 (2025 roll),https://data.sfgov.org/resource/wv5m-vpq2.json,2026-10-04T02:11:41+00:00
A0055:use_description,A0055,use_description,Multi-Family Residential,1,Multi-Family Residential,consistent,one_distinct_to_value,DataSF wv5m-vpq2 (2025 roll),https://data.sfgov.org/resource/wv5m-vpq2.json,2026-10-04T02:11:41+00:00
A0061:year_built,A0061,year_built,1915,1,1915,consistent,one_distinct_to_value,DataSF wv5m-vpq2 (2025 roll),https://data.sfgov.org/resource/wv5m-vpq2.json,2026-10-04T02:11:41+00:00
A0061:units,A0061,units,5.0,1,5.0,consistent,one_distinct_to_value,DataSF wv5m-vpq2 (2025 roll),https://data.sfgov.org/resource/wv5m-vpq2.json,2026-10-04T02:11:41+00:00
A0061:use_code,A0061,use_code,MRES,1,MRES,consistent,one_distinct_to_value,DataSF wv5m-vpq2 (2025 roll),https://data.sfgov.org/resource/wv5m-vpq2.json,2026-10-04T02:11:41+00:00
A0061:use_description,A0061,use_description,Multi-Family Residential,1,Multi-Family Residential,consistent,one_distinct_to_value,DataSF wv5m-vpq2 (2025 roll),https://data.sfgov.org/resource/wv5m-vpq2.json,2026-10-04T02:11:41+00:00
A0062:year_built,A0062,year_built,1906,1,unknown,candidate_set_incomplete,reject_incomplete_candidate_set,DataSF wv5m-vpq2 (2025 roll),https://data.sfgov.org/resource/wv5m-vpq2.json,2026-10-04T02:11:41+00:00
A0062:units,A0062,units,6.0,1,unknown,candidate_set_incomplete,reject_incomplete_candidate_set,DataSF wv5m-vpq2 (2025 roll),https://data.sfgov.org/resource/wv5m-vpq2.json,2026-10-04T02:11:41+00:00
A0062:use_code,A0062,use_code,MRES,1,unknown,candidate_set_incomplete,reject_incomplete_candidate_set,DataSF wv5m-vpq2 (2025 roll),https://data.sfgov.org/resource/wv5m-vpq2.json,2026-10-04T02:11:41+00:00
A0062:use_description,A0062,use_description,Multi-Family Residential,1,unknown,candidate_set_incomplete,reject_incomplete_candidate_set,DataSF wv5m-vpq2 (2025 roll),https://data.sfgov.org/resource/wv5m-vpq2.json,2026-10-04T02:11:41+00:00
A0069:year_built,A0069,year_built,1900,1,1900,consistent,one_distinct_to_value,DataSF wv5m-vpq2 (2025 roll),https://data.sfgov.org/resource/wv5m-vpq2.json,2026-10-04T02:11:41+00:00
A0069:units,A0069,units,7.0|8.0,2,unknown,conflicting_facts,multiple_distinct_to_unknown,DataSF wv5m-vpq2 (2025 roll),https://data.sfgov.org/resource/wv5m-vpq2.json,2026-10-04T02:11:41+00:00
A0069:use_code,A0069,use_code,COMR|MRES,2,unknown,conflicting_facts,multiple_distinct_to_unknown,DataSF wv5m-vpq2 (2025 roll),https://data.sfgov.org/resource/wv5m-vpq2.json,2026-10-04T02:11:41+00:00
A0069:use_description,A0069,use_description,Commercial Retail|Multi-Family Residential,2,unknown,conflicting_facts,multiple_distinct_to_unknown,DataSF wv5m-vpq2 (2025 roll),https://data.sfgov.org/resource/wv5m-vpq2.json,2026-10-04T02:11:41+00:00
A0072:year_built,A0072,year_built,1973,1,1973,consistent,one_distinct_to_value,DataSF wv5m-vpq2 (2025 roll),https://data.sfgov.org/resource/wv5m-vpq2.json,2026-10-04T02:11:41+00:00
A0072:units,A0072,units,6.0,1,6.0,consistent,one_distinct_to_value,DataSF wv5m-vpq2 (2025 roll),https://data.sfgov.org/resource/wv5m-vpq2.json,2026-10-04T02:11:41+00:00
A0072:use_code,A0072,use_code,MRES,1,MRES,consistent,one_distinct_to_value,DataSF wv5m-vpq2 (2025 roll),https://data.sfgov.org/resource/wv5m-vpq2.json,2026-10-04T02:11:41+00:00
A0072:use_description,A0072,use_description,Multi-Family Residential,1,Multi-Family Residential,consistent,one_distinct_to_value,DataSF wv5m-vpq2 (2025 roll),https://data.sfgov.org/resource/wv5m-vpq2.json,2026-10-04T02:11:41+00:00
A0081:year_built,A0081,year_built,2005,1,2005,consistent,one_distinct_to_value,DataSF wv5m-vpq2 (2025 roll),https://data.sfgov.org/resource/wv5m-vpq2.json,2026-10-04T02:11:41+00:00
A0081:units,A0081,units,69.0,1,69.0,consistent,one_distinct_to_value,DataSF wv5m-vpq2 (2025 roll),https://data.sfgov.org/resource/wv5m-vpq2.json,2026-10-04T02:11:41+00:00
A0081:use_code,A0081,use_code,COMM|MRES,2,unknown,conflicting_facts,multiple_distinct_to_unknown,DataSF wv5m-vpq2 (2025 roll),https://data.sfgov.org/resource/wv5m-vpq2.json,2026-10-04T02:11:41+00:00
A0081:use_description,A0081,use_description,Commercial Misc|Multi-Family Residential,2,unknown,conflicting_facts,multiple_distinct_to_unknown,DataSF wv5m-vpq2 (2025 roll),https://data.sfgov.org/resource/wv5m-vpq2.json,2026-10-04T02:11:41+00:00
A0084:year_built,A0084,year_built,1908,1,1908,consistent,one_distinct_to_value,DataSF wv5m-vpq2 (2025 roll),https://data.sfgov.org/resource/wv5m-vpq2.json,2026-10-04T02:11:41+00:00
A0084:units,A0084,units,5.0,1,5.0,consistent,one_distinct_to_value,DataSF wv5m-vpq2 (2025 roll),https://data.sfgov.org/resource/wv5m-vpq2.json,2026-10-04T02:11:41+00:00
A0084:use_code,A0084,use_code,MRES,1,MRES,consistent,one_distinct_to_value,DataSF wv5m-vpq2 (2025 roll),https://data.sfgov.org/resource/wv5m-vpq2.json,2026-10-04T02:11:41+00:00
A0084:use_description,A0084,use_description,Multi-Family Residential,1,Multi-Family Residential,consistent,one_distinct_to_value,DataSF wv5m-vpq2 (2025 roll),https://data.sfgov.org/resource/wv5m-vpq2.json,2026-10-04T02:11:41+00:00
A0085:year_built,A0085,year_built,1926,1,1926,consistent,one_distinct_to_value,DataSF wv5m-vpq2 (2025 roll),https://data.sfgov.org/resource/wv5m-vpq2.json,2026-10-04T02:11:41+00:00
A0085:units,A0085,units,6.0,1,6.0,consistent,one_distinct_to_value,DataSF wv5m-vpq2 (2025 roll),https://data.sfgov.org/resource/wv5m-vpq2.json,2026-10-04T02:11:41+00:00
A0085:use_code,A0085,use_code,MRES,1,MRES,consistent,one_distinct_to_value,DataSF wv5m-vpq2 (2025 roll),https://data.sfgov.org/resource/wv5m-vpq2.json,2026-10-04T02:11:41+00:00
A0085:use_description,A0085,use_description,Multi-Family Residential,1,Multi-Family Residential,consistent,one_distinct_to_value,DataSF wv5m-vpq2 (2025 roll),https://data.sfgov.org/resource/wv5m-vpq2.json,2026-10-04T02:11:41+00:00
A0088:year_built,A0088,year_built,1908,1,1908,consistent,one_distinct_to_value,DataSF wv5m-vpq2 (2025 roll),https://data.sfgov.org/resource/wv5m-vpq2.json,2026-10-04T02:11:41+00:00
A0088:units,A0088,units,9.0,1,9.0,consistent,one_distinct_to_value,DataSF wv5m-vpq2 (2025 roll),https://data.sfgov.org/resource/wv5m-vpq2.json,2026-10-04T02:11:41+00:00
A0088:use_code,A0088,use_code,MRES,1,MRES,consistent,one_distinct_to_value,DataSF wv5m-vpq2 (2025 roll),https://data.sfgov.org/resource/wv5m-vpq2.json,2026-10-04T02:11:41+00:00
A0088:use_description,A0088,use_description,Multi-Family Residential,1,Multi-Family Residential,consistent,one_distinct_to_value,DataSF wv5m-vpq2 (2025 roll),https://data.sfgov.org/resource/wv5m-vpq2.json,2026-10-04T02:11:41+00:00
A0097:year_built,A0097,year_built,1907,1,1907,consistent,one_distinct_to_value,DataSF wv5m-vpq2 (2025 roll),https://data.sfgov.org/resource/wv5m-vpq2.json,2026-10-04T02:11:41+00:00
A0097:units,A0097,units,8.0,1,8.0,consistent,one_distinct_to_value,DataSF wv5m-vpq2 (2025 roll),https://data.sfgov.org/resource/wv5m-vpq2.json,2026-10-04T02:11:41+00:00
A0097:use_code,A0097,use_code,MRES,1,MRES,consistent,one_distinct_to_value,DataSF wv5m-vpq2 (2025 roll),https://data.sfgov.org/resource/wv5m-vpq2.json,2026-10-04T02:11:41+00:00
A0097:use_description,A0097,use_description,Multi-Family Residential,1,Multi-Family Residential,consistent,one_distinct_to_value,DataSF wv5m-vpq2 (2025 roll),https://data.sfgov.org/resource/wv5m-vpq2.json,2026-10-04T02:11:41+00:00
A0105:year_built,A0105,year_built,2019,1,2019,consistent,one_distinct_to_value,DataSF wv5m-vpq2 (2025 roll),https://data.sfgov.org/resource/wv5m-vpq2.json,2026-10-04T02:11:41+00:00
A0105:units,A0105,units,7.0,1,7.0,consistent,one_distinct_to_value,DataSF wv5m-vpq2 (2025 roll),https://data.sfgov.org/resource/wv5m-vpq2.json,2026-10-04T02:11:41+00:00
A0105:use_code,A0105,use_code,MRES,1,MRES,consistent,one_distinct_to_value,DataSF wv5m-vpq2 (2025 roll),https://data.sfgov.org/resource/wv5m-vpq2.json,2026-10-04T02:11:41+00:00
A0105:use_description,A0105,use_description,Multi-Family Residential,1,Multi-Family Residential,consistent,one_distinct_to_value,DataSF wv5m-vpq2 (2025 roll),https://data.sfgov.org/resource/wv5m-vpq2.json,2026-10-04T02:11:41+00:00
A0106:year_built,A0106,year_built,,0,unknown,missing,zero_distinct_to_unknown,DataSF wv5m-vpq2 (2025 roll),https://data.sfgov.org/resource/wv5m-vpq2.json,2026-10-04T02:11:41+00:00
A0106:units,A0106,units,20.0|60.0,2,unknown,conflicting_facts,multiple_distinct_to_unknown,DataSF wv5m-vpq2 (2025 roll),https://data.sfgov.org/resource/wv5m-vpq2.json,2026-10-04T02:11:41+00:00
A0106:use_code,A0106,use_code,MISC|MRES,2,unknown,conflicting_facts,multiple_distinct_to_unknown,DataSF wv5m-vpq2 (2025 roll),https://data.sfgov.org/resource/wv5m-vpq2.json,2026-10-04T02:11:41+00:00
A0106:use_description,A0106,use_description,Miscellaneous/Mixed-Use|Multi-Family Residential,2,unknown,conflicting_facts,multiple_distinct_to_unknown,DataSF wv5m-vpq2 (2025 roll),https://data.sfgov.org/resource/wv5m-vpq2.json,2026-10-04T02:11:41+00:00
A0112:year_built,A0112,year_built,1905,1,1905,consistent,one_distinct_to_value,DataSF wv5m-vpq2 (2025 roll),https://data.sfgov.org/resource/wv5m-vpq2.json,2026-10-04T02:11:41+00:00
A0112:units,A0112,units,9.0,1,9.0,consistent,one_distinct_to_value,DataSF wv5m-vpq2 (2025 roll),https://data.sfgov.org/resource/wv5m-vpq2.json,2026-10-04T02:11:41+00:00
A0112:use_code,A0112,use_code,MRES,1,MRES,consistent,one_distinct_to_value,DataSF wv5m-vpq2 (2025 roll),https://data.sfgov.org/resource/wv5m-vpq2.json,2026-10-04T02:11:41+00:00
A0112:use_description,A0112,use_description,Multi-Family Residential,1,Multi-Family Residential,consistent,one_distinct_to_value,DataSF wv5m-vpq2 (2025 roll),https://data.sfgov.org/resource/wv5m-vpq2.json,2026-10-04T02:11:41+00:00
A0115:year_built,A0115,year_built,1900,1,1900,consistent,one_distinct_to_value,DataSF wv5m-vpq2 (2025 roll),https://data.sfgov.org/resource/wv5m-vpq2.json,2026-10-04T02:11:41+00:00
A0115:units,A0115,units,6.0,1,6.0,consistent,one_distinct_to_value,DataSF wv5m-vpq2 (2025 roll),https://data.sfgov.org/resource/wv5m-vpq2.json,2026-10-04T02:11:41+00:00
A0115:use_code,A0115,use_code,MRES,1,MRES,consistent,one_distinct_to_value,DataSF wv5m-vpq2 (2025 roll),https://data.sfgov.org/resource/wv5m-vpq2.json,2026-10-04T02:11:41+00:00
A0115:use_description,A0115,use_description,Multi-Family Residential,1,Multi-Family Residential,consistent,one_distinct_to_value,DataSF wv5m-vpq2 (2025 roll),https://data.sfgov.org/resource/wv5m-vpq2.json,2026-10-04T02:11:41+00:00
A0126:year_built,A0126,year_built,1927,1,1927,consistent,one_distinct_to_value,DataSF wv5m-vpq2 (2025 roll),https://data.sfgov.org/resource/wv5m-vpq2.json,2026-10-04T02:11:41+00:00
A0126:units,A0126,units,8.0,1,8.0,consistent,one_distinct_to_value,DataSF wv5m-vpq2 (2025 roll),https://data.sfgov.org/resource/wv5m-vpq2.json,2026-10-04T02:11:41+00:00
A0126:use_code,A0126,use_code,MRES,1,MRES,consistent,one_distinct_to_value,DataSF wv5m-vpq2 (2025 roll),https://data.sfgov.org/resource/wv5m-vpq2.json,2026-10-04T02:11:41+00:00
A0126:use_description,A0126,use_description,Multi-Family Residential,1,Multi-Family Residential,consistent,one_distinct_to_value,DataSF wv5m-vpq2 (2025 roll),https://data.sfgov.org/resource/wv5m-vpq2.json,2026-10-04T02:11:41+00:00
A0135:year_built,A0135,year_built,1908,1,1908,consistent,one_distinct_to_value,DataSF wv5m-vpq2 (2025 roll),https://data.sfgov.org/resource/wv5m-vpq2.json,2026-10-04T02:11:41+00:00
A0135:units,A0135,units,29.0,1,29.0,consistent,one_distinct_to_value,DataSF wv5m-vpq2 (2025 roll),https://data.sfgov.org/resource/wv5m-vpq2.json,2026-10-04T02:11:41+00:00
A0135:use_code,A0135,use_code,MRES,1,MRES,consistent,one_distinct_to_value,DataSF wv5m-vpq2 (2025 roll),https://data.sfgov.org/resource/wv5m-vpq2.json,2026-10-04T02:11:41+00:00
A0135:use_description,A0135,use_description,Multi-Family Residential,1,Multi-Family Residential,consistent,one_distinct_to_value,DataSF wv5m-vpq2 (2025 roll),https://data.sfgov.org/resource/wv5m-vpq2.json,2026-10-04T02:11:41+00:00
A0141:year_built,A0141,year_built,1974,1,1974,consistent,one_distinct_to_value,DataSF wv5m-vpq2 (2025 roll),https://data.sfgov.org/resource/wv5m-vpq2.json,2026-10-04T02:11:41+00:00
A0141:units,A0141,units,8.0,1,8.0,consistent,one_distinct_to_value,DataSF wv5m-vpq2 (2025 roll),https://data.sfgov.org/resource/wv5m-vpq2.json,2026-10-04T02:11:41+00:00
A0141:use_code,A0141,use_code,MRES,1,MRES,consistent,one_distinct_to_value,DataSF wv5m-vpq2 (2025 roll),https://data.sfgov.org/resource/wv5m-vpq2.json,2026-10-04T02:11:41+00:00
A0141:use_description,A0141,use_description,Multi-Family Residential,1,Multi-Family Residential,consistent,one_distinct_to_value,DataSF wv5m-vpq2 (2025 roll),https://data.sfgov.org/resource/wv5m-vpq2.json,2026-10-04T02:11:41+00:00
A0147:year_built,A0147,year_built,1900,1,1900,consistent,one_distinct_to_value,DataSF wv5m-vpq2 (2025 roll),https://data.sfgov.org/resource/wv5m-vpq2.json,2026-10-04T02:11:41+00:00
A0147:units,A0147,units,5.0,1,5.0,consistent,one_distinct_to_value,DataSF wv5m-vpq2 (2025 roll),https://data.sfgov.org/resource/wv5m-vpq2.json,2026-10-04T02:11:41+00:00
A0147:use_code,A0147,use_code,MRES,1,MRES,consistent,one_distinct_to_value,DataSF wv5m-vpq2 (2025 roll),https://data.sfgov.org/resource/wv5m-vpq2.json,2026-10-04T02:11:41+00:00
A0147:use_description,A0147,use_description,Multi-Family Residential,1,Multi-Family Residential,consistent,one_distinct_to_value,DataSF wv5m-vpq2 (2025 roll),https://data.sfgov.org/resource/wv5m-vpq2.json,2026-10-04T02:11:41+00:00
A0156:year_built,A0156,year_built,1927,1,1927,consistent,one_distinct_to_value,DataSF wv5m-vpq2 (2025 roll),https://data.sfgov.org/resource/wv5m-vpq2.json,2026-10-04T02:11:41+00:00
A0156:units,A0156,units,9.0,1,9.0,consistent,one_distinct_to_value,DataSF wv5m-vpq2 (2025 roll),https://data.sfgov.org/resource/wv5m-vpq2.json,2026-10-04T02:11:41+00:00
A0156:use_code,A0156,use_code,MRES,1,MRES,consistent,one_distinct_to_value,DataSF wv5m-vpq2 (2025 roll),https://data.sfgov.org/resource/wv5m-vpq2.json,2026-10-04T02:11:41+00:00
A0156:use_description,A0156,use_description,Multi-Family Residential,1,Multi-Family Residential,consistent,one_distinct_to_value,DataSF wv5m-vpq2 (2025 roll),https://data.sfgov.org/resource/wv5m-vpq2.json,2026-10-04T02:11:41+00:00
A0164:year_built,A0164,year_built,1911,1,1911,consistent,one_distinct_to_value,DataSF wv5m-vpq2 (2025 roll),https://data.sfgov.org/resource/wv5m-vpq2.json,2026-10-04T02:11:41+00:00
A0164:units,A0164,units,6.0,1,6.0,consistent,one_distinct_to_value,DataSF wv5m-vpq2 (2025 roll),https://data.sfgov.org/resource/wv5m-vpq2.json,2026-10-04T02:11:41+00:00
A0164:use_code,A0164,use_code,MRES,1,MRES,consistent,one_distinct_to_value,DataSF wv5m-vpq2 (2025 roll),https://data.sfgov.org/resource/wv5m-vpq2.json,2026-10-04T02:11:41+00:00
A0164:use_description,A0164,use_description,Multi-Family Residential,1,Multi-Family Residential,consistent,one_distinct_to_value,DataSF wv5m-vpq2 (2025 roll),https://data.sfgov.org/resource/wv5m-vpq2.json,2026-10-04T02:11:41+00:00
A0192:year_built,A0192,year_built,1916,1,1916,consistent,one_distinct_to_value,DataSF wv5m-vpq2 (2025 roll),https://data.sfgov.org/resource/wv5m-vpq2.json,2026-10-04T02:11:41+00:00
A0192:units,A0192,units,36.0,1,36.0,consistent,one_distinct_to_value,DataSF wv5m-vpq2 (2025 roll),https://data.sfgov.org/resource/wv5m-vpq2.json,2026-10-04T02:11:41+00:00
A0192:use_code,A0192,use_code,MRES,1,MRES,consistent,one_distinct_to_value,DataSF wv5m-vpq2 (2025 roll),https://data.sfgov.org/resource/wv5m-vpq2.json,2026-10-04T02:11:41+00:00
A0192:use_description,A0192,use_description,Multi-Family Residential,1,Multi-Family Residential,consistent,one_distinct_to_value,DataSF wv5m-vpq2 (2025 roll),https://data.sfgov.org/resource/wv5m-vpq2.json,2026-10-04T02:11:41+00:00
A0202:year_built,A0202,year_built,1907,1,1907,consistent,one_distinct_to_value,DataSF wv5m-vpq2 (2025 roll),https://data.sfgov.org/resource/wv5m-vpq2.json,2026-10-04T02:11:41+00:00
A0202:units,A0202,units,6.0,1,6.0,consistent,one_distinct_to_value,DataSF wv5m-vpq2 (2025 roll),https://data.sfgov.org/resource/wv5m-vpq2.json,2026-10-04T02:11:41+00:00
A0202:use_code,A0202,use_code,MRES,1,MRES,consistent,one_distinct_to_value,DataSF wv5m-vpq2 (2025 roll),https://data.sfgov.org/resource/wv5m-vpq2.json,2026-10-04T02:11:41+00:00
A0202:use_description,A0202,use_description,Multi-Family Residential,1,Multi-Family Residential,consistent,one_distinct_to_value,DataSF wv5m-vpq2 (2025 roll),https://data.sfgov.org/resource/wv5m-vpq2.json,2026-10-04T02:11:41+00:00
A0206:year_built,A0206,year_built,1929,1,1929,consistent,one_distinct_to_value,DataSF wv5m-vpq2 (2025 roll),https://data.sfgov.org/resource/wv5m-vpq2.json,2026-10-04T02:11:41+00:00
A0206:units,A0206,units,21.0,1,21.0,consistent,one_distinct_to_value,DataSF wv5m-vpq2 (2025 roll),https://data.sfgov.org/resource/wv5m-vpq2.json,2026-10-04T02:11:41+00:00
A0206:use_code,A0206,use_code,MRES,1,MRES,consistent,one_distinct_to_value,DataSF wv5m-vpq2 (2025 roll),https://data.sfgov.org/resource/wv5m-vpq2.json,2026-10-04T02:11:41+00:00
A0206:use_description,A0206,use_description,Multi-Family Residential,1,Multi-Family Residential,consistent,one_distinct_to_value,DataSF wv5m-vpq2 (2025 roll),https://data.sfgov.org/resource/wv5m-vpq2.json,2026-10-04T02:11:41+00:00
A0212:year_built,A0212,year_built,1900,1,1900,consistent,one_distinct_to_value,DataSF wv5m-vpq2 (2025 roll),https://data.sfgov.org/resource/wv5m-vpq2.json,2026-10-04T02:11:41+00:00
A0212:units,A0212,units,5.0,1,5.0,consistent,one_distinct_to_value,DataSF wv5m-vpq2 (2025 roll),https://data.sfgov.org/resource/wv5m-vpq2.json,2026-10-04T02:11:41+00:00
A0212:use_code,A0212,use_code,MRES,1,MRES,consistent,one_distinct_to_value,DataSF wv5m-vpq2 (2025 roll),https://data.sfgov.org/resource/wv5m-vpq2.json,2026-10-04T02:11:41+00:00
A0212:use_description,A0212,use_description,Multi-Family Residential,1,Multi-Family Residential,consistent,one_distinct_to_value,DataSF wv5m-vpq2 (2025 roll),https://data.sfgov.org/resource/wv5m-vpq2.json,2026-10-04T02:11:41+00:00
A0215:year_built,A0215,year_built,1924,1,1924,consistent,one_distinct_to_value,DataSF wv5m-vpq2 (2025 roll),https://data.sfgov.org/resource/wv5m-vpq2.json,2026-10-04T02:11:41+00:00
A0215:units,A0215,units,21.0,1,21.0,consistent,one_distinct_to_value,DataSF wv5m-vpq2 (2025 roll),https://data.sfgov.org/resource/wv5m-vpq2.json,2026-10-04T02:11:41+00:00
A0215:use_code,A0215,use_code,MRES,1,MRES,consistent,one_distinct_to_value,DataSF wv5m-vpq2 (2025 roll),https://data.sfgov.org/resource/wv5m-vpq2.json,2026-10-04T02:11:41+00:00
A0215:use_description,A0215,use_description,Multi-Family Residential,1,Multi-Family Residential,consistent,one_distinct_to_value,DataSF wv5m-vpq2 (2025 roll),https://data.sfgov.org/resource/wv5m-vpq2.json,2026-10-04T02:11:41+00:00
A0222:year_built,A0222,year_built,1960,1,1960,consistent,one_distinct_to_value,DataSF wv5m-vpq2 (2025 roll),https://data.sfgov.org/resource/wv5m-vpq2.json,2026-10-04T02:11:41+00:00
A0222:units,A0222,units,8.0,1,8.0,consistent,one_distinct_to_value,DataSF wv5m-vpq2 (2025 roll),https://data.sfgov.org/resource/wv5m-vpq2.json,2026-10-04T02:11:41+00:00
A0222:use_code,A0222,use_code,MRES,1,MRES,consistent,one_distinct_to_value,DataSF wv5m-vpq2 (2025 roll),https://data.sfgov.org/resource/wv5m-vpq2.json,2026-10-04T02:11:41+00:00
A0222:use_description,A0222,use_description,Multi-Family Residential,1,Multi-Family Residential,consistent,one_distinct_to_value,DataSF wv5m-vpq2 (2025 roll),https://data.sfgov.org/resource/wv5m-vpq2.json,2026-10-04T02:11:41+00:00
A0225:year_built,A0225,year_built,1913,1,1913,consistent,one_distinct_to_value,DataSF wv5m-vpq2 (2025 roll),https://data.sfgov.org/resource/wv5m-vpq2.json,2026-10-04T02:11:41+00:00
A0225:units,A0225,units,9.0,1,9.0,consistent,one_distinct_to_value,DataSF wv5m-vpq2 (2025 roll),https://data.sfgov.org/resource/wv5m-vpq2.json,2026-10-04T02:11:41+00:00
A0225:use_code,A0225,use_code,MRES,1,MRES,consistent,one_distinct_to_value,DataSF wv5m-vpq2 (2025 roll),https://data.sfgov.org/resource/wv5m-vpq2.json,2026-10-04T02:11:41+00:00
A0225:use_description,A0225,use_description,Multi-Family Residential,1,Multi-Family Residential,consistent,one_distinct_to_value,DataSF wv5m-vpq2 (2025 roll),https://data.sfgov.org/resource/wv5m-vpq2.json,2026-10-04T02:11:41+00:00
A0228:year_built,A0228,year_built,1907,1,1907,consistent,one_distinct_to_value,DataSF wv5m-vpq2 (2025 roll),https://data.sfgov.org/resource/wv5m-vpq2.json,2026-10-04T02:11:41+00:00
A0228:units,A0228,units,5.0,1,5.0,consistent,one_distinct_to_value,DataSF wv5m-vpq2 (2025 roll),https://data.sfgov.org/resource/wv5m-vpq2.json,2026-10-04T02:11:41+00:00
A0228:use_code,A0228,use_code,MRES,1,MRES,consistent,one_distinct_to_value,DataSF wv5m-vpq2 (2025 roll),https://data.sfgov.org/resource/wv5m-vpq2.json,2026-10-04T02:11:41+00:00
A0228:use_description,A0228,use_description,Multi-Family Residential,1,Multi-Family Residential,consistent,one_distinct_to_value,DataSF wv5m-vpq2 (2025 roll),https://data.sfgov.org/resource/wv5m-vpq2.json,2026-10-04T02:11:41+00:00
A0229:year_built,A0229,year_built,1914,1,1914,consistent,one_distinct_to_value,DataSF wv5m-vpq2 (2025 roll),https://data.sfgov.org/resource/wv5m-vpq2.json,2026-10-04T02:11:41+00:00
A0229:units,A0229,units,6.0,1,6.0,consistent,one_distinct_to_value,DataSF wv5m-vpq2 (2025 roll),https://data.sfgov.org/resource/wv5m-vpq2.json,2026-10-04T02:11:41+00:00
A0229:use_code,A0229,use_code,MRES,1,MRES,consistent,one_distinct_to_value,DataSF wv5m-vpq2 (2025 roll),https://data.sfgov.org/resource/wv5m-vpq2.json,2026-10-04T02:11:41+00:00
A0229:use_description,A0229,use_description,Multi-Family Residential,1,Multi-Family Residential,consistent,one_distinct_to_value,DataSF wv5m-vpq2 (2025 roll),https://data.sfgov.org/resource/wv5m-vpq2.json,2026-10-04T02:11:41+00:00
A0231:year_built,A0231,year_built,1971,1,1971,consistent,one_distinct_to_value,DataSF wv5m-vpq2 (2025 roll),https://data.sfgov.org/resource/wv5m-vpq2.json,2026-10-04T02:11:41+00:00
A0231:units,A0231,units,6.0,1,6.0,consistent,one_distinct_to_value,DataSF wv5m-vpq2 (2025 roll),https://data.sfgov.org/resource/wv5m-vpq2.json,2026-10-04T02:11:41+00:00
A0231:use_code,A0231,use_code,MRES,1,MRES,consistent,one_distinct_to_value,DataSF wv5m-vpq2 (2025 roll),https://data.sfgov.org/resource/wv5m-vpq2.json,2026-10-04T02:11:41+00:00
A0231:use_description,A0231,use_description,Multi-Family Residential,1,Multi-Family Residential,consistent,one_distinct_to_value,DataSF wv5m-vpq2 (2025 roll),https://data.sfgov.org/resource/wv5m-vpq2.json,2026-10-04T02:11:41+00:00
A0236:year_built,A0236,year_built,1961,1,1961,consistent,one_distinct_to_value,DataSF wv5m-vpq2 (2025 roll),https://data.sfgov.org/resource/wv5m-vpq2.json,2026-10-04T02:11:41+00:00
A0236:units,A0236,units,9.0,1,9.0,consistent,one_distinct_to_value,DataSF wv5m-vpq2 (2025 roll),https://data.sfgov.org/resource/wv5m-vpq2.json,2026-10-04T02:11:41+00:00
A0236:use_code,A0236,use_code,MRES,1,MRES,consistent,one_distinct_to_value,DataSF wv5m-vpq2 (2025 roll),https://data.sfgov.org/resource/wv5m-vpq2.json,2026-10-04T02:11:41+00:00
A0236:use_description,A0236,use_description,Multi-Family Residential,1,Multi-Family Residential,consistent,one_distinct_to_value,DataSF wv5m-vpq2 (2025 roll),https://data.sfgov.org/resource/wv5m-vpq2.json,2026-10-04T02:11:41+00:00
A0237:year_built,A0237,year_built,1927,1,unknown,candidate_set_incomplete,reject_incomplete_candidate_set,DataSF wv5m-vpq2 (2025 roll),https://data.sfgov.org/resource/wv5m-vpq2.json,2026-10-04T02:11:41+00:00
A0237:units,A0237,units,12.0,1,unknown,candidate_set_incomplete,reject_incomplete_candidate_set,DataSF wv5m-vpq2 (2025 roll),https://data.sfgov.org/resource/wv5m-vpq2.json,2026-10-04T02:11:41+00:00
A0237:use_code,A0237,use_code,MRES,1,unknown,candidate_set_incomplete,reject_incomplete_candidate_set,DataSF wv5m-vpq2 (2025 roll),https://data.sfgov.org/resource/wv5m-vpq2.json,2026-10-04T02:11:41+00:00
A0237:use_description,A0237,use_description,Multi-Family Residential,1,unknown,candidate_set_incomplete,reject_incomplete_candidate_set,DataSF wv5m-vpq2 (2025 roll),https://data.sfgov.org/resource/wv5m-vpq2.json,2026-10-04T02:11:41+00:00
A0253:year_built,A0253,year_built,1928,1,1928,consistent,one_distinct_to_value,DataSF wv5m-vpq2 (2025 roll),https://data.sfgov.org/resource/wv5m-vpq2.json,2026-10-04T02:11:41+00:00
A0253:units,A0253,units,7.0,1,7.0,consistent,one_distinct_to_value,DataSF wv5m-vpq2 (2025 roll),https://data.sfgov.org/resource/wv5m-vpq2.json,2026-10-04T02:11:41+00:00
A0253:use_code,A0253,use_code,MRES,1,MRES,consistent,one_distinct_to_value,DataSF wv5m-vpq2 (2025 roll),https://data.sfgov.org/resource/wv5m-vpq2.json,2026-10-04T02:11:41+00:00
A0253:use_description,A0253,use_description,Multi-Family Residential,1,Multi-Family Residential,consistent,one_distinct_to_value,DataSF wv5m-vpq2 (2025 roll),https://data.sfgov.org/resource/wv5m-vpq2.json,2026-10-04T02:11:41+00:00
A0257:year_built,A0257,year_built,,0,unknown,address_not_aligned,reject_unaligned_address,DataSF wv5m-vpq2 (2025 roll),https://data.sfgov.org/resource/wv5m-vpq2.json,2026-10-04T02:11:41+00:00
A0257:units,A0257,units,,0,unknown,address_not_aligned,reject_unaligned_address,DataSF wv5m-vpq2 (2025 roll),https://data.sfgov.org/resource/wv5m-vpq2.json,2026-10-04T02:11:41+00:00
A0257:use_code,A0257,use_code,,0,unknown,address_not_aligned,reject_unaligned_address,DataSF wv5m-vpq2 (2025 roll),https://data.sfgov.org/resource/wv5m-vpq2.json,2026-10-04T02:11:41+00:00
A0257:use_description,A0257,use_description,,0,unknown,address_not_aligned,reject_unaligned_address,DataSF wv5m-vpq2 (2025 roll),https://data.sfgov.org/resource/wv5m-vpq2.json,2026-10-04T02:11:41+00:00
A0259:year_built,A0259,year_built,1900,1,1900,consistent,one_distinct_to_value,DataSF wv5m-vpq2 (2025 roll),https://data.sfgov.org/resource/wv5m-vpq2.json,2026-10-04T02:11:41+00:00
A0259:units,A0259,units,5.0,1,5.0,consistent,one_distinct_to_value,DataSF wv5m-vpq2 (2025 roll),https://data.sfgov.org/resource/wv5m-vpq2.json,2026-10-04T02:11:41+00:00
A0259:use_code,A0259,use_code,MRES,1,MRES,consistent,one_distinct_to_value,DataSF wv5m-vpq2 (2025 roll),https://data.sfgov.org/resource/wv5m-vpq2.json,2026-10-04T02:11:41+00:00
A0259:use_description,A0259,use_description,Multi-Family Residential,1,Multi-Family Residential,consistent,one_distinct_to_value,DataSF wv5m-vpq2 (2025 roll),https://data.sfgov.org/resource/wv5m-vpq2.json,2026-10-04T02:11:41+00:00
A0268:year_built,A0268,year_built,1914,1,1914,consistent,one_distinct_to_value,DataSF wv5m-vpq2 (2025 roll),https://data.sfgov.org/resource/wv5m-vpq2.json,2026-10-04T02:11:41+00:00
A0268:units,A0268,units,7.0,1,7.0,consistent,one_distinct_to_value,DataSF wv5m-vpq2 (2025 roll),https://data.sfgov.org/resource/wv5m-vpq2.json,2026-10-04T02:11:41+00:00
A0268:use_code,A0268,use_code,MRES,1,MRES,consistent,one_distinct_to_value,DataSF wv5m-vpq2 (2025 roll),https://data.sfgov.org/resource/wv5m-vpq2.json,2026-10-04T02:11:41+00:00
A0268:use_description,A0268,use_description,Multi-Family Residential,1,Multi-Family Residential,consistent,one_distinct_to_value,DataSF wv5m-vpq2 (2025 roll),https://data.sfgov.org/resource/wv5m-vpq2.json,2026-10-04T02:11:41+00:00
A0271:year_built,A0271,year_built,1928,1,1928,consistent,one_distinct_to_value,DataSF wv5m-vpq2 (2025 roll),https://data.sfgov.org/resource/wv5m-vpq2.json,2026-10-04T02:11:41+00:00
A0271:units,A0271,units,13.0,1,13.0,consistent,one_distinct_to_value,DataSF wv5m-vpq2 (2025 roll),https://data.sfgov.org/resource/wv5m-vpq2.json,2026-10-04T02:11:41+00:00
A0271:use_code,A0271,use_code,MRES,1,MRES,consistent,one_distinct_to_value,DataSF wv5m-vpq2 (2025 roll),https://data.sfgov.org/resource/wv5m-vpq2.json,2026-10-04T02:11:41+00:00
A0271:use_description,A0271,use_description,Multi-Family Residential,1,Multi-Family Residential,consistent,one_distinct_to_value,DataSF wv5m-vpq2 (2025 roll),https://data.sfgov.org/resource/wv5m-vpq2.json,2026-10-04T02:11:41+00:00
A0278:year_built,A0278,year_built,1919,1,1919,consistent,one_distinct_to_value,DataSF wv5m-vpq2 (2025 roll),https://data.sfgov.org/resource/wv5m-vpq2.json,2026-10-04T02:11:41+00:00
A0278:units,A0278,units,17.0,1,17.0,consistent,one_distinct_to_value,DataSF wv5m-vpq2 (2025 roll),https://data.sfgov.org/resource/wv5m-vpq2.json,2026-10-04T02:11:41+00:00
A0278:use_code,A0278,use_code,MRES,1,MRES,consistent,one_distinct_to_value,DataSF wv5m-vpq2 (2025 roll),https://data.sfgov.org/resource/wv5m-vpq2.json,2026-10-04T02:11:41+00:00
A0278:use_description,A0278,use_description,Multi-Family Residential,1,Multi-Family Residential,consistent,one_distinct_to_value,DataSF wv5m-vpq2 (2025 roll),https://data.sfgov.org/resource/wv5m-vpq2.json,2026-10-04T02:11:41+00:00
A0280:year_built,A0280,year_built,1971,1,1971,consistent,one_distinct_to_value,DataSF wv5m-vpq2 (2025 roll),https://data.sfgov.org/resource/wv5m-vpq2.json,2026-10-04T02:11:41+00:00
A0280:units,A0280,units,6.0,1,6.0,consistent,one_distinct_to_value,DataSF wv5m-vpq2 (2025 roll),https://data.sfgov.org/resource/wv5m-vpq2.json,2026-10-04T02:11:41+00:00
A0280:use_code,A0280,use_code,MRES,1,MRES,consistent,one_distinct_to_value,DataSF wv5m-vpq2 (2025 roll),https://data.sfgov.org/resource/wv5m-vpq2.json,2026-10-04T02:11:41+00:00
A0280:use_description,A0280,use_description,Multi-Family Residential,1,Multi-Family Residential,consistent,one_distinct_to_value,DataSF wv5m-vpq2 (2025 roll),https://data.sfgov.org/resource/wv5m-vpq2.json,2026-10-04T02:11:41+00:00
A0283:year_built,A0283,year_built,1986,1,unknown,candidate_set_incomplete,reject_incomplete_candidate_set,DataSF wv5m-vpq2 (2025 roll),https://data.sfgov.org/resource/wv5m-vpq2.json,2026-10-04T02:11:41+00:00
A0283:units,A0283,units,51.0,1,unknown,candidate_set_incomplete,reject_incomplete_candidate_set,DataSF wv5m-vpq2 (2025 roll),https://data.sfgov.org/resource/wv5m-vpq2.json,2026-10-04T02:11:41+00:00
A0283:use_code,A0283,use_code,MRES,1,unknown,candidate_set_incomplete,reject_incomplete_candidate_set,DataSF wv5m-vpq2 (2025 roll),https://data.sfgov.org/resource/wv5m-vpq2.json,2026-10-04T02:11:41+00:00
A0283:use_description,A0283,use_description,Multi-Family Residential,1,unknown,candidate_set_incomplete,reject_incomplete_candidate_set,DataSF wv5m-vpq2 (2025 roll),https://data.sfgov.org/resource/wv5m-vpq2.json,2026-10-04T02:11:41+00:00
A0293:year_built,A0293,year_built,1907,1,1907,consistent,one_distinct_to_value,DataSF wv5m-vpq2 (2025 roll),https://data.sfgov.org/resource/wv5m-vpq2.json,2026-10-04T02:11:41+00:00
A0293:units,A0293,units,6.0,1,6.0,consistent,one_distinct_to_value,DataSF wv5m-vpq2 (2025 roll),https://data.sfgov.org/resource/wv5m-vpq2.json,2026-10-04T02:11:41+00:00
A0293:use_code,A0293,use_code,MRES,1,MRES,consistent,one_distinct_to_value,DataSF wv5m-vpq2 (2025 roll),https://data.sfgov.org/resource/wv5m-vpq2.json,2026-10-04T02:11:41+00:00
A0293:use_description,A0293,use_description,Multi-Family Residential,1,Multi-Family Residential,consistent,one_distinct_to_value,DataSF wv5m-vpq2 (2025 roll),https://data.sfgov.org/resource/wv5m-vpq2.json,2026-10-04T02:11:41+00:00
A0305:year_built,A0305,year_built,1908,1,1908,consistent,one_distinct_to_value,DataSF wv5m-vpq2 (2025 roll),https://data.sfgov.org/resource/wv5m-vpq2.json,2026-10-04T02:11:41+00:00
A0305:units,A0305,units,5.0,1,5.0,consistent,one_distinct_to_value,DataSF wv5m-vpq2 (2025 roll),https://data.sfgov.org/resource/wv5m-vpq2.json,2026-10-04T02:11:41+00:00
A0305:use_code,A0305,use_code,MRES,1,MRES,consistent,one_distinct_to_value,DataSF wv5m-vpq2 (2025 roll),https://data.sfgov.org/resource/wv5m-vpq2.json,2026-10-04T02:11:41+00:00
A0305:use_description,A0305,use_description,Multi-Family Residential,1,Multi-Family Residential,consistent,one_distinct_to_value,DataSF wv5m-vpq2 (2025 roll),https://data.sfgov.org/resource/wv5m-vpq2.json,2026-10-04T02:11:41+00:00
A0324:year_built,A0324,year_built,1885,1,1885,consistent,one_distinct_to_value,DataSF wv5m-vpq2 (2025 roll),https://data.sfgov.org/resource/wv5m-vpq2.json,2026-10-04T02:11:41+00:00
A0324:units,A0324,units,6.0,1,6.0,consistent,one_distinct_to_value,DataSF wv5m-vpq2 (2025 roll),https://data.sfgov.org/resource/wv5m-vpq2.json,2026-10-04T02:11:41+00:00
A0324:use_code,A0324,use_code,MRES,1,MRES,consistent,one_distinct_to_value,DataSF wv5m-vpq2 (2025 roll),https://data.sfgov.org/resource/wv5m-vpq2.json,2026-10-04T02:11:41+00:00
A0324:use_description,A0324,use_description,Multi-Family Residential,1,Multi-Family Residential,consistent,one_distinct_to_value,DataSF wv5m-vpq2 (2025 roll),https://data.sfgov.org/resource/wv5m-vpq2.json,2026-10-04T02:11:41+00:00
A0328:year_built,A0328,year_built,1960,1,1960,consistent,one_distinct_to_value,DataSF wv5m-vpq2 (2025 roll),https://data.sfgov.org/resource/wv5m-vpq2.json,2026-10-04T02:11:41+00:00
A0328:units,A0328,units,6.0,1,6.0,consistent,one_distinct_to_value,DataSF wv5m-vpq2 (2025 roll),https://data.sfgov.org/resource/wv5m-vpq2.json,2026-10-04T02:11:41+00:00
A0328:use_code,A0328,use_code,MRES,1,MRES,consistent,one_distinct_to_value,DataSF wv5m-vpq2 (2025 roll),https://data.sfgov.org/resource/wv5m-vpq2.json,2026-10-04T02:11:41+00:00
A0328:use_description,A0328,use_description,Multi-Family Residential,1,Multi-Family Residential,consistent,one_distinct_to_value,DataSF wv5m-vpq2 (2025 roll),https://data.sfgov.org/resource/wv5m-vpq2.json,2026-10-04T02:11:41+00:00
A0335:year_built,A0335,year_built,1968,1,1968,consistent,one_distinct_to_value,DataSF wv5m-vpq2 (2025 roll),https://data.sfgov.org/resource/wv5m-vpq2.json,2026-10-04T02:11:41+00:00
A0335:units,A0335,units,10.0,1,10.0,consistent,one_distinct_to_value,DataSF wv5m-vpq2 (2025 roll),https://data.sfgov.org/resource/wv5m-vpq2.json,2026-10-04T02:11:41+00:00
A0335:use_code,A0335,use_code,MRES,1,MRES,consistent,one_distinct_to_value,DataSF wv5m-vpq2 (2025 roll),https://data.sfgov.org/resource/wv5m-vpq2.json,2026-10-04T02:11:41+00:00
A0335:use_description,A0335,use_description,Multi-Family Residential,1,Multi-Family Residential,consistent,one_distinct_to_value,DataSF wv5m-vpq2 (2025 roll),https://data.sfgov.org/resource/wv5m-vpq2.json,2026-10-04T02:11:41+00:00
A0351:year_built,A0351,year_built,1907,1,1907,consistent,one_distinct_to_value,DataSF wv5m-vpq2 (2025 roll),https://data.sfgov.org/resource/wv5m-vpq2.json,2026-10-04T02:11:41+00:00
A0351:units,A0351,units,7.0,1,7.0,consistent,one_distinct_to_value,DataSF wv5m-vpq2 (2025 roll),https://data.sfgov.org/resource/wv5m-vpq2.json,2026-10-04T02:11:41+00:00
A0351:use_code,A0351,use_code,MRES,1,MRES,consistent,one_distinct_to_value,DataSF wv5m-vpq2 (2025 roll),https://data.sfgov.org/resource/wv5m-vpq2.json,2026-10-04T02:11:41+00:00
A0351:use_description,A0351,use_description,Multi-Family Residential,1,Multi-Family Residential,consistent,one_distinct_to_value,DataSF wv5m-vpq2 (2025 roll),https://data.sfgov.org/resource/wv5m-vpq2.json,2026-10-04T02:11:41+00:00
A0357:year_built,A0357,year_built,1997,1,1997,consistent,one_distinct_to_value,DataSF wv5m-vpq2 (2025 roll),https://data.sfgov.org/resource/wv5m-vpq2.json,2026-10-04T02:11:41+00:00
A0357:units,A0357,units,29.0,1,29.0,consistent,one_distinct_to_value,DataSF wv5m-vpq2 (2025 roll),https://data.sfgov.org/resource/wv5m-vpq2.json,2026-10-04T02:11:41+00:00
A0357:use_code,A0357,use_code,MRES,1,MRES,consistent,one_distinct_to_value,DataSF wv5m-vpq2 (2025 roll),https://data.sfgov.org/resource/wv5m-vpq2.json,2026-10-04T02:11:41+00:00
A0357:use_description,A0357,use_description,Multi-Family Residential,1,Multi-Family Residential,consistent,one_distinct_to_value,DataSF wv5m-vpq2 (2025 roll),https://data.sfgov.org/resource/wv5m-vpq2.json,2026-10-04T02:11:41+00:00
A0364:year_built,A0364,year_built,1964,1,1964,consistent,one_distinct_to_value,DataSF wv5m-vpq2 (2025 roll),https://data.sfgov.org/resource/wv5m-vpq2.json,2026-10-04T02:11:41+00:00
A0364:units,A0364,units,6.0,1,6.0,consistent,one_distinct_to_value,DataSF wv5m-vpq2 (2025 roll),https://data.sfgov.org/resource/wv5m-vpq2.json,2026-10-04T02:11:41+00:00
A0364:use_code,A0364,use_code,MRES,1,MRES,consistent,one_distinct_to_value,DataSF wv5m-vpq2 (2025 roll),https://data.sfgov.org/resource/wv5m-vpq2.json,2026-10-04T02:11:41+00:00
A0364:use_description,A0364,use_description,Multi-Family Residential,1,Multi-Family Residential,consistent,one_distinct_to_value,DataSF wv5m-vpq2 (2025 roll),https://data.sfgov.org/resource/wv5m-vpq2.json,2026-10-04T02:11:41+00:00
A0368:year_built,A0368,year_built,1926,1,1926,consistent,one_distinct_to_value,DataSF wv5m-vpq2 (2025 roll),https://data.sfgov.org/resource/wv5m-vpq2.json,2026-10-04T02:11:41+00:00
A0368:units,A0368,units,12.0,1,12.0,consistent,one_distinct_to_value,DataSF wv5m-vpq2 (2025 roll),https://data.sfgov.org/resource/wv5m-vpq2.json,2026-10-04T02:11:41+00:00
A0368:use_code,A0368,use_code,MRES,1,MRES,consistent,one_distinct_to_value,DataSF wv5m-vpq2 (2025 roll),https://data.sfgov.org/resource/wv5m-vpq2.json,2026-10-04T02:11:41+00:00
A0368:use_description,A0368,use_description,Multi-Family Residential,1,Multi-Family Residential,consistent,one_distinct_to_value,DataSF wv5m-vpq2 (2025 roll),https://data.sfgov.org/resource/wv5m-vpq2.json,2026-10-04T02:11:41+00:00
A0375:year_built,A0375,year_built,1921,1,1921,consistent,one_distinct_to_value,DataSF wv5m-vpq2 (2025 roll),https://data.sfgov.org/resource/wv5m-vpq2.json,2026-10-04T02:11:41+00:00
A0375:units,A0375,units,9.0,1,9.0,consistent,one_distinct_to_value,DataSF wv5m-vpq2 (2025 roll),https://data.sfgov.org/resource/wv5m-vpq2.json,2026-10-04T02:11:41+00:00
A0375:use_code,A0375,use_code,MRES,1,MRES,consistent,one_distinct_to_value,DataSF wv5m-vpq2 (2025 roll),https://data.sfgov.org/resource/wv5m-vpq2.json,2026-10-04T02:11:41+00:00
A0375:use_description,A0375,use_description,Multi-Family Residential,1,Multi-Family Residential,consistent,one_distinct_to_value,DataSF wv5m-vpq2 (2025 roll),https://data.sfgov.org/resource/wv5m-vpq2.json,2026-10-04T02:11:41+00:00
A0382:year_built,A0382,year_built,1964,1,1964,consistent,one_distinct_to_value,DataSF wv5m-vpq2 (2025 roll),https://data.sfgov.org/resource/wv5m-vpq2.json,2026-10-04T02:11:41+00:00
A0382:units,A0382,units,10.0,1,10.0,consistent,one_distinct_to_value,DataSF wv5m-vpq2 (2025 roll),https://data.sfgov.org/resource/wv5m-vpq2.json,2026-10-04T02:11:41+00:00
A0382:use_code,A0382,use_code,MRES,1,MRES,consistent,one_distinct_to_value,DataSF wv5m-vpq2 (2025 roll),https://data.sfgov.org/resource/wv5m-vpq2.json,2026-10-04T02:11:41+00:00
A0382:use_description,A0382,use_description,Multi-Family Residential,1,Multi-Family Residential,consistent,one_distinct_to_value,DataSF wv5m-vpq2 (2025 roll),https://data.sfgov.org/resource/wv5m-vpq2.json,2026-10-04T02:11:41+00:00
A0384:year_built,A0384,year_built,1925,1,unknown,candidate_set_incomplete,reject_incomplete_candidate_set,DataSF wv5m-vpq2 (2025 roll),https://data.sfgov.org/resource/wv5m-vpq2.json,2026-10-04T02:11:41+00:00
A0384:units,A0384,units,7.0,1,unknown,candidate_set_incomplete,reject_incomplete_candidate_set,DataSF wv5m-vpq2 (2025 roll),https://data.sfgov.org/resource/wv5m-vpq2.json,2026-10-04T02:11:41+00:00
A0384:use_code,A0384,use_code,MRES,1,unknown,candidate_set_incomplete,reject_incomplete_candidate_set,DataSF wv5m-vpq2 (2025 roll),https://data.sfgov.org/resource/wv5m-vpq2.json,2026-10-04T02:11:41+00:00
A0384:use_description,A0384,use_description,Multi-Family Residential,1,unknown,candidate_set_incomplete,reject_incomplete_candidate_set,DataSF wv5m-vpq2 (2025 roll),https://data.sfgov.org/resource/wv5m-vpq2.json,2026-10-04T02:11:41+00:00
A0385:year_built,A0385,year_built,1986,1,1986,consistent,one_distinct_to_value,DataSF wv5m-vpq2 (2025 roll),https://data.sfgov.org/resource/wv5m-vpq2.json,2026-10-04T02:11:41+00:00
A0385:units,A0385,units,16.0,1,16.0,consistent,one_distinct_to_value,DataSF wv5m-vpq2 (2025 roll),https://data.sfgov.org/resource/wv5m-vpq2.json,2026-10-04T02:11:41+00:00
A0385:use_code,A0385,use_code,MRES,1,MRES,consistent,one_distinct_to_value,DataSF wv5m-vpq2 (2025 roll),https://data.sfgov.org/resource/wv5m-vpq2.json,2026-10-04T02:11:41+00:00
A0385:use_description,A0385,use_description,Multi-Family Residential,1,Multi-Family Residential,consistent,one_distinct_to_value,DataSF wv5m-vpq2 (2025 roll),https://data.sfgov.org/resource/wv5m-vpq2.json,2026-10-04T02:11:41+00:00
A0397:year_built,A0397,year_built,1900,1,1900,consistent,one_distinct_to_value,DataSF wv5m-vpq2 (2025 roll),https://data.sfgov.org/resource/wv5m-vpq2.json,2026-10-04T02:11:41+00:00
A0397:units,A0397,units,21.0,1,21.0,consistent,one_distinct_to_value,DataSF wv5m-vpq2 (2025 roll),https://data.sfgov.org/resource/wv5m-vpq2.json,2026-10-04T02:11:41+00:00
A0397:use_code,A0397,use_code,MRES,1,MRES,consistent,one_distinct_to_value,DataSF wv5m-vpq2 (2025 roll),https://data.sfgov.org/resource/wv5m-vpq2.json,2026-10-04T02:11:41+00:00
A0397:use_description,A0397,use_description,Multi-Family Residential,1,Multi-Family Residential,consistent,one_distinct_to_value,DataSF wv5m-vpq2 (2025 roll),https://data.sfgov.org/resource/wv5m-vpq2.json,2026-10-04T02:11:41+00:00
A0398:year_built,A0398,year_built,1908,1,1908,consistent,one_distinct_to_value,DataSF wv5m-vpq2 (2025 roll),https://data.sfgov.org/resource/wv5m-vpq2.json,2026-10-04T02:11:41+00:00
A0398:units,A0398,units,5.0,1,5.0,consistent,one_distinct_to_value,DataSF wv5m-vpq2 (2025 roll),https://data.sfgov.org/resource/wv5m-vpq2.json,2026-10-04T02:11:41+00:00
A0398:use_code,A0398,use_code,MRES,1,MRES,consistent,one_distinct_to_value,DataSF wv5m-vpq2 (2025 roll),https://data.sfgov.org/resource/wv5m-vpq2.json,2026-10-04T02:11:41+00:00
A0398:use_description,A0398,use_description,Multi-Family Residential,1,Multi-Family Residential,consistent,one_distinct_to_value,DataSF wv5m-vpq2 (2025 roll),https://data.sfgov.org/resource/wv5m-vpq2.json,2026-10-04T02:11:41+00:00
A0401:year_built,A0401,year_built,1908,1,1908,consistent,one_distinct_to_value,DataSF wv5m-vpq2 (2025 roll),https://data.sfgov.org/resource/wv5m-vpq2.json,2026-10-04T02:11:41+00:00
A0401:units,A0401,units,6.0|7.0,2,unknown,conflicting_facts,multiple_distinct_to_unknown,DataSF wv5m-vpq2 (2025 roll),https://data.sfgov.org/resource/wv5m-vpq2.json,2026-10-04T02:11:41+00:00
A0401:use_code,A0401,use_code,MRES,1,MRES,consistent,one_distinct_to_value,DataSF wv5m-vpq2 (2025 roll),https://data.sfgov.org/resource/wv5m-vpq2.json,2026-10-04T02:11:41+00:00
A0401:use_description,A0401,use_description,Multi-Family Residential,1,Multi-Family Residential,consistent,one_distinct_to_value,DataSF wv5m-vpq2 (2025 roll),https://data.sfgov.org/resource/wv5m-vpq2.json,2026-10-04T02:11:41+00:00
A0402:year_built,A0402,year_built,1900,1,1900,consistent,one_distinct_to_value,DataSF wv5m-vpq2 (2025 roll),https://data.sfgov.org/resource/wv5m-vpq2.json,2026-10-04T02:11:41+00:00
A0402:units,A0402,units,5.0,1,5.0,consistent,one_distinct_to_value,DataSF wv5m-vpq2 (2025 roll),https://data.sfgov.org/resource/wv5m-vpq2.json,2026-10-04T02:11:41+00:00
A0402:use_code,A0402,use_code,MRES,1,MRES,consistent,one_distinct_to_value,DataSF wv5m-vpq2 (2025 roll),https://data.sfgov.org/resource/wv5m-vpq2.json,2026-10-04T02:11:41+00:00
A0402:use_description,A0402,use_description,Multi-Family Residential,1,Multi-Family Residential,consistent,one_distinct_to_value,DataSF wv5m-vpq2 (2025 roll),https://data.sfgov.org/resource/wv5m-vpq2.json,2026-10-04T02:11:41+00:00
A0414:year_built,A0414,year_built,1922,1,1922,consistent,one_distinct_to_value,DataSF wv5m-vpq2 (2025 roll),https://data.sfgov.org/resource/wv5m-vpq2.json,2026-10-04T02:11:41+00:00
A0414:units,A0414,units,9.0,1,9.0,consistent,one_distinct_to_value,DataSF wv5m-vpq2 (2025 roll),https://data.sfgov.org/resource/wv5m-vpq2.json,2026-10-04T02:11:41+00:00
A0414:use_code,A0414,use_code,MRES,1,MRES,consistent,one_distinct_to_value,DataSF wv5m-vpq2 (2025 roll),https://data.sfgov.org/resource/wv5m-vpq2.json,2026-10-04T02:11:41+00:00
A0414:use_description,A0414,use_description,Multi-Family Residential,1,Multi-Family Residential,consistent,one_distinct_to_value,DataSF wv5m-vpq2 (2025 roll),https://data.sfgov.org/resource/wv5m-vpq2.json,2026-10-04T02:11:41+00:00
A0425:year_built,A0425,year_built,1916,1,1916,consistent,one_distinct_to_value,DataSF wv5m-vpq2 (2025 roll),https://data.sfgov.org/resource/wv5m-vpq2.json,2026-10-04T02:11:41+00:00
A0425:units,A0425,units,23.0,1,23.0,consistent,one_distinct_to_value,DataSF wv5m-vpq2 (2025 roll),https://data.sfgov.org/resource/wv5m-vpq2.json,2026-10-04T02:11:41+00:00
A0425:use_code,A0425,use_code,MRES,1,MRES,consistent,one_distinct_to_value,DataSF wv5m-vpq2 (2025 roll),https://data.sfgov.org/resource/wv5m-vpq2.json,2026-10-04T02:11:41+00:00
A0425:use_description,A0425,use_description,Multi-Family Residential,1,Multi-Family Residential,consistent,one_distinct_to_value,DataSF wv5m-vpq2 (2025 roll),https://data.sfgov.org/resource/wv5m-vpq2.json,2026-10-04T02:11:41+00:00
A0434:year_built,A0434,year_built,1913,1,1913,consistent,one_distinct_to_value,DataSF wv5m-vpq2 (2025 roll),https://data.sfgov.org/resource/wv5m-vpq2.json,2026-10-04T02:11:41+00:00
A0434:units,A0434,units,8.0,1,8.0,consistent,one_distinct_to_value,DataSF wv5m-vpq2 (2025 roll),https://data.sfgov.org/resource/wv5m-vpq2.json,2026-10-04T02:11:41+00:00
A0434:use_code,A0434,use_code,MRES,1,MRES,consistent,one_distinct_to_value,DataSF wv5m-vpq2 (2025 roll),https://data.sfgov.org/resource/wv5m-vpq2.json,2026-10-04T02:11:41+00:00
A0434:use_description,A0434,use_description,Multi-Family Residential,1,Multi-Family Residential,consistent,one_distinct_to_value,DataSF wv5m-vpq2 (2025 roll),https://data.sfgov.org/resource/wv5m-vpq2.json,2026-10-04T02:11:41+00:00
A0439:year_built,A0439,year_built,1988,1,1988,consistent,one_distinct_to_value,DataSF wv5m-vpq2 (2025 roll),https://data.sfgov.org/resource/wv5m-vpq2.json,2026-10-04T02:11:41+00:00
A0439:units,A0439,units,3.0|7.0,2,unknown,conflicting_facts,multiple_distinct_to_unknown,DataSF wv5m-vpq2 (2025 roll),https://data.sfgov.org/resource/wv5m-vpq2.json,2026-10-04T02:11:41+00:00
A0439:use_code,A0439,use_code,MRES,1,MRES,consistent,one_distinct_to_value,DataSF wv5m-vpq2 (2025 roll),https://data.sfgov.org/resource/wv5m-vpq2.json,2026-10-04T02:11:41+00:00
A0439:use_description,A0439,use_description,Multi-Family Residential,1,Multi-Family Residential,consistent,one_distinct_to_value,DataSF wv5m-vpq2 (2025 roll),https://data.sfgov.org/resource/wv5m-vpq2.json,2026-10-04T02:11:41+00:00
A0440:year_built,A0440,year_built,1921,1,1921,consistent,one_distinct_to_value,DataSF wv5m-vpq2 (2025 roll),https://data.sfgov.org/resource/wv5m-vpq2.json,2026-10-04T02:11:41+00:00
A0440:units,A0440,units,5.0,1,5.0,consistent,one_distinct_to_value,DataSF wv5m-vpq2 (2025 roll),https://data.sfgov.org/resource/wv5m-vpq2.json,2026-10-04T02:11:41+00:00
A0440:use_code,A0440,use_code,MRES,1,MRES,consistent,one_distinct_to_value,DataSF wv5m-vpq2 (2025 roll),https://data.sfgov.org/resource/wv5m-vpq2.json,2026-10-04T02:11:41+00:00
A0440:use_description,A0440,use_description,Multi-Family Residential,1,Multi-Family Residential,consistent,one_distinct_to_value,DataSF wv5m-vpq2 (2025 roll),https://data.sfgov.org/resource/wv5m-vpq2.json,2026-10-04T02:11:41+00:00
A0457:year_built,A0457,year_built,1906,1,1906,consistent,one_distinct_to_value,DataSF wv5m-vpq2 (2025 roll),https://data.sfgov.org/resource/wv5m-vpq2.json,2026-10-04T02:11:41+00:00
A0457:units,A0457,units,5.0,1,5.0,consistent,one_distinct_to_value,DataSF wv5m-vpq2 (2025 roll),https://data.sfgov.org/resource/wv5m-vpq2.json,2026-10-04T02:11:41+00:00
A0457:use_code,A0457,use_code,MRES,1,MRES,consistent,one_distinct_to_value,DataSF wv5m-vpq2 (2025 roll),https://data.sfgov.org/resource/wv5m-vpq2.json,2026-10-04T02:11:41+00:00
A0457:use_description,A0457,use_description,Multi-Family Residential,1,Multi-Family Residential,consistent,one_distinct_to_value,DataSF wv5m-vpq2 (2025 roll),https://data.sfgov.org/resource/wv5m-vpq2.json,2026-10-04T02:11:41+00:00
A0461:year_built,A0461,year_built,1923,1,1923,consistent,one_distinct_to_value,DataSF wv5m-vpq2 (2025 roll),https://data.sfgov.org/resource/wv5m-vpq2.json,2026-10-04T02:11:41+00:00
A0461:units,A0461,units,5.0,1,5.0,consistent,one_distinct_to_value,DataSF wv5m-vpq2 (2025 roll),https://data.sfgov.org/resource/wv5m-vpq2.json,2026-10-04T02:11:41+00:00
A0461:use_code,A0461,use_code,MRES,1,MRES,consistent,one_distinct_to_value,DataSF wv5m-vpq2 (2025 roll),https://data.sfgov.org/resource/wv5m-vpq2.json,2026-10-04T02:11:41+00:00
A0461:use_description,A0461,use_description,Multi-Family Residential,1,Multi-Family Residential,consistent,one_distinct_to_value,DataSF wv5m-vpq2 (2025 roll),https://data.sfgov.org/resource/wv5m-vpq2.json,2026-10-04T02:11:41+00:00
A0477:year_built,A0477,year_built,1975,1,1975,consistent,one_distinct_to_value,DataSF wv5m-vpq2 (2025 roll),https://data.sfgov.org/resource/wv5m-vpq2.json,2026-10-04T02:11:41+00:00
A0477:units,A0477,units,19.0|38.0,2,unknown,conflicting_facts,multiple_distinct_to_unknown,DataSF wv5m-vpq2 (2025 roll),https://data.sfgov.org/resource/wv5m-vpq2.json,2026-10-04T02:11:41+00:00
A0477:use_code,A0477,use_code,COMH|COMM|MRES,3,unknown,conflicting_facts,multiple_distinct_to_unknown,DataSF wv5m-vpq2 (2025 roll),https://data.sfgov.org/resource/wv5m-vpq2.json,2026-10-04T02:11:41+00:00
A0477:use_description,A0477,use_description,Commercial Hotel|Commercial Misc|Multi-Family Residential,3,unknown,conflicting_facts,multiple_distinct_to_unknown,DataSF wv5m-vpq2 (2025 roll),https://data.sfgov.org/resource/wv5m-vpq2.json,2026-10-04T02:11:41+00:00
A0481:year_built,A0481,year_built,1925,1,1925,consistent,one_distinct_to_value,DataSF wv5m-vpq2 (2025 roll),https://data.sfgov.org/resource/wv5m-vpq2.json,2026-10-04T02:11:41+00:00
A0481:units,A0481,units,63.0,1,63.0,consistent,one_distinct_to_value,DataSF wv5m-vpq2 (2025 roll),https://data.sfgov.org/resource/wv5m-vpq2.json,2026-10-04T02:11:41+00:00
A0481:use_code,A0481,use_code,MRES,1,MRES,consistent,one_distinct_to_value,DataSF wv5m-vpq2 (2025 roll),https://data.sfgov.org/resource/wv5m-vpq2.json,2026-10-04T02:11:41+00:00
A0481:use_description,A0481,use_description,Multi-Family Residential,1,Multi-Family Residential,consistent,one_distinct_to_value,DataSF wv5m-vpq2 (2025 roll),https://data.sfgov.org/resource/wv5m-vpq2.json,2026-10-04T02:11:41+00:00
A0483:year_built,A0483,year_built,1917,1,1917,consistent,one_distinct_to_value,DataSF wv5m-vpq2 (2025 roll),https://data.sfgov.org/resource/wv5m-vpq2.json,2026-10-04T02:11:41+00:00
A0483:units,A0483,units,71.0|72.0,2,unknown,conflicting_facts,multiple_distinct_to_unknown,DataSF wv5m-vpq2 (2025 roll),https://data.sfgov.org/resource/wv5m-vpq2.json,2026-10-04T02:11:41+00:00
A0483:use_code,A0483,use_code,MRES,1,MRES,consistent,one_distinct_to_value,DataSF wv5m-vpq2 (2025 roll),https://data.sfgov.org/resource/wv5m-vpq2.json,2026-10-04T02:11:41+00:00
A0483:use_description,A0483,use_description,Multi-Family Residential,1,Multi-Family Residential,consistent,one_distinct_to_value,DataSF wv5m-vpq2 (2025 roll),https://data.sfgov.org/resource/wv5m-vpq2.json,2026-10-04T02:11:41+00:00
A0484:year_built,A0484,year_built,1948,1,1948,consistent,one_distinct_to_value,DataSF wv5m-vpq2 (2025 roll),https://data.sfgov.org/resource/wv5m-vpq2.json,2026-10-04T02:11:41+00:00
A0484:units,A0484,units,5.0,1,5.0,consistent,one_distinct_to_value,DataSF wv5m-vpq2 (2025 roll),https://data.sfgov.org/resource/wv5m-vpq2.json,2026-10-04T02:11:41+00:00
A0484:use_code,A0484,use_code,MRES,1,MRES,consistent,one_distinct_to_value,DataSF wv5m-vpq2 (2025 roll),https://data.sfgov.org/resource/wv5m-vpq2.json,2026-10-04T02:11:41+00:00
A0484:use_description,A0484,use_description,Multi-Family Residential,1,Multi-Family Residential,consistent,one_distinct_to_value,DataSF wv5m-vpq2 (2025 roll),https://data.sfgov.org/resource/wv5m-vpq2.json,2026-10-04T02:11:41+00:00
A0486:year_built,A0486,year_built,1910,1,1910,consistent,one_distinct_to_value,DataSF wv5m-vpq2 (2025 roll),https://data.sfgov.org/resource/wv5m-vpq2.json,2026-10-04T02:11:41+00:00
A0486:units,A0486,units,9.0,1,9.0,consistent,one_distinct_to_value,DataSF wv5m-vpq2 (2025 roll),https://data.sfgov.org/resource/wv5m-vpq2.json,2026-10-04T02:11:41+00:00
A0486:use_code,A0486,use_code,COMM|MRES,2,unknown,conflicting_facts,multiple_distinct_to_unknown,DataSF wv5m-vpq2 (2025 roll),https://data.sfgov.org/resource/wv5m-vpq2.json,2026-10-04T02:11:41+00:00
A0486:use_description,A0486,use_description,Commercial Misc|Multi-Family Residential,2,unknown,conflicting_facts,multiple_distinct_to_unknown,DataSF wv5m-vpq2 (2025 roll),https://data.sfgov.org/resource/wv5m-vpq2.json,2026-10-04T02:11:41+00:00
A0487:year_built,A0487,year_built,1900,1,1900,consistent,one_distinct_to_value,DataSF wv5m-vpq2 (2025 roll),https://data.sfgov.org/resource/wv5m-vpq2.json,2026-10-04T02:11:41+00:00
A0487:units,A0487,units,11.0,1,11.0,consistent,one_distinct_to_value,DataSF wv5m-vpq2 (2025 roll),https://data.sfgov.org/resource/wv5m-vpq2.json,2026-10-04T02:11:41+00:00
A0487:use_code,A0487,use_code,COMM|MRES,2,unknown,conflicting_facts,multiple_distinct_to_unknown,DataSF wv5m-vpq2 (2025 roll),https://data.sfgov.org/resource/wv5m-vpq2.json,2026-10-04T02:11:41+00:00
A0487:use_description,A0487,use_description,Commercial Misc|Multi-Family Residential,2,unknown,conflicting_facts,multiple_distinct_to_unknown,DataSF wv5m-vpq2 (2025 roll),https://data.sfgov.org/resource/wv5m-vpq2.json,2026-10-04T02:11:41+00:00
A0493:year_built,A0493,year_built,1916,1,1916,consistent,one_distinct_to_value,DataSF wv5m-vpq2 (2025 roll),https://data.sfgov.org/resource/wv5m-vpq2.json,2026-10-04T02:11:41+00:00
A0493:units,A0493,units,10.0,1,10.0,consistent,one_distinct_to_value,DataSF wv5m-vpq2 (2025 roll),https://data.sfgov.org/resource/wv5m-vpq2.json,2026-10-04T02:11:41+00:00
A0493:use_code,A0493,use_code,MRES,1,MRES,consistent,one_distinct_to_value,DataSF wv5m-vpq2 (2025 roll),https://data.sfgov.org/resource/wv5m-vpq2.json,2026-10-04T02:11:41+00:00
A0493:use_description,A0493,use_description,Multi-Family Residential,1,Multi-Family Residential,consistent,one_distinct_to_value,DataSF wv5m-vpq2 (2025 roll),https://data.sfgov.org/resource/wv5m-vpq2.json,2026-10-04T02:11:41+00:00
A0494:year_built,A0494,year_built,1923,1,1923,consistent,one_distinct_to_value,DataSF wv5m-vpq2 (2025 roll),https://data.sfgov.org/resource/wv5m-vpq2.json,2026-10-04T02:11:41+00:00
A0494:units,A0494,units,6.0,1,6.0,consistent,one_distinct_to_value,DataSF wv5m-vpq2 (2025 roll),https://data.sfgov.org/resource/wv5m-vpq2.json,2026-10-04T02:11:41+00:00
A0494:use_code,A0494,use_code,MRES,1,MRES,consistent,one_distinct_to_value,DataSF wv5m-vpq2 (2025 roll),https://data.sfgov.org/resource/wv5m-vpq2.json,2026-10-04T02:11:41+00:00
A0494:use_description,A0494,use_description,Multi-Family Residential,1,Multi-Family Residential,consistent,one_distinct_to_value,DataSF wv5m-vpq2 (2025 roll),https://data.sfgov.org/resource/wv5m-vpq2.json,2026-10-04T02:11:41+00:00
