audit_id,address_id,field_name,original_year_built,original_year_built_source,parcel_year_built_raw,parcel_year_built,parcel_year_built_source,parcel_year_built_status,resolved_year_built,year_built_validation_status,year_built_resolution_case,decision_rule,decision_note,conflict_log,candidate_count_reported,candidate_capture_status,address_alignment_status,processed_at
A0001:year_built_comparison,A0001,year_built,1927,LA County eGIS parcels,1927,1927,LA County eGIS parcels,consistent,1927,verified,both_consistent,both_consistent,Original and public parcel values agree.,,1,complete,aligned,2026-10-04T02:41:38+00:00
A0002:year_built_comparison,A0002,year_built,2001,NJOGIS Parcels & MOD-IV Composite,2001,2001,NJOGIS Parcels & MOD-IV Composite,consistent,2001,verified,both_consistent,both_consistent,Original and public parcel values agree.,,1,complete,aligned,2026-10-04T02:41:38+00:00
A0003:year_built_comparison,A0003,year_built,,NJOGIS Parcels & MOD-IV Composite,unknown,,NJOGIS Parcels & MOD-IV Composite,address_not_aligned,unknown,unknown,both_missing_or_parcel_unusable,both_missing_or_parcel_unusable,No usable year-built value was available from either source.,,1,representative_only,not_aligned,2026-10-04T02:41:38+00:00
A0004:year_built_comparison,A0004,year_built,1964,LA County eGIS parcels,1964,1964,LA County eGIS parcels,consistent,1964,verified,both_consistent,both_consistent,Original and public parcel values agree.,,1,complete,aligned,2026-10-04T02:41:38+00:00
A0005:year_built_comparison,A0005,year_built,,Alameda County parcels,unknown,,Alameda County parcels,missing,unknown,unknown,both_missing_or_parcel_unusable,both_missing_or_parcel_unusable,No usable year-built value was available from either source.,,1,complete,aligned,2026-10-04T02:41:38+00:00
A0006:year_built_comparison,A0006,year_built,1900,Boston Property Assessment FY2026,1900,1900,Boston Property Assessment FY2026,consistent,1900,verified,both_consistent,both_consistent,Original and public parcel values agree.,,1,complete,aligned,2026-10-04T02:41:38+00:00
A0007:year_built_comparison,A0007,year_built,1913,LA County eGIS parcels,1913,1913,LA County eGIS parcels,consistent,1913,verified,both_consistent,both_consistent,Original and public parcel values agree.,,1,complete,aligned,2026-10-04T02:41:38+00:00
A0008:year_built_comparison,A0008,year_built,,NJOGIS Parcels & MOD-IV Composite,unknown,,NJOGIS Parcels & MOD-IV Composite,address_not_aligned,unknown,unknown,both_missing_or_parcel_unusable,both_missing_or_parcel_unusable,No usable year-built value was available from either source.,,1,complete,parser_failed,2026-10-04T02:41:38+00:00
A0009:year_built_comparison,A0009,year_built,1915,Cambridge Property Database FY2026 (waa7-ibdu),1915,1915,Cambridge Property Database FY2026 (waa7-ibdu),consistent,1915,verified,both_consistent,both_consistent,Original and public parcel values agree.,,1,complete,aligned,2026-10-04T02:41:38+00:00
A0010:year_built_comparison,A0010,year_built,1915,Cambridge Property Database FY2026 (waa7-ibdu),1915,1915,Cambridge Property Database FY2026 (waa7-ibdu),consistent,1915,verified,both_consistent,both_consistent,Original and public parcel values agree.,,1,complete,aligned,2026-10-04T02:41:38+00:00
A0011:year_built_comparison,A0011,year_built,,NJOGIS Parcels & MOD-IV Composite,unknown,,NJOGIS Parcels & MOD-IV Composite,missing,unknown,unknown,both_missing_or_parcel_unusable,both_missing_or_parcel_unusable,No usable year-built value was available from either source.,,1,complete,aligned,2026-10-04T02:41:38+00:00
A0012:year_built_comparison,A0012,year_built,1900,NJOGIS Parcels & MOD-IV Composite,1900,1900,NJOGIS Parcels & MOD-IV Composite,consistent,1900,verified,both_consistent,both_consistent,Original and public parcel values agree.,,1,complete,aligned,2026-10-04T02:41:38+00:00
A0013:year_built_comparison,A0013,year_built,,NJOGIS Parcels & MOD-IV Composite,unknown,,NJOGIS Parcels & MOD-IV Composite,missing,unknown,unknown,both_missing_or_parcel_unusable,both_missing_or_parcel_unusable,No usable year-built value was available from either source.,,1,complete,aligned,2026-10-04T02:41:38+00:00
A0014:year_built_comparison,A0014,year_built,1947,LA County eGIS parcels,1947,1947,LA County eGIS parcels,consistent,1947,verified,both_consistent,both_consistent,Original and public parcel values agree.,,1,complete,aligned,2026-10-04T02:41:38+00:00
A0015:year_built_comparison,A0015,year_built,1930,Cambridge Property Database FY2026 (waa7-ibdu),1930,1930,Cambridge Property Database FY2026 (waa7-ibdu),consistent,1930,verified,both_consistent,both_consistent,Original and public parcel values agree.,,1,complete,aligned,2026-10-04T02:41:38+00:00
A0016:year_built_comparison,A0016,year_built,1926,DataSF wv5m-vpq2 (2025 roll),1926,1926,DataSF wv5m-vpq2 (2025 roll),consistent,1926,verified,both_consistent,both_consistent,Original and public parcel values agree.,,19,complete,aligned,2026-10-04T02:41:38+00:00
A0017:year_built_comparison,A0017,year_built,,NJOGIS Parcels & MOD-IV Composite,unknown,,NJOGIS Parcels & MOD-IV Composite,missing,unknown,unknown,both_missing_or_parcel_unusable,both_missing_or_parcel_unusable,No usable year-built value was available from either source.,,1,complete,aligned,2026-10-04T02:41:38+00:00
A0018:year_built_comparison,A0018,year_built,,Alameda County parcels,unknown,,Alameda County parcels,missing,unknown,unknown,both_missing_or_parcel_unusable,both_missing_or_parcel_unusable,No usable year-built value was available from either source.,,1,complete,aligned,2026-10-04T02:41:38+00:00
A0019:year_built_comparison,A0019,year_built,,SANDAG/SanGIS parcels,62,,SANDAG/SanGIS parcels,consistent,unknown,unknown,both_missing_or_parcel_unusable,both_missing_or_parcel_unusable,No usable year-built value was available from either source. Public parcel reported an unusable year value (62); it was not inferred or expanded.,,1,complete,aligned,2026-10-04T02:41:38+00:00
A0020:year_built_comparison,A0020,year_built,,NJOGIS Parcels & MOD-IV Composite,unknown,,NJOGIS Parcels & MOD-IV Composite,missing,unknown,unknown,both_missing_or_parcel_unusable,both_missing_or_parcel_unusable,No usable year-built value was available from either source.,,1,complete,aligned,2026-10-04T02:41:38+00:00
A0021:year_built_comparison,A0021,year_built,1963,DataSF wv5m-vpq2 (2025 roll),unknown,,DataSF wv5m-vpq2 (2025 roll),candidate_set_incomplete,1963,verified,original_only,original_only,Original value retained because no usable public parcel value was available.,,1,none,aligned,2026-10-04T02:41:38+00:00
A0022:year_built_comparison,A0022,year_built,2012,LA County eGIS parcels,2012,2012,LA County eGIS parcels,consistent,2012,verified,both_consistent,both_consistent,Original and public parcel values agree.,,1,complete,aligned,2026-10-04T02:41:38+00:00
A0023:year_built_comparison,A0023,year_built,1987,LA County eGIS parcels,1987,1987,LA County eGIS parcels,consistent,1987,verified,both_consistent,both_consistent,Original and public parcel values agree.,,1,complete,aligned,2026-10-04T02:41:38+00:00
A0024:year_built_comparison,A0024,year_built,1920,Cambridge Property Database FY2026 (waa7-ibdu),1920,1920,Cambridge Property Database FY2026 (waa7-ibdu),consistent,1920,verified,both_consistent,both_consistent,Original and public parcel values agree.,,1,complete,aligned,2026-10-04T02:41:38+00:00
A0025:year_built_comparison,A0025,year_built,,Alameda County parcels,unknown,,Alameda County parcels,missing,unknown,unknown,both_missing_or_parcel_unusable,both_missing_or_parcel_unusable,No usable year-built value was available from either source.,,1,complete,aligned,2026-10-04T02:41:38+00:00
A0026:year_built_comparison,A0026,year_built,1901,NJOGIS Parcels & MOD-IV Composite,1901,1901,NJOGIS Parcels & MOD-IV Composite,consistent,1901,verified,both_consistent,both_consistent,Original and public parcel values agree.,,1,complete,aligned,2026-10-04T02:41:38+00:00
A0027:year_built_comparison,A0027,year_built,1923,DataSF wv5m-vpq2 (2025 roll),1923,1923,DataSF wv5m-vpq2 (2025 roll),consistent,1923,verified,both_consistent,both_consistent,Original and public parcel values agree.,,38,complete,aligned,2026-10-04T02:41:38+00:00
A0028:year_built_comparison,A0028,year_built,,NJOGIS Parcels & MOD-IV Composite,unknown,,NJOGIS Parcels & MOD-IV Composite,address_not_aligned,unknown,unknown,both_missing_or_parcel_unusable,both_missing_or_parcel_unusable,No usable year-built value was available from either source.,,1,representative_only,not_aligned,2026-10-04T02:41:38+00:00
A0029:year_built_comparison,A0029,year_built,,NJOGIS Parcels & MOD-IV Composite,unknown,,NJOGIS Parcels & MOD-IV Composite,missing,unknown,unknown,both_missing_or_parcel_unusable,both_missing_or_parcel_unusable,No usable year-built value was available from either source.,,1,complete,aligned,2026-10-04T02:41:38+00:00
A0030:year_built_comparison,A0030,year_built,1908,DataSF wv5m-vpq2 (2025 roll),1908,1908,DataSF wv5m-vpq2 (2025 roll),consistent,1908,verified,both_consistent,both_consistent,Original and public parcel values agree.,,19,complete,aligned,2026-10-04T02:41:38+00:00
A0031:year_built_comparison,A0031,year_built,1911,LA County eGIS parcels,1911,1911,LA County eGIS parcels,consistent,1911,verified,both_consistent,both_consistent,Original and public parcel values agree.,,1,complete,aligned,2026-10-04T02:41:38+00:00
A0032:year_built_comparison,A0032,year_built,,NJOGIS Parcels & MOD-IV Composite,unknown,,NJOGIS Parcels & MOD-IV Composite,missing,unknown,unknown,both_missing_or_parcel_unusable,both_missing_or_parcel_unusable,No usable year-built value was available from either source.,,1,complete,aligned,2026-10-04T02:41:38+00:00
A0033:year_built_comparison,A0033,year_built,1910,DataSF wv5m-vpq2 (2025 roll),1910,1910,DataSF wv5m-vpq2 (2025 roll),consistent,1910,verified,both_consistent,both_consistent,Original and public parcel values agree.,,19,complete,aligned,2026-10-04T02:41:38+00:00
A0034:year_built_comparison,A0034,year_built,1886,Cambridge Property Database FY2026 (waa7-ibdu),1886,1886,Cambridge Property Database FY2026 (waa7-ibdu),consistent,1886,verified,both_consistent,both_consistent,Original and public parcel values agree.,,1,complete,aligned,2026-10-04T02:41:38+00:00
A0035:year_built_comparison,A0035,year_built,1997,LA County eGIS parcels,1997,1997,LA County eGIS parcels,consistent,1997,verified,both_consistent,both_consistent,Original and public parcel values agree.,,1,complete,aligned,2026-10-04T02:41:38+00:00
A0036:year_built_comparison,A0036,year_built,2019,Boston Property Assessment FY2026,2019,2019,Boston Property Assessment FY2026,consistent,2019,verified,both_consistent,both_consistent,Original and public parcel values agree.,,1,complete,aligned,2026-10-04T02:41:38+00:00
A0037:year_built_comparison,A0037,year_built,2001,LA County eGIS parcels,2001,2001,LA County eGIS parcels,consistent,2001,verified,both_consistent,both_consistent,Original and public parcel values agree.,,1,complete,aligned,2026-10-04T02:41:38+00:00
A0038:year_built_comparison,A0038,year_built,1908,DataSF wv5m-vpq2 (2025 roll),1908,1908,DataSF wv5m-vpq2 (2025 roll),consistent,1908,verified,both_consistent,both_consistent,Original and public parcel values agree.,,19,complete,aligned,2026-10-04T02:41:38+00:00
A0039:year_built_comparison,A0039,year_built,1910,Cambridge Property Database FY2026 (waa7-ibdu),1910,1910,Cambridge Property Database FY2026 (waa7-ibdu),consistent,1910,verified,both_consistent,both_consistent,Original and public parcel values agree.,,1,complete,aligned,2026-10-04T02:41:38+00:00
A0040:year_built_comparison,A0040,year_built,,NJOGIS Parcels & MOD-IV Composite,unknown,,NJOGIS Parcels & MOD-IV Composite,missing,unknown,unknown,both_missing_or_parcel_unusable,both_missing_or_parcel_unusable,No usable year-built value was available from either source.,,1,complete,aligned,2026-10-04T02:41:38+00:00
A0041:year_built_comparison,A0041,year_built,1900,DataSF wv5m-vpq2 (2025 roll),1900,1900,DataSF wv5m-vpq2 (2025 roll),consistent,1900,verified,both_consistent,both_consistent,Original and public parcel values agree.,,19,complete,aligned,2026-10-04T02:41:38+00:00
A0042:year_built_comparison,A0042,year_built,1912,NJOGIS Parcels & MOD-IV Composite,1912,1912,NJOGIS Parcels & MOD-IV Composite,consistent,1912,verified,both_consistent,both_consistent,Original and public parcel values agree.,,1,complete,aligned,2026-10-04T02:41:38+00:00
A0043:year_built_comparison,A0043,year_built,1920,Cambridge Property Database FY2026 (waa7-ibdu),1920,1920,Cambridge Property Database FY2026 (waa7-ibdu),consistent,1920,verified,both_consistent,both_consistent,Original and public parcel values agree.,,1,complete,aligned,2026-10-04T02:41:38+00:00
A0044:year_built_comparison,A0044,year_built,,NJOGIS Parcels & MOD-IV Composite,unknown,,NJOGIS Parcels & MOD-IV Composite,missing,unknown,unknown,both_missing_or_parcel_unusable,both_missing_or_parcel_unusable,No usable year-built value was available from either source.,,1,complete,aligned,2026-10-04T02:41:38+00:00
A0045:year_built_comparison,A0045,year_built,1987,LA County eGIS parcels,1987,1987,LA County eGIS parcels,consistent,1987,verified,both_consistent,both_consistent,Original and public parcel values agree.,,1,complete,aligned,2026-10-04T02:41:38+00:00
A0046:year_built_comparison,A0046,year_built,1975,Cambridge Property Database FY2026 (waa7-ibdu),1975,1975,Cambridge Property Database FY2026 (waa7-ibdu),consistent,1975,verified,both_consistent,both_consistent,Original and public parcel values agree.,,1,complete,aligned,2026-10-04T02:41:38+00:00
A0047:year_built_comparison,A0047,year_built,1913,NJOGIS Parcels & MOD-IV Composite,1913,1913,NJOGIS Parcels & MOD-IV Composite,consistent,1913,verified,both_consistent,both_consistent,Original and public parcel values agree.,,1,complete,aligned,2026-10-04T02:41:38+00:00
A0048:year_built_comparison,A0048,year_built,1899,Boston Property Assessment FY2026,1899,1899,Boston Property Assessment FY2026,consistent,1899,verified,both_consistent,both_consistent,Original and public parcel values agree.,,1,complete,aligned,2026-10-04T02:41:38+00:00
A0049:year_built_comparison,A0049,year_built,,NJOGIS Parcels & MOD-IV Composite,unknown,,NJOGIS Parcels & MOD-IV Composite,missing,unknown,unknown,both_missing_or_parcel_unusable,both_missing_or_parcel_unusable,No usable year-built value was available from either source.,,1,complete,aligned,2026-10-04T02:41:38+00:00
A0050:year_built_comparison,A0050,year_built,1986,DataSF wv5m-vpq2 (2025 roll),unknown,,DataSF wv5m-vpq2 (2025 roll),candidate_set_incomplete,1986,verified,original_only,original_only,Original value retained because no usable public parcel value was available.,,1,none,aligned,2026-10-04T02:41:38+00:00
A0051:year_built_comparison,A0051,year_built,,NJOGIS Parcels & MOD-IV Composite,1,,NJOGIS Parcels & MOD-IV Composite,consistent,unknown,unknown,both_missing_or_parcel_unusable,both_missing_or_parcel_unusable,No usable year-built value was available from either source. Public parcel reported an unusable year value (1); it was not inferred or expanded.,,1,complete,aligned,2026-10-04T02:41:38+00:00
A0052:year_built_comparison,A0052,year_built,1965,Boston Property Assessment FY2026,1965,1965,Boston Property Assessment FY2026,consistent,1965,verified,both_consistent,both_consistent,Original and public parcel values agree.,,1,complete,aligned,2026-10-04T02:41:38+00:00
A0053:year_built_comparison,A0053,year_built,1990,Boston Property Assessment FY2026,1990,1990,Boston Property Assessment FY2026,consistent,1990,verified,both_consistent,both_consistent,Original and public parcel values agree.,,1,complete,aligned,2026-10-04T02:41:38+00:00
A0054:year_built_comparison,A0054,year_built,2020,Boston Property Assessment FY2026,2020,2020,Boston Property Assessment FY2026,consistent,2020,verified,both_consistent,both_consistent,Original and public parcel values agree.,,1,complete,aligned,2026-10-04T02:41:38+00:00
A0055:year_built_comparison,A0055,year_built,1963,DataSF wv5m-vpq2 (2025 roll),1963,1963,DataSF wv5m-vpq2 (2025 roll),consistent,1963,verified,both_consistent,both_consistent,Original and public parcel values agree.,,19,complete,aligned,2026-10-04T02:41:38+00:00
A0056:year_built_comparison,A0056,year_built,1920,Boston Property Assessment FY2026,1920,1920,Boston Property Assessment FY2026,consistent,1920,verified,both_consistent,both_consistent,Original and public parcel values agree.,,1,complete,aligned,2026-10-04T02:41:38+00:00
A0057:year_built_comparison,A0057,year_built,,NJOGIS Parcels & MOD-IV Composite,unknown,,NJOGIS Parcels & MOD-IV Composite,missing,unknown,unknown,both_missing_or_parcel_unusable,both_missing_or_parcel_unusable,No usable year-built value was available from either source.,,1,complete,aligned,2026-10-04T02:41:38+00:00
A0058:year_built_comparison,A0058,year_built,,SANDAG/SanGIS parcels,69,,SANDAG/SanGIS parcels,consistent,unknown,unknown,both_missing_or_parcel_unusable,both_missing_or_parcel_unusable,No usable year-built value was available from either source. Public parcel reported an unusable year value (69); it was not inferred or expanded.,,1,complete,aligned,2026-10-04T02:41:38+00:00
A0059:year_built_comparison,A0059,year_built,,NJOGIS Parcels & MOD-IV Composite,unknown,,NJOGIS Parcels & MOD-IV Composite,missing,unknown,unknown,both_missing_or_parcel_unusable,both_missing_or_parcel_unusable,No usable year-built value was available from either source.,,1,complete,aligned,2026-10-04T02:41:38+00:00
A0060:year_built_comparison,A0060,year_built,1962,LA County eGIS parcels,1962,1962,LA County eGIS parcels,consistent,1962,verified,both_consistent,both_consistent,Original and public parcel values agree.,,1,complete,aligned,2026-10-04T02:41:38+00:00
A0061:year_built_comparison,A0061,year_built,1915,DataSF wv5m-vpq2 (2025 roll),1915,1915,DataSF wv5m-vpq2 (2025 roll),consistent,1915,verified,both_consistent,both_consistent,Original and public parcel values agree.,,19,complete,aligned,2026-10-04T02:41:38+00:00
A0062:year_built_comparison,A0062,year_built,1906,DataSF wv5m-vpq2 (2025 roll),unknown,,DataSF wv5m-vpq2 (2025 roll),candidate_set_incomplete,1906,verified,original_only,original_only,Original value retained because no usable public parcel value was available.,,1,none,aligned,2026-10-04T02:41:38+00:00
A0063:year_built_comparison,A0063,year_built,1899,Boston Property Assessment FY2026,unknown,,Boston Property Assessment FY2026,candidate_set_incomplete,1899,verified,original_only,original_only,Original value retained because no usable public parcel value was available.,,1,representative_only,aligned,2026-10-04T02:41:38+00:00
A0064:year_built_comparison,A0064,year_built,1890,Cambridge Property Database FY2026 (waa7-ibdu),unknown,,Cambridge Property Database FY2026 (waa7-ibdu),candidate_set_incomplete,1890,verified,original_only,original_only,Original value retained because no usable public parcel value was available.,,1,representative_only,aligned,2026-10-04T02:41:38+00:00
A0065:year_built_comparison,A0065,year_built,,Boston Property Assessment FY2026,unknown,,Boston Property Assessment FY2026,missing,unknown,unknown,both_missing_or_parcel_unusable,both_missing_or_parcel_unusable,No usable year-built value was available from either source.,,1,complete,aligned,2026-10-04T02:41:38+00:00
A0066:year_built_comparison,A0066,year_built,1988,LA County eGIS parcels,1988,1988,LA County eGIS parcels,consistent,1988,verified,both_consistent,both_consistent,Original and public parcel values agree.,,1,complete,aligned,2026-10-04T02:41:38+00:00
A0067:year_built_comparison,A0067,year_built,1954,LA County eGIS parcels,1954,1954,LA County eGIS parcels,consistent,1954,verified,both_consistent,both_consistent,Original and public parcel values agree.,,1,complete,aligned,2026-10-04T02:41:38+00:00
A0068:year_built_comparison,A0068,year_built,1920,Boston Property Assessment FY2026,1920,1920,Boston Property Assessment FY2026,consistent,1920,verified,both_consistent,both_consistent,Original and public parcel values agree.,,1,complete,aligned,2026-10-04T02:41:38+00:00
A0069:year_built_comparison,A0069,year_built,1900,DataSF wv5m-vpq2 (2025 roll),1900,1900,DataSF wv5m-vpq2 (2025 roll),consistent,1900,verified,both_consistent,both_consistent,Original and public parcel values agree.,,19,complete,aligned,2026-10-04T02:41:38+00:00
A0070:year_built_comparison,A0070,year_built,1910,Cambridge Property Database FY2026 (waa7-ibdu),1910,1910,Cambridge Property Database FY2026 (waa7-ibdu),consistent,1910,verified,both_consistent,both_consistent,Original and public parcel values agree.,,1,complete,aligned,2026-10-04T02:41:38+00:00
A0071:year_built_comparison,A0071,year_built,1900,Cambridge Property Database FY2026 (waa7-ibdu),unknown,,Cambridge Property Database FY2026 (waa7-ibdu),address_not_aligned,1900,verified,original_only,original_only,Original value retained because no usable public parcel value was available.,,1,none,parser_failed,2026-10-04T02:41:38+00:00
A0072:year_built_comparison,A0072,year_built,1973,DataSF wv5m-vpq2 (2025 roll),1973,1973,DataSF wv5m-vpq2 (2025 roll),consistent,1973,verified,both_consistent,both_consistent,Original and public parcel values agree.,,19,complete,aligned,2026-10-04T02:41:38+00:00
A0073:year_built_comparison,A0073,year_built,1900,Cambridge Property Database FY2026 (waa7-ibdu),1900,1900,Cambridge Property Database FY2026 (waa7-ibdu),consistent,1900,verified,both_consistent,both_consistent,Original and public parcel values agree.,,1,complete,aligned,2026-10-04T02:41:38+00:00
A0074:year_built_comparison,A0074,year_built,1963,LA County eGIS parcels,1963,1963,LA County eGIS parcels,consistent,1963,verified,both_consistent,both_consistent,Original and public parcel values agree.,,1,complete,aligned,2026-10-04T02:41:38+00:00
A0075:year_built_comparison,A0075,year_built,1880,Cambridge Property Database FY2026 (waa7-ibdu),1880,1880,Cambridge Property Database FY2026 (waa7-ibdu),consistent,1880,verified,both_consistent,both_consistent,Original and public parcel values agree.,,1,complete,aligned,2026-10-04T02:41:38+00:00
A0076:year_built_comparison,A0076,year_built,,NJOGIS Parcels & MOD-IV Composite,unknown,,NJOGIS Parcels & MOD-IV Composite,missing,unknown,unknown,both_missing_or_parcel_unusable,both_missing_or_parcel_unusable,No usable year-built value was available from either source.,,1,complete,aligned,2026-10-04T02:41:38+00:00
A0077:year_built_comparison,A0077,year_built,1902,Cambridge Property Database FY2026 (waa7-ibdu),1902,1902,Cambridge Property Database FY2026 (waa7-ibdu),consistent,1902,verified,both_consistent,both_consistent,Original and public parcel values agree.,,1,complete,aligned,2026-10-04T02:41:38+00:00
A0078:year_built_comparison,A0078,year_built,,NJOGIS Parcels & MOD-IV Composite,unknown,,NJOGIS Parcels & MOD-IV Composite,missing,unknown,unknown,both_missing_or_parcel_unusable,both_missing_or_parcel_unusable,No usable year-built value was available from either source.,,1,complete,aligned,2026-10-04T02:41:38+00:00
A0079:year_built_comparison,A0079,year_built,1912,LA County eGIS parcels,1912,1912,LA County eGIS parcels,consistent,1912,verified,both_consistent,both_consistent,Original and public parcel values agree.,,1,complete,aligned,2026-10-04T02:41:38+00:00
A0080:year_built_comparison,A0080,year_built,2002,LA County eGIS parcels,2002,2002,LA County eGIS parcels,consistent,2002,verified,both_consistent,both_consistent,Original and public parcel values agree.,,1,complete,aligned,2026-10-04T02:41:38+00:00
A0081:year_built_comparison,A0081,year_built,2005,DataSF wv5m-vpq2 (2025 roll),2005,2005,DataSF wv5m-vpq2 (2025 roll),consistent,2005,verified,both_consistent,both_consistent,Original and public parcel values agree.,,19,complete,aligned,2026-10-04T02:41:38+00:00
A0082:year_built_comparison,A0082,year_built,1880,Cambridge Property Database FY2026 (waa7-ibdu),1880,1880,Cambridge Property Database FY2026 (waa7-ibdu),consistent,1880,verified,both_consistent,both_consistent,Original and public parcel values agree.,,1,complete,aligned,2026-10-04T02:41:38+00:00
A0083:year_built_comparison,A0083,year_built,1890,Boston Property Assessment FY2026,1890,1890,Boston Property Assessment FY2026,consistent,1890,verified,both_consistent,both_consistent,Original and public parcel values agree.,,1,complete,aligned,2026-10-04T02:41:38+00:00
A0084:year_built_comparison,A0084,year_built,1908,DataSF wv5m-vpq2 (2025 roll),1908,1908,DataSF wv5m-vpq2 (2025 roll),consistent,1908,verified,both_consistent,both_consistent,Original and public parcel values agree.,,19,complete,aligned,2026-10-04T02:41:38+00:00
A0085:year_built_comparison,A0085,year_built,1926,DataSF wv5m-vpq2 (2025 roll),1926,1926,DataSF wv5m-vpq2 (2025 roll),consistent,1926,verified,both_consistent,both_consistent,Original and public parcel values agree.,,19,complete,aligned,2026-10-04T02:41:38+00:00
A0086:year_built_comparison,A0086,year_built,1837,Cambridge Property Database FY2026 (waa7-ibdu),1837,1837,Cambridge Property Database FY2026 (waa7-ibdu),consistent,1837,verified,both_consistent,both_consistent,Original and public parcel values agree.,,1,complete,aligned,2026-10-04T02:41:38+00:00
A0087:year_built_comparison,A0087,year_built,,NJOGIS Parcels & MOD-IV Composite,unknown,,NJOGIS Parcels & MOD-IV Composite,missing,unknown,unknown,both_missing_or_parcel_unusable,both_missing_or_parcel_unusable,No usable year-built value was available from either source.,,1,complete,aligned,2026-10-04T02:41:38+00:00
A0088:year_built_comparison,A0088,year_built,1908,DataSF wv5m-vpq2 (2025 roll),1908,1908,DataSF wv5m-vpq2 (2025 roll),consistent,1908,verified,both_consistent,both_consistent,Original and public parcel values agree.,,19,complete,aligned,2026-10-04T02:41:38+00:00
A0089:year_built_comparison,A0089,year_built,,NJOGIS Parcels & MOD-IV Composite,unknown,,NJOGIS Parcels & MOD-IV Composite,missing,unknown,unknown,both_missing_or_parcel_unusable,both_missing_or_parcel_unusable,No usable year-built value was available from either source.,,1,complete,aligned,2026-10-04T02:41:38+00:00
A0090:year_built_comparison,A0090,year_built,,NJOGIS Parcels & MOD-IV Composite,unknown,,NJOGIS Parcels & MOD-IV Composite,missing,unknown,unknown,both_missing_or_parcel_unusable,both_missing_or_parcel_unusable,No usable year-built value was available from either source.,,1,complete,aligned,2026-10-04T02:41:38+00:00
A0091:year_built_comparison,A0091,year_built,,Alameda County parcels,unknown,,Alameda County parcels,missing,unknown,unknown,both_missing_or_parcel_unusable,both_missing_or_parcel_unusable,No usable year-built value was available from either source.,,1,complete,aligned,2026-10-04T02:41:38+00:00
A0092:year_built_comparison,A0092,year_built,,Alameda County parcels,unknown,,Alameda County parcels,missing,unknown,unknown,both_missing_or_parcel_unusable,both_missing_or_parcel_unusable,No usable year-built value was available from either source.,,1,complete,aligned,2026-10-04T02:41:38+00:00
A0093:year_built_comparison,A0093,year_built,2004,Boston Property Assessment FY2026,2004,2004,Boston Property Assessment FY2026,consistent,2004,verified,both_consistent,both_consistent,Original and public parcel values agree.,,1,complete,aligned,2026-10-04T02:41:38+00:00
A0094:year_built_comparison,A0094,year_built,,SANDAG/SanGIS parcels,85,,SANDAG/SanGIS parcels,consistent,unknown,unknown,both_missing_or_parcel_unusable,both_missing_or_parcel_unusable,No usable year-built value was available from either source. Public parcel reported an unusable year value (85); it was not inferred or expanded.,,1,complete,aligned,2026-10-04T02:41:38+00:00
A0095:year_built_comparison,A0095,year_built,1900,Cambridge Property Database FY2026 (waa7-ibdu),1900,1900,Cambridge Property Database FY2026 (waa7-ibdu),consistent,1900,verified,both_consistent,both_consistent,Original and public parcel values agree.,,1,complete,aligned,2026-10-04T02:41:38+00:00
A0096:year_built_comparison,A0096,year_built,1910,Boston Property Assessment FY2026,1910,1910,Boston Property Assessment FY2026,consistent,1910,verified,both_consistent,both_consistent,Original and public parcel values agree.,,1,complete,aligned,2026-10-04T02:41:38+00:00
A0097:year_built_comparison,A0097,year_built,1907,DataSF wv5m-vpq2 (2025 roll),1907,1907,DataSF wv5m-vpq2 (2025 roll),consistent,1907,verified,both_consistent,both_consistent,Original and public parcel values agree.,,19,complete,aligned,2026-10-04T02:41:38+00:00
A0098:year_built_comparison,A0098,year_built,,Boston Property Assessment FY2026,unknown,,Boston Property Assessment FY2026,address_not_aligned,unknown,unknown,both_missing_or_parcel_unusable,both_missing_or_parcel_unusable,No usable year-built value was available from either source.,,1,none,parser_failed,2026-10-04T02:41:38+00:00
A0099:year_built_comparison,A0099,year_built,,NJOGIS Parcels & MOD-IV Composite,unknown,,NJOGIS Parcels & MOD-IV Composite,missing,unknown,unknown,both_missing_or_parcel_unusable,both_missing_or_parcel_unusable,No usable year-built value was available from either source.,,1,complete,aligned,2026-10-04T02:41:38+00:00
A0100:year_built_comparison,A0100,year_built,,SANDAG/SanGIS parcels,85,,SANDAG/SanGIS parcels,consistent,unknown,unknown,both_missing_or_parcel_unusable,both_missing_or_parcel_unusable,No usable year-built value was available from either source. Public parcel reported an unusable year value (85); it was not inferred or expanded.,,1,complete,aligned,2026-10-04T02:41:38+00:00
A0101:year_built_comparison,A0101,year_built,,NJOGIS Parcels & MOD-IV Composite,unknown,,NJOGIS Parcels & MOD-IV Composite,address_not_aligned,unknown,unknown,both_missing_or_parcel_unusable,both_missing_or_parcel_unusable,No usable year-built value was available from either source.,,1,complete,parser_failed,2026-10-04T02:41:38+00:00
A0102:year_built_comparison,A0102,year_built,,NJOGIS Parcels & MOD-IV Composite,unknown,,NJOGIS Parcels & MOD-IV Composite,missing,unknown,unknown,both_missing_or_parcel_unusable,both_missing_or_parcel_unusable,No usable year-built value was available from either source.,,1,complete,aligned,2026-10-04T02:41:38+00:00
A0103:year_built_comparison,A0103,year_built,,Alameda County parcels,2002,2002,Alameda County parcels,consistent,2002,verified,parcel_only,parcel_only,Public parcel value used because the original value was missing.,,1,complete,aligned,2026-10-04T02:41:38+00:00
A0104:year_built_comparison,A0104,year_built,,NJOGIS Parcels & MOD-IV Composite,unknown,,NJOGIS Parcels & MOD-IV Composite,candidate_set_incomplete,unknown,unknown,both_missing_or_parcel_unusable,both_missing_or_parcel_unusable,No usable year-built value was available from either source.,,1,representative_only,aligned,2026-10-04T02:41:38+00:00
A0105:year_built_comparison,A0105,year_built,2019,DataSF wv5m-vpq2 (2025 roll),2019,2019,DataSF wv5m-vpq2 (2025 roll),consistent,2019,verified,both_consistent,both_consistent,Original and public parcel values agree.,,17,complete,aligned,2026-10-04T02:41:38+00:00
A0106:year_built_comparison,A0106,year_built,,DataSF wv5m-vpq2 (2025 roll),unknown,,DataSF wv5m-vpq2 (2025 roll),missing,unknown,unknown,both_missing_or_parcel_unusable,both_missing_or_parcel_unusable,No usable year-built value was available from either source.,,23,complete,aligned,2026-10-04T02:41:38+00:00
A0107:year_built_comparison,A0107,year_built,1978,LA County eGIS parcels,1978,1978,LA County eGIS parcels,consistent,1978,verified,both_consistent,both_consistent,Original and public parcel values agree.,,1,complete,aligned,2026-10-04T02:41:38+00:00
A0108:year_built_comparison,A0108,year_built,,NJOGIS Parcels & MOD-IV Composite,unknown,,NJOGIS Parcels & MOD-IV Composite,missing,unknown,unknown,both_missing_or_parcel_unusable,both_missing_or_parcel_unusable,No usable year-built value was available from either source.,,1,complete,aligned,2026-10-04T02:41:38+00:00
A0109:year_built_comparison,A0109,year_built,,Alameda County parcels,1961,1961,Alameda County parcels,consistent,1961,verified,parcel_only,parcel_only,Public parcel value used because the original value was missing.,,1,complete,aligned,2026-10-04T02:41:38+00:00
A0110:year_built_comparison,A0110,year_built,,NJOGIS Parcels & MOD-IV Composite,unknown,,NJOGIS Parcels & MOD-IV Composite,missing,unknown,unknown,both_missing_or_parcel_unusable,both_missing_or_parcel_unusable,No usable year-built value was available from either source.,,1,complete,aligned,2026-10-04T02:41:38+00:00
A0111:year_built_comparison,A0111,year_built,1984,LA County eGIS parcels,1984,1984,LA County eGIS parcels,consistent,1984,verified,both_consistent,both_consistent,Original and public parcel values agree.,,1,complete,aligned,2026-10-04T02:41:38+00:00
A0112:year_built_comparison,A0112,year_built,1905,DataSF wv5m-vpq2 (2025 roll),1905,1905,DataSF wv5m-vpq2 (2025 roll),consistent,1905,verified,both_consistent,both_consistent,Original and public parcel values agree.,,7,complete,aligned,2026-10-04T02:41:38+00:00
A0113:year_built_comparison,A0113,year_built,,Alameda County parcels,1920,1920,Alameda County parcels,consistent,1920,verified,parcel_only,parcel_only,Public parcel value used because the original value was missing.,,1,complete,aligned,2026-10-04T02:41:38+00:00
A0114:year_built_comparison,A0114,year_built,,SANDAG/SanGIS parcels,00,,SANDAG/SanGIS parcels,consistent,unknown,unknown,both_missing_or_parcel_unusable,both_missing_or_parcel_unusable,No usable year-built value was available from either source. Public parcel reported an unusable year value (00); it was not inferred or expanded.,,1,complete,aligned,2026-10-04T02:41:38+00:00
A0115:year_built_comparison,A0115,year_built,1900,DataSF wv5m-vpq2 (2025 roll),1900,1900,DataSF wv5m-vpq2 (2025 roll),consistent,1900,verified,both_consistent,both_consistent,Original and public parcel values agree.,,19,complete,aligned,2026-10-04T02:41:38+00:00
A0116:year_built_comparison,A0116,year_built,1923,NJOGIS Parcels & MOD-IV Composite,1923,1923,NJOGIS Parcels & MOD-IV Composite,consistent,1923,verified,both_consistent,both_consistent,Original and public parcel values agree.,,1,complete,aligned,2026-10-04T02:41:38+00:00
A0117:year_built_comparison,A0117,year_built,1924,LA County eGIS parcels,1924,1924,LA County eGIS parcels,consistent,1924,verified,both_consistent,both_consistent,Original and public parcel values agree.,,1,complete,aligned,2026-10-04T02:41:38+00:00
A0118:year_built_comparison,A0118,year_built,2009,Boston Property Assessment FY2026,2009,2009,Boston Property Assessment FY2026,consistent,2009,verified,both_consistent,both_consistent,Original and public parcel values agree.,,1,complete,aligned,2026-10-04T02:41:38+00:00
A0119:year_built_comparison,A0119,year_built,,NJOGIS Parcels & MOD-IV Composite,unknown,,NJOGIS Parcels & MOD-IV Composite,missing,unknown,unknown,both_missing_or_parcel_unusable,both_missing_or_parcel_unusable,No usable year-built value was available from either source.,,1,complete,aligned,2026-10-04T02:41:38+00:00
A0120:year_built_comparison,A0120,year_built,,NJOGIS Parcels & MOD-IV Composite,unknown,,NJOGIS Parcels & MOD-IV Composite,missing,unknown,unknown,both_missing_or_parcel_unusable,both_missing_or_parcel_unusable,No usable year-built value was available from either source.,,1,complete,aligned,2026-10-04T02:41:38+00:00
A0121:year_built_comparison,A0121,year_built,,SANDAG/SanGIS parcels,87,,SANDAG/SanGIS parcels,consistent,unknown,unknown,both_missing_or_parcel_unusable,both_missing_or_parcel_unusable,No usable year-built value was available from either source. Public parcel reported an unusable year value (87); it was not inferred or expanded.,,1,complete,aligned,2026-10-04T02:41:38+00:00
A0122:year_built_comparison,A0122,year_built,1909,LA County eGIS parcels,unknown,,LA County eGIS parcels,address_not_aligned,1909,verified,original_only,original_only,Original value retained because no usable public parcel value was available.,,1,complete,parser_failed,2026-10-04T02:41:38+00:00
A0123:year_built_comparison,A0123,year_built,2013,Boston Property Assessment FY2026,2013,2013,Boston Property Assessment FY2026,consistent,2013,verified,both_consistent,both_consistent,Original and public parcel values agree.,,1,complete,aligned,2026-10-04T02:41:38+00:00
A0124:year_built_comparison,A0124,year_built,1929,Cambridge Property Database FY2026 (waa7-ibdu),1929,1929,Cambridge Property Database FY2026 (waa7-ibdu),consistent,1929,verified,both_consistent,both_consistent,Original and public parcel values agree.,,1,complete,aligned,2026-10-04T02:41:38+00:00
A0125:year_built_comparison,A0125,year_built,,NJOGIS Parcels & MOD-IV Composite,unknown,,NJOGIS Parcels & MOD-IV Composite,missing,unknown,unknown,both_missing_or_parcel_unusable,both_missing_or_parcel_unusable,No usable year-built value was available from either source.,,1,complete,aligned,2026-10-04T02:41:38+00:00
A0126:year_built_comparison,A0126,year_built,1927,DataSF wv5m-vpq2 (2025 roll),1927,1927,DataSF wv5m-vpq2 (2025 roll),consistent,1927,verified,both_consistent,both_consistent,Original and public parcel values agree.,,19,complete,aligned,2026-10-04T02:41:38+00:00
A0127:year_built_comparison,A0127,year_built,1964,LA County eGIS parcels,1964,1964,LA County eGIS parcels,consistent,1964,verified,both_consistent,both_consistent,Original and public parcel values agree.,,1,complete,aligned,2026-10-04T02:41:38+00:00
A0128:year_built_comparison,A0128,year_built,,Boston Property Assessment FY2026,unknown,,Boston Property Assessment FY2026,address_not_aligned,unknown,unknown,both_missing_or_parcel_unusable,both_missing_or_parcel_unusable,No usable year-built value was available from either source.,,1,none,parser_failed,2026-10-04T02:41:38+00:00
A0129:year_built_comparison,A0129,year_built,,NJOGIS Parcels & MOD-IV Composite,unknown,,NJOGIS Parcels & MOD-IV Composite,missing,unknown,unknown,both_missing_or_parcel_unusable,both_missing_or_parcel_unusable,No usable year-built value was available from either source.,,1,complete,aligned,2026-10-04T02:41:38+00:00
A0130:year_built_comparison,A0130,year_built,,NJOGIS Parcels & MOD-IV Composite,unknown,,NJOGIS Parcels & MOD-IV Composite,missing,unknown,unknown,both_missing_or_parcel_unusable,both_missing_or_parcel_unusable,No usable year-built value was available from either source.,,1,complete,aligned,2026-10-04T02:41:38+00:00
A0131:year_built_comparison,A0131,year_built,1900,NJOGIS Parcels & MOD-IV Composite,1900,1900,NJOGIS Parcels & MOD-IV Composite,consistent,1900,verified,both_consistent,both_consistent,Original and public parcel values agree.,,1,complete,aligned,2026-10-04T02:41:38+00:00
A0132:year_built_comparison,A0132,year_built,,NJOGIS Parcels & MOD-IV Composite,unknown,,NJOGIS Parcels & MOD-IV Composite,missing,unknown,unknown,both_missing_or_parcel_unusable,both_missing_or_parcel_unusable,No usable year-built value was available from either source.,,1,complete,aligned,2026-10-04T02:41:38+00:00
A0133:year_built_comparison,A0133,year_built,1956,LA County eGIS parcels,1956,1956,LA County eGIS parcels,consistent,1956,verified,both_consistent,both_consistent,Original and public parcel values agree.,,1,complete,aligned,2026-10-04T02:41:38+00:00
A0134:year_built_comparison,A0134,year_built,1899,Boston Property Assessment FY2026,unknown,,Boston Property Assessment FY2026,address_not_aligned,1899,verified,original_only,original_only,Original value retained because no usable public parcel value was available.,,1,representative_only,not_aligned,2026-10-04T02:41:38+00:00
A0135:year_built_comparison,A0135,year_built,1908,DataSF wv5m-vpq2 (2025 roll),1908,1908,DataSF wv5m-vpq2 (2025 roll),consistent,1908,verified,both_consistent,both_consistent,Original and public parcel values agree.,,19,complete,aligned,2026-10-04T02:41:38+00:00
A0136:year_built_comparison,A0136,year_built,,NJOGIS Parcels & MOD-IV Composite,unknown,,NJOGIS Parcels & MOD-IV Composite,missing,unknown,unknown,both_missing_or_parcel_unusable,both_missing_or_parcel_unusable,No usable year-built value was available from either source.,,1,complete,aligned,2026-10-04T02:41:38+00:00
A0137:year_built_comparison,A0137,year_built,,NJOGIS Parcels & MOD-IV Composite,unknown,,NJOGIS Parcels & MOD-IV Composite,missing,unknown,unknown,both_missing_or_parcel_unusable,both_missing_or_parcel_unusable,No usable year-built value was available from either source.,,1,complete,aligned,2026-10-04T02:41:38+00:00
A0138:year_built_comparison,A0138,year_built,1959,LA County eGIS parcels,1959,1959,LA County eGIS parcels,consistent,1959,verified,both_consistent,both_consistent,Original and public parcel values agree.,,1,complete,aligned,2026-10-04T02:41:38+00:00
A0139:year_built_comparison,A0139,year_built,1910,NJOGIS Parcels & MOD-IV Composite,1910,1910,NJOGIS Parcels & MOD-IV Composite,consistent,1910,verified,both_consistent,both_consistent,Original and public parcel values agree.,,1,complete,aligned,2026-10-04T02:41:38+00:00
A0140:year_built_comparison,A0140,year_built,1910,Boston Property Assessment FY2026,1910,1910,Boston Property Assessment FY2026,consistent,1910,verified,both_consistent,both_consistent,Original and public parcel values agree.,,1,complete,aligned,2026-10-04T02:41:38+00:00
A0141:year_built_comparison,A0141,year_built,1974,DataSF wv5m-vpq2 (2025 roll),1974,1974,DataSF wv5m-vpq2 (2025 roll),consistent,1974,verified,both_consistent,both_consistent,Original and public parcel values agree.,,19,complete,aligned,2026-10-04T02:41:38+00:00
A0142:year_built_comparison,A0142,year_built,1957,LA County eGIS parcels,1957,1957,LA County eGIS parcels,consistent,1957,verified,both_consistent,both_consistent,Original and public parcel values agree.,,1,complete,aligned,2026-10-04T02:41:38+00:00
A0143:year_built_comparison,A0143,year_built,,Boston Property Assessment FY2026,unknown,,Boston Property Assessment FY2026,missing,unknown,unknown,both_missing_or_parcel_unusable,both_missing_or_parcel_unusable,No usable year-built value was available from either source.,,1,complete,aligned,2026-10-04T02:41:38+00:00
A0144:year_built_comparison,A0144,year_built,1910,Boston Property Assessment FY2026,1910,1910,Boston Property Assessment FY2026,consistent,1910,verified,both_consistent,both_consistent,Original and public parcel values agree.,,1,complete,aligned,2026-10-04T02:41:38+00:00
A0145:year_built_comparison,A0145,year_built,,SANDAG/SanGIS parcels,63,,SANDAG/SanGIS parcels,consistent,unknown,unknown,both_missing_or_parcel_unusable,both_missing_or_parcel_unusable,No usable year-built value was available from either source. Public parcel reported an unusable year value (63); it was not inferred or expanded.,,1,complete,aligned,2026-10-04T02:41:38+00:00
A0146:year_built_comparison,A0146,year_built,,NJOGIS Parcels & MOD-IV Composite,unknown,,NJOGIS Parcels & MOD-IV Composite,missing,unknown,unknown,both_missing_or_parcel_unusable,both_missing_or_parcel_unusable,No usable year-built value was available from either source.,,1,complete,aligned,2026-10-04T02:41:38+00:00
A0147:year_built_comparison,A0147,year_built,1900,DataSF wv5m-vpq2 (2025 roll),1900,1900,DataSF wv5m-vpq2 (2025 roll),consistent,1900,verified,both_consistent,both_consistent,Original and public parcel values agree.,,19,complete,aligned,2026-10-04T02:41:38+00:00
A0148:year_built_comparison,A0148,year_built,,NJOGIS Parcels & MOD-IV Composite,unknown,,NJOGIS Parcels & MOD-IV Composite,address_not_aligned,unknown,unknown,both_missing_or_parcel_unusable,both_missing_or_parcel_unusable,No usable year-built value was available from either source.,,1,none,parser_failed,2026-10-04T02:41:38+00:00
A0149:year_built_comparison,A0149,year_built,2023,Boston Property Assessment FY2026,unknown,,Boston Property Assessment FY2026,candidate_set_incomplete,2023,verified,original_only,original_only,Original value retained because no usable public parcel value was available.,,1,representative_only,aligned,2026-10-04T02:41:38+00:00
A0150:year_built_comparison,A0150,year_built,,SANDAG/SanGIS parcels,unknown,,SANDAG/SanGIS parcels,address_not_aligned,unknown,unknown,both_missing_or_parcel_unusable,both_missing_or_parcel_unusable,No usable year-built value was available from either source.,,1,none,parser_failed,2026-10-04T02:41:38+00:00
A0151:year_built_comparison,A0151,year_built,1899,Boston Property Assessment FY2026,1899,1899,Boston Property Assessment FY2026,consistent,1899,verified,both_consistent,both_consistent,Original and public parcel values agree.,,1,complete,aligned,2026-10-04T02:41:38+00:00
A0152:year_built_comparison,A0152,year_built,,SANDAG/SanGIS parcels,41,,SANDAG/SanGIS parcels,consistent,unknown,unknown,both_missing_or_parcel_unusable,both_missing_or_parcel_unusable,No usable year-built value was available from either source. Public parcel reported an unusable year value (41); it was not inferred or expanded.,,1,complete,aligned,2026-10-04T02:41:38+00:00
A0153:year_built_comparison,A0153,year_built,1924,LA County eGIS parcels,1924,1924,LA County eGIS parcels,consistent,1924,verified,both_consistent,both_consistent,Original and public parcel values agree.,,1,complete,aligned,2026-10-04T02:41:38+00:00
A0154:year_built_comparison,A0154,year_built,,SANDAG/SanGIS parcels,60,,SANDAG/SanGIS parcels,consistent,unknown,unknown,both_missing_or_parcel_unusable,both_missing_or_parcel_unusable,No usable year-built value was available from either source. Public parcel reported an unusable year value (60); it was not inferred or expanded.,,1,complete,aligned,2026-10-04T02:41:38+00:00
A0155:year_built_comparison,A0155,year_built,,Boston Property Assessment FY2026,unknown,,Boston Property Assessment FY2026,missing,unknown,unknown,both_missing_or_parcel_unusable,both_missing_or_parcel_unusable,No usable year-built value was available from either source.,,1,complete,aligned,2026-10-04T02:41:38+00:00
A0156:year_built_comparison,A0156,year_built,1927,DataSF wv5m-vpq2 (2025 roll),1927,1927,DataSF wv5m-vpq2 (2025 roll),consistent,1927,verified,both_consistent,both_consistent,Original and public parcel values agree.,,19,complete,aligned,2026-10-04T02:41:38+00:00
A0157:year_built_comparison,A0157,year_built,,Alameda County parcels,unknown,,Alameda County parcels,missing,unknown,unknown,both_missing_or_parcel_unusable,both_missing_or_parcel_unusable,No usable year-built value was available from either source.,,1,complete,aligned,2026-10-04T02:41:38+00:00
A0158:year_built_comparison,A0158,year_built,,Alameda County parcels,unknown,,Alameda County parcels,missing,unknown,unknown,both_missing_or_parcel_unusable,both_missing_or_parcel_unusable,No usable year-built value was available from either source.,,1,complete,aligned,2026-10-04T02:41:38+00:00
A0159:year_built_comparison,A0159,year_built,,NJOGIS Parcels & MOD-IV Composite,unknown,,NJOGIS Parcels & MOD-IV Composite,missing,unknown,unknown,both_missing_or_parcel_unusable,both_missing_or_parcel_unusable,No usable year-built value was available from either source.,,1,complete,aligned,2026-10-04T02:41:38+00:00
A0160:year_built_comparison,A0160,year_built,1918,NJOGIS Parcels & MOD-IV Composite,1918,1918,NJOGIS Parcels & MOD-IV Composite,consistent,1918,verified,both_consistent,both_consistent,Original and public parcel values agree.,,1,complete,aligned,2026-10-04T02:41:38+00:00
A0161:year_built_comparison,A0161,year_built,1930,NJOGIS Parcels & MOD-IV Composite,1930,1930,NJOGIS Parcels & MOD-IV Composite,consistent,1930,verified,both_consistent,both_consistent,Original and public parcel values agree.,,1,complete,aligned,2026-10-04T02:41:38+00:00
A0162:year_built_comparison,A0162,year_built,1987,LA County eGIS parcels,1987,1987,LA County eGIS parcels,consistent,1987,verified,both_consistent,both_consistent,Original and public parcel values agree.,,1,complete,aligned,2026-10-04T02:41:38+00:00
A0163:year_built_comparison,A0163,year_built,1870,NJOGIS Parcels & MOD-IV Composite,1870,1870,NJOGIS Parcels & MOD-IV Composite,consistent,1870,verified,both_consistent,both_consistent,Original and public parcel values agree.,,1,complete,aligned,2026-10-04T02:41:38+00:00
A0164:year_built_comparison,A0164,year_built,1911,DataSF wv5m-vpq2 (2025 roll),1911,1911,DataSF wv5m-vpq2 (2025 roll),consistent,1911,verified,both_consistent,both_consistent,Original and public parcel values agree.,,8,complete,aligned,2026-10-04T02:41:38+00:00
A0165:year_built_comparison,A0165,year_built,,SANDAG/SanGIS parcels,58,,SANDAG/SanGIS parcels,consistent,unknown,unknown,both_missing_or_parcel_unusable,both_missing_or_parcel_unusable,No usable year-built value was available from either source. Public parcel reported an unusable year value (58); it was not inferred or expanded.,,1,complete,aligned,2026-10-04T02:41:38+00:00
A0166:year_built_comparison,A0166,year_built,1900,Cambridge Property Database FY2026 (waa7-ibdu),unknown,,Cambridge Property Database FY2026 (waa7-ibdu),address_not_aligned,1900,verified,original_only,original_only,Original value retained because no usable public parcel value was available.,,1,complete,parser_failed,2026-10-04T02:41:38+00:00
A0167:year_built_comparison,A0167,year_built,,SANDAG/SanGIS parcels,54,,SANDAG/SanGIS parcels,consistent,unknown,unknown,both_missing_or_parcel_unusable,both_missing_or_parcel_unusable,No usable year-built value was available from either source. Public parcel reported an unusable year value (54); it was not inferred or expanded.,,1,complete,aligned,2026-10-04T02:41:38+00:00
A0168:year_built_comparison,A0168,year_built,2007,NJOGIS Parcels & MOD-IV Composite,unknown,,NJOGIS Parcels & MOD-IV Composite,address_not_aligned,2007,verified,original_only,original_only,Original value retained because no usable public parcel value was available.,,1,complete,parser_failed,2026-10-04T02:41:38+00:00
A0169:year_built_comparison,A0169,year_built,1920,Boston Property Assessment FY2026,1920,1920,Boston Property Assessment FY2026,consistent,1920,verified,both_consistent,both_consistent,Original and public parcel values agree.,,1,complete,aligned,2026-10-04T02:41:38+00:00
A0170:year_built_comparison,A0170,year_built,1990,LA County eGIS parcels,1990,1990,LA County eGIS parcels,consistent,1990,verified,both_consistent,both_consistent,Original and public parcel values agree.,,1,complete,aligned,2026-10-04T02:41:38+00:00
A0171:year_built_comparison,A0171,year_built,1910,NJOGIS Parcels & MOD-IV Composite,1910,1910,NJOGIS Parcels & MOD-IV Composite,consistent,1910,verified,both_consistent,both_consistent,Original and public parcel values agree.,,1,complete,aligned,2026-10-04T02:41:38+00:00
A0172:year_built_comparison,A0172,year_built,1960,LA County eGIS parcels,1960,1960,LA County eGIS parcels,consistent,1960,verified,both_consistent,both_consistent,Original and public parcel values agree.,,1,complete,aligned,2026-10-04T02:41:38+00:00
A0173:year_built_comparison,A0173,year_built,1937,LA County eGIS parcels,1937,1937,LA County eGIS parcels,consistent,1937,verified,both_consistent,both_consistent,Original and public parcel values agree.,,1,complete,aligned,2026-10-04T02:41:38+00:00
A0174:year_built_comparison,A0174,year_built,1900,Cambridge Property Database FY2026 (waa7-ibdu),1900,1900,Cambridge Property Database FY2026 (waa7-ibdu),consistent,1900,verified,both_consistent,both_consistent,Original and public parcel values agree.,,1,complete,aligned,2026-10-04T02:41:38+00:00
A0175:year_built_comparison,A0175,year_built,1922,Cambridge Property Database FY2026 (waa7-ibdu),1922,1922,Cambridge Property Database FY2026 (waa7-ibdu),consistent,1922,verified,both_consistent,both_consistent,Original and public parcel values agree.,,1,complete,aligned,2026-10-04T02:41:38+00:00
A0176:year_built_comparison,A0176,year_built,1965,Cambridge Property Database FY2026 (waa7-ibdu),unknown,,Cambridge Property Database FY2026 (waa7-ibdu),candidate_set_incomplete,1965,verified,original_only,original_only,Original value retained because no usable public parcel value was available.,,1,representative_only,aligned,2026-10-04T02:41:38+00:00
A0177:year_built_comparison,A0177,year_built,1912,NJOGIS Parcels & MOD-IV Composite,1912,1912,NJOGIS Parcels & MOD-IV Composite,consistent,1912,verified,both_consistent,both_consistent,Original and public parcel values agree.,,1,complete,aligned,2026-10-04T02:41:38+00:00
A0178:year_built_comparison,A0178,year_built,1961,LA County eGIS parcels,1961,1961,LA County eGIS parcels,consistent,1961,verified,both_consistent,both_consistent,Original and public parcel values agree.,,1,complete,aligned,2026-10-04T02:41:38+00:00
A0179:year_built_comparison,A0179,year_built,1958,LA County eGIS parcels,1958,1958,LA County eGIS parcels,consistent,1958,verified,both_consistent,both_consistent,Original and public parcel values agree.,,1,complete,aligned,2026-10-04T02:41:38+00:00
A0180:year_built_comparison,A0180,year_built,1990,LA County eGIS parcels,1990,1990,LA County eGIS parcels,consistent,1990,verified,both_consistent,both_consistent,Original and public parcel values agree.,,1,complete,aligned,2026-10-04T02:41:38+00:00
A0181:year_built_comparison,A0181,year_built,,NJOGIS Parcels & MOD-IV Composite,unknown,,NJOGIS Parcels & MOD-IV Composite,missing,unknown,unknown,both_missing_or_parcel_unusable,both_missing_or_parcel_unusable,No usable year-built value was available from either source.,,1,complete,aligned,2026-10-04T02:41:38+00:00
A0182:year_built_comparison,A0182,year_built,,NJOGIS Parcels & MOD-IV Composite,unknown,,NJOGIS Parcels & MOD-IV Composite,missing,unknown,unknown,both_missing_or_parcel_unusable,both_missing_or_parcel_unusable,No usable year-built value was available from either source.,,1,complete,aligned,2026-10-04T02:41:38+00:00
A0183:year_built_comparison,A0183,year_built,,Alameda County parcels,1924,1924,Alameda County parcels,consistent,1924,verified,parcel_only,parcel_only,Public parcel value used because the original value was missing.,,1,complete,aligned,2026-10-04T02:41:38+00:00
A0184:year_built_comparison,A0184,year_built,1907,LA County eGIS parcels,1907,1907,LA County eGIS parcels,consistent,1907,verified,both_consistent,both_consistent,Original and public parcel values agree.,,1,complete,aligned,2026-10-04T02:41:38+00:00
A0185:year_built_comparison,A0185,year_built,1922,NJOGIS Parcels & MOD-IV Composite,1922,1922,NJOGIS Parcels & MOD-IV Composite,consistent,1922,verified,both_consistent,both_consistent,Original and public parcel values agree.,,1,complete,aligned,2026-10-04T02:41:38+00:00
A0186:year_built_comparison,A0186,year_built,,NJOGIS Parcels & MOD-IV Composite,1,,NJOGIS Parcels & MOD-IV Composite,consistent,unknown,unknown,both_missing_or_parcel_unusable,both_missing_or_parcel_unusable,No usable year-built value was available from either source. Public parcel reported an unusable year value (1); it was not inferred or expanded.,,1,complete,aligned,2026-10-04T02:41:38+00:00
A0187:year_built_comparison,A0187,year_built,1925,NJOGIS Parcels & MOD-IV Composite,1925,1925,NJOGIS Parcels & MOD-IV Composite,consistent,1925,verified,both_consistent,both_consistent,Original and public parcel values agree.,,1,complete,aligned,2026-10-04T02:41:38+00:00
A0188:year_built_comparison,A0188,year_built,,Alameda County parcels,1960,1960,Alameda County parcels,consistent,1960,verified,parcel_only,parcel_only,Public parcel value used because the original value was missing.,,1,complete,aligned,2026-10-04T02:41:38+00:00
A0189:year_built_comparison,A0189,year_built,,Alameda County parcels,unknown,,Alameda County parcels,missing,unknown,unknown,both_missing_or_parcel_unusable,both_missing_or_parcel_unusable,No usable year-built value was available from either source.,,1,complete,aligned,2026-10-04T02:41:38+00:00
A0190:year_built_comparison,A0190,year_built,,NJOGIS Parcels & MOD-IV Composite,unknown,,NJOGIS Parcels & MOD-IV Composite,missing,unknown,unknown,both_missing_or_parcel_unusable,both_missing_or_parcel_unusable,No usable year-built value was available from either source.,,1,complete,aligned,2026-10-04T02:41:38+00:00
A0191:year_built_comparison,A0191,year_built,1891,Cambridge Property Database FY2026 (waa7-ibdu),1891,1891,Cambridge Property Database FY2026 (waa7-ibdu),consistent,1891,verified,both_consistent,both_consistent,Original and public parcel values agree.,,1,complete,aligned,2026-10-04T02:41:38+00:00
A0192:year_built_comparison,A0192,year_built,1916,DataSF wv5m-vpq2 (2025 roll),1916,1916,DataSF wv5m-vpq2 (2025 roll),consistent,1916,verified,both_consistent,both_consistent,Original and public parcel values agree.,,19,complete,aligned,2026-10-04T02:41:38+00:00
A0193:year_built_comparison,A0193,year_built,,Alameda County parcels,1961,1961,Alameda County parcels,consistent,1961,verified,parcel_only,parcel_only,Public parcel value used because the original value was missing.,,1,complete,aligned,2026-10-04T02:41:38+00:00
A0194:year_built_comparison,A0194,year_built,2022,Boston Property Assessment FY2026,2022,2022,Boston Property Assessment FY2026,consistent,2022,verified,both_consistent,both_consistent,Original and public parcel values agree.,,1,complete,aligned,2026-10-04T02:41:38+00:00
A0195:year_built_comparison,A0195,year_built,1910,Boston Property Assessment FY2026,unknown,,Boston Property Assessment FY2026,address_not_aligned,1910,verified,original_only,original_only,Original value retained because no usable public parcel value was available.,,1,complete,not_aligned,2026-10-04T02:41:38+00:00
A0196:year_built_comparison,A0196,year_built,1962,LA County eGIS parcels,1962,1962,LA County eGIS parcels,consistent,1962,verified,both_consistent,both_consistent,Original and public parcel values agree.,,1,complete,aligned,2026-10-04T02:41:38+00:00
A0197:year_built_comparison,A0197,year_built,,Alameda County parcels,unknown,,Alameda County parcels,missing,unknown,unknown,both_missing_or_parcel_unusable,both_missing_or_parcel_unusable,No usable year-built value was available from either source.,,1,complete,aligned,2026-10-04T02:41:38+00:00
A0198:year_built_comparison,A0198,year_built,2019,Boston Property Assessment FY2026,2019,2019,Boston Property Assessment FY2026,consistent,2019,verified,both_consistent,both_consistent,Original and public parcel values agree.,,1,complete,aligned,2026-10-04T02:41:38+00:00
A0199:year_built_comparison,A0199,year_built,2012,Cambridge Property Database FY2026 (waa7-ibdu),2012,2012,Cambridge Property Database FY2026 (waa7-ibdu),consistent,2012,verified,both_consistent,both_consistent,Original and public parcel values agree.,,1,complete,aligned,2026-10-04T02:41:38+00:00
A0200:year_built_comparison,A0200,year_built,,LA County eGIS parcels,0000,,LA County eGIS parcels,consistent,unknown,unknown,both_missing_or_parcel_unusable,both_missing_or_parcel_unusable,No usable year-built value was available from either source. Public parcel reported an unusable year value (0000); it was not inferred or expanded.,,1,complete,aligned,2026-10-04T02:41:38+00:00
A0201:year_built_comparison,A0201,year_built,,Alameda County parcels,1908,1908,Alameda County parcels,consistent,1908,verified,parcel_only,parcel_only,Public parcel value used because the original value was missing.,,1,complete,aligned,2026-10-04T02:41:38+00:00
A0202:year_built_comparison,A0202,year_built,1907,DataSF wv5m-vpq2 (2025 roll),1907,1907,DataSF wv5m-vpq2 (2025 roll),consistent,1907,verified,both_consistent,both_consistent,Original and public parcel values agree.,,19,complete,aligned,2026-10-04T02:41:38+00:00
A0203:year_built_comparison,A0203,year_built,2002,Boston Property Assessment FY2026,unknown,,Boston Property Assessment FY2026,address_not_aligned,2002,verified,original_only,original_only,Original value retained because no usable public parcel value was available.,,1,complete,not_aligned,2026-10-04T02:41:38+00:00
A0204:year_built_comparison,A0204,year_built,,NJOGIS Parcels & MOD-IV Composite,unknown,,NJOGIS Parcels & MOD-IV Composite,missing,unknown,unknown,both_missing_or_parcel_unusable,both_missing_or_parcel_unusable,No usable year-built value was available from either source.,,1,complete,aligned,2026-10-04T02:41:38+00:00
A0205:year_built_comparison,A0205,year_built,,Alameda County parcels,1962,1962,Alameda County parcels,consistent,1962,verified,parcel_only,parcel_only,Public parcel value used because the original value was missing.,,1,complete,aligned,2026-10-04T02:41:38+00:00
A0206:year_built_comparison,A0206,year_built,1929,DataSF wv5m-vpq2 (2025 roll),1929,1929,DataSF wv5m-vpq2 (2025 roll),consistent,1929,verified,both_consistent,both_consistent,Original and public parcel values agree.,,19,complete,aligned,2026-10-04T02:41:38+00:00
A0207:year_built_comparison,A0207,year_built,1901,LA County eGIS parcels,1901,1901,LA County eGIS parcels,consistent,1901,verified,both_consistent,both_consistent,Original and public parcel values agree.,,1,complete,aligned,2026-10-04T02:41:38+00:00
A0208:year_built_comparison,A0208,year_built,,NJOGIS Parcels & MOD-IV Composite,unknown,,NJOGIS Parcels & MOD-IV Composite,missing,unknown,unknown,both_missing_or_parcel_unusable,both_missing_or_parcel_unusable,No usable year-built value was available from either source.,,1,complete,aligned,2026-10-04T02:41:38+00:00
A0209:year_built_comparison,A0209,year_built,1910,Cambridge Property Database FY2026 (waa7-ibdu),1910,1910,Cambridge Property Database FY2026 (waa7-ibdu),consistent,1910,verified,both_consistent,both_consistent,Original and public parcel values agree.,,1,complete,aligned,2026-10-04T02:41:38+00:00
A0210:year_built_comparison,A0210,year_built,2016,LA County eGIS parcels,2016,2016,LA County eGIS parcels,consistent,2016,verified,both_consistent,both_consistent,Original and public parcel values agree.,,1,complete,aligned,2026-10-04T02:41:38+00:00
A0211:year_built_comparison,A0211,year_built,1899,Boston Property Assessment FY2026,1899,1899,Boston Property Assessment FY2026,consistent,1899,verified,both_consistent,both_consistent,Original and public parcel values agree.,,1,complete,aligned,2026-10-04T02:41:38+00:00
A0212:year_built_comparison,A0212,year_built,1900,DataSF wv5m-vpq2 (2025 roll),1900,1900,DataSF wv5m-vpq2 (2025 roll),consistent,1900,verified,both_consistent,both_consistent,Original and public parcel values agree.,,19,complete,aligned,2026-10-04T02:41:38+00:00
A0213:year_built_comparison,A0213,year_built,1986,LA County eGIS parcels,1986,1986,LA County eGIS parcels,consistent,1986,verified,both_consistent,both_consistent,Original and public parcel values agree.,,1,complete,aligned,2026-10-04T02:41:38+00:00
A0214:year_built_comparison,A0214,year_built,1900,Cambridge Property Database FY2026 (waa7-ibdu),1900,1900,Cambridge Property Database FY2026 (waa7-ibdu),consistent,1900,verified,both_consistent,both_consistent,Original and public parcel values agree.,,1,complete,aligned,2026-10-04T02:41:38+00:00
A0215:year_built_comparison,A0215,year_built,1924,DataSF wv5m-vpq2 (2025 roll),1924,1924,DataSF wv5m-vpq2 (2025 roll),consistent,1924,verified,both_consistent,both_consistent,Original and public parcel values agree.,,19,complete,aligned,2026-10-04T02:41:38+00:00
A0216:year_built_comparison,A0216,year_built,,Alameda County parcels,unknown,,Alameda County parcels,missing,unknown,unknown,both_missing_or_parcel_unusable,both_missing_or_parcel_unusable,No usable year-built value was available from either source.,,1,complete,aligned,2026-10-04T02:41:38+00:00
A0217:year_built_comparison,A0217,year_built,2011,Boston Property Assessment FY2026,2011,2011,Boston Property Assessment FY2026,consistent,2011,verified,both_consistent,both_consistent,Original and public parcel values agree.,,1,complete,aligned,2026-10-04T02:41:38+00:00
A0218:year_built_comparison,A0218,year_built,1910,Cambridge Property Database FY2026 (waa7-ibdu),1910,1910,Cambridge Property Database FY2026 (waa7-ibdu),consistent,1910,verified,both_consistent,both_consistent,Original and public parcel values agree.,,1,complete,aligned,2026-10-04T02:41:38+00:00
A0219:year_built_comparison,A0219,year_built,,SANDAG/SanGIS parcels,71,,SANDAG/SanGIS parcels,consistent,unknown,unknown,both_missing_or_parcel_unusable,both_missing_or_parcel_unusable,No usable year-built value was available from either source. Public parcel reported an unusable year value (71); it was not inferred or expanded.,,1,complete,aligned,2026-10-04T02:41:38+00:00
A0220:year_built_comparison,A0220,year_built,1900,Boston Property Assessment FY2026,1900,1900,Boston Property Assessment FY2026,consistent,1900,verified,both_consistent,both_consistent,Original and public parcel values agree.,,1,complete,aligned,2026-10-04T02:41:38+00:00
A0221:year_built_comparison,A0221,year_built,1910,Boston Property Assessment FY2026,unknown,,Boston Property Assessment FY2026,address_not_aligned,1910,verified,original_only,original_only,Original value retained because no usable public parcel value was available.,,1,representative_only,not_aligned,2026-10-04T02:41:38+00:00
A0222:year_built_comparison,A0222,year_built,1960,DataSF wv5m-vpq2 (2025 roll),1960,1960,DataSF wv5m-vpq2 (2025 roll),consistent,1960,verified,both_consistent,both_consistent,Original and public parcel values agree.,,19,complete,aligned,2026-10-04T02:41:38+00:00
A0223:year_built_comparison,A0223,year_built,,NJOGIS Parcels & MOD-IV Composite,unknown,,NJOGIS Parcels & MOD-IV Composite,address_not_aligned,unknown,unknown,both_missing_or_parcel_unusable,both_missing_or_parcel_unusable,No usable year-built value was available from either source.,,1,representative_only,not_aligned,2026-10-04T02:41:38+00:00
A0224:year_built_comparison,A0224,year_built,1960,LA County eGIS parcels,1960,1960,LA County eGIS parcels,consistent,1960,verified,both_consistent,both_consistent,Original and public parcel values agree.,,1,complete,aligned,2026-10-04T02:41:38+00:00
A0225:year_built_comparison,A0225,year_built,1913,DataSF wv5m-vpq2 (2025 roll),1913,1913,DataSF wv5m-vpq2 (2025 roll),consistent,1913,verified,both_consistent,both_consistent,Original and public parcel values agree.,,19,complete,aligned,2026-10-04T02:41:38+00:00
A0226:year_built_comparison,A0226,year_built,1905,Boston Property Assessment FY2026,1905,1905,Boston Property Assessment FY2026,consistent,1905,verified,both_consistent,both_consistent,Original and public parcel values agree.,,1,complete,aligned,2026-10-04T02:41:38+00:00
A0227:year_built_comparison,A0227,year_built,2010,NJOGIS Parcels & MOD-IV Composite,2010,2010,NJOGIS Parcels & MOD-IV Composite,consistent,2010,verified,both_consistent,both_consistent,Original and public parcel values agree.,,1,complete,aligned,2026-10-04T02:41:38+00:00
A0228:year_built_comparison,A0228,year_built,1907,DataSF wv5m-vpq2 (2025 roll),1907,1907,DataSF wv5m-vpq2 (2025 roll),consistent,1907,verified,both_consistent,both_consistent,Original and public parcel values agree.,,19,complete,aligned,2026-10-04T02:41:38+00:00
A0229:year_built_comparison,A0229,year_built,1914,DataSF wv5m-vpq2 (2025 roll),1914,1914,DataSF wv5m-vpq2 (2025 roll),consistent,1914,verified,both_consistent,both_consistent,Original and public parcel values agree.,,19,complete,aligned,2026-10-04T02:41:38+00:00
A0230:year_built_comparison,A0230,year_built,1996,Cambridge Property Database FY2026 (waa7-ibdu),1996,1996,Cambridge Property Database FY2026 (waa7-ibdu),consistent,1996,verified,both_consistent,both_consistent,Original and public parcel values agree.,,1,complete,aligned,2026-10-04T02:41:38+00:00
A0231:year_built_comparison,A0231,year_built,1971,DataSF wv5m-vpq2 (2025 roll),1971,1971,DataSF wv5m-vpq2 (2025 roll),consistent,1971,verified,both_consistent,both_consistent,Original and public parcel values agree.,,19,complete,aligned,2026-10-04T02:41:38+00:00
A0232:year_built_comparison,A0232,year_built,1900,Cambridge Property Database FY2026 (waa7-ibdu),1900,1900,Cambridge Property Database FY2026 (waa7-ibdu),consistent,1900,verified,both_consistent,both_consistent,Original and public parcel values agree.,,1,complete,aligned,2026-10-04T02:41:38+00:00
A0233:year_built_comparison,A0233,year_built,1920,Boston Property Assessment FY2026,1920,1920,Boston Property Assessment FY2026,consistent,1920,verified,both_consistent,both_consistent,Original and public parcel values agree.,,1,complete,aligned,2026-10-04T02:41:38+00:00
A0234:year_built_comparison,A0234,year_built,,Alameda County parcels,unknown,,Alameda County parcels,missing,unknown,unknown,both_missing_or_parcel_unusable,both_missing_or_parcel_unusable,No usable year-built value was available from either source.,,1,complete,aligned,2026-10-04T02:41:38+00:00
A0235:year_built_comparison,A0235,year_built,,LA County eGIS parcels,unknown,,LA County eGIS parcels,missing,unknown,unknown,both_missing_or_parcel_unusable,both_missing_or_parcel_unusable,No usable year-built value was available from either source.,,1,complete,aligned,2026-10-04T02:41:38+00:00
A0236:year_built_comparison,A0236,year_built,1961,DataSF wv5m-vpq2 (2025 roll),1961,1961,DataSF wv5m-vpq2 (2025 roll),consistent,1961,verified,both_consistent,both_consistent,Original and public parcel values agree.,,19,complete,aligned,2026-10-04T02:41:38+00:00
A0237:year_built_comparison,A0237,year_built,1927,DataSF wv5m-vpq2 (2025 roll),unknown,,DataSF wv5m-vpq2 (2025 roll),candidate_set_incomplete,1927,verified,original_only,original_only,Original value retained because no usable public parcel value was available.,,1,none,aligned,2026-10-04T02:41:38+00:00
A0238:year_built_comparison,A0238,year_built,1957,LA County eGIS parcels,1957,1957,LA County eGIS parcels,consistent,1957,verified,both_consistent,both_consistent,Original and public parcel values agree.,,1,complete,aligned,2026-10-04T02:41:38+00:00
A0239:year_built_comparison,A0239,year_built,,Alameda County parcels,unknown,,Alameda County parcels,missing,unknown,unknown,both_missing_or_parcel_unusable,both_missing_or_parcel_unusable,No usable year-built value was available from either source.,,1,complete,aligned,2026-10-04T02:41:38+00:00
A0240:year_built_comparison,A0240,year_built,,SANDAG/SanGIS parcels,79,,SANDAG/SanGIS parcels,consistent,unknown,unknown,both_missing_or_parcel_unusable,both_missing_or_parcel_unusable,No usable year-built value was available from either source. Public parcel reported an unusable year value (79); it was not inferred or expanded.,,1,complete,aligned,2026-10-04T02:41:38+00:00
A0241:year_built_comparison,A0241,year_built,,NJOGIS Parcels & MOD-IV Composite,unknown,,NJOGIS Parcels & MOD-IV Composite,missing,unknown,unknown,both_missing_or_parcel_unusable,both_missing_or_parcel_unusable,No usable year-built value was available from either source.,,1,complete,aligned,2026-10-04T02:41:38+00:00
A0242:year_built_comparison,A0242,year_built,1960,Boston Property Assessment FY2026,1960,1960,Boston Property Assessment FY2026,consistent,1960,verified,both_consistent,both_consistent,Original and public parcel values agree.,,1,complete,aligned,2026-10-04T02:41:38+00:00
A0243:year_built_comparison,A0243,year_built,1910,NJOGIS Parcels & MOD-IV Composite,1910,1910,NJOGIS Parcels & MOD-IV Composite,consistent,1910,verified,both_consistent,both_consistent,Original and public parcel values agree.,,1,complete,aligned,2026-10-04T02:41:38+00:00
A0244:year_built_comparison,A0244,year_built,,NJOGIS Parcels & MOD-IV Composite,unknown,,NJOGIS Parcels & MOD-IV Composite,missing,unknown,unknown,both_missing_or_parcel_unusable,both_missing_or_parcel_unusable,No usable year-built value was available from either source.,,1,complete,aligned,2026-10-04T02:41:38+00:00
A0245:year_built_comparison,A0245,year_built,2018,Boston Property Assessment FY2026,2018,2018,Boston Property Assessment FY2026,consistent,2018,verified,both_consistent,both_consistent,Original and public parcel values agree.,,1,complete,aligned,2026-10-04T02:41:38+00:00
A0246:year_built_comparison,A0246,year_built,,SANDAG/SanGIS parcels,57,,SANDAG/SanGIS parcels,consistent,unknown,unknown,both_missing_or_parcel_unusable,both_missing_or_parcel_unusable,No usable year-built value was available from either source. Public parcel reported an unusable year value (57); it was not inferred or expanded.,,1,complete,aligned,2026-10-04T02:41:38+00:00
A0247:year_built_comparison,A0247,year_built,,SANDAG/SanGIS parcels,72,,SANDAG/SanGIS parcels,consistent,unknown,unknown,both_missing_or_parcel_unusable,both_missing_or_parcel_unusable,No usable year-built value was available from either source. Public parcel reported an unusable year value (72); it was not inferred or expanded.,,1,complete,aligned,2026-10-04T02:41:38+00:00
A0248:year_built_comparison,A0248,year_built,1923,LA County eGIS parcels,1923,1923,LA County eGIS parcels,consistent,1923,verified,both_consistent,both_consistent,Original and public parcel values agree.,,1,complete,aligned,2026-10-04T02:41:38+00:00
A0249:year_built_comparison,A0249,year_built,,NJOGIS Parcels & MOD-IV Composite,unknown,,NJOGIS Parcels & MOD-IV Composite,missing,unknown,unknown,both_missing_or_parcel_unusable,both_missing_or_parcel_unusable,No usable year-built value was available from either source.,,1,complete,aligned,2026-10-04T02:41:38+00:00
A0250:year_built_comparison,A0250,year_built,,NJOGIS Parcels & MOD-IV Composite,unknown,,NJOGIS Parcels & MOD-IV Composite,missing,unknown,unknown,both_missing_or_parcel_unusable,both_missing_or_parcel_unusable,No usable year-built value was available from either source.,,1,complete,aligned,2026-10-04T02:41:38+00:00
A0251:year_built_comparison,A0251,year_built,,SANDAG/SanGIS parcels,unknown,,SANDAG/SanGIS parcels,candidate_set_incomplete,unknown,unknown,both_missing_or_parcel_unusable,both_missing_or_parcel_unusable,No usable year-built value was available from either source.,,1,representative_only,aligned,2026-10-04T02:41:38+00:00
A0252:year_built_comparison,A0252,year_built,1984,LA County eGIS parcels,1984,1984,LA County eGIS parcels,consistent,1984,verified,both_consistent,both_consistent,Original and public parcel values agree.,,1,complete,aligned,2026-10-04T02:41:38+00:00
A0253:year_built_comparison,A0253,year_built,1928,DataSF wv5m-vpq2 (2025 roll),1928,1928,DataSF wv5m-vpq2 (2025 roll),consistent,1928,verified,both_consistent,both_consistent,Original and public parcel values agree.,,19,complete,aligned,2026-10-04T02:41:38+00:00
A0254:year_built_comparison,A0254,year_built,,NJOGIS Parcels & MOD-IV Composite,unknown,,NJOGIS Parcels & MOD-IV Composite,missing,unknown,unknown,both_missing_or_parcel_unusable,both_missing_or_parcel_unusable,No usable year-built value was available from either source.,,1,complete,aligned,2026-10-04T02:41:38+00:00
A0255:year_built_comparison,A0255,year_built,1923,LA County eGIS parcels,1923,1923,LA County eGIS parcels,consistent,1923,verified,both_consistent,both_consistent,Original and public parcel values agree.,,1,complete,aligned,2026-10-04T02:41:38+00:00
A0256:year_built_comparison,A0256,year_built,,NJOGIS Parcels & MOD-IV Composite,unknown,,NJOGIS Parcels & MOD-IV Composite,missing,unknown,unknown,both_missing_or_parcel_unusable,both_missing_or_parcel_unusable,No usable year-built value was available from either source.,,1,complete,aligned,2026-10-04T02:41:38+00:00
A0257:year_built_comparison,A0257,year_built,,DataSF wv5m-vpq2 (2025 roll),unknown,,DataSF wv5m-vpq2 (2025 roll),address_not_aligned,unknown,unknown,both_missing_or_parcel_unusable,both_missing_or_parcel_unusable,No usable year-built value was available from either source.,,1,none,parser_failed,2026-10-04T02:41:38+00:00
A0258:year_built_comparison,A0258,year_built,1930,Boston Property Assessment FY2026,1930,1930,Boston Property Assessment FY2026,consistent,1930,verified,both_consistent,both_consistent,Original and public parcel values agree.,,1,complete,aligned,2026-10-04T02:41:38+00:00
A0259:year_built_comparison,A0259,year_built,1900,DataSF wv5m-vpq2 (2025 roll),1900,1900,DataSF wv5m-vpq2 (2025 roll),consistent,1900,verified,both_consistent,both_consistent,Original and public parcel values agree.,,19,complete,aligned,2026-10-04T02:41:38+00:00
A0260:year_built_comparison,A0260,year_built,,Alameda County parcels,unknown,,Alameda County parcels,missing,unknown,unknown,both_missing_or_parcel_unusable,both_missing_or_parcel_unusable,No usable year-built value was available from either source.,,1,complete,aligned,2026-10-04T02:41:38+00:00
A0261:year_built_comparison,A0261,year_built,,NJOGIS Parcels & MOD-IV Composite,unknown,,NJOGIS Parcels & MOD-IV Composite,missing,unknown,unknown,both_missing_or_parcel_unusable,both_missing_or_parcel_unusable,No usable year-built value was available from either source.,,1,complete,aligned,2026-10-04T02:41:38+00:00
A0262:year_built_comparison,A0262,year_built,,SANDAG/SanGIS parcels,unknown,,SANDAG/SanGIS parcels,address_not_aligned,unknown,unknown,both_missing_or_parcel_unusable,both_missing_or_parcel_unusable,No usable year-built value was available from either source.,,1,none,parser_failed,2026-10-04T02:41:38+00:00
A0263:year_built_comparison,A0263,year_built,,Alameda County parcels,unknown,,Alameda County parcels,missing,unknown,unknown,both_missing_or_parcel_unusable,both_missing_or_parcel_unusable,No usable year-built value was available from either source.,,1,complete,aligned,2026-10-04T02:41:38+00:00
A0264:year_built_comparison,A0264,year_built,,NJOGIS Parcels & MOD-IV Composite,unknown,,NJOGIS Parcels & MOD-IV Composite,missing,unknown,unknown,both_missing_or_parcel_unusable,both_missing_or_parcel_unusable,No usable year-built value was available from either source.,,1,complete,aligned,2026-10-04T02:41:38+00:00
A0265:year_built_comparison,A0265,year_built,1912,NJOGIS Parcels & MOD-IV Composite,1912,1912,NJOGIS Parcels & MOD-IV Composite,consistent,1912,verified,both_consistent,both_consistent,Original and public parcel values agree.,,1,complete,aligned,2026-10-04T02:41:38+00:00
A0266:year_built_comparison,A0266,year_built,,NJOGIS Parcels & MOD-IV Composite,unknown,,NJOGIS Parcels & MOD-IV Composite,missing,unknown,unknown,both_missing_or_parcel_unusable,both_missing_or_parcel_unusable,No usable year-built value was available from either source.,,1,complete,aligned,2026-10-04T02:41:38+00:00
A0267:year_built_comparison,A0267,year_built,,LA County eGIS parcels,unknown,,LA County eGIS parcels,missing,unknown,unknown,both_missing_or_parcel_unusable,both_missing_or_parcel_unusable,No usable year-built value was available from either source.,,1,complete,aligned,2026-10-04T02:41:38+00:00
A0268:year_built_comparison,A0268,year_built,1914,DataSF wv5m-vpq2 (2025 roll),1914,1914,DataSF wv5m-vpq2 (2025 roll),consistent,1914,verified,both_consistent,both_consistent,Original and public parcel values agree.,,19,complete,aligned,2026-10-04T02:41:38+00:00
A0269:year_built_comparison,A0269,year_built,,NJOGIS Parcels & MOD-IV Composite,unknown,,NJOGIS Parcels & MOD-IV Composite,missing,unknown,unknown,both_missing_or_parcel_unusable,both_missing_or_parcel_unusable,No usable year-built value was available from either source.,,1,complete,aligned,2026-10-04T02:41:38+00:00
A0270:year_built_comparison,A0270,year_built,1890,NJOGIS Parcels & MOD-IV Composite,1890,1890,NJOGIS Parcels & MOD-IV Composite,consistent,1890,verified,both_consistent,both_consistent,Original and public parcel values agree.,,1,complete,aligned,2026-10-04T02:41:38+00:00
A0271:year_built_comparison,A0271,year_built,1928,DataSF wv5m-vpq2 (2025 roll),1928,1928,DataSF wv5m-vpq2 (2025 roll),consistent,1928,verified,both_consistent,both_consistent,Original and public parcel values agree.,,19,complete,aligned,2026-10-04T02:41:38+00:00
A0272:year_built_comparison,A0272,year_built,1890,Cambridge Property Database FY2026 (waa7-ibdu),1890,1890,Cambridge Property Database FY2026 (waa7-ibdu),consistent,1890,verified,both_consistent,both_consistent,Original and public parcel values agree.,,1,complete,aligned,2026-10-04T02:41:38+00:00
A0273:year_built_comparison,A0273,year_built,,SANDAG/SanGIS parcels,10,,SANDAG/SanGIS parcels,consistent,unknown,unknown,both_missing_or_parcel_unusable,both_missing_or_parcel_unusable,No usable year-built value was available from either source. Public parcel reported an unusable year value (10); it was not inferred or expanded.,,1,complete,aligned,2026-10-04T02:41:38+00:00
A0274:year_built_comparison,A0274,year_built,,SANDAG/SanGIS parcels,41,,SANDAG/SanGIS parcels,consistent,unknown,unknown,both_missing_or_parcel_unusable,both_missing_or_parcel_unusable,No usable year-built value was available from either source. Public parcel reported an unusable year value (41); it was not inferred or expanded.,,1,complete,aligned,2026-10-04T02:41:38+00:00
A0275:year_built_comparison,A0275,year_built,,SANDAG/SanGIS parcels,70,,SANDAG/SanGIS parcels,consistent,unknown,unknown,both_missing_or_parcel_unusable,both_missing_or_parcel_unusable,No usable year-built value was available from either source. Public parcel reported an unusable year value (70); it was not inferred or expanded.,,1,complete,aligned,2026-10-04T02:41:38+00:00
A0276:year_built_comparison,A0276,year_built,,SANDAG/SanGIS parcels,60,,SANDAG/SanGIS parcels,consistent,unknown,unknown,both_missing_or_parcel_unusable,both_missing_or_parcel_unusable,No usable year-built value was available from either source. Public parcel reported an unusable year value (60); it was not inferred or expanded.,,1,complete,aligned,2026-10-04T02:41:38+00:00
A0277:year_built_comparison,A0277,year_built,,Alameda County parcels,unknown,,Alameda County parcels,missing,unknown,unknown,both_missing_or_parcel_unusable,both_missing_or_parcel_unusable,No usable year-built value was available from either source.,,1,complete,aligned,2026-10-04T02:41:38+00:00
A0278:year_built_comparison,A0278,year_built,1919,DataSF wv5m-vpq2 (2025 roll),1919,1919,DataSF wv5m-vpq2 (2025 roll),consistent,1919,verified,both_consistent,both_consistent,Original and public parcel values agree.,,19,complete,aligned,2026-10-04T02:41:38+00:00
A0279:year_built_comparison,A0279,year_built,1925,NJOGIS Parcels & MOD-IV Composite,1925,1925,NJOGIS Parcels & MOD-IV Composite,consistent,1925,verified,both_consistent,both_consistent,Original and public parcel values agree.,,1,complete,aligned,2026-10-04T02:41:38+00:00
A0280:year_built_comparison,A0280,year_built,1971,DataSF wv5m-vpq2 (2025 roll),1971,1971,DataSF wv5m-vpq2 (2025 roll),consistent,1971,verified,both_consistent,both_consistent,Original and public parcel values agree.,,19,complete,aligned,2026-10-04T02:41:38+00:00
A0281:year_built_comparison,A0281,year_built,1946,LA County eGIS parcels,1946,1946,LA County eGIS parcels,consistent,1946,verified,both_consistent,both_consistent,Original and public parcel values agree.,,1,complete,aligned,2026-10-04T02:41:38+00:00
A0282:year_built_comparison,A0282,year_built,,Alameda County parcels,1947,1947,Alameda County parcels,consistent,1947,verified,parcel_only,parcel_only,Public parcel value used because the original value was missing.,,1,complete,aligned,2026-10-04T02:41:38+00:00
A0283:year_built_comparison,A0283,year_built,1986,DataSF wv5m-vpq2 (2025 roll),unknown,,DataSF wv5m-vpq2 (2025 roll),candidate_set_incomplete,1986,verified,original_only,original_only,Original value retained because no usable public parcel value was available.,,1,none,aligned,2026-10-04T02:41:38+00:00
A0284:year_built_comparison,A0284,year_built,1920,Cambridge Property Database FY2026 (waa7-ibdu),1920,1920,Cambridge Property Database FY2026 (waa7-ibdu),consistent,1920,verified,both_consistent,both_consistent,Original and public parcel values agree.,,1,complete,aligned,2026-10-04T02:41:38+00:00
A0285:year_built_comparison,A0285,year_built,,LA County eGIS parcels,0000,,LA County eGIS parcels,consistent,unknown,unknown,both_missing_or_parcel_unusable,both_missing_or_parcel_unusable,No usable year-built value was available from either source. Public parcel reported an unusable year value (0000); it was not inferred or expanded.,,1,complete,aligned,2026-10-04T02:41:38+00:00
A0286:year_built_comparison,A0286,year_built,1925,Cambridge Property Database FY2026 (waa7-ibdu),1925,1925,Cambridge Property Database FY2026 (waa7-ibdu),consistent,1925,verified,both_consistent,both_consistent,Original and public parcel values agree.,,1,complete,aligned,2026-10-04T02:41:38+00:00
A0287:year_built_comparison,A0287,year_built,,NJOGIS Parcels & MOD-IV Composite,unknown,,NJOGIS Parcels & MOD-IV Composite,missing,unknown,unknown,both_missing_or_parcel_unusable,both_missing_or_parcel_unusable,No usable year-built value was available from either source.,,1,complete,aligned,2026-10-04T02:41:38+00:00
A0288:year_built_comparison,A0288,year_built,,NJOGIS Parcels & MOD-IV Composite,unknown,,NJOGIS Parcels & MOD-IV Composite,missing,unknown,unknown,both_missing_or_parcel_unusable,both_missing_or_parcel_unusable,No usable year-built value was available from either source.,,1,complete,aligned,2026-10-04T02:41:38+00:00
A0289:year_built_comparison,A0289,year_built,,Alameda County parcels,unknown,,Alameda County parcels,missing,unknown,unknown,both_missing_or_parcel_unusable,both_missing_or_parcel_unusable,No usable year-built value was available from either source.,,1,complete,aligned,2026-10-04T02:41:38+00:00
A0290:year_built_comparison,A0290,year_built,1880,Cambridge Property Database FY2026 (waa7-ibdu),1880,1880,Cambridge Property Database FY2026 (waa7-ibdu),consistent,1880,verified,both_consistent,both_consistent,Original and public parcel values agree.,,1,complete,aligned,2026-10-04T02:41:38+00:00
A0291:year_built_comparison,A0291,year_built,2014,Cambridge Property Database FY2026 (waa7-ibdu),2014,2014,Cambridge Property Database FY2026 (waa7-ibdu),consistent,2014,verified,both_consistent,both_consistent,Original and public parcel values agree.,,1,complete,aligned,2026-10-04T02:41:38+00:00
A0292:year_built_comparison,A0292,year_built,2019,Cambridge Property Database FY2026 (waa7-ibdu),2019,2019,Cambridge Property Database FY2026 (waa7-ibdu),consistent,2019,verified,both_consistent,both_consistent,Original and public parcel values agree.,,1,complete,aligned,2026-10-04T02:41:38+00:00
A0293:year_built_comparison,A0293,year_built,1907,DataSF wv5m-vpq2 (2025 roll),1907,1907,DataSF wv5m-vpq2 (2025 roll),consistent,1907,verified,both_consistent,both_consistent,Original and public parcel values agree.,,19,complete,aligned,2026-10-04T02:41:38+00:00
A0294:year_built_comparison,A0294,year_built,1920,Cambridge Property Database FY2026 (waa7-ibdu),1920,1920,Cambridge Property Database FY2026 (waa7-ibdu),consistent,1920,verified,both_consistent,both_consistent,Original and public parcel values agree.,,1,complete,aligned,2026-10-04T02:41:38+00:00
A0295:year_built_comparison,A0295,year_built,2019,Boston Property Assessment FY2026,unknown,,Boston Property Assessment FY2026,address_not_aligned,2019,verified,original_only,original_only,Original value retained because no usable public parcel value was available.,,1,none,parser_failed,2026-10-04T02:41:38+00:00
A0296:year_built_comparison,A0296,year_built,,NJOGIS Parcels & MOD-IV Composite,unknown,,NJOGIS Parcels & MOD-IV Composite,missing,unknown,unknown,both_missing_or_parcel_unusable,both_missing_or_parcel_unusable,No usable year-built value was available from either source.,,1,complete,aligned,2026-10-04T02:41:38+00:00
A0297:year_built_comparison,A0297,year_built,,NJOGIS Parcels & MOD-IV Composite,unknown,,NJOGIS Parcels & MOD-IV Composite,missing,unknown,unknown,both_missing_or_parcel_unusable,both_missing_or_parcel_unusable,No usable year-built value was available from either source.,,1,complete,aligned,2026-10-04T02:41:38+00:00
A0298:year_built_comparison,A0298,year_built,1900,Cambridge Property Database FY2026 (waa7-ibdu),1900,1900,Cambridge Property Database FY2026 (waa7-ibdu),consistent,1900,verified,both_consistent,both_consistent,Original and public parcel values agree.,,1,complete,aligned,2026-10-04T02:41:38+00:00
A0299:year_built_comparison,A0299,year_built,,NJOGIS Parcels & MOD-IV Composite,unknown,,NJOGIS Parcels & MOD-IV Composite,missing,unknown,unknown,both_missing_or_parcel_unusable,both_missing_or_parcel_unusable,No usable year-built value was available from either source.,,1,complete,aligned,2026-10-04T02:41:38+00:00
A0300:year_built_comparison,A0300,year_built,1920,Cambridge Property Database FY2026 (waa7-ibdu),1920,1920,Cambridge Property Database FY2026 (waa7-ibdu),consistent,1920,verified,both_consistent,both_consistent,Original and public parcel values agree.,,1,complete,aligned,2026-10-04T02:41:38+00:00
A0301:year_built_comparison,A0301,year_built,1905,Cambridge Property Database FY2026 (waa7-ibdu),1905,1905,Cambridge Property Database FY2026 (waa7-ibdu),consistent,1905,verified,both_consistent,both_consistent,Original and public parcel values agree.,,1,complete,aligned,2026-10-04T02:41:38+00:00
A0302:year_built_comparison,A0302,year_built,1900,Cambridge Property Database FY2026 (waa7-ibdu),1900,1900,Cambridge Property Database FY2026 (waa7-ibdu),consistent,1900,verified,both_consistent,both_consistent,Original and public parcel values agree.,,1,complete,aligned,2026-10-04T02:41:38+00:00
A0303:year_built_comparison,A0303,year_built,1909,LA County eGIS parcels,1909,1909,LA County eGIS parcels,consistent,1909,verified,both_consistent,both_consistent,Original and public parcel values agree.,,1,complete,aligned,2026-10-04T02:41:38+00:00
A0304:year_built_comparison,A0304,year_built,,SANDAG/SanGIS parcels,52,,SANDAG/SanGIS parcels,consistent,unknown,unknown,both_missing_or_parcel_unusable,both_missing_or_parcel_unusable,No usable year-built value was available from either source. Public parcel reported an unusable year value (52); it was not inferred or expanded.,,1,complete,aligned,2026-10-04T02:41:38+00:00
A0305:year_built_comparison,A0305,year_built,1908,DataSF wv5m-vpq2 (2025 roll),1908,1908,DataSF wv5m-vpq2 (2025 roll),consistent,1908,verified,both_consistent,both_consistent,Original and public parcel values agree.,,19,complete,aligned,2026-10-04T02:41:38+00:00
A0306:year_built_comparison,A0306,year_built,1920,Cambridge Property Database FY2026 (waa7-ibdu),unknown,,Cambridge Property Database FY2026 (waa7-ibdu),address_not_aligned,1920,verified,original_only,original_only,Original value retained because no usable public parcel value was available.,,1,none,parser_failed,2026-10-04T02:41:38+00:00
A0307:year_built_comparison,A0307,year_built,,NJOGIS Parcels & MOD-IV Composite,unknown,,NJOGIS Parcels & MOD-IV Composite,missing,unknown,unknown,both_missing_or_parcel_unusable,both_missing_or_parcel_unusable,No usable year-built value was available from either source.,,1,complete,aligned,2026-10-04T02:41:38+00:00
A0308:year_built_comparison,A0308,year_built,,NJOGIS Parcels & MOD-IV Composite,unknown,,NJOGIS Parcels & MOD-IV Composite,missing,unknown,unknown,both_missing_or_parcel_unusable,both_missing_or_parcel_unusable,No usable year-built value was available from either source.,,1,complete,aligned,2026-10-04T02:41:38+00:00
A0309:year_built_comparison,A0309,year_built,1951,LA County eGIS parcels,1951,1951,LA County eGIS parcels,consistent,1951,verified,both_consistent,both_consistent,Original and public parcel values agree.,,1,complete,aligned,2026-10-04T02:41:38+00:00
A0310:year_built_comparison,A0310,year_built,1900,Boston Property Assessment FY2026,1900,1900,Boston Property Assessment FY2026,consistent,1900,verified,both_consistent,both_consistent,Original and public parcel values agree.,,1,complete,aligned,2026-10-04T02:41:38+00:00
A0311:year_built_comparison,A0311,year_built,,NJOGIS Parcels & MOD-IV Composite,unknown,,NJOGIS Parcels & MOD-IV Composite,address_not_aligned,unknown,unknown,both_missing_or_parcel_unusable,both_missing_or_parcel_unusable,No usable year-built value was available from either source.,,1,none,parser_failed,2026-10-04T02:41:38+00:00
A0312:year_built_comparison,A0312,year_built,1965,Boston Property Assessment FY2026,1965,1965,Boston Property Assessment FY2026,consistent,1965,verified,both_consistent,both_consistent,Original and public parcel values agree.,,1,complete,aligned,2026-10-04T02:41:38+00:00
A0313:year_built_comparison,A0313,year_built,,NJOGIS Parcels & MOD-IV Composite,unknown,,NJOGIS Parcels & MOD-IV Composite,missing,unknown,unknown,both_missing_or_parcel_unusable,both_missing_or_parcel_unusable,No usable year-built value was available from either source.,,1,complete,aligned,2026-10-04T02:41:38+00:00
A0314:year_built_comparison,A0314,year_built,1919,LA County eGIS parcels,1919,1919,LA County eGIS parcels,consistent,1919,verified,both_consistent,both_consistent,Original and public parcel values agree.,,1,complete,aligned,2026-10-04T02:41:38+00:00
A0315:year_built_comparison,A0315,year_built,1990,LA County eGIS parcels,1990,1990,LA County eGIS parcels,consistent,1990,verified,both_consistent,both_consistent,Original and public parcel values agree.,,1,complete,aligned,2026-10-04T02:41:38+00:00
A0316:year_built_comparison,A0316,year_built,,SANDAG/SanGIS parcels,31,,SANDAG/SanGIS parcels,consistent,unknown,unknown,both_missing_or_parcel_unusable,both_missing_or_parcel_unusable,No usable year-built value was available from either source. Public parcel reported an unusable year value (31); it was not inferred or expanded.,,1,complete,aligned,2026-10-04T02:41:38+00:00
A0317:year_built_comparison,A0317,year_built,,Alameda County parcels,1958,1958,Alameda County parcels,consistent,1958,verified,parcel_only,parcel_only,Public parcel value used because the original value was missing.,,1,complete,aligned,2026-10-04T02:41:38+00:00
A0318:year_built_comparison,A0318,year_built,,Alameda County parcels,unknown,,Alameda County parcels,missing,unknown,unknown,both_missing_or_parcel_unusable,both_missing_or_parcel_unusable,No usable year-built value was available from either source.,,1,complete,aligned,2026-10-04T02:41:38+00:00
A0319:year_built_comparison,A0319,year_built,,Alameda County parcels,unknown,,Alameda County parcels,missing,unknown,unknown,both_missing_or_parcel_unusable,both_missing_or_parcel_unusable,No usable year-built value was available from either source.,,1,complete,aligned,2026-10-04T02:41:38+00:00
A0320:year_built_comparison,A0320,year_built,,NJOGIS Parcels & MOD-IV Composite,unknown,,NJOGIS Parcels & MOD-IV Composite,missing,unknown,unknown,both_missing_or_parcel_unusable,both_missing_or_parcel_unusable,No usable year-built value was available from either source.,,1,complete,aligned,2026-10-04T02:41:38+00:00
A0321:year_built_comparison,A0321,year_built,,NJOGIS Parcels & MOD-IV Composite,1,,NJOGIS Parcels & MOD-IV Composite,consistent,unknown,unknown,both_missing_or_parcel_unusable,both_missing_or_parcel_unusable,No usable year-built value was available from either source. Public parcel reported an unusable year value (1); it was not inferred or expanded.,,1,complete,aligned,2026-10-04T02:41:38+00:00
A0322:year_built_comparison,A0322,year_built,,SANDAG/SanGIS parcels,79,,SANDAG/SanGIS parcels,consistent,unknown,unknown,both_missing_or_parcel_unusable,both_missing_or_parcel_unusable,No usable year-built value was available from either source. Public parcel reported an unusable year value (79); it was not inferred or expanded.,,1,complete,aligned,2026-10-04T02:41:38+00:00
A0323:year_built_comparison,A0323,year_built,1907,LA County eGIS parcels,1907,1907,LA County eGIS parcels,consistent,1907,verified,both_consistent,both_consistent,Original and public parcel values agree.,,1,complete,aligned,2026-10-04T02:41:38+00:00
A0324:year_built_comparison,A0324,year_built,1885,DataSF wv5m-vpq2 (2025 roll),1885,1885,DataSF wv5m-vpq2 (2025 roll),consistent,1885,verified,both_consistent,both_consistent,Original and public parcel values agree.,,19,complete,aligned,2026-10-04T02:41:38+00:00
A0325:year_built_comparison,A0325,year_built,1925,NJOGIS Parcels & MOD-IV Composite,unknown,,NJOGIS Parcels & MOD-IV Composite,address_not_aligned,1925,verified,original_only,original_only,Original value retained because no usable public parcel value was available.,,1,none,parser_failed,2026-10-04T02:41:38+00:00
A0326:year_built_comparison,A0326,year_built,,NJOGIS Parcels & MOD-IV Composite,unknown,,NJOGIS Parcels & MOD-IV Composite,missing,unknown,unknown,both_missing_or_parcel_unusable,both_missing_or_parcel_unusable,No usable year-built value was available from either source.,,1,complete,aligned,2026-10-04T02:41:38+00:00
A0327:year_built_comparison,A0327,year_built,1954,LA County eGIS parcels,1954,1954,LA County eGIS parcels,consistent,1954,verified,both_consistent,both_consistent,Original and public parcel values agree.,,1,complete,aligned,2026-10-04T02:41:38+00:00
A0328:year_built_comparison,A0328,year_built,1960,DataSF wv5m-vpq2 (2025 roll),1960,1960,DataSF wv5m-vpq2 (2025 roll),consistent,1960,verified,both_consistent,both_consistent,Original and public parcel values agree.,,19,complete,aligned,2026-10-04T02:41:38+00:00
A0329:year_built_comparison,A0329,year_built,,NJOGIS Parcels & MOD-IV Composite,unknown,,NJOGIS Parcels & MOD-IV Composite,missing,unknown,unknown,both_missing_or_parcel_unusable,both_missing_or_parcel_unusable,No usable year-built value was available from either source.,,1,complete,aligned,2026-10-04T02:41:38+00:00
A0330:year_built_comparison,A0330,year_built,2018,LA County eGIS parcels,2018,2018,LA County eGIS parcels,consistent,2018,verified,both_consistent,both_consistent,Original and public parcel values agree.,,1,complete,aligned,2026-10-04T02:41:38+00:00
A0331:year_built_comparison,A0331,year_built,1910,NJOGIS Parcels & MOD-IV Composite,unknown,,NJOGIS Parcels & MOD-IV Composite,address_not_aligned,1910,verified,original_only,original_only,Original value retained because no usable public parcel value was available.,,1,complete,parser_failed,2026-10-04T02:41:38+00:00
A0332:year_built_comparison,A0332,year_built,,Boston Property Assessment FY2026,unknown,,Boston Property Assessment FY2026,missing,unknown,unknown,both_missing_or_parcel_unusable,both_missing_or_parcel_unusable,No usable year-built value was available from either source.,,1,complete,aligned,2026-10-04T02:41:38+00:00
A0333:year_built_comparison,A0333,year_built,,SANDAG/SanGIS parcels,unknown,,SANDAG/SanGIS parcels,candidate_set_incomplete,unknown,unknown,both_missing_or_parcel_unusable,both_missing_or_parcel_unusable,No usable year-built value was available from either source.,,1,representative_only,aligned,2026-10-04T02:41:38+00:00
A0334:year_built_comparison,A0334,year_built,,Alameda County parcels,unknown,,Alameda County parcels,missing,unknown,unknown,both_missing_or_parcel_unusable,both_missing_or_parcel_unusable,No usable year-built value was available from either source.,,1,complete,aligned,2026-10-04T02:41:38+00:00
A0335:year_built_comparison,A0335,year_built,1968,DataSF wv5m-vpq2 (2025 roll),1968,1968,DataSF wv5m-vpq2 (2025 roll),consistent,1968,verified,both_consistent,both_consistent,Original and public parcel values agree.,,18,complete,aligned,2026-10-04T02:41:38+00:00
A0336:year_built_comparison,A0336,year_built,2020,Cambridge Property Database FY2026 (waa7-ibdu),unknown,,Cambridge Property Database FY2026 (waa7-ibdu),candidate_set_incomplete,2020,verified,original_only,original_only,Original value retained because no usable public parcel value was available.,,1,representative_only,aligned,2026-10-04T02:41:38+00:00
A0337:year_built_comparison,A0337,year_built,,NJOGIS Parcels & MOD-IV Composite,unknown,,NJOGIS Parcels & MOD-IV Composite,missing,unknown,unknown,both_missing_or_parcel_unusable,both_missing_or_parcel_unusable,No usable year-built value was available from either source.,,1,complete,aligned,2026-10-04T02:41:38+00:00
A0338:year_built_comparison,A0338,year_built,,NJOGIS Parcels & MOD-IV Composite,unknown,,NJOGIS Parcels & MOD-IV Composite,address_not_aligned,unknown,unknown,both_missing_or_parcel_unusable,both_missing_or_parcel_unusable,No usable year-built value was available from either source.,,1,representative_only,parser_failed,2026-10-04T02:41:38+00:00
A0339:year_built_comparison,A0339,year_built,1920,Cambridge Property Database FY2026 (waa7-ibdu),1920,1920,Cambridge Property Database FY2026 (waa7-ibdu),consistent,1920,verified,both_consistent,both_consistent,Original and public parcel values agree.,,1,complete,aligned,2026-10-04T02:41:38+00:00
A0340:year_built_comparison,A0340,year_built,1959,LA County eGIS parcels,1959,1959,LA County eGIS parcels,consistent,1959,verified,both_consistent,both_consistent,Original and public parcel values agree.,,1,complete,aligned,2026-10-04T02:41:38+00:00
A0341:year_built_comparison,A0341,year_built,,SANDAG/SanGIS parcels,40,,SANDAG/SanGIS parcels,consistent,unknown,unknown,both_missing_or_parcel_unusable,both_missing_or_parcel_unusable,No usable year-built value was available from either source. Public parcel reported an unusable year value (40); it was not inferred or expanded.,,1,complete,aligned,2026-10-04T02:41:38+00:00
A0342:year_built_comparison,A0342,year_built,1910,Cambridge Property Database FY2026 (waa7-ibdu),1910,1910,Cambridge Property Database FY2026 (waa7-ibdu),consistent,1910,verified,both_consistent,both_consistent,Original and public parcel values agree.,,1,complete,aligned,2026-10-04T02:41:38+00:00
A0343:year_built_comparison,A0343,year_built,,NJOGIS Parcels & MOD-IV Composite,unknown,,NJOGIS Parcels & MOD-IV Composite,address_not_aligned,unknown,unknown,both_missing_or_parcel_unusable,both_missing_or_parcel_unusable,No usable year-built value was available from either source.,,1,representative_only,not_aligned,2026-10-04T02:41:38+00:00
A0344:year_built_comparison,A0344,year_built,1928,NJOGIS Parcels & MOD-IV Composite,1928,1928,NJOGIS Parcels & MOD-IV Composite,consistent,1928,verified,both_consistent,both_consistent,Original and public parcel values agree.,,1,complete,aligned,2026-10-04T02:41:38+00:00
A0345:year_built_comparison,A0345,year_built,1921,LA County eGIS parcels,1921,1921,LA County eGIS parcels,consistent,1921,verified,both_consistent,both_consistent,Original and public parcel values agree.,,1,complete,aligned,2026-10-04T02:41:38+00:00
A0346:year_built_comparison,A0346,year_built,,SANDAG/SanGIS parcels,unknown,,SANDAG/SanGIS parcels,address_not_aligned,unknown,unknown,both_missing_or_parcel_unusable,both_missing_or_parcel_unusable,No usable year-built value was available from either source.,,1,representative_only,parser_failed,2026-10-04T02:41:38+00:00
A0347:year_built_comparison,A0347,year_built,,SANDAG/SanGIS parcels,25,,SANDAG/SanGIS parcels,consistent,unknown,unknown,both_missing_or_parcel_unusable,both_missing_or_parcel_unusable,No usable year-built value was available from either source. Public parcel reported an unusable year value (25); it was not inferred or expanded.,,1,complete,aligned,2026-10-04T02:41:38+00:00
A0348:year_built_comparison,A0348,year_built,,NJOGIS Parcels & MOD-IV Composite,unknown,,NJOGIS Parcels & MOD-IV Composite,missing,unknown,unknown,both_missing_or_parcel_unusable,both_missing_or_parcel_unusable,No usable year-built value was available from either source.,,1,complete,aligned,2026-10-04T02:41:38+00:00
A0349:year_built_comparison,A0349,year_built,,Alameda County parcels,unknown,,Alameda County parcels,missing,unknown,unknown,both_missing_or_parcel_unusable,both_missing_or_parcel_unusable,No usable year-built value was available from either source.,,1,complete,aligned,2026-10-04T02:41:38+00:00
A0350:year_built_comparison,A0350,year_built,1900,NJOGIS Parcels & MOD-IV Composite,1900,1900,NJOGIS Parcels & MOD-IV Composite,consistent,1900,verified,both_consistent,both_consistent,Original and public parcel values agree.,,1,complete,aligned,2026-10-04T02:41:38+00:00
A0351:year_built_comparison,A0351,year_built,1907,DataSF wv5m-vpq2 (2025 roll),1907,1907,DataSF wv5m-vpq2 (2025 roll),consistent,1907,verified,both_consistent,both_consistent,Original and public parcel values agree.,,19,complete,aligned,2026-10-04T02:41:38+00:00
A0352:year_built_comparison,A0352,year_built,1900,NJOGIS Parcels & MOD-IV Composite,1900,1900,NJOGIS Parcels & MOD-IV Composite,consistent,1900,verified,both_consistent,both_consistent,Original and public parcel values agree.,,1,complete,aligned,2026-10-04T02:41:38+00:00
A0353:year_built_comparison,A0353,year_built,,LA County eGIS parcels,unknown,,LA County eGIS parcels,candidate_set_incomplete,unknown,unknown,both_missing_or_parcel_unusable,both_missing_or_parcel_unusable,No usable year-built value was available from either source.,,1,representative_only,aligned,2026-10-04T02:41:38+00:00
A0354:year_built_comparison,A0354,year_built,1899,Boston Property Assessment FY2026,1899,1899,Boston Property Assessment FY2026,consistent,1899,verified,both_consistent,both_consistent,Original and public parcel values agree.,,1,complete,aligned,2026-10-04T02:41:38+00:00
A0355:year_built_comparison,A0355,year_built,1986,LA County eGIS parcels,1986,1986,LA County eGIS parcels,consistent,1986,verified,both_consistent,both_consistent,Original and public parcel values agree.,,1,complete,aligned,2026-10-04T02:41:38+00:00
A0356:year_built_comparison,A0356,year_built,1930,Boston Property Assessment FY2026,1930,1930,Boston Property Assessment FY2026,consistent,1930,verified,both_consistent,both_consistent,Original and public parcel values agree.,,1,complete,aligned,2026-10-04T02:41:38+00:00
A0357:year_built_comparison,A0357,year_built,1997,DataSF wv5m-vpq2 (2025 roll),1997,1997,DataSF wv5m-vpq2 (2025 roll),consistent,1997,verified,both_consistent,both_consistent,Original and public parcel values agree.,,2,complete,aligned,2026-10-04T02:41:38+00:00
A0358:year_built_comparison,A0358,year_built,,NJOGIS Parcels & MOD-IV Composite,unknown,,NJOGIS Parcels & MOD-IV Composite,candidate_set_incomplete,unknown,unknown,both_missing_or_parcel_unusable,both_missing_or_parcel_unusable,No usable year-built value was available from either source.,,1,representative_only,aligned,2026-10-04T02:41:38+00:00
A0359:year_built_comparison,A0359,year_built,,NJOGIS Parcels & MOD-IV Composite,unknown,,NJOGIS Parcels & MOD-IV Composite,missing,unknown,unknown,both_missing_or_parcel_unusable,both_missing_or_parcel_unusable,No usable year-built value was available from either source.,,1,complete,aligned,2026-10-04T02:41:38+00:00
A0360:year_built_comparison,A0360,year_built,1924,NJOGIS Parcels & MOD-IV Composite,1924,1924,NJOGIS Parcels & MOD-IV Composite,consistent,1924,verified,both_consistent,both_consistent,Original and public parcel values agree.,,1,complete,aligned,2026-10-04T02:41:38+00:00
A0361:year_built_comparison,A0361,year_built,1915,Cambridge Property Database FY2026 (waa7-ibdu),1915,1915,Cambridge Property Database FY2026 (waa7-ibdu),consistent,1915,verified,both_consistent,both_consistent,Original and public parcel values agree.,,1,complete,aligned,2026-10-04T02:41:38+00:00
A0362:year_built_comparison,A0362,year_built,1920,Boston Property Assessment FY2026,1920,1920,Boston Property Assessment FY2026,consistent,1920,verified,both_consistent,both_consistent,Original and public parcel values agree.,,1,complete,aligned,2026-10-04T02:41:38+00:00
A0363:year_built_comparison,A0363,year_built,,Alameda County parcels,2004,2004,Alameda County parcels,consistent,2004,verified,parcel_only,parcel_only,Public parcel value used because the original value was missing.,,1,complete,aligned,2026-10-04T02:41:38+00:00
A0364:year_built_comparison,A0364,year_built,1964,DataSF wv5m-vpq2 (2025 roll),1964,1964,DataSF wv5m-vpq2 (2025 roll),consistent,1964,verified,both_consistent,both_consistent,Original and public parcel values agree.,,19,complete,aligned,2026-10-04T02:41:38+00:00
A0365:year_built_comparison,A0365,year_built,,SANDAG/SanGIS parcels,61,,SANDAG/SanGIS parcels,consistent,unknown,unknown,both_missing_or_parcel_unusable,both_missing_or_parcel_unusable,No usable year-built value was available from either source. Public parcel reported an unusable year value (61); it was not inferred or expanded.,,1,complete,aligned,2026-10-04T02:41:38+00:00
A0366:year_built_comparison,A0366,year_built,2024,Boston Property Assessment FY2026,2024,2024,Boston Property Assessment FY2026,consistent,2024,verified,both_consistent,both_consistent,Original and public parcel values agree.,,1,complete,aligned,2026-10-04T02:41:38+00:00
A0367:year_built_comparison,A0367,year_built,,SANDAG/SanGIS parcels,unknown,,SANDAG/SanGIS parcels,address_not_aligned,unknown,unknown,both_missing_or_parcel_unusable,both_missing_or_parcel_unusable,No usable year-built value was available from either source.,,1,none,parser_failed,2026-10-04T02:41:38+00:00
A0368:year_built_comparison,A0368,year_built,1926,DataSF wv5m-vpq2 (2025 roll),1926,1926,DataSF wv5m-vpq2 (2025 roll),consistent,1926,verified,both_consistent,both_consistent,Original and public parcel values agree.,,19,complete,aligned,2026-10-04T02:41:38+00:00
A0369:year_built_comparison,A0369,year_built,,Alameda County parcels,unknown,,Alameda County parcels,missing,unknown,unknown,both_missing_or_parcel_unusable,both_missing_or_parcel_unusable,No usable year-built value was available from either source.,,1,complete,aligned,2026-10-04T02:41:38+00:00
A0370:year_built_comparison,A0370,year_built,1924,LA County eGIS parcels,1924,1924,LA County eGIS parcels,consistent,1924,verified,both_consistent,both_consistent,Original and public parcel values agree.,,1,complete,aligned,2026-10-04T02:41:38+00:00
A0371:year_built_comparison,A0371,year_built,,NJOGIS Parcels & MOD-IV Composite,unknown,,NJOGIS Parcels & MOD-IV Composite,missing,unknown,unknown,both_missing_or_parcel_unusable,both_missing_or_parcel_unusable,No usable year-built value was available from either source.,,1,complete,aligned,2026-10-04T02:41:38+00:00
A0372:year_built_comparison,A0372,year_built,,NJOGIS Parcels & MOD-IV Composite,unknown,,NJOGIS Parcels & MOD-IV Composite,missing,unknown,unknown,both_missing_or_parcel_unusable,both_missing_or_parcel_unusable,No usable year-built value was available from either source.,,1,complete,aligned,2026-10-04T02:41:38+00:00
A0373:year_built_comparison,A0373,year_built,,Alameda County parcels,unknown,,Alameda County parcels,missing,unknown,unknown,both_missing_or_parcel_unusable,both_missing_or_parcel_unusable,No usable year-built value was available from either source.,,1,complete,aligned,2026-10-04T02:41:38+00:00
A0374:year_built_comparison,A0374,year_built,1990,LA County eGIS parcels,1990,1990,LA County eGIS parcels,consistent,1990,verified,both_consistent,both_consistent,Original and public parcel values agree.,,1,complete,aligned,2026-10-04T02:41:38+00:00
A0375:year_built_comparison,A0375,year_built,1921,DataSF wv5m-vpq2 (2025 roll),1921,1921,DataSF wv5m-vpq2 (2025 roll),consistent,1921,verified,both_consistent,both_consistent,Original and public parcel values agree.,,19,complete,aligned,2026-10-04T02:41:38+00:00
A0376:year_built_comparison,A0376,year_built,,Boston Property Assessment FY2026,unknown,,Boston Property Assessment FY2026,address_not_aligned,unknown,unknown,both_missing_or_parcel_unusable,both_missing_or_parcel_unusable,No usable year-built value was available from either source.,,1,none,parser_failed,2026-10-04T02:41:38+00:00
A0377:year_built_comparison,A0377,year_built,,NJOGIS Parcels & MOD-IV Composite,unknown,,NJOGIS Parcels & MOD-IV Composite,missing,unknown,unknown,both_missing_or_parcel_unusable,both_missing_or_parcel_unusable,No usable year-built value was available from either source.,,1,complete,aligned,2026-10-04T02:41:38+00:00
A0378:year_built_comparison,A0378,year_built,,SANDAG/SanGIS parcels,68,,SANDAG/SanGIS parcels,consistent,unknown,unknown,both_missing_or_parcel_unusable,both_missing_or_parcel_unusable,No usable year-built value was available from either source. Public parcel reported an unusable year value (68); it was not inferred or expanded.,,1,complete,aligned,2026-10-04T02:41:38+00:00
A0379:year_built_comparison,A0379,year_built,,SANDAG/SanGIS parcels,95,,SANDAG/SanGIS parcels,consistent,unknown,unknown,both_missing_or_parcel_unusable,both_missing_or_parcel_unusable,No usable year-built value was available from either source. Public parcel reported an unusable year value (95); it was not inferred or expanded.,,1,complete,aligned,2026-10-04T02:41:38+00:00
A0380:year_built_comparison,A0380,year_built,,Boston Property Assessment FY2026,unknown,,Boston Property Assessment FY2026,address_not_aligned,unknown,unknown,both_missing_or_parcel_unusable,both_missing_or_parcel_unusable,No usable year-built value was available from either source.,,1,none,parser_failed,2026-10-04T02:41:38+00:00
A0381:year_built_comparison,A0381,year_built,,NJOGIS Parcels & MOD-IV Composite,unknown,,NJOGIS Parcels & MOD-IV Composite,missing,unknown,unknown,both_missing_or_parcel_unusable,both_missing_or_parcel_unusable,No usable year-built value was available from either source.,,1,complete,aligned,2026-10-04T02:41:38+00:00
A0382:year_built_comparison,A0382,year_built,1964,DataSF wv5m-vpq2 (2025 roll),1964,1964,DataSF wv5m-vpq2 (2025 roll),consistent,1964,verified,both_consistent,both_consistent,Original and public parcel values agree.,,19,complete,aligned,2026-10-04T02:41:38+00:00
A0383:year_built_comparison,A0383,year_built,,Alameda County parcels,unknown,,Alameda County parcels,missing,unknown,unknown,both_missing_or_parcel_unusable,both_missing_or_parcel_unusable,No usable year-built value was available from either source.,,1,complete,aligned,2026-10-04T02:41:38+00:00
A0384:year_built_comparison,A0384,year_built,1925,DataSF wv5m-vpq2 (2025 roll),unknown,,DataSF wv5m-vpq2 (2025 roll),candidate_set_incomplete,1925,verified,original_only,original_only,Original value retained because no usable public parcel value was available.,,1,none,aligned,2026-10-04T02:41:38+00:00
A0385:year_built_comparison,A0385,year_built,1986,DataSF wv5m-vpq2 (2025 roll),1986,1986,DataSF wv5m-vpq2 (2025 roll),consistent,1986,verified,both_consistent,both_consistent,Original and public parcel values agree.,,19,complete,aligned,2026-10-04T02:41:38+00:00
A0386:year_built_comparison,A0386,year_built,,SANDAG/SanGIS parcels,87,,SANDAG/SanGIS parcels,consistent,unknown,unknown,both_missing_or_parcel_unusable,both_missing_or_parcel_unusable,No usable year-built value was available from either source. Public parcel reported an unusable year value (87); it was not inferred or expanded.,,1,complete,aligned,2026-10-04T02:41:38+00:00
A0387:year_built_comparison,A0387,year_built,,SANDAG/SanGIS parcels,unknown,,SANDAG/SanGIS parcels,address_not_aligned,unknown,unknown,both_missing_or_parcel_unusable,both_missing_or_parcel_unusable,No usable year-built value was available from either source.,,1,complete,parser_failed,2026-10-04T02:41:38+00:00
A0388:year_built_comparison,A0388,year_built,,NJOGIS Parcels & MOD-IV Composite,unknown,,NJOGIS Parcels & MOD-IV Composite,address_not_aligned,unknown,unknown,both_missing_or_parcel_unusable,both_missing_or_parcel_unusable,No usable year-built value was available from either source.,,1,complete,not_aligned,2026-10-04T02:41:38+00:00
A0389:year_built_comparison,A0389,year_built,,NJOGIS Parcels & MOD-IV Composite,unknown,,NJOGIS Parcels & MOD-IV Composite,missing,unknown,unknown,both_missing_or_parcel_unusable,both_missing_or_parcel_unusable,No usable year-built value was available from either source.,,1,complete,aligned,2026-10-04T02:41:38+00:00
A0390:year_built_comparison,A0390,year_built,,NJOGIS Parcels & MOD-IV Composite,unknown,,NJOGIS Parcels & MOD-IV Composite,missing,unknown,unknown,both_missing_or_parcel_unusable,both_missing_or_parcel_unusable,No usable year-built value was available from either source.,,1,complete,aligned,2026-10-04T02:41:38+00:00
A0391:year_built_comparison,A0391,year_built,,SANDAG/SanGIS parcels,06,,SANDAG/SanGIS parcels,consistent,unknown,unknown,both_missing_or_parcel_unusable,both_missing_or_parcel_unusable,No usable year-built value was available from either source. Public parcel reported an unusable year value (06); it was not inferred or expanded.,,1,complete,aligned,2026-10-04T02:41:38+00:00
A0392:year_built_comparison,A0392,year_built,,SANDAG/SanGIS parcels,unknown,,SANDAG/SanGIS parcels,address_not_aligned,unknown,unknown,both_missing_or_parcel_unusable,both_missing_or_parcel_unusable,No usable year-built value was available from either source.,,1,none,parser_failed,2026-10-04T02:41:38+00:00
A0393:year_built_comparison,A0393,year_built,,NJOGIS Parcels & MOD-IV Composite,unknown,,NJOGIS Parcels & MOD-IV Composite,missing,unknown,unknown,both_missing_or_parcel_unusable,both_missing_or_parcel_unusable,No usable year-built value was available from either source.,,1,complete,aligned,2026-10-04T02:41:38+00:00
A0394:year_built_comparison,A0394,year_built,1912,NJOGIS Parcels & MOD-IV Composite,1912,1912,NJOGIS Parcels & MOD-IV Composite,consistent,1912,verified,both_consistent,both_consistent,Original and public parcel values agree.,,1,complete,aligned,2026-10-04T02:41:38+00:00
A0395:year_built_comparison,A0395,year_built,,Alameda County parcels,1962,1962,Alameda County parcels,consistent,1962,verified,parcel_only,parcel_only,Public parcel value used because the original value was missing.,,1,complete,aligned,2026-10-04T02:41:38+00:00
A0396:year_built_comparison,A0396,year_built,,SANDAG/SanGIS parcels,25,,SANDAG/SanGIS parcels,consistent,unknown,unknown,both_missing_or_parcel_unusable,both_missing_or_parcel_unusable,No usable year-built value was available from either source. Public parcel reported an unusable year value (25); it was not inferred or expanded.,,1,complete,aligned,2026-10-04T02:41:38+00:00
A0397:year_built_comparison,A0397,year_built,1900,DataSF wv5m-vpq2 (2025 roll),1900,1900,DataSF wv5m-vpq2 (2025 roll),consistent,1900,verified,both_consistent,both_consistent,Original and public parcel values agree.,,19,complete,aligned,2026-10-04T02:41:38+00:00
A0398:year_built_comparison,A0398,year_built,1908,DataSF wv5m-vpq2 (2025 roll),1908,1908,DataSF wv5m-vpq2 (2025 roll),consistent,1908,verified,both_consistent,both_consistent,Original and public parcel values agree.,,19,complete,aligned,2026-10-04T02:41:38+00:00
A0399:year_built_comparison,A0399,year_built,,NJOGIS Parcels & MOD-IV Composite,unknown,,NJOGIS Parcels & MOD-IV Composite,missing,unknown,unknown,both_missing_or_parcel_unusable,both_missing_or_parcel_unusable,No usable year-built value was available from either source.,,1,complete,aligned,2026-10-04T02:41:38+00:00
A0400:year_built_comparison,A0400,year_built,,NJOGIS Parcels & MOD-IV Composite,unknown,,NJOGIS Parcels & MOD-IV Composite,missing,unknown,unknown,both_missing_or_parcel_unusable,both_missing_or_parcel_unusable,No usable year-built value was available from either source.,,1,complete,aligned,2026-10-04T02:41:38+00:00
A0401:year_built_comparison,A0401,year_built,1908,DataSF wv5m-vpq2 (2025 roll),1908,1908,DataSF wv5m-vpq2 (2025 roll),consistent,1908,verified,both_consistent,both_consistent,Original and public parcel values agree.,,19,complete,aligned,2026-10-04T02:41:38+00:00
A0402:year_built_comparison,A0402,year_built,1900,DataSF wv5m-vpq2 (2025 roll),1900,1900,DataSF wv5m-vpq2 (2025 roll),consistent,1900,verified,both_consistent,both_consistent,Original and public parcel values agree.,,19,complete,aligned,2026-10-04T02:41:38+00:00
A0403:year_built_comparison,A0403,year_built,1899,Boston Property Assessment FY2026,1899,1899,Boston Property Assessment FY2026,consistent,1899,verified,both_consistent,both_consistent,Original and public parcel values agree.,,1,complete,aligned,2026-10-04T02:41:38+00:00
A0404:year_built_comparison,A0404,year_built,1900,NJOGIS Parcels & MOD-IV Composite,1900,1900,NJOGIS Parcels & MOD-IV Composite,consistent,1900,verified,both_consistent,both_consistent,Original and public parcel values agree.,,1,complete,aligned,2026-10-04T02:41:38+00:00
A0405:year_built_comparison,A0405,year_built,2008,LA County eGIS parcels,2008,2008,LA County eGIS parcels,consistent,2008,verified,both_consistent,both_consistent,Original and public parcel values agree.,,1,complete,aligned,2026-10-04T02:41:38+00:00
A0406:year_built_comparison,A0406,year_built,1899,Boston Property Assessment FY2026,1899,1899,Boston Property Assessment FY2026,consistent,1899,verified,both_consistent,both_consistent,Original and public parcel values agree.,,1,complete,aligned,2026-10-04T02:41:38+00:00
A0407:year_built_comparison,A0407,year_built,1964,LA County eGIS parcels,1964,1964,LA County eGIS parcels,consistent,1964,verified,both_consistent,both_consistent,Original and public parcel values agree.,,1,complete,aligned,2026-10-04T02:41:38+00:00
A0408:year_built_comparison,A0408,year_built,1964,LA County eGIS parcels,1964,1964,LA County eGIS parcels,consistent,1964,verified,both_consistent,both_consistent,Original and public parcel values agree.,,1,complete,aligned,2026-10-04T02:41:38+00:00
A0409:year_built_comparison,A0409,year_built,,SANDAG/SanGIS parcels,42,,SANDAG/SanGIS parcels,consistent,unknown,unknown,both_missing_or_parcel_unusable,both_missing_or_parcel_unusable,No usable year-built value was available from either source. Public parcel reported an unusable year value (42); it was not inferred or expanded.,,1,complete,aligned,2026-10-04T02:41:38+00:00
A0410:year_built_comparison,A0410,year_built,1920,NJOGIS Parcels & MOD-IV Composite,1920,1920,NJOGIS Parcels & MOD-IV Composite,consistent,1920,verified,both_consistent,both_consistent,Original and public parcel values agree.,,1,complete,aligned,2026-10-04T02:41:38+00:00
A0411:year_built_comparison,A0411,year_built,,Alameda County parcels,unknown,,Alameda County parcels,missing,unknown,unknown,both_missing_or_parcel_unusable,both_missing_or_parcel_unusable,No usable year-built value was available from either source.,,1,complete,aligned,2026-10-04T02:41:38+00:00
A0412:year_built_comparison,A0412,year_built,,NJOGIS Parcels & MOD-IV Composite,unknown,,NJOGIS Parcels & MOD-IV Composite,missing,unknown,unknown,both_missing_or_parcel_unusable,both_missing_or_parcel_unusable,No usable year-built value was available from either source.,,1,complete,aligned,2026-10-04T02:41:38+00:00
A0413:year_built_comparison,A0413,year_built,,SANDAG/SanGIS parcels,70,,SANDAG/SanGIS parcels,consistent,unknown,unknown,both_missing_or_parcel_unusable,both_missing_or_parcel_unusable,No usable year-built value was available from either source. Public parcel reported an unusable year value (70); it was not inferred or expanded.,,1,complete,aligned,2026-10-04T02:41:38+00:00
A0414:year_built_comparison,A0414,year_built,1922,DataSF wv5m-vpq2 (2025 roll),1922,1922,DataSF wv5m-vpq2 (2025 roll),consistent,1922,verified,both_consistent,both_consistent,Original and public parcel values agree.,,19,complete,aligned,2026-10-04T02:41:38+00:00
A0415:year_built_comparison,A0415,year_built,,NJOGIS Parcels & MOD-IV Composite,1,,NJOGIS Parcels & MOD-IV Composite,consistent,unknown,unknown,both_missing_or_parcel_unusable,both_missing_or_parcel_unusable,No usable year-built value was available from either source. Public parcel reported an unusable year value (1); it was not inferred or expanded.,,1,complete,aligned,2026-10-04T02:41:38+00:00
A0416:year_built_comparison,A0416,year_built,,NJOGIS Parcels & MOD-IV Composite,unknown,,NJOGIS Parcels & MOD-IV Composite,missing,unknown,unknown,both_missing_or_parcel_unusable,both_missing_or_parcel_unusable,No usable year-built value was available from either source.,,1,complete,aligned,2026-10-04T02:41:38+00:00
A0417:year_built_comparison,A0417,year_built,,LA County eGIS parcels,0000,,LA County eGIS parcels,consistent,unknown,unknown,both_missing_or_parcel_unusable,both_missing_or_parcel_unusable,No usable year-built value was available from either source. Public parcel reported an unusable year value (0000); it was not inferred or expanded.,,1,complete,aligned,2026-10-04T02:41:38+00:00
A0418:year_built_comparison,A0418,year_built,,NJOGIS Parcels & MOD-IV Composite,unknown,,NJOGIS Parcels & MOD-IV Composite,missing,unknown,unknown,both_missing_or_parcel_unusable,both_missing_or_parcel_unusable,No usable year-built value was available from either source.,,1,complete,aligned,2026-10-04T02:41:38+00:00
A0419:year_built_comparison,A0419,year_built,,Alameda County parcels,unknown,,Alameda County parcels,missing,unknown,unknown,both_missing_or_parcel_unusable,both_missing_or_parcel_unusable,No usable year-built value was available from either source.,,1,complete,aligned,2026-10-04T02:41:38+00:00
A0420:year_built_comparison,A0420,year_built,,SANDAG/SanGIS parcels,72,,SANDAG/SanGIS parcels,consistent,unknown,unknown,both_missing_or_parcel_unusable,both_missing_or_parcel_unusable,No usable year-built value was available from either source. Public parcel reported an unusable year value (72); it was not inferred or expanded.,,1,complete,aligned,2026-10-04T02:41:38+00:00
A0421:year_built_comparison,A0421,year_built,1964,LA County eGIS parcels,1964,1964,LA County eGIS parcels,consistent,1964,verified,both_consistent,both_consistent,Original and public parcel values agree.,,1,complete,aligned,2026-10-04T02:41:38+00:00
A0422:year_built_comparison,A0422,year_built,1900,Cambridge Property Database FY2026 (waa7-ibdu),1900,1900,Cambridge Property Database FY2026 (waa7-ibdu),consistent,1900,verified,both_consistent,both_consistent,Original and public parcel values agree.,,1,complete,aligned,2026-10-04T02:41:38+00:00
A0423:year_built_comparison,A0423,year_built,1965,Boston Property Assessment FY2026,1965,1965,Boston Property Assessment FY2026,consistent,1965,verified,both_consistent,both_consistent,Original and public parcel values agree.,,1,complete,aligned,2026-10-04T02:41:38+00:00
A0424:year_built_comparison,A0424,year_built,,NJOGIS Parcels & MOD-IV Composite,unknown,,NJOGIS Parcels & MOD-IV Composite,missing,unknown,unknown,both_missing_or_parcel_unusable,both_missing_or_parcel_unusable,No usable year-built value was available from either source.,,1,complete,aligned,2026-10-04T02:41:38+00:00
A0425:year_built_comparison,A0425,year_built,1916,DataSF wv5m-vpq2 (2025 roll),1916,1916,DataSF wv5m-vpq2 (2025 roll),consistent,1916,verified,both_consistent,both_consistent,Original and public parcel values agree.,,19,complete,aligned,2026-10-04T02:41:38+00:00
A0426:year_built_comparison,A0426,year_built,,SANDAG/SanGIS parcels,74,,SANDAG/SanGIS parcels,consistent,unknown,unknown,both_missing_or_parcel_unusable,both_missing_or_parcel_unusable,No usable year-built value was available from either source. Public parcel reported an unusable year value (74); it was not inferred or expanded.,,1,complete,aligned,2026-10-04T02:41:38+00:00
A0427:year_built_comparison,A0427,year_built,1986,LA County eGIS parcels,1986,1986,LA County eGIS parcels,consistent,1986,verified,both_consistent,both_consistent,Original and public parcel values agree.,,1,complete,aligned,2026-10-04T02:41:38+00:00
A0428:year_built_comparison,A0428,year_built,,NJOGIS Parcels & MOD-IV Composite,unknown,,NJOGIS Parcels & MOD-IV Composite,missing,unknown,unknown,both_missing_or_parcel_unusable,both_missing_or_parcel_unusable,No usable year-built value was available from either source.,,1,complete,aligned,2026-10-04T02:41:38+00:00
A0429:year_built_comparison,A0429,year_built,1899,Boston Property Assessment FY2026,1899,1899,Boston Property Assessment FY2026,consistent,1899,verified,both_consistent,both_consistent,Original and public parcel values agree.,,1,complete,aligned,2026-10-04T02:41:38+00:00
A0430:year_built_comparison,A0430,year_built,,Alameda County parcels,2020,2020,Alameda County parcels,consistent,2020,verified,parcel_only,parcel_only,Public parcel value used because the original value was missing.,,1,complete,aligned,2026-10-04T02:41:38+00:00
A0431:year_built_comparison,A0431,year_built,,SANDAG/SanGIS parcels,80,,SANDAG/SanGIS parcels,consistent,unknown,unknown,both_missing_or_parcel_unusable,both_missing_or_parcel_unusable,No usable year-built value was available from either source. Public parcel reported an unusable year value (80); it was not inferred or expanded.,,1,complete,aligned,2026-10-04T02:41:38+00:00
A0432:year_built_comparison,A0432,year_built,1978,LA County eGIS parcels,1978,1978,LA County eGIS parcels,consistent,1978,verified,both_consistent,both_consistent,Original and public parcel values agree.,,1,complete,aligned,2026-10-04T02:41:38+00:00
A0433:year_built_comparison,A0433,year_built,1964,LA County eGIS parcels,1964,1964,LA County eGIS parcels,consistent,1964,verified,both_consistent,both_consistent,Original and public parcel values agree.,,1,complete,aligned,2026-10-04T02:41:38+00:00
A0434:year_built_comparison,A0434,year_built,1913,DataSF wv5m-vpq2 (2025 roll),1913,1913,DataSF wv5m-vpq2 (2025 roll),consistent,1913,verified,both_consistent,both_consistent,Original and public parcel values agree.,,19,complete,aligned,2026-10-04T02:41:38+00:00
A0435:year_built_comparison,A0435,year_built,,NJOGIS Parcels & MOD-IV Composite,unknown,,NJOGIS Parcels & MOD-IV Composite,missing,unknown,unknown,both_missing_or_parcel_unusable,both_missing_or_parcel_unusable,No usable year-built value was available from either source.,,1,complete,aligned,2026-10-04T02:41:38+00:00
A0436:year_built_comparison,A0436,year_built,,NJOGIS Parcels & MOD-IV Composite,unknown,,NJOGIS Parcels & MOD-IV Composite,missing,unknown,unknown,both_missing_or_parcel_unusable,both_missing_or_parcel_unusable,No usable year-built value was available from either source.,,1,complete,aligned,2026-10-04T02:41:38+00:00
A0437:year_built_comparison,A0437,year_built,2004,LA County eGIS parcels,2004,2004,LA County eGIS parcels,consistent,2004,verified,both_consistent,both_consistent,Original and public parcel values agree.,,1,complete,aligned,2026-10-04T02:41:38+00:00
A0438:year_built_comparison,A0438,year_built,,NJOGIS Parcels & MOD-IV Composite,unknown,,NJOGIS Parcels & MOD-IV Composite,address_not_aligned,unknown,unknown,both_missing_or_parcel_unusable,both_missing_or_parcel_unusable,No usable year-built value was available from either source.,,1,representative_only,not_aligned,2026-10-04T02:41:38+00:00
A0439:year_built_comparison,A0439,year_built,1988,DataSF wv5m-vpq2 (2025 roll),1988,1988,DataSF wv5m-vpq2 (2025 roll),consistent,1988,verified,both_consistent,both_consistent,Original and public parcel values agree.,,19,complete,aligned,2026-10-04T02:41:38+00:00
A0440:year_built_comparison,A0440,year_built,1921,DataSF wv5m-vpq2 (2025 roll),1921,1921,DataSF wv5m-vpq2 (2025 roll),consistent,1921,verified,both_consistent,both_consistent,Original and public parcel values agree.,,19,complete,aligned,2026-10-04T02:41:38+00:00
A0441:year_built_comparison,A0441,year_built,,SANDAG/SanGIS parcels,30,,SANDAG/SanGIS parcels,consistent,unknown,unknown,both_missing_or_parcel_unusable,both_missing_or_parcel_unusable,No usable year-built value was available from either source. Public parcel reported an unusable year value (30); it was not inferred or expanded.,,1,complete,aligned,2026-10-04T02:41:38+00:00
A0442:year_built_comparison,A0442,year_built,1986,LA County eGIS parcels,1986,1986,LA County eGIS parcels,consistent,1986,verified,both_consistent,both_consistent,Original and public parcel values agree.,,1,complete,aligned,2026-10-04T02:41:38+00:00
A0443:year_built_comparison,A0443,year_built,,SANDAG/SanGIS parcels,85,,SANDAG/SanGIS parcels,consistent,unknown,unknown,both_missing_or_parcel_unusable,both_missing_or_parcel_unusable,No usable year-built value was available from either source. Public parcel reported an unusable year value (85); it was not inferred or expanded.,,1,complete,aligned,2026-10-04T02:41:38+00:00
A0444:year_built_comparison,A0444,year_built,1899,Boston Property Assessment FY2026,1899,1899,Boston Property Assessment FY2026,consistent,1899,verified,both_consistent,both_consistent,Original and public parcel values agree.,,1,complete,aligned,2026-10-04T02:41:38+00:00
A0445:year_built_comparison,A0445,year_built,1977,LA County eGIS parcels,1977,1977,LA County eGIS parcels,consistent,1977,verified,both_consistent,both_consistent,Original and public parcel values agree.,,1,complete,aligned,2026-10-04T02:41:38+00:00
A0446:year_built_comparison,A0446,year_built,1899,Boston Property Assessment FY2026,1899,1899,Boston Property Assessment FY2026,consistent,1899,verified,both_consistent,both_consistent,Original and public parcel values agree.,,1,complete,aligned,2026-10-04T02:41:38+00:00
A0447:year_built_comparison,A0447,year_built,,NJOGIS Parcels & MOD-IV Composite,unknown,,NJOGIS Parcels & MOD-IV Composite,missing,unknown,unknown,both_missing_or_parcel_unusable,both_missing_or_parcel_unusable,No usable year-built value was available from either source.,,1,complete,aligned,2026-10-04T02:41:38+00:00
A0448:year_built_comparison,A0448,year_built,,NJOGIS Parcels & MOD-IV Composite,unknown,,NJOGIS Parcels & MOD-IV Composite,missing,unknown,unknown,both_missing_or_parcel_unusable,both_missing_or_parcel_unusable,No usable year-built value was available from either source.,,1,complete,aligned,2026-10-04T02:41:38+00:00
A0449:year_built_comparison,A0449,year_built,,NJOGIS Parcels & MOD-IV Composite,unknown,,NJOGIS Parcels & MOD-IV Composite,missing,unknown,unknown,both_missing_or_parcel_unusable,both_missing_or_parcel_unusable,No usable year-built value was available from either source.,,1,complete,aligned,2026-10-04T02:41:38+00:00
A0450:year_built_comparison,A0450,year_built,,NJOGIS Parcels & MOD-IV Composite,unknown,,NJOGIS Parcels & MOD-IV Composite,missing,unknown,unknown,both_missing_or_parcel_unusable,both_missing_or_parcel_unusable,No usable year-built value was available from either source.,,1,complete,aligned,2026-10-04T02:41:38+00:00
A0451:year_built_comparison,A0451,year_built,1989,LA County eGIS parcels,1989,1989,LA County eGIS parcels,consistent,1989,verified,both_consistent,both_consistent,Original and public parcel values agree.,,1,complete,aligned,2026-10-04T02:41:38+00:00
A0452:year_built_comparison,A0452,year_built,1952,LA County eGIS parcels,1952,1952,LA County eGIS parcels,consistent,1952,verified,both_consistent,both_consistent,Original and public parcel values agree.,,1,complete,aligned,2026-10-04T02:41:38+00:00
A0453:year_built_comparison,A0453,year_built,1910,Cambridge Property Database FY2026 (waa7-ibdu),1910,1910,Cambridge Property Database FY2026 (waa7-ibdu),consistent,1910,verified,both_consistent,both_consistent,Original and public parcel values agree.,,1,complete,aligned,2026-10-04T02:41:38+00:00
A0454:year_built_comparison,A0454,year_built,1959,LA County eGIS parcels,1959,1959,LA County eGIS parcels,consistent,1959,verified,both_consistent,both_consistent,Original and public parcel values agree.,,1,complete,aligned,2026-10-04T02:41:38+00:00
A0455:year_built_comparison,A0455,year_built,,NJOGIS Parcels & MOD-IV Composite,unknown,,NJOGIS Parcels & MOD-IV Composite,missing,unknown,unknown,both_missing_or_parcel_unusable,both_missing_or_parcel_unusable,No usable year-built value was available from either source.,,1,complete,aligned,2026-10-04T02:41:38+00:00
A0456:year_built_comparison,A0456,year_built,,SANDAG/SanGIS parcels,48,,SANDAG/SanGIS parcels,consistent,unknown,unknown,both_missing_or_parcel_unusable,both_missing_or_parcel_unusable,No usable year-built value was available from either source. Public parcel reported an unusable year value (48); it was not inferred or expanded.,,1,complete,aligned,2026-10-04T02:41:38+00:00
A0457:year_built_comparison,A0457,year_built,1906,DataSF wv5m-vpq2 (2025 roll),1906,1906,DataSF wv5m-vpq2 (2025 roll),consistent,1906,verified,both_consistent,both_consistent,Original and public parcel values agree.,,19,complete,aligned,2026-10-04T02:41:38+00:00
A0458:year_built_comparison,A0458,year_built,1963,LA County eGIS parcels,1963,1963,LA County eGIS parcels,consistent,1963,verified,both_consistent,both_consistent,Original and public parcel values agree.,,1,complete,aligned,2026-10-04T02:41:38+00:00
A0459:year_built_comparison,A0459,year_built,1915,NJOGIS Parcels & MOD-IV Composite,1915,1915,NJOGIS Parcels & MOD-IV Composite,consistent,1915,verified,both_consistent,both_consistent,Original and public parcel values agree.,,1,complete,aligned,2026-10-04T02:41:38+00:00
A0460:year_built_comparison,A0460,year_built,,NJOGIS Parcels & MOD-IV Composite,unknown,,NJOGIS Parcels & MOD-IV Composite,missing,unknown,unknown,both_missing_or_parcel_unusable,both_missing_or_parcel_unusable,No usable year-built value was available from either source.,,1,complete,aligned,2026-10-04T02:41:38+00:00
A0461:year_built_comparison,A0461,year_built,1923,DataSF wv5m-vpq2 (2025 roll),1923,1923,DataSF wv5m-vpq2 (2025 roll),consistent,1923,verified,both_consistent,both_consistent,Original and public parcel values agree.,,19,complete,aligned,2026-10-04T02:41:38+00:00
A0462:year_built_comparison,A0462,year_built,1890,NJOGIS Parcels & MOD-IV Composite,1890,1890,NJOGIS Parcels & MOD-IV Composite,consistent,1890,verified,both_consistent,both_consistent,Original and public parcel values agree.,,1,complete,aligned,2026-10-04T02:41:38+00:00
A0463:year_built_comparison,A0463,year_built,2007,Boston Property Assessment FY2026,2007,2007,Boston Property Assessment FY2026,consistent,2007,verified,both_consistent,both_consistent,Original and public parcel values agree.,,1,complete,aligned,2026-10-04T02:41:38+00:00
A0464:year_built_comparison,A0464,year_built,1966,Boston Property Assessment FY2026,1966,1966,Boston Property Assessment FY2026,consistent,1966,verified,both_consistent,both_consistent,Original and public parcel values agree.,,1,complete,aligned,2026-10-04T02:41:38+00:00
A0465:year_built_comparison,A0465,year_built,1915,Cambridge Property Database FY2026 (waa7-ibdu),1915,1915,Cambridge Property Database FY2026 (waa7-ibdu),consistent,1915,verified,both_consistent,both_consistent,Original and public parcel values agree.,,1,complete,aligned,2026-10-04T02:41:38+00:00
A0466:year_built_comparison,A0466,year_built,1920,Boston Property Assessment FY2026,1920,1920,Boston Property Assessment FY2026,consistent,1920,verified,both_consistent,both_consistent,Original and public parcel values agree.,,1,complete,aligned,2026-10-04T02:41:38+00:00
A0467:year_built_comparison,A0467,year_built,1923,Boston Property Assessment FY2026,1923,1923,Boston Property Assessment FY2026,consistent,1923,verified,both_consistent,both_consistent,Original and public parcel values agree.,,1,complete,aligned,2026-10-04T02:41:38+00:00
A0468:year_built_comparison,A0468,year_built,1910,Cambridge Property Database FY2026 (waa7-ibdu),1910,1910,Cambridge Property Database FY2026 (waa7-ibdu),consistent,1910,verified,both_consistent,both_consistent,Original and public parcel values agree.,,1,complete,aligned,2026-10-04T02:41:38+00:00
A0469:year_built_comparison,A0469,year_built,,Alameda County parcels,2024,2024,Alameda County parcels,consistent,2024,verified,parcel_only,parcel_only,Public parcel value used because the original value was missing.,,1,complete,aligned,2026-10-04T02:41:38+00:00
A0470:year_built_comparison,A0470,year_built,,Alameda County parcels,1949,1949,Alameda County parcels,consistent,1949,verified,parcel_only,parcel_only,Public parcel value used because the original value was missing.,,1,complete,aligned,2026-10-04T02:41:38+00:00
A0471:year_built_comparison,A0471,year_built,,NJOGIS Parcels & MOD-IV Composite,unknown,,NJOGIS Parcels & MOD-IV Composite,missing,unknown,unknown,both_missing_or_parcel_unusable,both_missing_or_parcel_unusable,No usable year-built value was available from either source.,,1,complete,aligned,2026-10-04T02:41:38+00:00
A0472:year_built_comparison,A0472,year_built,,NJOGIS Parcels & MOD-IV Composite,unknown,,NJOGIS Parcels & MOD-IV Composite,missing,unknown,unknown,both_missing_or_parcel_unusable,both_missing_or_parcel_unusable,No usable year-built value was available from either source.,,1,complete,aligned,2026-10-04T02:41:38+00:00
A0473:year_built_comparison,A0473,year_built,1899,Boston Property Assessment FY2026,1899,1899,Boston Property Assessment FY2026,consistent,1899,verified,both_consistent,both_consistent,Original and public parcel values agree.,,1,complete,aligned,2026-10-04T02:41:38+00:00
A0474:year_built_comparison,A0474,year_built,1928,LA County eGIS parcels,1928,1928,LA County eGIS parcels,consistent,1928,verified,both_consistent,both_consistent,Original and public parcel values agree.,,1,complete,aligned,2026-10-04T02:41:38+00:00
A0475:year_built_comparison,A0475,year_built,,NJOGIS Parcels & MOD-IV Composite,unknown,,NJOGIS Parcels & MOD-IV Composite,missing,unknown,unknown,both_missing_or_parcel_unusable,both_missing_or_parcel_unusable,No usable year-built value was available from either source.,,1,complete,aligned,2026-10-04T02:41:38+00:00
A0476:year_built_comparison,A0476,year_built,,NJOGIS Parcels & MOD-IV Composite,unknown,,NJOGIS Parcels & MOD-IV Composite,missing,unknown,unknown,both_missing_or_parcel_unusable,both_missing_or_parcel_unusable,No usable year-built value was available from either source.,,1,complete,aligned,2026-10-04T02:41:38+00:00
A0477:year_built_comparison,A0477,year_built,1975,DataSF wv5m-vpq2 (2025 roll),1975,1975,DataSF wv5m-vpq2 (2025 roll),consistent,1975,verified,both_consistent,both_consistent,Original and public parcel values agree.,,19,complete,aligned,2026-10-04T02:41:38+00:00
A0478:year_built_comparison,A0478,year_built,,SANDAG/SanGIS parcels,64,,SANDAG/SanGIS parcels,consistent,unknown,unknown,both_missing_or_parcel_unusable,both_missing_or_parcel_unusable,No usable year-built value was available from either source. Public parcel reported an unusable year value (64); it was not inferred or expanded.,,1,complete,aligned,2026-10-04T02:41:38+00:00
A0479:year_built_comparison,A0479,year_built,1990,LA County eGIS parcels,1990,1990,LA County eGIS parcels,consistent,1990,verified,both_consistent,both_consistent,Original and public parcel values agree.,,1,complete,aligned,2026-10-04T02:41:38+00:00
A0480:year_built_comparison,A0480,year_built,,SANDAG/SanGIS parcels,unknown,,SANDAG/SanGIS parcels,address_not_aligned,unknown,unknown,both_missing_or_parcel_unusable,both_missing_or_parcel_unusable,No usable year-built value was available from either source.,,1,none,parser_failed,2026-10-04T02:41:38+00:00
A0481:year_built_comparison,A0481,year_built,1925,DataSF wv5m-vpq2 (2025 roll),1925,1925,DataSF wv5m-vpq2 (2025 roll),consistent,1925,verified,both_consistent,both_consistent,Original and public parcel values agree.,,19,complete,aligned,2026-10-04T02:41:38+00:00
A0482:year_built_comparison,A0482,year_built,,NJOGIS Parcels & MOD-IV Composite,3,,NJOGIS Parcels & MOD-IV Composite,consistent,unknown,unknown,both_missing_or_parcel_unusable,both_missing_or_parcel_unusable,No usable year-built value was available from either source. Public parcel reported an unusable year value (3); it was not inferred or expanded.,,1,complete,aligned,2026-10-04T02:41:38+00:00
A0483:year_built_comparison,A0483,year_built,1917,DataSF wv5m-vpq2 (2025 roll),1917,1917,DataSF wv5m-vpq2 (2025 roll),consistent,1917,verified,both_consistent,both_consistent,Original and public parcel values agree.,,19,complete,aligned,2026-10-04T02:41:38+00:00
A0484:year_built_comparison,A0484,year_built,1948,DataSF wv5m-vpq2 (2025 roll),1948,1948,DataSF wv5m-vpq2 (2025 roll),consistent,1948,verified,both_consistent,both_consistent,Original and public parcel values agree.,,19,complete,aligned,2026-10-04T02:41:38+00:00
A0485:year_built_comparison,A0485,year_built,1920,Cambridge Property Database FY2026 (waa7-ibdu),1920,1920,Cambridge Property Database FY2026 (waa7-ibdu),consistent,1920,verified,both_consistent,both_consistent,Original and public parcel values agree.,,1,complete,aligned,2026-10-04T02:41:38+00:00
A0486:year_built_comparison,A0486,year_built,1910,DataSF wv5m-vpq2 (2025 roll),1910,1910,DataSF wv5m-vpq2 (2025 roll),consistent,1910,verified,both_consistent,both_consistent,Original and public parcel values agree.,,19,complete,aligned,2026-10-04T02:41:38+00:00
A0487:year_built_comparison,A0487,year_built,1900,DataSF wv5m-vpq2 (2025 roll),1900,1900,DataSF wv5m-vpq2 (2025 roll),consistent,1900,verified,both_consistent,both_consistent,Original and public parcel values agree.,,19,complete,aligned,2026-10-04T02:41:38+00:00
A0488:year_built_comparison,A0488,year_built,1900,Boston Property Assessment FY2026,1900,1900,Boston Property Assessment FY2026,consistent,1900,verified,both_consistent,both_consistent,Original and public parcel values agree.,,1,complete,aligned,2026-10-04T02:41:38+00:00
A0489:year_built_comparison,A0489,year_built,2000,NJOGIS Parcels & MOD-IV Composite,2000,2000,NJOGIS Parcels & MOD-IV Composite,consistent,2000,verified,both_consistent,both_consistent,Original and public parcel values agree.,,1,complete,aligned,2026-10-04T02:41:38+00:00
A0490:year_built_comparison,A0490,year_built,,NJOGIS Parcels & MOD-IV Composite,unknown,,NJOGIS Parcels & MOD-IV Composite,missing,unknown,unknown,both_missing_or_parcel_unusable,both_missing_or_parcel_unusable,No usable year-built value was available from either source.,,1,complete,aligned,2026-10-04T02:41:38+00:00
A0491:year_built_comparison,A0491,year_built,,NJOGIS Parcels & MOD-IV Composite,unknown,,NJOGIS Parcels & MOD-IV Composite,missing,unknown,unknown,both_missing_or_parcel_unusable,both_missing_or_parcel_unusable,No usable year-built value was available from either source.,,1,complete,aligned,2026-10-04T02:41:38+00:00
A0492:year_built_comparison,A0492,year_built,2019,LA County eGIS parcels,2019,2019,LA County eGIS parcels,consistent,2019,verified,both_consistent,both_consistent,Original and public parcel values agree.,,1,complete,aligned,2026-10-04T02:41:38+00:00
A0493:year_built_comparison,A0493,year_built,1916,DataSF wv5m-vpq2 (2025 roll),1916,1916,DataSF wv5m-vpq2 (2025 roll),consistent,1916,verified,both_consistent,both_consistent,Original and public parcel values agree.,,19,complete,aligned,2026-10-04T02:41:38+00:00
A0494:year_built_comparison,A0494,year_built,1923,DataSF wv5m-vpq2 (2025 roll),1923,1923,DataSF wv5m-vpq2 (2025 roll),consistent,1923,verified,both_consistent,both_consistent,Original and public parcel values agree.,,19,complete,aligned,2026-10-04T02:41:38+00:00
A0495:year_built_comparison,A0495,year_built,1895,NJOGIS Parcels & MOD-IV Composite,1895,1895,NJOGIS Parcels & MOD-IV Composite,consistent,1895,verified,both_consistent,both_consistent,Original and public parcel values agree.,,1,complete,aligned,2026-10-04T02:41:38+00:00
A0496:year_built_comparison,A0496,year_built,,SANDAG/SanGIS parcels,40,,SANDAG/SanGIS parcels,consistent,unknown,unknown,both_missing_or_parcel_unusable,both_missing_or_parcel_unusable,No usable year-built value was available from either source. Public parcel reported an unusable year value (40); it was not inferred or expanded.,,1,complete,aligned,2026-10-04T02:41:38+00:00
A0497:year_built_comparison,A0497,year_built,,SANDAG/SanGIS parcels,unknown,,SANDAG/SanGIS parcels,candidate_set_incomplete,unknown,unknown,both_missing_or_parcel_unusable,both_missing_or_parcel_unusable,No usable year-built value was available from either source.,,1,representative_only,aligned,2026-10-04T02:41:38+00:00
A0498:year_built_comparison,A0498,year_built,,NJOGIS Parcels & MOD-IV Composite,unknown,,NJOGIS Parcels & MOD-IV Composite,missing,unknown,unknown,both_missing_or_parcel_unusable,both_missing_or_parcel_unusable,No usable year-built value was available from either source.,,1,complete,aligned,2026-10-04T02:41:38+00:00
A0499:year_built_comparison,A0499,year_built,1962,LA County eGIS parcels,1962,1962,LA County eGIS parcels,consistent,1962,verified,both_consistent,both_consistent,Original and public parcel values agree.,,1,complete,aligned,2026-10-04T02:41:38+00:00
A0500:year_built_comparison,A0500,year_built,1954,LA County eGIS parcels,1954,1954,LA County eGIS parcels,consistent,1954,verified,both_consistent,both_consistent,Original and public parcel values agree.,,1,complete,aligned,2026-10-04T02:41:38+00:00
